# x=3.3250  x=3.3750  x=3.4250  x=3.4750  x=3.5250  x=3.5750  x=3.6250  x=3.6750  x=3.7250  x=3.7750  x=3.8250  x=3.8750  x=3.9250  x=3.9750  x=4.0250  x=4.0750  x=4.1250  x=4.1750  x=4.2250  x=4.2750  x=4.3250  x=4.3750  x=4.4250  x=4.4750  x=4.5250  x=4.5750  x=4.6250  x=4.6750  x=4.7250  x=4.7750  x=4.8250  x=4.8750  x=4.9250  x=4.9750  x=5.0250  x=5.0750  x=5.1250  x=5.1750  x=5.2250  x=5.2750  x=5.3250  x=5.3750  x=5.4250  x=5.4750  x=5.5250  x=5.5750  x=5.6250  x=5.6750  x=5.7250  x=5.7750  x=5.8250  x=5.8750  x=5.9250  x=5.9750  x=6.0250  x=6.0750  x=6.1250  x=6.1750  x=6.2250  x=6.2750  x=6.3250  x=6.3750  x=6.4250  x=6.4750  x=6.5250  x=6.5750  x=6.6250  x=6.6750
4.027504e+00 4.055712e+00 4.076814e+00 4.096550e+00 4.114921e+00 4.131930e+00 4.147578e+00 4.161867e+00 4.174799e+00 4.186375e+00 4.196596e+00 4.205464e+00 4.212980e+00 4.219144e+00 4.223957e+00 4.227419e+00 4.229531e+00 4.230294e+00 4.229706e+00 4.227769e+00 4.224482e+00 4.219844e+00 4.213856e+00 4.206516e+00 4.197823e+00 4.187777e+00 4.176377e+00 4.163621e+00 4.149508e+00 4.134037e+00 4.117204e+00 4.099010e+00 4.079452e+00 4.058527e+00 4.036233e+00 4.012569e+00 3.987530e+00 3.961116e+00 3.933321e+00 3.904145e+00 3.873582e+00 3.841631e+00 3.808287e+00 3.773547e+00 3.737407e+00 3.699863e+00 3.660911e+00 3.620546e+00 3.578765e+00 3.535562e+00 3.490933e+00 3.444872e+00 3.397376e+00 3.348438e+00 3.298054e+00 3.246217e+00 3.192922e+00 3.138163e+00 3.081934e+00 3.024229e+00 2.965041e+00 2.904365e+00 2.842193e+00 2.778518e+00 2.713334e+00 2.646633e+00 2.578408e+00 2.504461e+00
1.884124e+00 1.895851e+00 1.906624e+00 1.916872e+00 1.926605e+00 1.935831e+00 1.944560e+00 1.952798e+00 1.960554e+00 1.967835e+00 1.974647e+00 1.980998e+00 1.986891e+00 1.992334e+00 1.997332e+00 2.001887e+00 2.006006e+00 2.009692e+00 2.012947e+00 2.015776e+00 2.018181e+00 2.020163e+00 2.021725e+00 2.022869e+00 2.023595e+00 2.023903e+00 2.023795e+00 2.023270e+00 2.022328e+00 2.020967e+00 2.019187e+00 2.016986e+00 2.014362e+00 2.011312e+00 2.007834e+00 2.003924e+00 1.999579e+00 1.994795e+00 1.989567e+00 1.983890e+00 1.977761e+00 1.971171e+00 1.964117e+00 1.956590e+00 1.948585e+00 1.940093e+00 1.931108e+00 1.921620e+00 1.911621e+00 1.901101e+00 1.890052e+00 1.878462e+00 1.866322e+00 1.853619e+00 1.840343e+00 1.826481e+00 1.812020e+00 1.796947e+00 1.781247e+00 1.764908e+00 1.747912e+00 1.730246e+00 1.711892e+00 1.692833e+00 1.673053e+00 1.652532e+00 1.631252e+00 1.602351e+00
2.587366e+00 2.475404e+00 2.367239e+00 2.264930e+00 2.168171e+00 2.076675e+00 1.990168e+00 1.908394e+00 1.831108e+00 1.758080e+00 1.689093e+00 1.623941e+00 1.562431e+00 1.504378e+00 1.449610e+00 1.397964e+00 1.349286e+00 1.303431e+00 1.260262e+00 1.219650e+00 1.181476e+00 1.145624e+00 1.111988e+00 1.080469e+00 1.050972e+00 1.023408e+00 9.976973e-01 9.737617e-01 9.515303e-01 9.309369e-01 9.119201e-01 8.944233e-01 8.783943e-01 8.637855e-01 8.505531e-01 8.386580e-01 8.280646e-01 8.187413e-01 8.106604e-01 8.037979e-01 7.981332e-01 7.936495e-01 7.903334e-01 7.881751e-01 7.871681e-01 7.873095e-01 7.885996e-01 7.910423e-01 7.946449e-01 7.994181e-01 8.053761e-01 8.125367e-01 8.209212e-01 8.305545e-01 8.414655e-01 8.536865e-01 8.672540e-01 8.822084e-01 8.985943e-01 9.164605e-01 9.358601e-01 9.568511e-01 9.794958e-01 1.003862e+00 1.030022e+00 1.058054e+00 1.088041e+00 1.116392e+00
1.317835e+00 1.328326e+00 1.331529e+00 1.334593e+00 1.337519e+00 1.340310e+00 1.342967e+00 1.345492e+00 1.347887e+00 1.350154e+00 1.352294e+00 1.354308e+00 1.356198e+00 1.357965e+00 1.359610e+00 1.361135e+00 1.362540e+00 1.363827e+00 1.364996e+00 1.366048e+00 1.366984e+00 1.367804e+00 1.368509e+00 1.369099e+00 1.369576e+00 1.369938e+00 1.370187e+00 1.370322e+00 1.370344e+00 1.370253e+00 1.370048e+00 1.369730e+00 1.369297e+00 1.368751e+00 1.368091e+00 1.367315e+00 1.366424e+00 1.365417e+00 1.364294e+00 1.363053e+00 1.361694e+00 1.360215e+00 1.358617e+00 1.356897e+00 1.355055e+00 1.353089e+00 1.350998e+00 1.348781e+00 1.346435e+00 1.343961e+00 1.341355e+00 1.338616e+00 1.335743e+00 1.332732e+00 1.329583e+00 1.326294e+00 1.322861e+00 1.319283e+00 1.315557e+00 1.311680e+00 1.307651e+00 1.303466e+00 1.299123e+00 1.294618e+00 1.289949e+00 1.285113e+00 1.280105e+00 1.273289e+00
1.292167e+00 1.330592e+00 1.367172e+00 1.402032e+00 1.435232e+00 1.466834e+00 1.496894e+00 1.525466e+00 1.552602e+00 1.578352e+00 1.602761e+00 1.625873e+00 1.647731e+00 1.668373e+00 1.687837e+00 1.706159e+00 1.723370e+00 1.739503e+00 1.754586e+00 1.768647e+00 1.781710e+00 1.793800e+00 1.804939e+00 1.815145e+00 1.824439e+00 1.832836e+00 1.840352e+00 1.847000e+00 1.852793e+00 1.857740e+00 1.861851e+00 1.865133e+00 1.867593e+00 1.869233e+00 1.870059e+00 1.870070e+00 1.869267e+00 1.867648e+00 1.865211e+00 1.861952e+00 1.857863e+00 1.852939e+00 1.847170e+00 1.840545e+00 1.833053e+00 1.824680e+00 1.815411e+00 1.805229e+00 1.794117e+00 1.782053e+00 1.769016e+00 1.754983e+00 1.739928e+00 1.723825e+00 1.706643e+00 1.688352e+00 1.668920e+00 1.648310e+00 1.626486e+00 1.603408e+00 1.579035e+00 1.553323e+00 1.526225e+00 1.497693e+00 1.467674e+00 1.436115e+00 1.402959e+00 1.347607e+00
1.651308e+00 1.646202e+00 1.641930e+00 1.637821e+00 1.633868e+00 1.630063e+00 1.626399e+00 1.622869e+00 1.619468e+00 1.616189e+00 1.613025e+00 1.609972e+00 1.607023e+00 1.604174e+00 1.601419e+00 1.598752e+00 1.596171e+00 1.593668e+00 1.591241e+00 1.588884e+00 1.586593e+00 1.584364e+00 1.582194e+00 1.580077e+00 1.578011e+00 1.575991e+00 1.574014e+00 1.572077e+00 1.570174e+00 1.568304e+00 1.566463e+00 1.564648e+00 1.562854e+00 1.561079e+00 1.559320e+00 1.557574e+00 1.555836e+00 1.554105e+00 1.552377e+00 1.550648e+00 1.548916e+00 1.547178e+00 1.545430e+00 1.543669e+00 1.541892e+00 1.540096e+00 1.538278e+00 1.536433e+00 1.534559e+00 1.532653e+00 1.530710e+00 1.528728e+00 1.526703e+00 1.524630e+00 1.522507e+00 1.520330e+00 1.518094e+00 1.515795e+00 1.513429e+00 1.510993e+00 1.508481e+00 1.505888e+00 1.503211e+00 1.500445e+00 1.497583e+00 1.494622e+00 1.491555e+00 1.488979e+00
1.196809e+00 1.199346e+00 1.200975e+00 1.202943e+00 1.205252e+00 1.207905e+00 1.210905e+00 1.214256e+00 1.217960e+00 1.222024e+00 1.226451e+00 1.231247e+00 1.236418e+00 1.241969e+00 1.247907e+00 1.254240e+00 1.260974e+00 1.268118e+00 1.275680e+00 1.283669e+00 1.292095e+00 1.300967e+00 1.310296e+00 1.320093e+00 1.330370e+00 1.341138e+00 1.352411e+00 1.364201e+00 1.376523e+00 1.389392e+00 1.402822e+00 1.416830e+00 1.431431e+00 1.446644e+00 1.462485e+00 1.478975e+00 1.496132e+00 1.513977e+00 1.532531e+00 1.551815e+00 1.571853e+00 1.592669e+00 1.614286e+00 1.636731e+00 1.660029e+00 1.684209e+00 1.709299e+00 1.735329e+00 1.762330e+00 1.790333e+00 1.819371e+00 1.849480e+00 1.880694e+00 1.913050e+00 1.946587e+00 1.981345e+00 2.017364e+00 2.054686e+00 2.093357e+00 2.133422e+00 2.174929e+00 2.217925e+00 2.262463e+00 2.308594e+00 2.356374e+00 2.405859e+00 2.457107e+00 2.511132e+00
2.194586e+00 2.232291e+00 2.252083e+00 2.271588e+00 2.290815e+00 2.309771e+00 2.328461e+00 2.346894e+00 2.365076e+00 2.383013e+00 2.400712e+00 2.418180e+00 2.435423e+00 2.452447e+00 2.469258e+00 2.485862e+00 2.502266e+00 2.518476e+00 2.534497e+00 2.550336e+00 2.565997e+00 2.581488e+00 2.596812e+00 2.611977e+00 2.626987e+00 2.641849e+00 2.656566e+00 2.671146e+00 2.685592e+00 2.699911e+00 2.714108e+00 2.728187e+00 2.742155e+00 2.756015e+00 2.769774e+00 2.783435e+00 2.797005e+00 2.810487e+00 2.823888e+00 2.837211e+00 2.850462e+00 2.863646e+00 2.876766e+00 2.889829e+00 2.902839e+00 2.915801e+00 2.928718e+00 2.941597e+00 2.954442e+00 2.967257e+00 2.980047e+00 2.992817e+00 3.005571e+00 3.018314e+00 3.031051e+00 3.043787e+00 3.056525e+00 3.069272e+00 3.082030e+00 3.094805e+00 3.107602e+00 3.120426e+00 3.133280e+00 3.146170e+00 3.159100e+00 3.172075e+00 3.185101e+00 3.238853e+00
5.493579e-01 5.411127e-01 5.279350e-01 5.156194e-01 5.041456e-01 4.934946e-01 4.836487e-01 4.745916e-01 4.663083e-01 4.587851e-01 4.520095e-01 4.459702e-01 4.406573e-01 4.360620e-01 4.321767e-01 4.289948e-01 4.265112e-01 4.247217e-01 4.236233e-01 4.232143e-01 4.234939e-01 4.244627e-01 4.261221e-01 4.284751e-01 4.315254e-01 4.352781e-01 4.397395e-01 4.449169e-01 4.508190e-01 4.574554e-01 4.648373e-01 4.729767e-01 4.818873e-01 4.915838e-01 5.020823e-01 5.134001e-01 5.255560e-01 5.385702e-01 5.524642e-01 5.672610e-01 5.829853e-01 5.996629e-01 6.173217e-01 6.359908e-01 6.557011e-01 6.764854e-01 6.983781e-01 7.214154e-01 7.456356e-01 7.710788e-01 7.977871e-01 8.258049e-01 8.551785e-01 8.859566e-01 9.181902e-01 9.519328e-01 9.872403e-01 1.024171e+00 1.062787e+00 1.103151e+00 1.145330e+00 1.189395e+00 1.235418e+00 1.283476e+00 1.333649e+00 1.386018e+00 1.440672e+00 1.474903e+00
4.078361e+00 3.962616e+00 3.787322e+00 3.627431e+00 3.481588e+00 3.348557e+00 3.227208e+00 3.116514e+00 3.015536e+00 2.923418e+00 2.839378e+00 2.762704e+00 2.692745e+00 2.628910e+00 2.570656e+00 2.517490e+00 2.468961e+00 2.424656e+00 2.384202e+00 2.347254e+00 2.313499e+00 2.282652e+00 2.254450e+00 2.228655e+00 2.205048e+00 2.183428e+00 2.163613e+00 2.145434e+00 2.128737e+00 2.113381e+00 2.099235e+00 2.086179e+00 2.074104e+00 2.062906e+00 2.052490e+00 2.042768e+00 2.033658e+00 2.025083e+00 2.016969e+00 2.009248e+00 2.001855e+00 1.994726e+00 1.987802e+00 1.981023e+00 1.974333e+00 1.967674e+00 1.960990e+00 1.954224e+00 1.947320e+00 1.940218e+00 1.932857e+00 1.925177e+00 1.917112e+00 1.908592e+00 1.899547e+00 1.889899e+00 1.879567e+00 1.868462e+00 1.856491e+00 1.843553e+00 1.829537e+00 1.814325e+00 1.797788e+00 1.779785e+00 1.760164e+00 1.738759e+00 1.715388e+00 1.698959e+00
1.476380e+00 1.444936e+00 1.421222e+00 1.398647e+00 1.377163e+00 1.356722e+00 1.337281e+00 1.318797e+00 1.301232e+00 1.284546e+00 1.268704e+00 1.253672e+00 1.239417e+00 1.225909e+00 1.213117e+00 1.201016e+00 1.189577e+00 1.178778e+00 1.168594e+00 1.159004e+00 1.149986e+00 1.141522e+00 1.133592e+00 1.126181e+00 1.119272e+00 1.112849e+00 1.106900e+00 1.101411e+00 1.096370e+00 1.091767e+00 1.087592e+00 1.083835e+00 1.080489e+00 1.077546e+00 1.075000e+00 1.072845e+00 1.071077e+00 1.069692e+00 1.068687e+00 1.068060e+00 1.067809e+00 1.067934e+00 1.068435e+00 1.069313e+00 1.070571e+00 1.072210e+00 1.074235e+00 1.076650e+00 1.079459e+00 1.082670e+00 1.086288e+00 1.090323e+00 1.094781e+00 1.099674e+00 1.105012e+00 1.110806e+00 1.117068e+00 1.123813e+00 1.131055e+00 1.138809e+00 1.147092e+00 1.155922e+00 1.165319e+00 1.175302e+00 1.185893e+00 1.197114e+00 1.208991e+00 1.223710e+00
2.064509e+00 2.083582e+00 2.104403e+00 2.124387e+00 2.143559e+00 2.161943e+00 2.179562e+00 2.196439e+00 2.212595e+00 2.228049e+00 2.242822e+00 2.256932e+00 2.270396e+00 2.283232e+00 2.295455e+00 2.307082e+00 2.318125e+00 2.328601e+00 2.338520e+00 2.347897e+00 2.356743e+00 2.365068e+00 2.372884e+00 2.380199e+00 2.387025e+00 2.393367e+00 2.399236e+00 2.404638e+00 2.409580e+00 2.414068e+00 2.418108e+00 2.421705e+00 2.424863e+00 2.427587e+00 2.429879e+00 2.431743e+00 2.433181e+00 2.434195e+00 2.434786e+00 2.434955e+00 2.434701e+00 2.434026e+00 2.432927e+00 2.431404e+00 2.429454e+00 2.427076e+00 2.424266e+00 2.421020e+00 2.417335e+00 2.413205e+00 2.408627e+00 2.403593e+00 2.398098e+00 2.392135e+00 2.385696e+00 2.378774e+00 2.371358e+00 2.363441e+00 2.355013e+00 2.346062e+00 2.336577e+00 2.326547e+00 2.315959e+00 2.304800e+00 2.293055e+00 2.280710e+00 2.267750e+00 2.255235e+00
1.546643e+00 1.554311e+00 1.564213e+00 1.573634e+00 1.582590e+00 1.591097e+00 1.599169e+00 1.606820e+00 1.614062e+00 1.620909e+00 1.627372e+00 1.633461e+00 1.639188e+00 1.644561e+00 1.649591e+00 1.654285e+00 1.658652e+00 1.662699e+00 1.666433e+00 1.669861e+00 1.672987e+00 1.675819e+00 1.678359e+00 1.680613e+00 1.682585e+00 1.684278e+00 1.685694e+00 1.686837e+00 1.687707e+00 1.688308e+00 1.688639e+00 1.688701e+00 1.688494e+00 1.688018e+00 1.687273e+00 1.686256e+00 1.684966e+00 1.683402e+00 1.681559e+00 1.679436e+00 1.677028e+00 1.674332e+00 1.671342e+00 1.668055e+00 1.664463e+00 1.660561e+00 1.656343e+00 1.651801e+00 1.646927e+00 1.641713e+00 1.636151e+00 1.630231e+00 1.623942e+00 1.617274e+00 1.610216e+00 1.602755e+00 1.594880e+00 1.586576e+00 1.577829e+00 1.568624e+00 1.558947e+00 1.548780e+00 1.538105e+00 1.526906e+00 1.515162e+00 1.502854e+00 1.489961e+00 1.480002e+00
3.853528e+00 3.809726e+00 3.763562e+00 3.719113e+00 3.676323e+00 3.635137e+00 3.595502e+00 3.557368e+00 3.520685e+00 3.485408e+00 3.451490e+00 3.418889e+00 3.387562e+00 3.357471e+00 3.328576e+00 3.300841e+00 3.274229e+00 3.248708e+00 3.224244e+00 3.200806e+00 3.178365e+00 3.156891e+00 3.136357e+00 3.116737e+00 3.098005e+00 3.080139e+00 3.063114e+00 3.046910e+00 3.031505e+00 3.016881e+00 3.003017e+00 2.989897e+00 2.977503e+00 2.965821e+00 2.954834e+00 2.944529e+00 2.934893e+00 2.925913e+00 2.917579e+00 2.909878e+00 2.902802e+00 2.896341e+00 2.890488e+00 2.885234e+00 2.880573e+00 2.876499e+00 2.873007e+00 2.870092e+00 2.867751e+00 2.865980e+00 2.864778e+00 2.864142e+00 2.864073e+00 2.864569e+00 2.865632e+00 2.867263e+00 2.869464e+00 2.872237e+00 2.875587e+00 2.879518e+00 2.884034e+00 2.889142e+00 2.894847e+00 2.901158e+00 2.908082e+00 2.915628e+00 2.923806e+00 2.937048e+00
2.385804e+00 2.386307e+00 2.386722e+00 2.387099e+00 2.387437e+00 2.387737e+00 2.387999e+00 2.388224e+00 2.388411e+00 2.388561e+00 2.388673e+00 2.388749e+00 2.388787e+00 2.388789e+00 2.388753e+00 2.388681e+00 2.388571e+00 2.388424e+00 2.388240e+00 2.388019e+00 2.387759e+00 2.387462e+00 2.387127e+00 2.386754e+00 2.386342e+00 2.385890e+00 2.385400e+00 2.384870e+00 2.384300e+00 2.383689e+00 2.383037e+00 2.382344e+00 2.381608e+00 2.380830e+00 2.380008e+00 2.379143e+00 2.378232e+00 2.377277e+00 2.376275e+00 2.375226e+00 2.374129e+00 2.372984e+00 2.371789e+00 2.370544e+00 2.369247e+00 2.367897e+00 2.366494e+00 2.365036e+00 2.363523e+00 2.361952e+00 2.360323e+00 2.358634e+00 2.356884e+00 2.355072e+00 2.353196e+00 2.351255e+00 2.349246e+00 2.347170e+00 2.345023e+00 2.342805e+00 2.340513e+00 2.338145e+00 2.335700e+00 2.333177e+00 2.330571e+00 2.327883e+00 2.325109e+00 2.320033e+00
2.500530e+00 2.450290e+00 2.425157e+00 2.400780e+00 2.377129e+00 2.354174e+00 2.331887e+00 2.310240e+00 2.289205e+00 2.268757e+00 2.248870e+00 2.229520e+00 2.210682e+00 2.192333e+00 2.174451e+00 2.157011e+00 2.139994e+00 2.123378e+00 2.107142e+00 2.091266e+00 2.075731e+00 2.060516e+00 2.045603e+00 2.030973e+00 2.016609e+00 2.002491e+00 1.988604e+00 1.974929e+00 1.961449e+00 1.948147e+00 1.935008e+00 1.922014e+00 1.909150e+00 1.896399e+00 1.883746e+00 1.871174e+00 1.858669e+00 1.846214e+00 1.833794e+00 1.821394e+00 1.808998e+00 1.796591e+00 1.784157e+00 1.771681e+00 1.759147e+00 1.746540e+00 1.733843e+00 1.721042e+00 1.708120e+00 1.695061e+00 1.681849e+00 1.668467e+00 1.654899e+00 1.641128e+00 1.627137e+00 1.612908e+00 1.598423e+00 1.583665e+00 1.568615e+00 1.553254e+00 1.537564e+00 1.521524e+00 1.505115e+00 1.488317e+00 1.471108e+00 1.453466e+00 1.435371e+00 1.420276e+00
5.187699e-01 5.337691e-01 5.517227e-01 5.687020e-01 5.847520e-01 5.999154e-01 6.142324e-01 6.277409e-01 6.404770e-01 6.524744e-01 6.637649e-01 6.743785e-01 6.843435e-01 6.936863e-01 7.024317e-01 7.106028e-01 7.182215e-01 7.253079e-01 7.318809e-01 7.379579e-01 7.435550e-01 7.486872e-01 7.533679e-01 7.576098e-01 7.614239e-01 7.648205e-01 7.678086e-01 7.703961e-01 7.725899e-01 7.743958e-01 7.758185e-01 7.768620e-01 7.775289e-01 7.778210e-01 7.777391e-01 7.772830e-01 7.764514e-01 7.752422e-01 7.736522e-01 7.716770e-01 7.693116e-01 7.665495e-01 7.633835e-01 7.598052e-01 7.558050e-01 7.513724e-01 7.464955e-01 7.411614e-01 7.353560e-01 7.290639e-01 7.222682e-01 7.149510e-01 7.070929e-01 6.986730e-01 6.896689e-01 6.800568e-01 6.698110e-01 6.589044e-01 6.473081e-01 6.349912e-01 6.219210e-01 6.080629e-01 5.933800e-01 5.778334e-01 5.613817e-01 5.439813e-01 5.255860e-01 5.030634e-01
6.584248e-01 6.541548e-01 6.495729e-01 6.454321e-01 6.417243e-01 6.384423e-01 6.355796e-01 6.331308e-01 6.310910e-01 6.294562e-01 6.282233e-01 6.273898e-01 6.269542e-01 6.269155e-01 6.272736e-01 6.280294e-01 6.291843e-01 6.307404e-01 6.327009e-01 6.350696e-01 6.378511e-01 6.410508e-01 6.446750e-01 6.487307e-01 6.532259e-01 6.581694e-01 6.635707e-01 6.694404e-01 6.757901e-01 6.826319e-01 6.899795e-01 6.978469e-01 7.062497e-01 7.152042e-01 7.247279e-01 7.348394e-01 7.455583e-01 7.569057e-01 7.689037e-01 7.815756e-01 7.949463e-01 8.090418e-01 8.238896e-01 8.395186e-01 8.559595e-01 8.732443e-01 8.914066e-01 9.104820e-01 9.305077e-01 9.515228e-01 9.735682e-01 9.966871e-01 1.020924e+00 1.046328e+00 1.072946e+00 1.100832e+00 1.130040e+00 1.160626e+00 1.192651e+00 1.226177e+00 1.261269e+00 1.297996e+00 1.336429e+00 1.376645e+00 1.418720e+00 1.462737e+00 1.508782e+00 1.545507e+00
5.459856e+00 5.570560e+00 5.607721e+00 5.643542e+00 5.678034e+00 5.711207e+00 5.743072e+00 5.773640e+00 5.802921e+00 5.830923e+00 5.857655e+00 5.883127e+00 5.907346e+00 5.930321e+00 5.952057e+00 5.972563e+00 5.991846e+00 6.009910e+00 6.026762e+00 6.042408e+00 6.056852e+00 6.070099e+00 6.082153e+00 6.093019e+00 6.102699e+00 6.111196e+00 6.118514e+00 6.124655e+00 6.129620e+00 6.133412e+00 6.136031e+00 6.137478e+00 6.137755e+00 6.136860e+00 6.134794e+00 6.131555e+00 6.127144e+00 6.121558e+00 6.114796e+00 6.106855e+00 6.097733e+00 6.087428e+00 6.075935e+00 6.063251e+00 6.049373e+00 6.034294e+00 6.018012e+00 6.000520e+00 5.981813e+00 5.961886e+00 5.940730e+00 5.918341e+00 5.894710e+00 5.869830e+00 5.843693e+00 5.816291e+00 5.787615e+00 5.757656e+00 5.726404e+00 5.693849e+00 5.659981e+00 5.624789e+00 5.588261e+00 5.550387e+00 5.511153e+00 5.470548e+00 5.428557e+00 5.310837e+00
8.739932e-01 8.807370e-01 8.853609e-01 8.898745e-01 8.942841e-01 8.985957e-01 9.028153e-01 9.069487e-01 9.110017e-01 9.149798e-01 9.188885e-01 9.227332e-01 9.265192e-01 9.302517e-01 9.339360e-01 9.375770e-01 9.411799e-01 9.447495e-01 9.482909e-01 9.518089e-01 9.553083e-01 9.587940e-01 9.622709e-01 9.657436e-01 9.692171e-01 9.726960e-01 9.761852e-01 9.796896e-01 9.832139e-01 9.867630e-01 9.903419e-01 9.939554e-01 9.976086e-01 1.001306e+00 1.005054e+00 1.008857e+00 1.012720e+00 1.016648e+00 1.020648e+00 1.024723e+00 1.028882e+00 1.033128e+00 1.037467e+00 1.041907e+00 1.046452e+00 1.051109e+00 1.055885e+00 1.060786e+00 1.065819e+00 1.070991e+00 1.076309e+00 1.081781e+00 1.087413e+00 1.093214e+00 1.099191e+00 1.105354e+00 1.111710e+00 1.118268e+00 1.125037e+00 1.132028e+00 1.139248e+00 1.146709e+00 1.154420e+00 1.162392e+00 1.170637e+00 1.179165e+00 1.187989e+00 1.198102e+00
3.395623e+00 3.424350e+00 3.451182e+00 3.476773e+00 3.501133e+00 3.524274e+00 3.546204e+00 3.566934e+00 3.586472e+00 3.604827e+00 3.622007e+00 3.638019e+00 3.652870e+00 3.666566e+00 3.679114e+00 3.690518e+00 3.700784e+00 3.709916e+00 3.717918e+00 3.724793e+00 3.730545e+00 3.735175e+00 3.738687e+00 3.741080e+00 3.742357e+00 3.742518e+00 3.741563e+00 3.739492e+00 3.736303e+00 3.731996e+00 3.726568e+00 3.720017e+00 3.712341e+00 3.703535e+00 3.693597e+00 3.682522e+00 3.670304e+00 3.656940e+00 3.642423e+00 3.626747e+00 3.609905e+00 3.591890e+00 3.572693e+00 3.552308e+00 3.530725e+00 3.507935e+00 3.483928e+00 3.458693e+00 3.432220e+00 3.404498e+00 3.375514e+00 3.345256e+00 3.313711e+00 3.280865e+00 3.246705e+00 3.211215e+00 3.174380e+00 3.136185e+00 3.096613e+00 3.055646e+00 3.013268e+00 2.969460e+00 2.924203e+00 2.877477e+00 2.829263e+00 2.779540e+00 2.728287e+00 2.666181e+00
2.043769e+00 2.009825e+00 1.967238e+00 1.926485e+00 1.887490e+00 1.850179e+00 1.814484e+00 1.780338e+00 1.747678e+00 1.716441e+00 1.686571e+00 1.658011e+00 1.630708e+00 1.604612e+00 1.579673e+00 1.555845e+00 1.533084e+00 1.511347e+00 1.490593e+00 1.470785e+00 1.451884e+00 1.433856e+00 1.416668e+00 1.400286e+00 1.384681e+00 1.369824e+00 1.355686e+00 1.342242e+00 1.329466e+00 1.317334e+00 1.305825e+00 1.294915e+00 1.284586e+00 1.274818e+00 1.265592e+00 1.256892e+00 1.248700e+00 1.241003e+00 1.233785e+00 1.227033e+00 1.220735e+00 1.214878e+00 1.209452e+00 1.204447e+00 1.199854e+00 1.195663e+00 1.191867e+00 1.188459e+00 1.185432e+00 1.182781e+00 1.180502e+00 1.178589e+00 1.177039e+00 1.175849e+00 1.175018e+00 1.174543e+00 1.174423e+00 1.174659e+00 1.175251e+00 1.176200e+00 1.177507e+00 1.179175e+00 1.181208e+00 1.183609e+00 1.186382e+00 1.189533e+00 1.193067e+00 1.198598e+00
6.843657e-01 6.739758e-01 6.681829e-01 6.627827e-01 6.577662e-01 6.531247e-01 6.488502e-01 6.449354e-01 6.413736e-01 6.381586e-01 6.352850e-01 6.327478e-01 6.305427e-01 6.286659e-01 6.271142e-01 6.258848e-01 6.249758e-01 6.243855e-01 6.241129e-01 6.241576e-01 6.245196e-01 6.251996e-01 6.261987e-01 6.275187e-01 6.291617e-01 6.311307e-01 6.334289e-01 6.360604e-01 6.390297e-01 6.423418e-01 6.460024e-01 6.500178e-01 6.543950e-01 6.591413e-01 6.642650e-01 6.697749e-01 6.756803e-01 6.819914e-01 6.887191e-01 6.958749e-01 7.034711e-01 7.115206e-01 7.200373e-01 7.290359e-01 7.385317e-01 7.485411e-01 7.590812e-01 7.701700e-01 7.818267e-01 7.940712e-01 8.069245e-01 8.204087e-01 8.345469e-01 8.493633e-01 8.648834e-01 8.811338e-01 8.981424e-01 9.159383e-01 9.345521e-01 9.540157e-01 9.743625e-01 9.956274e-01 1.017847e+00 1.041059e+00 1.065304e+00 1.090623e+00 1.117059e+00 1.145995e+00
1.377341e+00 1.335802e+00 1.276456e+00 1.220221e+00 1.166947e+00 1.116490e+00 1.068715e+00 1.023493e+00 9.807028e-01 9.402298e-01 9.019651e-01 8.658059e-01 8.316550e-01 7.994207e-01 7.690164e-01 7.403604e-01 7.133759e-01 6.879901e-01 6.641351e-01 6.417467e-01 6.207647e-01 6.011328e-01 5.827983e-01 5.657118e-01 5.498276e-01 5.351029e-01 5.214982e-01 5.089770e-01 4.975055e-01 4.870531e-01 4.775915e-01 4.690955e-01 4.615421e-01 4.549111e-01 4.491847e-01 4.443474e-01 4.403864e-01 4.372909e-01 4.350526e-01 4.336656e-01 4.331260e-01 4.334325e-01 4.345859e-01 4.365892e-01 4.394479e-01 4.431697e-01 4.477644e-01 4.532445e-01 4.596248e-01 4.669222e-01 4.751565e-01 4.843497e-01 4.945266e-01 5.057145e-01 5.179434e-01 5.312462e-01 5.456586e-01 5.612194e-01 5.779703e-01 5.959564e-01 6.152259e-01 6.358306e-01 6.578259e-01 6.812708e-01 7.062284e-01 7.327656e-01 7.609538e-01 7.818012e-01
2.981320e+00 3.060324e+00 3.095542e+00 3.129337e+00 3.161714e+00 3.192673e+00 3.222218e+00 3.250350e+00 3.277071e+00 3.302383e+00 3.326289e+00 3.348790e+00 3.369888e+00 3.389583e+00 3.407878e+00 3.424774e+00 3.440272e+00 3.454374e+00 3.467079e+00 3.478390e+00 3.488307e+00 3.496830e+00 3.503961e+00 3.509700e+00 3.514047e+00 3.517003e+00 3.518567e+00 3.518741e+00 3.517523e+00 3.514915e+00 3.510915e+00 3.505523e+00 3.498740e+00 3.490563e+00 3.480994e+00 3.470031e+00 3.457674e+00 3.443921e+00 3.428771e+00 3.412224e+00 3.394278e+00 3.374932e+00 3.354185e+00 3.332034e+00 3.308479e+00 3.283517e+00 3.257148e+00 3.229368e+00 3.200176e+00 3.169570e+00 3.137547e+00 3.104106e+00 3.069243e+00 3.032956e+00 2.995244e+00 2.956102e+00 2.915527e+00 2.873518e+00 2.830071e+00 2.785183e+00 2.738850e+00 2.691070e+00 2.641838e+00 2.591151e+00 2.539006e+00 2.485398e+00 2.430324e+00 2.366770e+00
6.482939e-01 6.363664e-01 6.247524e-01 6.136267e-01 6.029796e-01 5.928020e-01 5.830851e-01 5.738205e-01 5.650002e-01 5.566166e-01 5.486625e-01 5.411311e-01 5.340158e-01 5.273105e-01 5.210094e-01 5.151071e-01 5.095986e-01 5.044790e-01 4.997439e-01 4.953893e-01 4.914114e-01 4.878068e-01 4.845723e-01 4.817053e-01 4.792031e-01 4.770637e-01 4.752852e-01 4.738661e-01 4.728051e-01 4.721014e-01 4.717543e-01 4.717635e-01 4.721291e-01 4.728514e-01 4.739309e-01 4.753686e-01 4.771658e-01 4.793239e-01 4.818450e-01 4.847310e-01 4.879846e-01 4.916085e-01 4.956059e-01 4.999801e-01 5.047350e-01 5.098747e-01 5.154036e-01 5.213264e-01 5.276483e-01 5.343747e-01 5.415114e-01 5.490646e-01 5.570408e-01 5.654469e-01 5.742900e-01 5.835779e-01 5.933185e-01 6.035203e-01 6.141919e-01 6.253427e-01 6.369823e-01 6.491206e-01 6.617681e-01 6.749358e-01 6.886350e-01 7.028775e-01 7.176756e-01 7.308420e-01
6.141345e-01 6.381138e-01 6.630459e-01 6.868737e-01 7.096518e-01 7.314325e-01 7.522658e-01 7.721997e-01 7.912797e-01 8.095498e-01 8.270519e-01 8.438261e-01 8.599110e-01 8.753435e-01 8.901591e-01 9.043917e-01 9.180741e-01 9.312376e-01 9.439124e-01 9.561278e-01 9.679116e-01 9.792910e-01 9.902921e-01 1.000940e+00 1.011260e+00 1.021274e+00 1.031007e+00 1.040480e+00 1.049715e+00 1.058734e+00 1.067556e+00 1.076203e+00 1.084695e+00 1.093050e+00 1.101287e+00 1.109427e+00 1.117487e+00 1.125486e+00 1.133442e+00 1.141374e+00 1.149300e+00 1.157238e+00 1.165206e+00 1.173222e+00 1.181306e+00 1.189475e+00 1.197748e+00 1.206145e+00 1.214684e+00 1.223385e+00 1.232268e+00 1.241354e+00 1.250663e+00 1.260217e+00 1.270038e+00 1.280147e+00 1.290570e+00 1.301328e+00 1.312448e+00 1.323954e+00 1.335873e+00 1.348233e+00 1.361061e+00 1.374388e+00 1.388243e+00 1.402659e+00 1.417669e+00 1.429134e+00
1.357964e+00 1.364065e+00 1.367482e+00 1.370842e+00 1.374146e+00 1.377396e+00 1.380596e+00 1.383746e+00 1.386849e+00 1.389907e+00 1.392922e+00 1.395896e+00 1.398832e+00 1.401730e+00 1.404593e+00 1.407422e+00 1.410221e+00 1.412989e+00 1.415731e+00 1.418446e+00 1.421137e+00 1.423806e+00 1.426454e+00 1.429084e+00 1.431696e+00 1.434294e+00 1.436877e+00 1.439449e+00 1.442011e+00 1.444564e+00 1.447111e+00 1.449652e+00 1.452190e+00 1.454726e+00 1.457262e+00 1.459800e+00 1.462341e+00 1.464888e+00 1.467440e+00 1.470002e+00 1.472573e+00 1.475156e+00 1.477752e+00 1.480364e+00 1.482993e+00 1.485640e+00 1.488308e+00 1.490998e+00 1.493712e+00 1.496452e+00 1.499219e+00 1.502016e+00 1.504844e+00 1.507705e+00 1.510601e+00 1.513534e+00 1.516506e+00 1.519519e+00 1.522575e+00 1.525676e+00 1.528823e+00 1.532020e+00 1.535268e+00 1.538569e+00 1.541925e+00 1.545340e+00 1.548814e+00 1.558429e+00
1.626558e+00 1.649698e+00 1.681207e+00 1.711624e+00 1.740978e+00 1.769296e+00 1.796602e+00 1.822922e+00 1.848280e+00 1.872699e+00 1.896201e+00 1.918807e+00 1.940538e+00 1.961414e+00 1.981453e+00 2.000675e+00 2.019096e+00 2.036732e+00 2.053601e+00 2.069718e+00 2.085097e+00 2.099751e+00 2.113696e+00 2.126942e+00 2.139502e+00 2.151388e+00 2.162611e+00 2.173179e+00 2.183105e+00 2.192395e+00 2.201059e+00 2.209104e+00 2.216538e+00 2.223368e+00 2.229600e+00 2.235239e+00 2.240291e+00 2.244760e+00 2.248650e+00 2.251965e+00 2.254708e+00 2.256881e+00 2.258486e+00 2.259525e+00 2.259999e+00 2.259907e+00 2.259251e+00 2.258029e+00 2.256241e+00 2.253884e+00 2.250957e+00 2.247456e+00 2.243380e+00 2.238723e+00 2.233482e+00 2.227652e+00 2.221228e+00 2.214203e+00 2.206572e+00 2.198328e+00 2.189463e+00 2.179968e+00 2.169836e+00 2.159057e+00 2.147622e+00 2.135519e+00 2.122738e+00 2.113054e+00
1.574174e+00 1.562050e+00 1.547347e+00 1.533324e+00 1.519952e+00 1.507204e+00 1.495055e+00 1.483479e+00 1.472454e+00 1.461956e+00 1.451964e+00 1.442459e+00 1.433420e+00 1.424830e+00 1.416671e+00 1.408927e+00 1.401581e+00 1.394619e+00 1.388026e+00 1.381790e+00 1.375898e+00 1.370338e+00 1.365097e+00 1.360167e+00 1.355536e+00 1.351196e+00 1.347137e+00 1.343352e+00 1.339832e+00 1.336571e+00 1.333561e+00 1.330798e+00 1.328274e+00 1.325985e+00 1.323927e+00 1.322095e+00 1.320486e+00 1.319096e+00 1.317922e+00 1.316962e+00 1.316214e+00 1.315677e+00 1.315349e+00 1.315230e+00 1.315319e+00 1.315617e+00 1.316125e+00 1.316843e+00 1.317773e+00 1.318916e+00 1.320275e+00 1.321854e+00 1.323654e+00 1.325680e+00 1.327935e+00 1.330425e+00 1.333154e+00 1.336129e+00 1.339354e+00 1.342836e+00 1.346584e+00 1.350603e+00 1.354903e+00 1.359492e+00 1.364379e+00 1.369575e+00 1.375089e+00 1.379865e+00
1.678230e+00 1.635284e+00 1.580348e+00 1.528173e+00 1.478634e+00 1.431614e+00 1.387001e+00 1.344690e+00 1.304580e+00 1.266575e+00 1.230586e+00 1.196526e+00 1.164316e+00 1.133879e+00 1.105141e+00 1.078036e+00 1.052499e+00 1.028468e+00 1.005888e+00 9.847043e-01 9.648666e-01 9.463280e-01 9.290444e-01 9.129748e-01 8.980809e-01 8.843276e-01 8.716820e-01 8.601143e-01 8.495968e-01 8.401047e-01 8.316153e-01 8.241087e-01 8.175668e-01 8.119742e-01 8.073176e-01 8.035860e-01 8.007705e-01 7.988643e-01 7.978631e-01 7.977643e-01 7.985678e-01 8.002755e-01 8.028914e-01 8.064218e-01 8.108749e-01 8.162615e-01 8.225942e-01 8.298882e-01 8.381607e-01 8.474314e-01 8.577223e-01 8.690579e-01 8.814649e-01 8.949730e-01 9.096142e-01 9.254232e-01 9.424375e-01 9.606977e-01 9.802470e-01 1.001132e+00 1.023402e+00 1.047110e+00 1.072312e+00 1.099069e+00 1.127443e+00 1.157502e+00 1.189318e+00 1.213131e+00
1.935553e+00 2.002612e+00 2.018367e+00 2.033582e+00 2.048269e+00 2.062445e+00 2.076122e+00 2.089314e+00 2.102034e+00 2.114295e+00 2.126109e+00 2.137487e+00 2.148440e+00 2.158980e+00 2.169116e+00 2.178859e+00 2.188218e+00 2.197202e+00 2.205820e+00 2.214081e+00 2.221993e+00 2.229563e+00 2.236799e+00 2.243708e+00 2.250296e+00 2.256571e+00 2.262539e+00 2.268205e+00 2.273575e+00 2.278654e+00 2.283447e+00 2.287959e+00 2.292194e+00 2.296157e+00 2.299851e+00 2.303280e+00 2.306448e+00 2.309356e+00 2.312010e+00 2.314410e+00 2.316559e+00 2.318460e+00 2.320114e+00 2.321523e+00 2.322689e+00 2.323611e+00 2.324292e+00 2.324733e+00 2.324932e+00 2.324891e+00 2.324610e+00 2.324088e+00 2.323325e+00 2.322320e+00 2.321072e+00 2.319580e+00 2.317842e+00 2.315857e+00 2.313622e+00 2.311136e+00 2.308396e+00 2.305400e+00 2.302144e+00 2.298625e+00 2.294840e+00 2.290785e+00 2.286456e+00 2.281365e+00
2.488838e+00 2.464034e+00 2.439471e+00 2.415680e+00 2.392629e+00 2.370286e+00 2.348623e+00 2.327610e+00 2.307218e+00 2.287420e+00 2.268191e+00 2.249503e+00 2.231332e+00 2.213653e+00 2.196443e+00 2.179678e+00 2.163337e+00 2.147397e+00 2.131836e+00 2.116634e+00 2.101771e+00 2.087226e+00 2.072980e+00 2.059014e+00 2.045309e+00 2.031847e+00 2.018609e+00 2.005578e+00 1.992736e+00 1.980067e+00 1.967552e+00 1.955176e+00 1.942922e+00 1.930772e+00 1.918712e+00 1.906724e+00 1.894793e+00 1.882902e+00 1.871037e+00 1.859179e+00 1.847315e+00 1.835427e+00 1.823501e+00 1.811519e+00 1.799466e+00 1.787326e+00 1.775082e+00 1.762718e+00 1.750217e+00 1.737562e+00 1.724738e+00 1.711725e+00 1.698507e+00 1.685067e+00 1.671385e+00 1.657444e+00 1.643225e+00 1.628709e+00 1.613877e+00 1.598707e+00 1.583181e+00 1.567277e+00 1.550974e+00 1.534250e+00 1.517083e+00 1.499449e+00 1.481325e+00 1.466854e+00
2.644501e+00 2.611910e+00 2.570186e+00 2.530320e+00 2.492217e+00 2.455783e+00 2.420932e+00 2.387578e+00 2.355640e+00 2.325042e+00 2.295710e+00 2.267571e+00 2.240559e+00 2.214608e+00 2.189655e+00 2.165640e+00 2.142504e+00 2.120191e+00 2.098649e+00 2.077823e+00 2.057665e+00 2.038125e+00 2.019156e+00 2.000712e+00 1.982748e+00 1.965221e+00 1.948089e+00 1.931309e+00 1.914842e+00 1.898648e+00 1.882686e+00 1.866920e+00 1.851310e+00 1.835819e+00 1.820409e+00 1.805043e+00 1.789684e+00 1.774295e+00 1.758838e+00 1.743276e+00 1.727571e+00 1.711686e+00 1.695581e+00 1.679218e+00 1.662558e+00 1.645559e+00 1.628181e+00 1.610382e+00 1.592119e+00 1.573347e+00 1.554021e+00 1.534094e+00 1.513518e+00 1.492243e+00 1.470219e+00 1.447390e+00 1.423703e+00 1.399099e+00 1.373520e+00 1.346903e+00 1.319185e+00 1.290297e+00 1.260170e+00 1.228730e+00 1.195903e+00 1.161609e+00 1.125764e+00 1.095733e+00
2.259501e+00 2.213603e+00 2.147461e+00 2.085654e+00 2.027898e+00 1.973929e+00 1.923498e+00 1.876375e+00 1.832343e+00 1.791201e+00 1.752758e+00 1.716841e+00 1.683282e+00 1.651929e+00 1.622638e+00 1.595274e+00 1.569712e+00 1.545835e+00 1.523533e+00 1.502703e+00 1.483251e+00 1.465087e+00 1.448128e+00 1.432295e+00 1.417517e+00 1.403725e+00 1.390856e+00 1.378852e+00 1.367656e+00 1.357219e+00 1.347491e+00 1.338429e+00 1.329990e+00 1.322136e+00 1.314831e+00 1.308042e+00 1.301737e+00 1.295888e+00 1.290467e+00 1.285449e+00 1.280813e+00 1.276536e+00 1.272598e+00 1.268983e+00 1.265672e+00 1.262652e+00 1.259908e+00 1.257427e+00 1.255198e+00 1.253211e+00 1.251458e+00 1.249928e+00 1.248617e+00 1.247517e+00 1.246625e+00 1.245934e+00 1.245443e+00 1.245150e+00 1.245052e+00 1.245149e+00 1.245443e+00 1.245933e+00 1.246623e+00 1.247516e+00 1.248615e+00 1.249926e+00 1.251455e+00 1.253016e+00
1.220932e+00 1.211504e+00 1.200083e+00 1.189304e+00 1.179151e+00 1.169608e+00 1.160663e+00 1.152301e+00 1.144512e+00 1.137283e+00 1.130605e+00 1.124467e+00 1.118861e+00 1.113779e+00 1.109213e+00 1.105157e+00 1.101605e+00 1.098552e+00 1.095992e+00 1.093924e+00 1.092343e+00 1.091247e+00 1.090635e+00 1.090506e+00 1.090859e+00 1.091696e+00 1.093017e+00 1.094825e+00 1.097121e+00 1.099909e+00 1.103194e+00 1.106980e+00 1.111272e+00 1.116077e+00 1.121402e+00 1.127254e+00 1.133641e+00 1.140574e+00 1.148062e+00 1.156116e+00 1.164747e+00 1.173969e+00 1.183794e+00 1.194236e+00 1.205311e+00 1.217035e+00 1.229425e+00 1.242498e+00 1.256273e+00 1.270771e+00 1.286013e+00 1.302020e+00 1.318815e+00 1.336424e+00 1.354871e+00 1.374183e+00 1.394387e+00 1.415514e+00 1.437594e+00 1.460659e+00 1.484741e+00 1.509877e+00 1.536102e+00 1.563454e+00 1.591972e+00 1.621699e+00 1.652677e+00 1.701816e+00
1.795072e+00 1.822749e+00 1.849933e+00 1.876236e+00 1.901683e+00 1.926296e+00 1.950096e+00 1.973104e+00 1.995340e+00 2.016824e+00 2.037574e+00 2.057609e+00 2.076946e+00 2.095602e+00 2.113594e+00 2.130936e+00 2.147645e+00 2.163736e+00 2.179221e+00 2.194115e+00 2.208430e+00 2.222180e+00 2.235376e+00 2.248029e+00 2.260152e+00 2.271754e+00 2.282846e+00 2.293437e+00 2.303536e+00 2.313153e+00 2.322296e+00 2.330973e+00 2.339192e+00 2.346959e+00 2.354281e+00 2.361166e+00 2.367618e+00 2.373644e+00 2.379248e+00 2.384437e+00 2.389214e+00 2.393583e+00 2.397548e+00 2.401114e+00 2.404282e+00 2.407056e+00 2.409438e+00 2.411430e+00 2.413034e+00 2.414251e+00 2.415083e+00 2.415529e+00 2.415592e+00 2.415270e+00 2.414563e+00 2.413471e+00 2.411992e+00 2.410126e+00 2.407871e+00 2.405224e+00 2.402184e+00 2.398748e+00 2.394913e+00 2.390675e+00 2.386031e+00 2.380976e+00 2.375507e+00 2.348653e+00
1.512203e+00 1.548173e+00 1.590024e+00 1.629768e+00 1.667496e+00 1.703292e+00 1.737236e+00 1.769407e+00 1.799875e+00 1.828710e+00 1.855977e+00 1.881738e+00 1.906050e+00 1.928968e+00 1.950544e+00 1.970827e+00 1.989863e+00 2.007693e+00 2.024360e+00 2.039899e+00 2.054347e+00 2.067736e+00 2.080096e+00 2.091455e+00 2.101838e+00 2.111269e+00 2.119770e+00 2.127359e+00 2.134053e+00 2.139868e+00 2.144817e+00 2.148911e+00 2.152159e+00 2.154569e+00 2.156145e+00 2.156892e+00 2.156812e+00 2.155903e+00 2.154164e+00 2.151591e+00 2.148178e+00 2.143918e+00 2.138801e+00 2.132815e+00 2.125947e+00 2.118181e+00 2.109501e+00 2.099885e+00 2.089313e+00 2.077761e+00 2.065203e+00 2.051609e+00 2.036951e+00 2.021194e+00 2.004303e+00 1.986240e+00 1.966965e+00 1.946433e+00 1.924598e+00 1.901412e+00 1.876821e+00 1.850771e+00 1.823203e+00 1.794054e+00 1.763259e+00 1.730748e+00 1.696447e+00 1.658162e+00
2.416428e+00 2.393070e+00 2.378076e+00 2.363806e+00 2.350231e+00 2.337321e+00 2.325050e+00 2.313393e+00 2.302324e+00 2.291822e+00 2.281863e+00 2.272428e+00 2.263496e+00 2.255049e+00 2.247070e+00 2.239541e+00 2.232447e+00 2.225774e+00 2.219506e+00 2.213632e+00 2.208139e+00 2.203016e+00 2.198251e+00 2.193835e+00 2.189759e+00 2.186014e+00 2.182593e+00 2.179487e+00 2.176692e+00 2.174200e+00 2.172007e+00 2.170109e+00 2.168500e+00 2.167179e+00 2.166141e+00 2.165386e+00 2.164911e+00 2.164715e+00 2.164798e+00 2.165161e+00 2.165803e+00 2.166726e+00 2.167933e+00 2.169425e+00 2.171207e+00 2.173280e+00 2.175651e+00 2.178323e+00 2.181303e+00 2.184596e+00 2.188210e+00 2.192151e+00 2.196429e+00 2.201052e+00 2.206030e+00 2.211372e+00 2.217091e+00 2.223199e+00 2.229707e+00 2.236629e+00 2.243981e+00 2.251777e+00 2.260033e+00 2.268767e+00 2.277997e+00 2.287742e+00 2.298023e+00 2.306551e+00
4.284773e+00 4.190302e+00 4.110346e+00 4.033863e+00 3.960681e+00 3.890634e+00 3.823563e+00 3.759317e+00 3.697751e+00 3.638726e+00 3.582108e+00 3.527769e+00 3.475586e+00 3.425441e+00 3.377222e+00 3.330818e+00 3.286126e+00 3.243043e+00 3.201473e+00 3.161322e+00 3.122498e+00 3.084915e+00 3.048487e+00 3.013132e+00 2.978769e+00 2.945322e+00 2.912714e+00 2.880872e+00 2.849724e+00 2.819199e+00 2.789229e+00 2.759746e+00 2.730682e+00 2.701973e+00 2.673554e+00 2.645359e+00 2.617326e+00 2.589391e+00 2.561491e+00 2.533563e+00 2.505543e+00 2.477369e+00 2.448977e+00 2.420302e+00 2.391279e+00 2.361844e+00 2.331929e+00 2.301467e+00 2.270389e+00 2.238625e+00 2.206103e+00 2.172749e+00 2.138488e+00 2.103243e+00 2.066934e+00 2.029478e+00 1.990792e+00 1.950787e+00 1.909374e+00 1.866458e+00 1.821943e+00 1.775727e+00 1.727708e+00 1.677775e+00 1.625816e+00 1.571713e+00 1.515345e+00 1.464706e+00
3.153359e+00 3.222026e+00 3.330714e+00 3.434970e+00 3.534883e+00 3.630537e+00 3.722012e+00 3.809385e+00 3.892730e+00 3.972117e+00 4.047613e+00 4.119280e+00 4.187181e+00 4.251370e+00 4.311903e+00 4.368831e+00 4.422201e+00 4.472058e+00 4.518445e+00 4.561400e+00 4.600959e+00 4.637156e+00 4.670021e+00 4.699582e+00 4.725863e+00 4.748888e+00 4.768674e+00 4.785239e+00 4.798597e+00 4.808759e+00 4.815733e+00 4.819526e+00 4.820140e+00 4.817577e+00 4.811833e+00 4.802904e+00 4.790783e+00 4.775459e+00 4.756920e+00 4.735150e+00 4.710130e+00 4.681840e+00 4.650255e+00 4.615350e+00 4.577094e+00 4.535456e+00 4.490401e+00 4.441890e+00 4.389883e+00 4.334337e+00 4.275203e+00 4.212433e+00 4.145974e+00 4.075770e+00 4.001762e+00 3.923887e+00 3.842080e+00 3.756273e+00 3.666393e+00 3.572364e+00 3.474107e+00 3.371540e+00 3.264576e+00 3.153126e+00 3.037095e+00 2.916386e+00 2.790898e+00 2.710835e+00
2.037918e+00 2.061961e+00 2.090321e+00 2.117791e+00 2.144397e+00 2.170162e+00 2.195110e+00 2.219263e+00 2.242643e+00 2.265271e+00 2.287167e+00 2.308352e+00 2.328844e+00 2.348662e+00 2.367824e+00 2.386347e+00 2.404248e+00 2.421542e+00 2.438247e+00 2.454376e+00 2.469945e+00 2.484967e+00 2.499455e+00 2.513424e+00 2.526886e+00 2.539852e+00 2.552335e+00 2.564346e+00 2.575895e+00 2.586993e+00 2.597651e+00 2.607877e+00 2.617681e+00 2.627072e+00 2.636058e+00 2.644647e+00 2.652848e+00 2.660667e+00 2.668112e+00 2.675190e+00 2.681906e+00 2.688267e+00 2.694278e+00 2.699945e+00 2.705274e+00 2.710268e+00 2.714933e+00 2.719273e+00 2.723291e+00 2.726991e+00 2.730377e+00 2.733452e+00 2.736217e+00 2.738677e+00 2.740833e+00 2.742687e+00 2.744240e+00 2.745495e+00 2.746452e+00 2.747112e+00 2.747476e+00 2.747544e+00 2.747315e+00 2.746791e+00 2.745970e+00 2.744852e+00 2.743436e+00 2.741720e+00
2.195755e+00 2.225570e+00 2.266500e+00 2.304968e+00 2.341089e+00 2.374968e+00 2.406703e+00 2.436388e+00 2.464109e+00 2.489948e+00 2.513980e+00 2.536276e+00 2.556899e+00 2.575912e+00 2.593370e+00 2.609323e+00 2.623818e+00 2.636898e+00 2.648600e+00 2.658960e+00 2.668007e+00 2.675768e+00 2.682266e+00 2.687519e+00 2.691544e+00 2.694351e+00 2.695949e+00 2.696342e+00 2.695533e+00 2.693517e+00 2.690290e+00 2.685843e+00 2.680161e+00 2.673229e+00 2.665026e+00 2.655528e+00 2.644707e+00 2.632532e+00 2.618968e+00 2.603974e+00 2.587506e+00 2.569517e+00 2.549953e+00 2.528759e+00 2.505870e+00 2.481222e+00 2.454741e+00 2.426350e+00 2.395966e+00 2.363501e+00 2.328858e+00 2.291938e+00 2.252631e+00 2.210824e+00 2.166393e+00 2.119209e+00 2.069133e+00 2.016020e+00 1.959714e+00 1.900050e+00 1.836853e+00 1.769940e+00 1.699113e+00 1.624167e+00 1.544881e+00 1.461025e+00 1.372352e+00 1.312990e+00
4.407393e+00 4.412017e+00 4.417204e+00 4.422273e+00 4.427227e+00 4.432068e+00 4.436800e+00 4.441423e+00 4.445942e+00 4.450358e+00 4.454673e+00 4.458890e+00 4.463011e+00 4.467038e+00 4.470973e+00 4.474818e+00 4.478576e+00 4.482248e+00 4.485835e+00 4.489341e+00 4.492767e+00 4.496114e+00 4.499384e+00 4.502580e+00 4.505702e+00 4.508752e+00 4.511732e+00 4.514644e+00 4.517489e+00 4.520268e+00 4.522983e+00 4.525635e+00 4.528226e+00 4.530757e+00 4.533229e+00 4.535644e+00 4.538003e+00 4.540306e+00 4.542557e+00 4.544754e+00 4.546900e+00 4.548996e+00 4.551043e+00 4.553042e+00 4.554994e+00 4.556899e+00 4.558760e+00 4.560576e+00 4.562350e+00 4.564081e+00 4.565771e+00 4.567420e+00 4.569030e+00 4.570601e+00 4.572134e+00 4.573630e+00 4.575089e+00 4.576513e+00 4.577903e+00 4.579258e+00 4.580579e+00 4.581868e+00 4.583125e+00 4.584351e+00 4.585545e+00 4.586710e+00 4.587845e+00 4.589136e+00
8.240065e-01 8.602441e-01 9.076754e-01 9.509801e-01 9.905108e-01 1.026590e+00 1.059511e+00 1.089543e+00 1.116930e+00 1.141895e+00 1.164642e+00 1.185356e+00 1.204206e+00 1.221346e+00 1.236915e+00 1.251040e+00 1.263836e+00 1.275408e+00 1.285849e+00 1.295245e+00 1.303673e+00 1.311201e+00 1.317889e+00 1.323794e+00 1.328963e+00 1.333438e+00 1.337256e+00 1.340447e+00 1.343038e+00 1.345050e+00 1.346499e+00 1.347397e+00 1.347751e+00 1.347565e+00 1.346836e+00 1.345559e+00 1.343723e+00 1.341314e+00 1.338312e+00 1.334691e+00 1.330424e+00 1.325475e+00 1.319803e+00 1.313363e+00 1.306102e+00 1.297960e+00 1.288873e+00 1.278764e+00 1.267553e+00 1.255147e+00 1.241447e+00 1.226339e+00 1.209701e+00 1.191397e+00 1.171278e+00 1.149181e+00 1.124925e+00 1.098312e+00 1.069126e+00 1.037129e+00 1.002060e+00 9.636332e-01 9.215358e-01 8.754245e-01 8.249237e-01 7.696219e-01 7.090684e-01 6.684654e-01
8.645682e-01 8.545100e-01 8.487729e-01 8.435512e-01 8.388203e-01 8.345577e-01 8.307432e-01 8.273587e-01 8.243883e-01 8.218179e-01 8.196354e-01 8.178303e-01 8.163941e-01 8.153201e-01 8.146031e-01 8.142398e-01 8.142284e-01 8.145690e-01 8.152630e-01 8.163138e-01 8.177263e-01 8.195074e-01 8.216652e-01 8.242102e-01 8.271544e-01 8.305116e-01 8.342977e-01 8.385308e-01 8.432308e-01 8.484200e-01 8.541230e-01 8.603667e-01 8.671807e-01 8.745973e-01 8.826516e-01 8.913817e-01 9.008289e-01 9.110380e-01 9.220574e-01 9.339390e-01 9.467393e-01 9.605188e-01 9.753428e-01 9.912814e-01 1.008410e+00 1.026810e+00 1.046568e+00 1.067778e+00 1.090540e+00 1.114962e+00 1.141160e+00 1.169258e+00 1.199388e+00 1.231693e+00 1.266327e+00 1.303452e+00 1.343246e+00 1.385896e+00 1.431605e+00 1.480588e+00 1.533077e+00 1.589322e+00 1.649588e+00 1.714160e+00 1.783345e+00 1.857470e+00 1.936885e+00 2.000652e+00
1.166521e+00 1.140838e+00 1.124856e+00 1.109532e+00 1.094851e+00 1.080802e+00 1.067373e+00 1.054553e+00 1.042331e+00 1.030697e+00 1.019640e+00 1.009152e+00 9.992243e-01 9.898477e-01 9.810148e-01 9.727182e-01 9.649507e-01 9.577060e-01 9.509780e-01 9.447609e-01 9.390497e-01 9.338394e-01 9.291258e-01 9.249048e-01 9.211729e-01 9.179270e-01 9.151643e-01 9.128826e-01 9.110799e-01 9.097548e-01 9.089060e-01 9.085329e-01 9.086351e-01 9.092129e-01 9.102665e-01 9.117970e-01 9.138056e-01 9.162940e-01 9.192643e-01 9.227189e-01 9.266609e-01 9.310934e-01 9.360202e-01 9.414455e-01 9.473738e-01 9.538101e-01 9.607597e-01 9.682286e-01 9.762229e-01 9.847494e-01 9.938153e-01 1.003428e+00 1.013596e+00 1.024328e+00 1.035632e+00 1.047518e+00 1.059996e+00 1.073076e+00 1.086771e+00 1.101090e+00 1.116046e+00 1.131652e+00 1.147920e+00 1.164865e+00 1.182501e+00 1.200841e+00 1.219903e+00 1.242348e+00
1.308688e+00 1.348060e+00 1.373325e+00 1.397712e+00 1.421255e+00 1.443983e+00 1.465927e+00 1.487116e+00 1.507578e+00 1.527339e+00 1.546425e+00 1.564862e+00 1.582674e+00 1.599884e+00 1.616514e+00 1.632587e+00 1.648124e+00 1.663145e+00 1.677669e+00 1.691717e+00 1.705306e+00 1.718454e+00 1.731179e+00 1.743497e+00 1.755424e+00 1.766976e+00 1.778169e+00 1.789017e+00 1.799534e+00 1.809734e+00 1.819630e+00 1.829236e+00 1.838564e+00 1.847627e+00 1.856435e+00 1.865002e+00 1.873337e+00 1.881453e+00 1.889359e+00 1.897066e+00 1.904585e+00 1.911924e+00 1.919095e+00 1.926105e+00 1.932965e+00 1.939683e+00 1.946269e+00 1.952730e+00 1.959076e+00 1.965314e+00 1.971453e+00 1.977502e+00 1.983467e+00 1.989357e+00 1.995179e+00 2.000941e+00 2.006652e+00 2.012317e+00 2.017945e+00 2.023543e+00 2.029118e+00 2.034679e+00 2.040231e+00 2.045782e+00 2.051341e+00 2.056913e+00 2.062506e+00 2.074494e+00
1.294730e+00 1.228802e+00 1.182696e+00 1.139936e+00 1.100287e+00 1.063534e+00 1.029477e+00 9.979279e-01 9.687161e-01 9.416820e-01 9.166779e-01 8.935674e-01 8.722244e-01 8.525324e-01 8.343841e-01 8.176802e-01 8.023298e-01 7.882490e-01 7.753610e-01 7.635954e-01 7.528881e-01 7.431806e-01 7.344200e-01 7.265584e-01 7.195530e-01 7.133655e-01 7.079621e-01 7.033134e-01 6.993940e-01 6.961826e-01 6.936615e-01 6.918170e-01 6.906391e-01 6.901214e-01 6.902609e-01 6.910586e-01 6.925186e-01 6.946491e-01 6.974616e-01 7.009714e-01 7.051978e-01 7.101637e-01 7.158964e-01 7.224270e-01 7.297912e-01 7.380291e-01 7.471859e-01 7.573113e-01 7.684607e-01 7.806949e-01 7.940807e-01 8.086911e-01 8.246058e-01 8.419117e-01 8.607032e-01 8.810829e-01 9.031620e-01 9.270609e-01 9.529101e-01 9.808506e-01 1.011035e+00 1.043628e+00 1.078807e+00 1.116765e+00 1.157708e+00 1.201860e+00 1.249461e+00 1.286437e+00
2.848335e+00 2.904688e+00 2.939390e+00 2.973211e+00 3.006168e+00 3.038279e+00 3.069562e+00 3.100032e+00 3.129708e+00 3.158605e+00 3.186739e+00 3.214125e+00 3.240778e+00 3.266712e+00 3.291942e+00 3.316481e+00 3.340342e+00 3.363539e+00 3.386084e+00 3.407989e+00 3.429266e+00 3.449927e+00 3.469983e+00 3.489444e+00 3.508322e+00 3.526627e+00 3.544368e+00 3.561556e+00 3.578199e+00 3.594306e+00 3.609887e+00 3.624949e+00 3.639501e+00 3.653552e+00 3.667107e+00 3.680176e+00 3.692764e+00 3.704879e+00 3.716527e+00 3.727715e+00 3.738449e+00 3.748734e+00 3.758576e+00 3.767981e+00 3.776953e+00 3.785498e+00 3.793620e+00 3.801323e+00 3.808612e+00 3.815490e+00 3.821962e+00 3.828031e+00 3.833699e+00 3.838971e+00 3.843850e+00 3.848336e+00 3.852434e+00 3.856146e+00 3.859473e+00 3.862417e+00 3.864979e+00 3.867162e+00 3.868967e+00 3.870393e+00 3.871443e+00 3.872117e+00 3.872415e+00 3.872347e+00
1.570713e+00 1.594836e+00 1.605771e+00 1.616217e+00 1.626196e+00 1.635729e+00 1.644836e+00 1.653537e+00 1.661850e+00 1.669793e+00 1.677384e+00 1.684637e+00 1.691569e+00 1.698194e+00 1.704526e+00 1.710579e+00 1.716366e+00 1.721900e+00 1.727191e+00 1.732251e+00 1.737091e+00 1.741722e+00 1.746152e+00 1.750392e+00 1.754451e+00 1.758337e+00 1.762058e+00 1.765623e+00 1.769039e+00 1.772313e+00 1.775452e+00 1.778464e+00 1.781353e+00 1.784128e+00 1.786792e+00 1.789353e+00 1.791815e+00 1.794184e+00 1.796465e+00 1.798663e+00 1.800782e+00 1.802827e+00 1.804802e+00 1.806711e+00 1.808560e+00 1.810350e+00 1.812087e+00 1.813774e+00 1.815414e+00 1.817012e+00 1.818570e+00 1.820091e+00 1.821580e+00 1.823039e+00 1.824471e+00 1.825880e+00 1.827268e+00 1.828638e+00 1.829993e+00 1.831337e+00 1.832671e+00 1.834000e+00 1.835325e+00 1.836649e+00 1.837976e+00 1.839308e+00 1.840648e+00 1.841704e+00
1.714481e+00 1.728650e+00 1.737013e+00 1.744966e+00 1.752510e+00 1.759647e+00 1.766381e+00 1.772712e+00 1.778642e+00 1.784174e+00 1.789308e+00 1.794046e+00 1.798390e+00 1.802340e+00 1.805898e+00 1.809064e+00 1.811840e+00 1.814227e+00 1.816225e+00 1.817834e+00 1.819055e+00 1.819889e+00 1.820336e+00 1.820395e+00 1.820067e+00 1.819351e+00 1.818249e+00 1.816758e+00 1.814879e+00 1.812612e+00 1.809955e+00 1.806908e+00 1.803470e+00 1.799639e+00 1.795416e+00 1.790799e+00 1.785786e+00 1.780376e+00 1.774568e+00 1.768360e+00 1.761750e+00 1.754736e+00 1.747316e+00 1.739489e+00 1.731252e+00 1.722602e+00 1.713538e+00 1.704056e+00 1.694155e+00 1.683831e+00 1.673081e+00 1.661903e+00 1.650292e+00 1.638247e+00 1.625763e+00 1.612838e+00 1.599467e+00 1.585646e+00 1.571372e+00 1.556641e+00 1.541449e+00 1.525791e+00 1.509663e+00 1.493060e+00 1.475978e+00 1.458412e+00 1.440357e+00 1.422906e+00
2.202723e+00 2.255042e+00 2.308484e+00 2.360399e+00 2.410799e+00 2.459699e+00 2.507112e+00 2.553051e+00 2.597528e+00 2.640555e+00 2.682144e+00 2.722306e+00 2.761052e+00 2.798392e+00 2.834337e+00 2.868896e+00 2.902078e+00 2.933893e+00 2.964350e+00 2.993455e+00 3.021218e+00 3.047646e+00 3.072746e+00 3.096525e+00 3.118988e+00 3.140143e+00 3.159995e+00 3.178550e+00 3.195811e+00 3.211785e+00 3.226475e+00 3.239885e+00 3.252020e+00 3.262881e+00 3.272473e+00 3.280797e+00 3.287857e+00 3.293654e+00 3.298189e+00 3.301463e+00 3.303479e+00 3.304235e+00 3.303733e+00 3.301972e+00 3.298952e+00 3.294672e+00 3.289130e+00 3.282326e+00 3.274258e+00 3.264922e+00 3.254318e+00 3.242441e+00 3.229289e+00 3.214857e+00 3.199144e+00 3.182143e+00 3.163850e+00 3.144261e+00 3.123370e+00 3.101171e+00 3.077659e+00 3.052826e+00 3.026668e+00 2.999175e+00 2.970341e+00 2.940159e+00 2.908619e+00 2.872044e+00
1.285439e-01 1.245566e-01 1.194118e-01 1.146197e-01 1.101642e-01 1.060302e-01 1.022038e-01 9.867208e-02 9.542321e-02 9.244623e-02 8.973111e-02 8.726869e-02 8.505070e-02 8.306965e-02 8.131888e-02 7.979248e-02 7.848532e-02 7.739300e-02 7.651184e-02 7.583886e-02 7.537180e-02 7.510909e-02 7.504985e-02 7.519387e-02 7.554163e-02 7.609432e-02 7.685379e-02 7.782260e-02 7.900402e-02 8.040201e-02 8.202130e-02 8.386733e-02 8.594632e-02 8.826528e-02 9.083200e-02 9.365515e-02 9.674423e-02 1.001096e-01 1.037627e-01 1.077158e-01 1.119821e-01 1.165761e-01 1.215132e-01 1.268100e-01 1.324845e-01 1.385557e-01 1.450440e-01 1.519713e-01 1.593610e-01 1.672379e-01 1.756285e-01 1.845612e-01 1.940660e-01 2.041749e-01 2.149219e-01 2.263434e-01 2.384776e-01 2.513655e-01 2.650506e-01 2.795788e-01 2.949992e-01 3.113636e-01 3.287272e-01 3.471485e-01 3.666895e-01 3.874160e-01 4.093978e-01 4.250445e-01
4.684187e-01 4.717178e-01 4.764575e-01 4.811635e-01 4.858389e-01 4.904867e-01 4.951100e-01 4.997117e-01 5.042948e-01 5.088624e-01 5.134174e-01 5.179628e-01 5.225016e-01 5.270366e-01 5.315709e-01 5.361074e-01 5.406491e-01 5.451989e-01 5.497598e-01 5.543347e-01 5.589267e-01 5.635388e-01 5.681739e-01 5.728350e-01 5.775253e-01 5.822477e-01 5.870053e-01 5.918013e-01 5.966387e-01 6.015208e-01 6.064506e-01 6.114315e-01 6.164666e-01 6.215592e-01 6.267127e-01 6.319304e-01 6.372157e-01 6.425721e-01 6.480030e-01 6.535120e-01 6.591026e-01 6.647786e-01 6.705436e-01 6.764013e-01 6.823557e-01 6.884105e-01 6.945697e-01 7.008374e-01 7.072175e-01 7.137144e-01 7.203321e-01 7.270751e-01 7.339476e-01 7.409543e-01 7.480996e-01 7.553882e-01 7.628249e-01 7.704144e-01 7.781618e-01 7.860722e-01 7.941505e-01 8.024022e-01 8.108326e-01 8.194472e-01 8.282516e-01 8.372515e-01 8.464528e-01 8.548701e-01
1.591810e+00 1.481624e+00 1.442390e+00 1.404594e+00 1.368194e+00 1.333147e+00 1.299412e+00 1.266952e+00 1.235729e+00 1.205706e+00 1.176850e+00 1.149127e+00 1.122505e+00 1.096954e+00 1.072443e+00 1.048946e+00 1.026435e+00 1.004883e+00 9.842672e-01 9.645625e-01 9.457466e-01 9.277979e-01 9.106957e-01 8.944204e-01 8.789531e-01 8.642761e-01 8.503725e-01 8.372263e-01 8.248224e-01 8.131465e-01 8.021852e-01 7.919258e-01 7.823566e-01 7.734665e-01 7.652453e-01 7.576836e-01 7.507726e-01 7.445044e-01 7.388718e-01 7.338683e-01 7.294881e-01 7.257262e-01 7.225783e-01 7.200408e-01 7.181106e-01 7.167857e-01 7.160645e-01 7.159461e-01 7.164304e-01 7.175180e-01 7.192102e-01 7.215088e-01 7.244165e-01 7.279367e-01 7.320734e-01 7.368314e-01 7.422161e-01 7.482338e-01 7.548913e-01 7.621964e-01 7.701574e-01 7.787835e-01 7.880846e-01 7.980715e-01 8.087556e-01 8.201492e-01 8.322654e-01 8.623353e-01
2.112842e+00 2.130108e+00 2.146227e+00 2.161768e+00 2.176741e+00 2.191157e+00 2.205029e+00 2.218365e+00 2.231176e+00 2.243472e+00 2.255261e+00 2.266553e+00 2.277356e+00 2.287678e+00 2.297527e+00 2.306910e+00 2.315834e+00 2.324306e+00 2.332333e+00 2.339919e+00 2.347072e+00 2.353796e+00 2.360096e+00 2.365976e+00 2.371443e+00 2.376499e+00 2.381148e+00 2.385394e+00 2.389239e+00 2.392688e+00 2.395742e+00 2.398403e+00 2.400675e+00 2.402557e+00 2.404053e+00 2.405162e+00 2.405886e+00 2.406225e+00 2.406180e+00 2.405750e+00 2.404935e+00 2.403735e+00 2.402148e+00 2.400174e+00 2.397811e+00 2.395057e+00 2.391911e+00 2.388369e+00 2.384429e+00 2.380088e+00 2.375344e+00 2.370191e+00 2.364628e+00 2.358648e+00 2.352249e+00 2.345425e+00 2.338170e+00 2.330481e+00 2.322350e+00 2.313772e+00 2.304740e+00 2.295248e+00 2.285288e+00 2.274853e+00 2.263936e+00 2.252527e+00 2.240619e+00 2.228377e+00
2.376181e+00 2.414314e+00 2.447400e+00 2.479047e+00 2.509281e+00 2.538129e+00 2.565616e+00 2.591766e+00 2.616602e+00 2.640145e+00 2.662416e+00 2.683435e+00 2.703219e+00 2.721785e+00 2.739151e+00 2.755331e+00 2.770339e+00 2.784188e+00 2.796891e+00 2.808458e+00 2.818899e+00 2.828224e+00 2.836441e+00 2.843556e+00 2.849576e+00 2.854507e+00 2.858352e+00 2.861115e+00 2.862798e+00 2.863403e+00 2.862930e+00 2.861379e+00 2.858749e+00 2.855037e+00 2.850239e+00 2.844353e+00 2.837372e+00 2.829291e+00 2.820103e+00 2.809799e+00 2.798370e+00 2.785807e+00 2.772099e+00 2.757234e+00 2.741199e+00 2.723979e+00 2.705560e+00 2.685927e+00 2.665061e+00 2.642944e+00 2.619558e+00 2.594882e+00 2.568894e+00 2.541572e+00 2.512892e+00 2.482830e+00 2.451358e+00 2.418449e+00 2.384076e+00 2.348208e+00 2.310813e+00 2.271859e+00 2.231313e+00 2.189139e+00 2.145300e+00 2.099758e+00 2.052473e+00 2.011187e+00
1.501416e+00 1.506085e+00 1.510034e+00 1.513791e+00 1.517361e+00 1.520746e+00 1.523953e+00 1.526984e+00 1.529843e+00 1.532534e+00 1.535061e+00 1.537425e+00 1.539631e+00 1.541680e+00 1.543575e+00 1.545319e+00 1.546913e+00 1.548360e+00 1.549662e+00 1.550819e+00 1.551833e+00 1.552707e+00 1.553439e+00 1.554033e+00 1.554487e+00 1.554803e+00 1.554982e+00 1.555023e+00 1.554926e+00 1.554692e+00 1.554320e+00 1.553809e+00 1.553159e+00 1.552370e+00 1.551439e+00 1.550367e+00 1.549151e+00 1.547791e+00 1.546285e+00 1.544630e+00 1.542825e+00 1.540868e+00 1.538755e+00 1.536486e+00 1.534056e+00 1.531463e+00 1.528704e+00 1.525776e+00 1.522674e+00 1.519395e+00 1.515936e+00 1.512291e+00 1.508457e+00 1.504428e+00 1.500200e+00 1.495768e+00 1.491126e+00 1.486269e+00 1.481191e+00 1.475885e+00 1.470345e+00 1.464565e+00 1.458537e+00 1.452254e+00 1.445708e+00 1.438891e+00 1.431796e+00 1.423328e+00
4.393820e+00 4.570042e+00 4.711117e+00 4.848186e+00 4.981274e+00 5.110404e+00 5.235598e+00 5.356879e+00 5.474267e+00 5.587783e+00 5.697448e+00 5.803280e+00 5.905298e+00 6.003519e+00 6.097961e+00 6.188641e+00 6.275574e+00 6.358775e+00 6.438259e+00 6.514040e+00 6.586131e+00 6.654545e+00 6.719294e+00 6.780389e+00 6.837841e+00 6.891660e+00 6.941854e+00 6.988434e+00 7.031407e+00 7.070781e+00 7.106563e+00 7.138758e+00 7.167373e+00 7.192412e+00 7.213881e+00 7.231781e+00 7.246118e+00 7.256893e+00 7.264108e+00 7.267765e+00 7.267864e+00 7.264405e+00 7.257387e+00 7.246809e+00 7.232670e+00 7.214967e+00 7.193697e+00 7.168856e+00 7.140440e+00 7.108443e+00 7.072861e+00 7.033687e+00 6.990914e+00 6.944534e+00 6.894540e+00 6.840923e+00 6.783673e+00 6.722780e+00 6.658235e+00 6.590024e+00 6.518137e+00 6.442561e+00 6.363283e+00 6.280289e+00 6.193563e+00 6.103092e+00 6.008859e+00 5.837250e+00
1.125403e+00 1.167262e+00 1.202918e+00 1.237292e+00 1.270431e+00 1.302381e+00 1.333186e+00 1.362891e+00 1.391537e+00 1.419162e+00 1.445807e+00 1.471508e+00 1.496301e+00 1.520221e+00 1.543301e+00 1.565573e+00 1.587069e+00 1.607818e+00 1.627850e+00 1.647192e+00 1.665872e+00 1.683915e+00 1.701347e+00 1.718192e+00 1.734473e+00 1.750214e+00 1.765436e+00 1.780161e+00 1.794409e+00 1.808199e+00 1.821552e+00 1.834486e+00 1.847019e+00 1.859169e+00 1.870952e+00 1.882384e+00 1.893483e+00 1.904263e+00 1.914739e+00 1.924927e+00 1.934840e+00 1.944491e+00 1.953896e+00 1.963066e+00 1.972014e+00 1.980754e+00 1.989297e+00 1.997655e+00 2.005840e+00 2.013863e+00 2.021736e+00 2.029469e+00 2.037073e+00 2.044559e+00 2.051937e+00 2.059218e+00 2.066412e+00 2.073529e+00 2.080578e+00 2.087570e+00 2.094515e+00 2.101421e+00 2.108300e+00 2.115159e+00 2.122010e+00 2.128861e+00 2.135722e+00 2.146404e+00
2.523751e+00 2.620985e+00 2.701110e+00 2.778889e+00 2.854332e+00 2.927452e+00 2.998260e+00 3.066765e+00 3.132979e+00 3.196910e+00 3.258570e+00 3.317967e+00 3.375109e+00 3.430006e+00 3.482666e+00 3.533096e+00 3.581305e+00 3.627299e+00 3.671086e+00 3.712671e+00 3.752062e+00 3.789263e+00 3.824282e+00 3.857122e+00 3.887789e+00 3.916287e+00 3.942621e+00 3.966795e+00 3.988812e+00 4.008675e+00 4.026389e+00 4.041954e+00 4.055374e+00 4.066650e+00 4.075785e+00 4.082779e+00 4.087634e+00 4.090351e+00 4.090929e+00 4.089369e+00 4.085671e+00 4.079834e+00 4.071857e+00 4.061739e+00 4.049479e+00 4.035074e+00 4.018523e+00 3.999823e+00 3.978971e+00 3.955964e+00 3.930799e+00 3.903472e+00 3.873978e+00 3.842314e+00 3.808474e+00 3.772454e+00 3.734248e+00 3.693851e+00 3.651256e+00 3.606457e+00 3.559447e+00 3.510219e+00 3.458766e+00 3.405080e+00 3.349153e+00 3.290976e+00 3.230542e+00 3.148302e+00
1.688530e+00 1.722966e+00 1.764664e+00 1.804544e+00 1.842678e+00 1.879135e+00 1.913982e+00 1.947280e+00 1.979090e+00 2.009470e+00 2.038473e+00 2.066154e+00 2.092561e+00 2.117742e+00 2.141744e+00 2.164608e+00 2.186376e+00 2.207089e+00 2.226782e+00 2.245492e+00 2.263252e+00 2.280095e+00 2.296050e+00 2.311147e+00 2.325413e+00 2.338874e+00 2.351554e+00 2.363476e+00 2.374661e+00 2.385129e+00 2.394900e+00 2.403992e+00 2.412419e+00 2.420199e+00 2.427344e+00 2.433868e+00 2.439783e+00 2.445099e+00 2.449825e+00 2.453971e+00 2.457543e+00 2.460549e+00 2.462994e+00 2.464881e+00 2.466215e+00 2.466998e+00 2.467231e+00 2.466915e+00 2.466049e+00 2.464631e+00 2.462660e+00 2.460131e+00 2.457040e+00 2.453381e+00 2.449148e+00 2.444333e+00 2.438928e+00 2.432922e+00 2.426304e+00 2.419064e+00 2.411187e+00 2.402660e+00 2.393467e+00 2.383592e+00 2.373016e+00 2.361721e+00 2.349686e+00 2.339954e+00
2.011627e+00 2.052234e+00 2.090189e+00 2.127099e+00 2.162980e+00 2.197846e+00 2.231712e+00 2.264591e+00 2.296499e+00 2.327448e+00 2.357451e+00 2.386520e+00 2.414668e+00 2.441907e+00 2.468247e+00 2.493701e+00 2.518278e+00 2.541988e+00 2.564842e+00 2.586850e+00 2.608020e+00 2.628361e+00 2.647882e+00 2.666590e+00 2.684495e+00 2.701602e+00 2.717920e+00 2.733455e+00 2.748214e+00 2.762202e+00 2.775426e+00 2.787891e+00 2.799603e+00 2.810566e+00 2.820785e+00 2.830263e+00 2.839006e+00 2.847017e+00 2.854298e+00 2.860854e+00 2.866687e+00 2.871798e+00 2.876192e+00 2.879868e+00 2.882829e+00 2.885077e+00 2.886611e+00 2.887433e+00 2.887542e+00 2.886940e+00 2.885626e+00 2.883598e+00 2.880857e+00 2.877402e+00 2.873230e+00 2.868339e+00 2.862729e+00 2.856397e+00 2.849339e+00 2.841554e+00 2.833037e+00 2.823786e+00 2.813796e+00 2.803063e+00 2.791583e+00 2.779350e+00 2.766361e+00 2.754080e+00
2.308560e+00 2.335245e+00 2.358942e+00 2.381904e+00 2.404146e+00 2.425682e+00 2.446527e+00 2.466693e+00 2.486193e+00 2.505040e+00 2.523245e+00 2.540821e+00 2.557778e+00 2.574128e+00 2.589880e+00 2.605045e+00 2.619632e+00 2.633652e+00 2.647112e+00 2.660021e+00 2.672388e+00 2.684221e+00 2.695526e+00 2.706311e+00 2.716584e+00 2.726350e+00 2.735616e+00 2.744388e+00 2.752672e+00 2.760472e+00 2.767793e+00 2.774641e+00 2.781019e+00 2.786933e+00 2.792385e+00 2.797378e+00 2.801917e+00 2.806004e+00 2.809642e+00 2.812833e+00 2.815578e+00 2.817881e+00 2.819742e+00 2.821162e+00 2.822142e+00 2.822684e+00 2.822787e+00 2.822451e+00 2.821676e+00 2.820462e+00 2.818808e+00 2.816713e+00 2.814175e+00 2.811194e+00 2.807766e+00 2.803890e+00 2.799563e+00 2.794783e+00 2.789546e+00 2.783850e+00 2.777690e+00 2.771063e+00 2.763964e+00 2.756389e+00 2.748333e+00 2.739791e+00 2.730757e+00 2.695272e+00
1.847598e+00 1.885913e+00 1.898910e+00 1.911399e+00 1.923401e+00 1.934933e+00 1.946014e+00 1.956661e+00 1.966890e+00 1.976716e+00 1.986155e+00 1.995221e+00 2.003928e+00 2.012289e+00 2.020318e+00 2.028027e+00 2.035427e+00 2.042529e+00 2.049346e+00 2.055887e+00 2.062162e+00 2.068181e+00 2.073953e+00 2.079487e+00 2.084791e+00 2.089875e+00 2.094744e+00 2.099408e+00 2.103872e+00 2.108145e+00 2.112232e+00 2.116140e+00 2.119874e+00 2.123441e+00 2.126846e+00 2.130095e+00 2.133191e+00 2.136141e+00 2.138948e+00 2.141616e+00 2.144151e+00 2.146555e+00 2.148833e+00 2.150988e+00 2.153023e+00 2.154942e+00 2.156747e+00 2.158441e+00 2.160026e+00 2.161506e+00 2.162883e+00 2.164157e+00 2.165333e+00 2.166411e+00 2.167392e+00 2.168279e+00 2.169073e+00 2.169775e+00 2.170386e+00 2.170908e+00 2.171340e+00 2.171683e+00 2.171939e+00 2.172107e+00 2.172188e+00 2.172182e+00 2.172088e+00 2.171927e+00
3.895433e-01 3.943646e-01 3.999613e-01 4.052576e-01 4.102708e-01 4.150175e-01 4.195130e-01 4.237721e-01 4.278087e-01 4.316361e-01 4.352668e-01 4.387126e-01 4.419849e-01 4.450943e-01 4.480510e-01 4.508646e-01 4.535445e-01 4.560993e-01 4.585375e-01 4.608669e-01 4.630953e-01 4.652299e-01 4.672776e-01 4.692453e-01 4.711393e-01 4.729658e-01 4.747309e-01 4.764402e-01 4.780994e-01 4.797139e-01 4.812890e-01 4.828299e-01 4.843415e-01 4.858289e-01 4.872968e-01 4.887502e-01 4.901937e-01 4.916321e-01 4.930701e-01 4.945124e-01 4.959637e-01 4.974288e-01 4.989124e-01 5.004195e-01 5.019548e-01 5.035236e-01 5.051308e-01 5.067818e-01 5.084820e-01 5.102369e-01 5.120523e-01 5.139340e-01 5.158884e-01 5.179216e-01 5.200405e-01 5.222520e-01 5.245632e-01 5.269818e-01 5.295156e-01 5.321730e-01 5.349627e-01 5.378937e-01 5.409756e-01 5.442187e-01 5.476334e-01 5.512309e-01 5.550230e-01 5.578939e-01
9.756054e-01 9.975299e-01 1.024893e+00 1.050514e+00 1.074497e+00 1.096943e+00 1.117945e+00 1.137590e+00 1.155960e+00 1.173130e+00 1.189173e+00 1.204155e+00 1.218137e+00 1.231179e+00 1.243334e+00 1.254653e+00 1.265182e+00 1.274966e+00 1.284045e+00 1.292457e+00 1.300236e+00 1.307416e+00 1.314025e+00 1.320092e+00 1.325641e+00 1.330695e+00 1.335276e+00 1.339403e+00 1.343092e+00 1.346359e+00 1.349218e+00 1.351680e+00 1.353755e+00 1.355453e+00 1.356780e+00 1.357742e+00 1.358343e+00 1.358585e+00 1.358469e+00 1.357995e+00 1.357161e+00 1.355963e+00 1.354397e+00 1.352456e+00 1.350131e+00 1.347414e+00 1.344292e+00 1.340754e+00 1.336784e+00 1.332365e+00 1.327480e+00 1.322108e+00 1.316227e+00 1.309812e+00 1.302837e+00 1.295273e+00 1.287088e+00 1.278249e+00 1.268718e+00 1.258457e+00 1.247422e+00 1.235567e+00 1.222845e+00 1.209200e+00 1.194578e+00 1.178917e+00 1.162153e+00 1.151273e+00
4.522842e+00 4.529974e+00 4.535033e+00 4.540141e+00 4.545299e+00 4.550510e+00 4.555776e+00 4.561098e+00 4.566479e+00 4.571920e+00 4.577423e+00 4.582990e+00 4.588624e+00 4.594326e+00 4.600098e+00 4.605943e+00 4.611862e+00 4.617858e+00 4.623933e+00 4.630088e+00 4.636327e+00 4.642652e+00 4.649064e+00 4.655566e+00 4.662160e+00 4.668850e+00 4.675636e+00 4.682522e+00 4.689510e+00 4.696603e+00 4.703803e+00 4.711113e+00 4.718535e+00 4.726072e+00 4.733727e+00 4.741502e+00 4.749401e+00 4.757426e+00 4.765580e+00 4.773866e+00 4.782287e+00 4.790846e+00 4.799546e+00 4.808391e+00 4.817382e+00 4.826525e+00 4.835821e+00 4.845275e+00 4.854889e+00 4.864667e+00 4.874613e+00 4.884731e+00 4.895023e+00 4.905494e+00 4.916147e+00 4.926987e+00 4.938016e+00 4.949240e+00 4.960661e+00 4.972285e+00 4.984116e+00 4.996157e+00 5.008413e+00 5.020888e+00 5.033588e+00 5.046516e+00 5.059677e+00 5.087818e+00
1.754934e+00 1.783588e+00 1.792415e+00 1.801050e+00 1.809505e+00 1.817795e+00 1.825932e+00 1.833930e+00 1.841802e+00 1.849559e+00 1.857215e+00 1.864781e+00 1.872270e+00 1.879694e+00 1.887064e+00 1.894392e+00 1.901690e+00 1.908970e+00 1.916242e+00 1.923520e+00 1.930813e+00 1.938135e+00 1.945496e+00 1.952909e+00 1.960385e+00 1.967936e+00 1.975574e+00 1.983311e+00 1.991160e+00 1.999134e+00 2.007244e+00 2.015504e+00 2.023927e+00 2.032527e+00 2.041317e+00 2.050311e+00 2.059523e+00 2.068969e+00 2.078663e+00 2.088621e+00 2.098859e+00 2.109393e+00 2.120239e+00 2.131416e+00 2.142940e+00 2.154831e+00 2.167107e+00 2.179788e+00 2.192894e+00 2.206446e+00 2.220465e+00 2.234975e+00 2.249997e+00 2.265557e+00 2.281679e+00 2.298388e+00 2.315711e+00 2.333676e+00 2.352312e+00 2.371648e+00 2.391716e+00 2.412546e+00 2.434173e+00 2.456630e+00 2.479954e+00 2.504182e+00 2.529353e+00 2.555288e+00
1.235260e+00 1.271136e+00 1.328334e+00 1.380606e+00 1.428370e+00 1.472008e+00 1.511869e+00 1.548271e+00 1.581506e+00 1.611839e+00 1.639513e+00 1.664748e+00 1.687747e+00 1.708693e+00 1.727754e+00 1.745083e+00 1.760817e+00 1.775083e+00 1.787995e+00 1.799655e+00 1.810157e+00 1.819586e+00 1.828016e+00 1.835514e+00 1.842142e+00 1.847951e+00 1.852988e+00 1.857294e+00 1.860902e+00 1.863843e+00 1.866138e+00 1.867807e+00 1.868863e+00 1.869314e+00 1.869164e+00 1.868412e+00 1.867052e+00 1.865072e+00 1.862458e+00 1.859188e+00 1.855235e+00 1.850569e+00 1.845152e+00 1.838941e+00 1.831886e+00 1.823931e+00 1.815012e+00 1.805058e+00 1.793989e+00 1.781717e+00 1.768143e+00 1.753160e+00 1.736646e+00 1.718472e+00 1.698490e+00 1.676542e+00 1.652451e+00 1.626026e+00 1.597055e+00 1.565306e+00 1.530526e+00 1.492437e+00 1.450733e+00 1.405083e+00 1.355120e+00 1.300445e+00 1.240621e+00 1.199930e+00
4.959512e+00 5.042027e+00 5.122771e+00 5.201735e+00 5.278928e+00 5.354360e+00 5.428041e+00 5.499980e+00 5.570185e+00 5.638666e+00 5.705430e+00 5.770487e+00 5.833844e+00 5.895509e+00 5.955490e+00 6.013794e+00 6.070429e+00 6.125401e+00 6.178717e+00 6.230384e+00 6.280409e+00 6.328798e+00 6.375556e+00 6.420689e+00 6.464203e+00 6.506104e+00 6.546397e+00 6.585086e+00 6.622176e+00 6.657673e+00 6.691580e+00 6.723901e+00 6.754642e+00 6.783804e+00 6.811393e+00 6.837412e+00 6.861863e+00 6.884750e+00 6.906076e+00 6.925843e+00 6.944053e+00 6.960710e+00 6.975815e+00 6.989370e+00 7.001376e+00 7.011836e+00 7.020750e+00 7.028119e+00 7.033945e+00 7.038229e+00 7.040970e+00 7.042169e+00 7.041826e+00 7.039941e+00 7.036514e+00 7.031545e+00 7.025033e+00 7.016977e+00 7.007375e+00 6.996228e+00 6.983533e+00 6.969289e+00 6.953495e+00 6.936147e+00 6.917245e+00 6.896785e+00 6.874765e+00 6.849939e+00
1.126109e+00 1.102764e+00 1.068748e+00 1.036405e+00 1.005672e+00 9.764933e-01 9.488120e-01 9.225761e-01 8.977358e-01 8.742441e-01 8.520566e-01 8.311312e-01 8.114283e-01 7.929105e-01 7.755429e-01 7.592925e-01 7.441286e-01 7.300223e-01 7.169471e-01 7.048782e-01 6.937926e-01 6.836695e-01 6.744896e-01 6.662355e-01 6.588917e-01 6.524442e-01 6.468808e-01 6.421909e-01 6.383657e-01 6.353980e-01 6.332821e-01 6.320140e-01 6.315914e-01 6.320133e-01 6.332806e-01 6.353958e-01 6.383628e-01 6.421872e-01 6.468763e-01 6.524389e-01 6.588857e-01 6.662287e-01 6.744820e-01 6.836611e-01 6.937834e-01 7.048681e-01 7.169361e-01 7.300105e-01 7.441158e-01 7.592788e-01 7.755282e-01 7.928948e-01 8.114116e-01 8.311134e-01 8.520377e-01 8.742241e-01 8.977146e-01 9.225537e-01 9.487884e-01 9.764685e-01 1.005646e+00 1.036377e+00 1.068719e+00 1.102733e+00 1.138484e+00 1.176040e+00 1.215471e+00 1.243037e+00
3.132037e+00 3.213538e+00 3.280891e+00 3.345719e+00 3.408068e+00 3.467983e+00 3.525505e+00 3.580675e+00 3.633531e+00 3.684112e+00 3.732451e+00 3.778585e+00 3.822544e+00 3.864360e+00 3.904063e+00 3.941680e+00 3.977238e+00 4.010762e+00 4.042275e+00 4.071800e+00 4.099357e+00 4.124966e+00 4.148645e+00 4.170411e+00 4.190278e+00 4.208261e+00 4.224373e+00 4.238624e+00 4.251026e+00 4.261586e+00 4.270312e+00 4.277210e+00 4.282285e+00 4.285541e+00 4.286980e+00 4.286602e+00 4.284409e+00 4.280397e+00 4.274565e+00 4.266908e+00 4.257420e+00 4.246096e+00 4.232927e+00 4.217904e+00 4.201016e+00 4.182252e+00 4.161597e+00 4.139039e+00 4.114560e+00 4.088143e+00 4.059771e+00 4.029422e+00 3.997077e+00 3.962711e+00 3.926300e+00 3.887820e+00 3.847242e+00 3.804539e+00 3.759680e+00 3.712634e+00 3.663367e+00 3.611845e+00 3.558032e+00 3.501890e+00 3.443379e+00 3.382457e+00 3.319083e+00 3.261782e+00
8.276537e-01 8.123103e-01 7.909525e-01 7.710117e-01 7.524147e-01 7.350933e-01 7.189839e-01 7.040275e-01 6.901692e-01 6.773581e-01 6.655474e-01 6.546936e-01 6.447569e-01 6.357009e-01 6.274924e-01 6.201012e-01 6.135003e-01 6.076654e-01 6.025751e-01 5.982108e-01 5.945564e-01 5.915986e-01 5.893264e-01 5.877316e-01 5.868084e-01 5.865532e-01 5.869652e-01 5.880459e-01 5.897992e-01 5.922317e-01 5.953521e-01 5.991720e-01 6.037054e-01 6.089689e-01 6.149818e-01 6.217661e-01 6.293468e-01 6.377517e-01 6.470115e-01 6.571603e-01 6.682353e-01 6.802771e-01 6.933299e-01 7.074415e-01 7.226638e-01 7.390525e-01 7.566678e-01 7.755743e-01 7.958414e-01 8.175433e-01 8.407598e-01 8.655759e-01 8.920828e-01 9.203775e-01 9.505640e-01 9.827529e-01 1.017062e+00 1.053618e+00 1.092555e+00 1.134014e+00 1.178149e+00 1.225122e+00 1.275103e+00 1.328278e+00 1.384841e+00 1.444999e+00 1.508974e+00 1.574590e+00
2.868364e+00 2.977115e+00 3.101888e+00 3.221868e+00 3.337148e+00 3.447816e+00 3.553955e+00 3.655646e+00 3.752968e+00 3.845994e+00 3.934796e+00 4.019440e+00 4.099992e+00 4.176513e+00 4.249061e+00 4.317691e+00 4.382457e+00 4.443406e+00 4.500587e+00 4.554041e+00 4.603811e+00 4.649934e+00 4.692445e+00 4.731376e+00 4.766758e+00 4.798617e+00 4.826977e+00 4.851860e+00 4.873286e+00 4.891270e+00 4.905826e+00 4.916965e+00 4.924696e+00 4.929025e+00 4.929955e+00 4.927486e+00 4.921617e+00 4.912343e+00 4.899657e+00 4.883550e+00 4.864009e+00 4.841020e+00 4.814564e+00 4.784622e+00 4.751171e+00 4.714185e+00 4.673637e+00 4.629494e+00 4.581724e+00 4.530290e+00 4.475154e+00 4.416272e+00 4.353600e+00 4.287090e+00 4.216692e+00 4.142352e+00 4.064013e+00 3.981615e+00 3.895096e+00 3.804390e+00 3.709427e+00 3.610136e+00 3.506439e+00 3.398260e+00 3.285514e+00 3.168116e+00 3.045977e+00 2.903464e+00
1.114612e+00 1.118097e+00 1.121947e+00 1.125895e+00 1.129955e+00 1.134143e+00 1.138476e+00 1.142968e+00 1.147637e+00 1.152501e+00 1.157578e+00 1.162887e+00 1.168448e+00 1.174282e+00 1.180410e+00 1.186857e+00 1.193646e+00 1.200803e+00 1.208355e+00 1.216330e+00 1.224758e+00 1.233672e+00 1.243103e+00 1.253089e+00 1.263667e+00 1.274876e+00 1.286759e+00 1.299361e+00 1.312728e+00 1.326912e+00 1.341966e+00 1.357945e+00 1.374912e+00 1.392929e+00 1.412064e+00 1.432389e+00 1.453982e+00 1.476923e+00 1.501298e+00 1.527200e+00 1.554725e+00 1.583978e+00 1.615069e+00 1.648115e+00 1.683240e+00 1.720577e+00 1.760266e+00 1.802456e+00 1.847307e+00 1.894988e+00 1.945677e+00 1.999566e+00 2.056858e+00 2.117768e+00 2.182526e+00 2.251376e+00 2.324577e+00 2.402405e+00 2.485152e+00 2.573131e+00 2.666673e+00 2.766129e+00 2.871875e+00 2.984309e+00 3.103853e+00 3.230959e+00 3.366105e+00 3.489466e+00
3.213613e+00 3.189205e+00 3.180769e+00 3.172503e+00 3.164395e+00 3.156434e+00 3.148608e+00 3.140905e+00 3.133316e+00 3.125829e+00 3.118433e+00 3.111117e+00 3.103872e+00 3.096687e+00 3.089551e+00 3.082454e+00 3.075386e+00 3.068337e+00 3.061297e+00 3.054256e+00 3.047203e+00 3.040129e+00 3.033023e+00 3.025876e+00 3.018676e+00 3.011414e+00 3.004079e+00 2.996660e+00 2.989148e+00 2.981531e+00 2.973798e+00 2.965938e+00 2.957940e+00 2.949793e+00 2.941485e+00 2.933003e+00 2.924336e+00 2.915471e+00 2.906396e+00 2.897098e+00 2.887562e+00 2.877777e+00 2.867726e+00 2.857397e+00 2.846774e+00 2.835842e+00 2.824586e+00 2.812988e+00 2.801033e+00 2.788704e+00 2.775982e+00 2.762850e+00 2.749289e+00 2.735278e+00 2.720799e+00 2.705830e+00 2.690350e+00 2.674337e+00 2.657767e+00 2.640618e+00 2.622864e+00 2.604479e+00 2.585438e+00 2.565714e+00 2.545277e+00 2.524099e+00 2.502149e+00 2.473166e+00
1.610100e+00 1.698878e+00 1.814160e+00 1.923832e+00 2.028128e+00 2.127273e+00 2.221480e+00 2.310949e+00 2.395874e+00 2.476436e+00 2.552809e+00 2.625155e+00 2.693631e+00 2.758382e+00 2.819549e+00 2.877261e+00 2.931644e+00 2.982813e+00 3.030878e+00 3.075943e+00 3.118104e+00 3.157451e+00 3.194070e+00 3.228037e+00 3.259427e+00 3.288307e+00 3.314738e+00 3.338778e+00 3.360477e+00 3.379882e+00 3.397036e+00 3.411974e+00 3.424730e+00 3.435329e+00 3.443795e+00 3.450147e+00 3.454397e+00 3.456555e+00 3.456625e+00 3.454608e+00 3.450499e+00 3.444290e+00 3.435967e+00 3.425512e+00 3.412903e+00 3.398113e+00 3.381110e+00 3.361857e+00 3.340314e+00 3.316434e+00 3.290166e+00 3.261453e+00 3.230234e+00 3.196443e+00 3.160006e+00 3.120845e+00 3.078876e+00 3.034010e+00 2.986150e+00 2.935194e+00 2.881032e+00 2.823547e+00 2.762618e+00 2.698112e+00 2.629892e+00 2.557812e+00 2.481716e+00 2.428175e+00
1.464315e+00 1.492193e+00 1.523990e+00 1.554193e+00 1.582870e+00 1.610086e+00 1.635902e+00 1.660377e+00 1.683566e+00 1.705522e+00 1.726293e+00 1.745928e+00 1.764470e+00 1.781962e+00 1.798442e+00 1.813949e+00 1.828517e+00 1.842179e+00 1.854966e+00 1.866907e+00 1.878029e+00 1.888358e+00 1.897915e+00 1.906724e+00 1.914804e+00 1.922173e+00 1.928848e+00 1.934844e+00 1.940174e+00 1.944851e+00 1.948885e+00 1.952286e+00 1.955060e+00 1.957215e+00 1.958755e+00 1.959683e+00 1.960002e+00 1.959713e+00 1.958814e+00 1.957304e+00 1.955179e+00 1.952435e+00 1.949066e+00 1.945063e+00 1.940417e+00 1.935119e+00 1.929156e+00 1.922514e+00 1.915179e+00 1.907135e+00 1.898362e+00 1.888841e+00 1.878551e+00 1.867468e+00 1.855568e+00 1.842822e+00 1.829204e+00 1.814681e+00 1.799221e+00 1.782788e+00 1.765347e+00 1.746857e+00 1.727277e+00 1.706561e+00 1.684665e+00 1.661537e+00 1.637126e+00 1.617119e+00
1.763519e+00 1.762051e+00 1.761046e+00 1.760101e+00 1.759218e+00 1.758393e+00 1.757626e+00 1.756917e+00 1.756263e+00 1.755664e+00 1.755119e+00 1.754627e+00 1.754188e+00 1.753801e+00 1.753466e+00 1.753181e+00 1.752947e+00 1.752763e+00 1.752629e+00 1.752545e+00 1.752510e+00 1.752525e+00 1.752589e+00 1.752704e+00 1.752868e+00 1.753082e+00 1.753346e+00 1.753661e+00 1.754028e+00 1.754446e+00 1.754917e+00 1.755440e+00 1.756018e+00 1.756650e+00 1.757337e+00 1.758081e+00 1.758882e+00 1.759742e+00 1.760662e+00 1.761643e+00 1.762687e+00 1.763795e+00 1.764968e+00 1.766209e+00 1.767519e+00 1.768900e+00 1.770354e+00 1.771883e+00 1.773490e+00 1.775175e+00 1.776943e+00 1.778795e+00 1.780735e+00 1.782764e+00 1.784886e+00 1.787103e+00 1.789420e+00 1.791839e+00 1.794364e+00 1.796998e+00 1.799745e+00 1.802609e+00 1.805594e+00 1.808705e+00 1.811945e+00 1.815320e+00 1.818834e+00 1.822654e+00
1.103534e+00 1.211149e+00 1.386154e+00 1.554653e+00 1.716770e+00 1.872625e+00 2.022332e+00 2.166001e+00 2.303737e+00 2.435642e+00 2.561813e+00 2.682342e+00 2.797317e+00 2.906825e+00 3.010944e+00 3.109751e+00 3.203319e+00 3.291717e+00 3.375009e+00 3.453258e+00 3.526519e+00 3.594847e+00 3.658293e+00 3.716903e+00 3.770719e+00 3.819782e+00 3.864128e+00 3.903789e+00 3.938794e+00 3.969169e+00 3.994936e+00 4.016114e+00 4.032719e+00 4.044763e+00 4.052255e+00 4.055201e+00 4.053601e+00 4.047457e+00 4.036761e+00 4.021508e+00 4.001686e+00 3.977280e+00 3.948272e+00 3.914641e+00 3.876362e+00 3.833407e+00 3.785745e+00 3.733340e+00 3.676154e+00 3.614146e+00 3.547268e+00 3.475474e+00 3.398708e+00 3.316916e+00 3.230037e+00 3.138007e+00 3.040759e+00 2.938221e+00 2.830318e+00 2.716970e+00 2.598095e+00 2.473605e+00 2.343408e+00 2.207409e+00 2.065508e+00 1.917601e+00 1.763579e+00 1.668797e+00
7.266408e-01 7.384225e-01 7.536620e-01 7.682140e-01 7.820942e-01 7.953178e-01 8.078992e-01 8.198519e-01 8.311890e-01 8.419228e-01 8.520649e-01 8.616264e-01 8.706176e-01 8.790483e-01 8.869277e-01 8.942642e-01 9.010660e-01 9.073404e-01 9.130941e-01 9.183335e-01 9.230642e-01 9.272913e-01 9.310195e-01 9.342529e-01 9.369948e-01 9.392483e-01 9.410159e-01 9.422994e-01 9.431003e-01 9.434194e-01 9.432571e-01 9.426132e-01 9.414870e-01 9.398772e-01 9.377822e-01 9.351996e-01 9.321266e-01 9.285600e-01 9.244958e-01 9.199296e-01 9.148565e-01 9.092709e-01 9.031668e-01 8.965376e-01 8.893760e-01 8.816743e-01 8.734241e-01 8.646165e-01 8.552418e-01 8.452900e-01 8.347501e-01 8.236108e-01 8.118600e-01 7.994848e-01 7.864719e-01 7.728071e-01 7.584756e-01 7.434618e-01 7.277494e-01 7.113213e-01 6.941598e-01 6.762460e-01 6.575607e-01 6.380836e-01 6.177933e-01 5.966680e-01 5.746847e-01 5.507609e-01
4.237578e+00 4.266531e+00 4.290712e+00 4.314341e+00 4.337433e+00 4.360006e+00 4.382074e+00 4.403652e+00 4.424757e+00 4.445402e+00 4.465601e+00 4.485369e+00 4.504719e+00 4.523665e+00 4.542220e+00 4.560396e+00 4.578207e+00 4.595664e+00 4.612779e+00 4.629565e+00 4.646033e+00 4.662194e+00 4.678060e+00 4.693642e+00 4.708950e+00 4.723995e+00 4.738787e+00 4.753337e+00 4.767655e+00 4.781750e+00 4.795633e+00 4.809312e+00 4.822798e+00 4.836100e+00 4.849226e+00 4.862187e+00 4.874991e+00 4.887646e+00 4.900162e+00 4.912548e+00 4.924811e+00 4.936961e+00 4.949005e+00 4.960952e+00 4.972811e+00 4.984589e+00 4.996295e+00 5.007937e+00 5.019523e+00 5.031060e+00 5.042558e+00 5.054023e+00 5.065464e+00 5.076888e+00 5.088304e+00 5.099720e+00 5.111143e+00 5.122581e+00 5.134042e+00 5.145535e+00 5.157066e+00 5.168645e+00 5.180278e+00 5.191975e+00 5.203743e+00 5.215590e+00 5.227525e+00 5.242995e+00
2.620207e+00 2.691647e+00 2.755067e+00 2.816550e+00 2.876132e+00 2.933850e+00 2.989738e+00 3.043829e+00 3.096155e+00 3.146747e+00 3.195636e+00 3.242850e+00 3.288418e+00 3.332367e+00 3.374723e+00 3.415511e+00 3.454756e+00 3.492480e+00 3.528707e+00 3.563457e+00 3.596752e+00 3.628612e+00 3.659055e+00 3.688099e+00 3.715762e+00 3.742061e+00 3.767010e+00 3.790625e+00 3.812920e+00 3.833908e+00 3.853601e+00 3.872012e+00 3.889151e+00 3.905028e+00 3.919654e+00 3.933036e+00 3.945182e+00 3.956101e+00 3.965798e+00 3.974278e+00 3.981548e+00 3.987612e+00 3.992472e+00 3.996133e+00 3.998596e+00 3.999862e+00 3.999933e+00 3.998808e+00 3.996487e+00 3.992968e+00 3.988249e+00 3.982328e+00 3.975201e+00 3.966864e+00 3.957311e+00 3.946538e+00 3.934537e+00 3.921301e+00 3.906823e+00 3.891094e+00 3.874105e+00 3.855845e+00 3.836304e+00 3.815470e+00 3.793331e+00 3.769872e+00 3.745082e+00 3.717194e+00
1.414677e+00 1.416110e+00 1.417900e+00 1.419571e+00 1.421126e+00 1.422569e+00 1.423904e+00 1.425135e+00 1.426263e+00 1.427292e+00 1.428225e+00 1.429063e+00 1.429808e+00 1.430464e+00 1.431030e+00 1.431509e+00 1.431901e+00 1.432208e+00 1.432430e+00 1.432568e+00 1.432622e+00 1.432592e+00 1.432479e+00 1.432281e+00 1.432000e+00 1.431632e+00 1.431179e+00 1.430639e+00 1.430010e+00 1.429290e+00 1.428480e+00 1.427575e+00 1.426574e+00 1.425475e+00 1.424275e+00 1.422971e+00 1.421560e+00 1.420038e+00 1.418401e+00 1.416647e+00 1.414770e+00 1.412766e+00 1.410629e+00 1.408356e+00 1.405940e+00 1.403375e+00 1.400655e+00 1.397774e+00 1.394724e+00 1.391499e+00 1.388090e+00 1.384489e+00 1.380686e+00 1.376674e+00 1.372442e+00 1.367980e+00 1.363278e+00 1.358322e+00 1.353102e+00 1.347606e+00 1.341818e+00 1.335726e+00 1.329315e+00 1.322568e+00 1.315470e+00 1.308004e+00 1.300150e+00 1.293096e+00
1.743049e+00 1.734368e+00 1.721567e+00 1.710446e+00 1.700985e+00 1.693162e+00 1.686963e+00 1.682375e+00 1.679388e+00 1.677997e+00 1.678198e+00 1.679992e+00 1.683384e+00 1.688378e+00 1.694987e+00 1.703223e+00 1.713102e+00 1.724645e+00 1.737876e+00 1.752820e+00 1.769509e+00 1.787976e+00 1.808258e+00 1.830397e+00 1.854438e+00 1.880428e+00 1.908422e+00 1.938475e+00 1.970648e+00 2.005007e+00 2.041621e+00 2.080565e+00 2.121917e+00 2.165762e+00 2.212187e+00 2.261287e+00 2.313162e+00 2.367916e+00 2.425661e+00 2.486513e+00 2.550597e+00 2.618041e+00 2.688982e+00 2.763565e+00 2.841939e+00 2.924265e+00 3.010709e+00 3.101445e+00 3.196658e+00 3.296541e+00 3.401296e+00 3.511135e+00 3.626282e+00 3.746968e+00 3.873439e+00 4.005951e+00 4.144773e+00 4.290185e+00 4.442483e+00 4.601975e+00 4.768983e+00 4.943848e+00 5.126921e+00 5.318576e+00 5.519200e+00 5.729199e+00 5.948999e+00 6.121430e+00
1.957015e+00 1.948418e+00 1.940515e+00 1.932895e+00 1.925551e+00 1.918476e+00 1.911662e+00 1.905105e+00 1.898796e+00 1.892730e+00 1.886902e+00 1.881305e+00 1.875934e+00 1.870785e+00 1.865851e+00 1.861128e+00 1.856612e+00 1.852299e+00 1.848183e+00 1.844262e+00 1.840531e+00 1.836987e+00 1.833627e+00 1.830446e+00 1.827443e+00 1.824614e+00 1.821956e+00 1.819467e+00 1.817145e+00 1.814987e+00 1.812991e+00 1.811155e+00 1.809478e+00 1.807958e+00 1.806593e+00 1.805382e+00 1.804324e+00 1.803418e+00 1.802663e+00 1.802058e+00 1.801603e+00 1.801297e+00 1.801140e+00 1.801132e+00 1.801273e+00 1.801562e+00 1.802001e+00 1.802590e+00 1.803328e+00 1.804218e+00 1.805259e+00 1.806454e+00 1.807802e+00 1.809305e+00 1.810965e+00 1.812784e+00 1.814762e+00 1.816902e+00 1.819207e+00 1.821677e+00 1.824317e+00 1.827127e+00 1.830111e+00 1.833272e+00 1.836613e+00 1.840137e+00 1.843847e+00 1.847786e+00
1.715678e+00 1.723215e+00 1.731242e+00 1.738761e+00 1.745783e+00 1.752320e+00 1.758380e+00 1.763974e+00 1.769110e+00 1.773795e+00 1.778037e+00 1.781841e+00 1.785214e+00 1.788161e+00 1.790685e+00 1.792792e+00 1.794484e+00 1.795763e+00 1.796632e+00 1.797092e+00 1.797144e+00 1.796787e+00 1.796021e+00 1.794846e+00 1.793258e+00 1.791256e+00 1.788837e+00 1.785998e+00 1.782733e+00 1.779038e+00 1.774907e+00 1.770335e+00 1.765313e+00 1.759836e+00 1.753894e+00 1.747478e+00 1.740579e+00 1.733187e+00 1.725289e+00 1.716876e+00 1.707932e+00 1.698447e+00 1.688404e+00 1.677788e+00 1.666585e+00 1.654776e+00 1.642345e+00 1.629271e+00 1.615537e+00 1.601120e+00 1.586000e+00 1.570153e+00 1.553555e+00 1.536183e+00 1.518008e+00 1.499004e+00 1.479143e+00 1.458394e+00 1.436726e+00 1.414107e+00 1.390502e+00 1.365875e+00 1.340191e+00 1.313409e+00 1.285490e+00 1.256391e+00 1.226069e+00 1.165410e+00
1.937944e+00 1.947693e+00 1.954592e+00 1.961069e+00 1.967126e+00 1.972764e+00 1.977986e+00 1.982793e+00 1.987188e+00 1.991172e+00 1.994746e+00 1.997912e+00 2.000671e+00 2.003024e+00 2.004972e+00 2.006515e+00 2.007654e+00 2.008390e+00 2.008723e+00 2.008652e+00 2.008178e+00 2.007301e+00 2.006021e+00 2.004336e+00 2.002246e+00 1.999751e+00 1.996850e+00 1.993541e+00 1.989823e+00 1.985695e+00 1.981156e+00 1.976204e+00 1.970837e+00 1.965052e+00 1.958849e+00 1.952224e+00 1.945175e+00 1.937700e+00 1.929796e+00 1.921460e+00 1.912690e+00 1.903480e+00 1.893830e+00 1.883734e+00 1.873189e+00 1.862192e+00 1.850738e+00 1.838823e+00 1.826443e+00 1.813593e+00 1.800269e+00 1.786466e+00 1.772178e+00 1.757401e+00 1.742128e+00 1.726355e+00 1.710076e+00 1.693285e+00 1.675975e+00 1.658141e+00 1.639775e+00 1.620872e+00 1.601423e+00 1.581423e+00 1.560863e+00 1.539737e+00 1.518036e+00 1.494220e+00
1.797874e+00 1.818040e+00 1.834375e+00 1.850357e+00 1.865989e+00 1.881274e+00 1.896217e+00 1.910821e+00 1.925089e+00 1.939025e+00 1.952633e+00 1.965915e+00 1.978875e+00 1.991516e+00 2.003841e+00 2.015854e+00 2.027556e+00 2.038951e+00 2.050042e+00 2.060831e+00 2.071321e+00 2.081514e+00 2.091413e+00 2.101021e+00 2.110339e+00 2.119370e+00 2.128116e+00 2.136579e+00 2.144761e+00 2.152665e+00 2.160292e+00 2.167643e+00 2.174722e+00 2.181529e+00 2.188066e+00 2.194335e+00 2.200337e+00 2.206074e+00 2.211547e+00 2.216757e+00 2.221706e+00 2.226395e+00 2.230825e+00 2.234996e+00 2.238911e+00 2.242570e+00 2.245974e+00 2.249124e+00 2.252020e+00 2.254663e+00 2.257055e+00 2.259194e+00 2.261083e+00 2.262721e+00 2.264109e+00 2.265247e+00 2.266135e+00 2.266774e+00 2.267164e+00 2.267304e+00 2.267196e+00 2.266839e+00 2.266232e+00 2.265376e+00 2.264270e+00 2.262915e+00 2.261309e+00 2.257851e+00
1.534857e+00 1.505621e+00 1.472996e+00 1.442252e+00 1.413291e+00 1.386024e+00 1.360364e+00 1.336230e+00 1.313547e+00 1.292243e+00 1.272251e+00 1.253508e+00 1.235956e+00 1.219538e+00 1.204204e+00 1.189905e+00 1.176596e+00 1.164236e+00 1.152784e+00 1.142206e+00 1.132468e+00 1.123540e+00 1.115392e+00 1.108001e+00 1.101342e+00 1.095394e+00 1.090139e+00 1.085560e+00 1.081643e+00 1.078376e+00 1.075748e+00 1.073750e+00 1.072378e+00 1.071625e+00 1.071491e+00 1.071974e+00 1.073076e+00 1.074801e+00 1.077154e+00 1.080142e+00 1.083775e+00 1.088064e+00 1.093023e+00 1.098667e+00 1.105014e+00 1.112084e+00 1.119900e+00 1.128485e+00 1.137867e+00 1.148076e+00 1.159143e+00 1.171103e+00 1.183994e+00 1.197857e+00 1.212735e+00 1.228675e+00 1.245727e+00 1.263945e+00 1.283385e+00 1.304110e+00 1.326185e+00 1.349678e+00 1.374664e+00 1.401222e+00 1.429435e+00 1.459391e+00 1.491185e+00 1.518569e+00
2.097536e+00 2.156678e+00 2.212115e+00 2.265009e+00 2.315420e+00 2.363407e+00 2.409027e+00 2.452332e+00 2.493372e+00 2.532196e+00 2.568848e+00 2.603371e+00 2.635805e+00 2.666187e+00 2.694554e+00 2.720938e+00 2.745370e+00 2.767878e+00 2.788488e+00 2.807224e+00 2.824109e+00 2.839161e+00 2.852398e+00 2.863836e+00 2.873488e+00 2.881365e+00 2.887476e+00 2.891829e+00 2.894428e+00 2.895276e+00 2.894375e+00 2.891723e+00 2.887317e+00 2.881153e+00 2.873222e+00 2.863517e+00 2.852025e+00 2.838733e+00 2.823625e+00 2.806685e+00 2.787892e+00 2.767225e+00 2.744660e+00 2.720169e+00 2.693726e+00 2.665299e+00 2.634855e+00 2.602358e+00 2.567771e+00 2.531054e+00 2.492165e+00 2.451056e+00 2.407682e+00 2.361992e+00 2.313932e+00 2.263446e+00 2.210477e+00 2.154962e+00 2.096837e+00 2.036034e+00 1.972482e+00 1.906108e+00 1.836835e+00 1.764582e+00 1.689264e+00 1.610796e+00 1.529084e+00 1.474212e+00
9.722727e-01 1.009068e+00 1.056823e+00 1.101957e+00 1.144602e+00 1.184885e+00 1.222923e+00 1.258830e+00 1.292709e+00 1.324663e+00 1.354783e+00 1.383160e+00 1.409876e+00 1.435011e+00 1.458638e+00 1.480827e+00 1.501642e+00 1.521147e+00 1.539397e+00 1.556447e+00 1.572347e+00 1.587143e+00 1.600880e+00 1.613597e+00 1.625333e+00 1.636121e+00 1.645993e+00 1.654979e+00 1.663105e+00 1.670395e+00 1.676870e+00 1.682550e+00 1.687450e+00 1.691587e+00 1.694971e+00 1.697612e+00 1.699519e+00 1.700698e+00 1.701150e+00 1.700879e+00 1.699883e+00 1.698158e+00 1.695701e+00 1.692504e+00 1.688557e+00 1.683849e+00 1.678366e+00 1.672092e+00 1.665008e+00 1.657094e+00 1.648325e+00 1.638678e+00 1.628122e+00 1.616627e+00 1.604158e+00 1.590681e+00 1.576154e+00 1.560534e+00 1.543777e+00 1.525832e+00 1.506647e+00 1.486165e+00 1.464326e+00 1.441065e+00 1.416315e+00 1.390002e+00 1.362049e+00 1.337982e+00
3.151337e+00 3.113495e+00 3.054443e+00 2.997364e+00 2.942205e+00 2.888915e+00 2.837445e+00 2.787747e+00 2.739775e+00 2.693485e+00 2.648833e+00 2.605778e+00 2.564281e+00 2.524302e+00 2.485804e+00 2.448753e+00 2.413113e+00 2.378852e+00 2.345937e+00 2.314339e+00 2.284027e+00 2.254975e+00 2.227154e+00 2.200539e+00 2.175106e+00 2.150830e+00 2.127690e+00 2.105663e+00 2.084730e+00 2.064870e+00 2.046067e+00 2.028301e+00 2.011557e+00 1.995819e+00 1.981073e+00 1.967304e+00 1.954501e+00 1.942651e+00 1.931743e+00 1.921767e+00 1.912714e+00 1.904575e+00 1.897343e+00 1.891011e+00 1.885574e+00 1.881026e+00 1.877363e+00 1.874581e+00 1.872679e+00 1.871654e+00 1.871505e+00 1.872233e+00 1.873837e+00 1.876320e+00 1.879684e+00 1.883931e+00 1.889066e+00 1.895094e+00 1.902019e+00 1.909849e+00 1.918591e+00 1.928253e+00 1.938844e+00 1.950373e+00 1.962852e+00 1.976291e+00 1.990704e+00 2.002143e+00
1.910568e+00 1.874642e+00 1.843799e+00 1.814155e+00 1.785676e+00 1.758331e+00 1.732089e+00 1.706920e+00 1.682796e+00 1.659690e+00 1.637576e+00 1.616429e+00 1.596225e+00 1.576942e+00 1.558558e+00 1.541051e+00 1.524404e+00 1.508596e+00 1.493610e+00 1.479430e+00 1.466038e+00 1.453421e+00 1.441564e+00 1.430454e+00 1.420078e+00 1.410424e+00 1.401482e+00 1.393242e+00 1.385694e+00 1.378831e+00 1.372643e+00 1.367124e+00 1.362269e+00 1.358071e+00 1.354526e+00 1.351630e+00 1.349379e+00 1.347772e+00 1.346806e+00 1.346480e+00 1.346794e+00 1.347748e+00 1.349343e+00 1.351581e+00 1.354465e+00 1.357998e+00 1.362183e+00 1.367026e+00 1.372532e+00 1.378707e+00 1.385558e+00 1.393093e+00 1.401320e+00 1.410248e+00 1.419888e+00 1.430250e+00 1.441347e+00 1.453189e+00 1.465792e+00 1.479168e+00 1.493334e+00 1.508304e+00 1.524096e+00 1.540728e+00 1.558218e+00 1.576585e+00 1.595851e+00 1.615843e+00
2.780204e+00 2.704976e+00 2.674423e+00 2.645016e+00 2.616705e+00 2.589441e+00 2.563177e+00 2.537868e+00 2.513471e+00 2.489945e+00 2.467249e+00 2.445344e+00 2.424192e+00 2.403758e+00 2.384006e+00 2.364902e+00 2.346415e+00 2.328512e+00 2.311162e+00 2.294336e+00 2.278005e+00 2.262141e+00 2.246717e+00 2.231706e+00 2.217083e+00 2.202823e+00 2.188902e+00 2.175294e+00 2.161978e+00 2.148930e+00 2.136128e+00 2.123550e+00 2.111175e+00 2.098981e+00 2.086948e+00 2.075054e+00 2.063280e+00 2.051605e+00 2.040010e+00 2.028474e+00 2.016978e+00 2.005502e+00 1.994026e+00 1.982531e+00 1.970997e+00 1.959404e+00 1.947733e+00 1.935964e+00 1.924075e+00 1.912048e+00 1.899861e+00 1.887493e+00 1.874924e+00 1.862131e+00 1.849094e+00 1.835789e+00 1.822193e+00 1.808285e+00 1.794039e+00 1.779431e+00 1.764436e+00 1.749029e+00 1.733183e+00 1.716872e+00 1.700066e+00 1.682738e+00 1.664857e+00 1.631517e+00
2.294225e+00 2.269192e+00 2.259508e+00 2.250290e+00 2.241531e+00 2.233220e+00 2.225351e+00 2.217914e+00 2.210902e+00 2.204309e+00 2.198128e+00 2.192352e+00 2.186976e+00 2.181995e+00 2.177403e+00 2.173195e+00 2.169369e+00 2.165919e+00 2.162842e+00 2.160136e+00 2.157797e+00 2.155823e+00 2.154212e+00 2.152964e+00 2.152075e+00 2.151546e+00 2.151376e+00 2.151564e+00 2.152112e+00 2.153019e+00 2.154286e+00 2.155915e+00 2.157907e+00 2.160265e+00 2.162990e+00 2.166086e+00 2.169555e+00 2.173401e+00 2.177628e+00 2.182240e+00 2.187241e+00 2.192638e+00 2.198434e+00 2.204636e+00 2.211251e+00 2.218284e+00 2.225742e+00 2.233634e+00 2.241968e+00 2.250750e+00 2.259991e+00 2.269700e+00 2.279885e+00 2.290559e+00 2.301730e+00 2.313411e+00 2.325613e+00 2.338348e+00 2.351629e+00 2.365469e+00 2.379883e+00 2.394884e+00 2.410488e+00 2.426710e+00 2.443566e+00 2.461075e+00 2.479252e+00 2.508359e+00
1.587792e+00 1.626140e+00 1.666921e+00 1.706612e+00 1.745236e+00 1.782816e+00 1.819374e+00 1.854931e+00 1.889507e+00 1.923124e+00 1.955799e+00 1.987554e+00 2.018405e+00 2.048371e+00 2.077470e+00 2.105718e+00 2.133132e+00 2.159728e+00 2.185521e+00 2.210526e+00 2.234758e+00 2.258232e+00 2.280960e+00 2.302955e+00 2.324232e+00 2.344802e+00 2.364677e+00 2.383869e+00 2.402389e+00 2.420247e+00 2.437455e+00 2.454021e+00 2.469957e+00 2.485270e+00 2.499971e+00 2.514067e+00 2.527567e+00 2.540478e+00 2.552809e+00 2.564566e+00 2.575756e+00 2.586386e+00 2.596462e+00 2.605990e+00 2.614975e+00 2.623422e+00 2.631337e+00 2.638725e+00 2.645588e+00 2.651932e+00 2.657761e+00 2.663076e+00 2.667883e+00 2.672182e+00 2.675978e+00 2.679272e+00 2.682066e+00 2.684361e+00 2.686159e+00 2.687462e+00 2.688269e+00 2.688582e+00 2.688400e+00 2.687724e+00 2.686552e+00 2.684885e+00 2.682721e+00 2.679802e+00
7.795682e-01 7.868885e-01 7.937160e-01 8.001808e-01 8.062965e-01 8.120761e-01 8.175319e-01 8.226755e-01 8.275177e-01 8.320689e-01 8.363387e-01 8.403361e-01 8.440697e-01 8.475472e-01 8.507763e-01 8.537635e-01 8.565154e-01 8.590378e-01 8.613359e-01 8.634147e-01 8.652786e-01 8.669315e-01 8.683769e-01 8.696180e-01 8.706573e-01 8.714970e-01 8.721389e-01 8.725845e-01 8.728345e-01 8.728896e-01 8.727499e-01 8.724151e-01 8.718845e-01 8.711568e-01 8.702307e-01 8.691042e-01 8.677747e-01 8.662396e-01 8.644956e-01 8.625389e-01 8.603655e-01 8.579707e-01 8.553494e-01 8.524960e-01 8.494046e-01 8.460686e-01 8.424808e-01 8.386337e-01 8.345191e-01 8.301284e-01 8.254520e-01 8.204803e-01 8.152026e-01 8.096076e-01 8.036836e-01 7.974180e-01 7.907975e-01 7.838081e-01 7.764349e-01 7.686622e-01 7.604737e-01 7.518519e-01 7.427785e-01 7.332343e-01 7.231991e-01 7.126516e-01 7.015693e-01 6.874131e-01
1.447157e+00 1.419476e+00 1.383812e+00 1.350415e+00 1.319146e+00 1.289875e+00 1.262480e+00 1.236848e+00 1.212873e+00 1.190455e+00 1.169501e+00 1.149924e+00 1.131643e+00 1.114581e+00 1.098669e+00 1.083839e+00 1.070031e+00 1.057188e+00 1.045255e+00 1.034183e+00 1.023927e+00 1.014444e+00 1.005694e+00 9.976410e-01 9.902519e-01 9.834959e-01 9.773449e-01 9.717734e-01 9.667583e-01 9.622787e-01 9.583160e-01 9.548538e-01 9.518778e-01 9.493756e-01 9.473367e-01 9.457528e-01 9.446173e-01 9.439254e-01 9.436743e-01 9.438629e-01 9.444920e-01 9.455643e-01 9.470841e-01 9.490578e-01 9.514936e-01 9.544016e-01 9.577939e-01 9.616845e-01 9.660895e-01 9.710274e-01 9.765185e-01 9.825856e-01 9.892540e-01 9.965513e-01 1.004508e+00 1.013156e+00 1.022533e+00 1.032677e+00 1.043630e+00 1.055438e+00 1.068149e+00 1.081816e+00 1.096497e+00 1.112252e+00 1.129146e+00 1.147249e+00 1.166637e+00 1.189134e+00
1.829675e+00 1.806154e+00 1.767093e+00 1.730150e+00 1.695226e+00 1.662227e+00 1.631064e+00 1.601653e+00 1.573914e+00 1.547774e+00 1.523162e+00 1.500012e+00 1.478261e+00 1.457850e+00 1.438726e+00 1.420835e+00 1.404131e+00 1.388568e+00 1.374105e+00 1.360701e+00 1.348322e+00 1.336934e+00 1.326506e+00 1.317011e+00 1.308422e+00 1.300717e+00 1.293874e+00 1.287876e+00 1.282706e+00 1.278350e+00 1.274797e+00 1.272037e+00 1.270063e+00 1.268869e+00 1.268451e+00 1.268810e+00 1.269946e+00 1.271862e+00 1.274563e+00 1.278056e+00 1.282351e+00 1.287459e+00 1.293395e+00 1.300173e+00 1.307813e+00 1.316335e+00 1.325761e+00 1.336118e+00 1.347433e+00 1.359737e+00 1.373062e+00 1.387445e+00 1.402924e+00 1.419541e+00 1.437340e+00 1.456371e+00 1.476683e+00 1.498331e+00 1.521374e+00 1.545875e+00 1.571897e+00 1.599513e+00 1.628796e+00 1.659825e+00 1.692683e+00 1.727459e+00 1.764247e+00 1.788530e+00
4.477360e+00 4.475600e+00 4.473194e+00 4.470627e+00 4.467896e+00 4.464997e+00 4.461927e+00 4.458681e+00 4.455257e+00 4.451648e+00 4.447852e+00 4.443862e+00 4.439675e+00 4.435284e+00 4.430684e+00 4.425870e+00 4.420835e+00 4.415573e+00 4.410077e+00 4.404340e+00 4.398355e+00 4.392115e+00 4.385612e+00 4.378837e+00 4.371782e+00 4.364438e+00 4.356795e+00 4.348845e+00 4.340577e+00 4.331980e+00 4.323044e+00 4.313757e+00 4.304109e+00 4.294085e+00 4.283675e+00 4.272864e+00 4.261640e+00 4.249987e+00 4.237892e+00 4.225338e+00 4.212311e+00 4.198793e+00 4.184768e+00 4.170218e+00 4.155124e+00 4.139468e+00 4.123229e+00 4.106388e+00 4.088922e+00 4.070810e+00 4.052030e+00 4.032557e+00 4.012366e+00 3.991433e+00 3.969730e+00 3.947231e+00 3.923907e+00 3.899729e+00 3.874665e+00 3.848685e+00 3.821755e+00 3.793843e+00 3.764911e+00 3.734924e+00 3.703845e+00 3.671633e+00 3.638248e+00 3.603812e+00
2.503408e+00 2.553393e+00 2.596044e+00 2.637082e+00 2.676515e+00 2.714353e+00 2.750603e+00 2.785272e+00 2.818368e+00 2.849898e+00 2.879869e+00 2.908286e+00 2.935156e+00 2.960485e+00 2.984278e+00 3.006539e+00 3.027274e+00 3.046487e+00 3.064182e+00 3.080362e+00 3.095031e+00 3.108193e+00 3.119850e+00 3.130004e+00 3.138657e+00 3.145812e+00 3.151470e+00 3.155631e+00 3.158298e+00 3.159470e+00 3.159148e+00 3.157331e+00 3.154020e+00 3.149214e+00 3.142911e+00 3.135110e+00 3.125809e+00 3.115008e+00 3.102703e+00 3.088891e+00 3.073570e+00 3.056737e+00 3.038389e+00 3.018520e+00 2.997127e+00 2.974206e+00 2.949752e+00 2.923759e+00 2.896222e+00 2.867136e+00 2.836494e+00 2.804289e+00 2.770516e+00 2.735166e+00 2.698233e+00 2.659708e+00 2.619584e+00 2.577851e+00 2.534502e+00 2.489527e+00 2.442917e+00 2.394662e+00 2.344751e+00 2.293175e+00 2.239922e+00 2.184980e+00 2.128340e+00 2.052556e+00
7.993764e-01 8.026040e-01 8.051581e-01 8.079998e-01 8.111321e-01 8.145581e-01 8.182811e-01 8.223050e-01 8.266338e-01 8.312717e-01 8.362235e-01 8.414941e-01 8.470887e-01 8.530131e-01 8.592731e-01 8.658749e-01 8.728253e-01 8.801312e-01 8.877998e-01 8.958389e-01 9.042566e-01 9.130612e-01 9.222616e-01 9.318670e-01 9.418870e-01 9.523316e-01 9.632114e-01 9.745373e-01 9.863204e-01 9.985728e-01 1.011307e+00 1.024535e+00 1.038270e+00 1.052527e+00 1.067319e+00 1.082661e+00 1.098570e+00 1.115059e+00 1.132147e+00 1.149851e+00 1.168187e+00 1.187175e+00 1.206833e+00 1.227181e+00 1.248239e+00 1.270029e+00 1.292573e+00 1.315893e+00 1.340011e+00 1.364954e+00 1.390745e+00 1.417410e+00 1.444976e+00 1.473471e+00 1.502923e+00 1.533362e+00 1.564818e+00 1.597323e+00 1.630909e+00 1.665610e+00 1.701461e+00 1.738497e+00 1.776756e+00 1.816277e+00 1.857097e+00 1.899260e+00 1.942806e+00 2.000259e+00
1.662993e+00 1.608265e+00 1.560331e+00 1.515359e+00 1.473178e+00 1.433629e+00 1.396562e+00 1.361837e+00 1.329322e+00 1.298893e+00 1.270437e+00 1.243844e+00 1.219015e+00 1.195854e+00 1.174276e+00 1.154197e+00 1.135541e+00 1.118239e+00 1.102224e+00 1.087436e+00 1.073819e+00 1.061321e+00 1.049895e+00 1.039498e+00 1.030090e+00 1.021635e+00 1.014102e+00 1.007463e+00 1.001691e+00 9.967653e-01 9.926671e-01 9.893808e-01 9.868939e-01 9.851971e-01 9.842839e-01 9.841508e-01 9.847974e-01 9.862261e-01 9.884424e-01 9.914545e-01 9.952740e-01 9.999152e-01 1.005396e+00 1.011737e+00 1.018961e+00 1.027098e+00 1.036176e+00 1.046232e+00 1.057302e+00 1.069429e+00 1.082658e+00 1.097040e+00 1.112630e+00 1.129485e+00 1.147671e+00 1.167256e+00 1.188314e+00 1.210924e+00 1.235174e+00 1.261153e+00 1.288962e+00 1.318704e+00 1.350494e+00 1.384450e+00 1.420702e+00 1.459387e+00 1.500652e+00 1.529819e+00
1.738925e+00 1.747819e+00 1.756994e+00 1.765575e+00 1.773576e+00 1.781010e+00 1.787888e+00 1.794221e+00 1.800020e+00 1.805293e+00 1.810049e+00 1.814295e+00 1.818039e+00 1.821286e+00 1.824041e+00 1.826309e+00 1.828093e+00 1.829396e+00 1.830221e+00 1.830568e+00 1.830438e+00 1.829831e+00 1.828745e+00 1.827180e+00 1.825133e+00 1.822600e+00 1.819577e+00 1.816060e+00 1.812043e+00 1.807519e+00 1.802482e+00 1.796924e+00 1.790835e+00 1.784206e+00 1.777026e+00 1.769285e+00 1.760969e+00 1.752066e+00 1.742561e+00 1.732440e+00 1.721686e+00 1.710282e+00 1.698210e+00 1.685451e+00 1.671985e+00 1.657790e+00 1.642844e+00 1.627122e+00 1.610601e+00 1.593254e+00 1.575053e+00 1.555970e+00 1.535973e+00 1.515032e+00 1.493114e+00 1.470182e+00 1.446202e+00 1.421134e+00 1.394939e+00 1.367576e+00 1.339001e+00 1.309169e+00 1.278032e+00 1.245541e+00 1.211644e+00 1.176288e+00 1.139416e+00 1.100961e+00
1.554727e+00 1.463480e+00 1.414639e+00 1.367958e+00 1.323353e+00 1.280744e+00 1.240055e+00 1.201212e+00 1.164145e+00 1.128790e+00 1.095081e+00 1.062959e+00 1.032365e+00 1.003246e+00 9.755486e-01 9.492234e-01 9.242232e-01 9.005032e-01 8.780208e-01 8.567356e-01 8.366096e-01 8.176066e-01 7.996926e-01 7.828355e-01 7.670049e-01 7.521726e-01 7.383118e-01 7.253979e-01 7.134075e-01 7.023193e-01 6.921133e-01 6.827712e-01 6.742762e-01 6.666132e-01 6.597684e-01 6.537295e-01 6.484857e-01 6.440276e-01 6.403471e-01 6.374378e-01 6.352943e-01 6.339129e-01 6.332910e-01 6.334275e-01 6.343227e-01 6.359782e-01 6.383970e-01 6.415833e-01 6.455430e-01 6.502831e-01 6.558120e-01 6.621398e-01 6.692778e-01 6.772387e-01 6.860369e-01 6.956881e-01 7.062096e-01 7.176204e-01 7.299408e-01 7.431929e-01 7.574006e-01 7.725892e-01 7.887861e-01 8.060203e-01 8.243226e-01 8.437260e-01 8.642651e-01 8.957287e-01
2.151576e+00 2.201077e+00 2.253776e+00 2.304777e+00 2.354094e+00 2.401736e+00 2.447714e+00 2.492040e+00 2.534722e+00 2.575771e+00 2.615195e+00 2.653004e+00 2.689206e+00 2.723809e+00 2.756821e+00 2.788250e+00 2.818101e+00 2.846384e+00 2.873102e+00 2.898264e+00 2.921873e+00 2.943937e+00 2.964458e+00 2.983443e+00 3.000895e+00 3.016819e+00 3.031218e+00 3.044094e+00 3.055452e+00 3.065294e+00 3.073621e+00 3.080436e+00 3.085741e+00 3.089536e+00 3.091822e+00 3.092600e+00 3.091870e+00 3.089632e+00 3.085885e+00 3.080629e+00 3.073862e+00 3.065582e+00 3.055789e+00 3.044479e+00 3.031651e+00 3.017301e+00 3.001426e+00 2.984022e+00 2.965086e+00 2.944613e+00 2.922599e+00 2.899039e+00 2.873927e+00 2.847258e+00 2.819026e+00 2.789224e+00 2.757846e+00 2.724884e+00 2.690332e+00 2.654181e+00 2.616424e+00 2.577051e+00 2.536054e+00 2.493424e+00 2.449151e+00 2.403225e+00 2.355636e+00 2.308694e+00
2.742388e+00 2.827154e+00 2.935013e+00 3.039508e+00 3.140718e+00 3.238718e+00 3.333582e+00 3.425381e+00 3.514184e+00 3.600058e+00 3.683066e+00 3.763272e+00 3.840735e+00 3.915514e+00 3.987664e+00 4.057240e+00 4.124293e+00 4.188875e+00 4.251034e+00 4.310815e+00 4.368265e+00 4.423426e+00 4.476339e+00 4.527045e+00 4.575581e+00 4.621983e+00 4.666287e+00 4.708526e+00 4.748731e+00 4.786932e+00 4.823159e+00 4.857438e+00 4.889795e+00 4.920255e+00 4.948839e+00 4.975570e+00 5.000468e+00 5.023551e+00 5.044837e+00 5.064341e+00 5.082079e+00 5.098063e+00 5.112306e+00 5.124818e+00 5.135608e+00 5.144685e+00 5.152056e+00 5.157726e+00 5.161699e+00 5.163978e+00 5.164565e+00 5.163461e+00 5.160664e+00 5.156172e+00 5.149983e+00 5.142092e+00 5.132491e+00 5.121176e+00 5.108136e+00 5.093362e+00 5.076843e+00 5.058567e+00 5.038519e+00 5.016686e+00 4.993050e+00 4.967593e+00 4.940298e+00 4.893109e+00
4.928427e-01 5.131413e-01 5.406687e-01 5.669620e-01 5.920795e-01 6.160770e-01 6.390081e-01 6.609235e-01 6.818721e-01 7.019004e-01 7.210529e-01 7.393723e-01 7.568992e-01 7.736726e-01 7.897298e-01 8.051066e-01 8.198370e-01 8.339538e-01 8.474885e-01 8.604711e-01 8.729304e-01 8.848942e-01 8.963891e-01 9.074406e-01 9.180733e-01 9.283109e-01 9.381760e-01 9.476907e-01 9.568760e-01 9.657524e-01 9.743397e-01 9.826569e-01 9.907225e-01 9.985544e-01 1.006170e+00 1.013586e+00 1.020820e+00 1.027887e+00 1.034803e+00 1.041583e+00 1.048242e+00 1.054796e+00 1.061259e+00 1.067644e+00 1.073967e+00 1.080242e+00 1.086482e+00 1.092701e+00 1.098913e+00 1.105132e+00 1.111371e+00 1.117646e+00 1.123969e+00 1.130354e+00 1.136816e+00 1.143369e+00 1.150028e+00 1.156808e+00 1.163723e+00 1.170789e+00 1.178021e+00 1.185437e+00 1.193051e+00 1.200882e+00 1.208947e+00 1.217262e+00 1.225848e+00 1.242664e+00
1.776120e+00 1.706615e+00 1.618796e+00 1.538120e+00 1.464008e+00 1.395928e+00 1.333392e+00 1.275950e+00 1.223191e+00 1.174735e+00 1.130236e+00 1.089373e+00 1.051853e+00 1.017408e+00 9.857899e-01 9.567717e-01 9.301453e-01 9.057197e-01 8.833194e-01 8.627839e-01 8.439656e-01 8.267296e-01 8.109522e-01 7.965201e-01 7.833298e-01 7.712865e-01 7.603039e-01 7.503032e-01 7.412125e-01 7.329667e-01 7.255066e-01 7.187786e-01 7.127344e-01 7.073307e-01 7.025287e-01 6.982939e-01 6.945959e-01 6.914083e-01 6.887080e-01 6.864758e-01 6.846956e-01 6.833547e-01 6.824433e-01 6.819551e-01 6.818864e-01 6.822368e-01 6.830089e-01 6.842080e-01 6.858429e-01 6.879253e-01 6.904701e-01 6.934956e-01 6.970235e-01 7.010791e-01 7.056915e-01 7.108938e-01 7.167234e-01 7.232221e-01 7.304365e-01 7.384185e-01 7.472252e-01 7.569199e-01 7.675722e-01 7.792585e-01 7.920626e-01 8.060766e-01 8.214009e-01 8.313564e-01
2.913746e+00 3.018488e+00 3.116416e+00 3.212239e+00 3.305971e+00 3.397626e+00 3.487219e+00 3.574762e+00 3.660270e+00 3.743755e+00 3.825229e+00 3.904705e+00 3.982196e+00 4.057712e+00 4.131266e+00 4.202868e+00 4.272529e+00 4.340260e+00 4.406071e+00 4.469972e+00 4.531973e+00 4.592083e+00 4.650312e+00 4.706667e+00 4.761158e+00 4.813792e+00 4.864579e+00 4.913525e+00 4.960638e+00 5.005924e+00 5.049392e+00 5.091048e+00 5.130897e+00 5.168946e+00 5.205200e+00 5.239666e+00 5.272348e+00 5.303251e+00 5.332380e+00 5.359740e+00 5.385334e+00 5.409166e+00 5.431241e+00 5.451561e+00 5.470129e+00 5.486948e+00 5.502021e+00 5.515351e+00 5.526938e+00 5.536785e+00 5.544894e+00 5.551265e+00 5.555899e+00 5.558798e+00 5.559962e+00 5.559390e+00 5.557083e+00 5.553040e+00 5.547262e+00 5.539746e+00 5.530492e+00 5.519498e+00 5.506763e+00 5.492285e+00 5.476061e+00 5.458089e+00 5.438367e+00 5.405538e+00
1.732350e+00 1.722181e+00 1.713999e+00 1.706200e+00 1.698779e+00 1.691732e+00 1.685054e+00 1.678743e+00 1.672795e+00 1.667206e+00 1.661974e+00 1.657096e+00 1.652568e+00 1.648389e+00 1.644557e+00 1.641068e+00 1.637922e+00 1.635116e+00 1.632649e+00 1.630520e+00 1.628728e+00 1.627270e+00 1.626148e+00 1.625359e+00 1.624904e+00 1.624783e+00 1.624995e+00 1.625540e+00 1.626419e+00 1.627632e+00 1.629180e+00 1.631064e+00 1.633285e+00 1.635843e+00 1.638741e+00 1.641980e+00 1.645562e+00 1.649488e+00 1.653761e+00 1.658384e+00 1.663358e+00 1.668686e+00 1.674372e+00 1.680418e+00 1.686828e+00 1.693606e+00 1.700754e+00 1.708277e+00 1.716180e+00 1.724465e+00 1.733139e+00 1.742205e+00 1.751669e+00 1.761535e+00 1.771810e+00 1.782499e+00 1.793607e+00 1.805141e+00 1.817107e+00 1.829512e+00 1.842362e+00 1.855665e+00 1.869427e+00 1.883656e+00 1.898361e+00 1.913549e+00 1.929228e+00 1.962516e+00
1.491112e+00 1.449078e+00 1.427075e+00 1.405697e+00 1.384916e+00 1.364702e+00 1.345030e+00 1.325872e+00 1.307204e+00 1.288999e+00 1.271234e+00 1.253885e+00 1.236929e+00 1.220342e+00 1.204103e+00 1.188189e+00 1.172580e+00 1.157254e+00 1.142192e+00 1.127372e+00 1.112775e+00 1.098381e+00 1.084171e+00 1.070126e+00 1.056228e+00 1.042456e+00 1.028794e+00 1.015222e+00 1.001723e+00 9.882784e-01 9.748699e-01 9.614797e-01 9.480900e-01 9.346827e-01 9.212398e-01 9.077434e-01 8.941753e-01 8.805173e-01 8.667512e-01 8.528584e-01 8.388203e-01 8.246182e-01 8.102329e-01 7.956452e-01 7.808354e-01 7.657838e-01 7.504702e-01 7.348740e-01 7.189743e-01 7.027497e-01 6.861786e-01 6.692387e-01 6.519073e-01 6.341611e-01 6.159764e-01 5.973287e-01 5.781931e-01 5.585439e-01 5.383547e-01 5.175985e-01 4.962474e-01 4.742728e-01 4.516452e-01 4.283343e-01 4.043088e-01 3.795366e-01 3.539843e-01 3.365915e-01
1.830926e+00 1.738982e+00 1.616755e+00 1.504317e+00 1.400895e+00 1.305776e+00 1.218303e+00 1.137875e+00 1.063937e+00 9.959796e-01 9.335349e-01 8.761724e-01 8.234969e-01 7.751454e-01 7.307848e-01 6.901095e-01 6.528391e-01 6.187168e-01 5.875076e-01 5.589964e-01 5.329868e-01 5.092994e-01 4.877712e-01 4.682538e-01 4.506126e-01 4.347263e-01 4.204852e-01 4.077912e-01 3.965570e-01 3.867050e-01 3.781674e-01 3.708855e-01 3.648089e-01 3.598958e-01 3.561125e-01 3.534327e-01 3.518381e-01 3.513176e-01 3.518677e-01 3.534922e-01 3.562022e-01 3.600165e-01 3.649613e-01 3.710706e-01 3.783867e-01 3.869598e-01 3.968491e-01 4.081226e-01 4.208582e-01 4.351435e-01 4.510769e-01 4.687683e-01 4.883395e-01 5.099254e-01 5.336748e-01 5.597512e-01 5.883344e-01 6.196213e-01 6.538274e-01 6.911885e-01 7.319620e-01 7.764289e-01 8.248954e-01 8.776957e-01 9.351934e-01 9.977848e-01 1.065901e+00 1.119517e+00
2.502368e+00 2.478216e+00 2.453777e+00 2.430452e+00 2.408212e+00 2.387027e+00 2.366870e+00 2.347714e+00 2.329536e+00 2.312311e+00 2.296017e+00 2.280634e+00 2.266141e+00 2.252519e+00 2.239751e+00 2.227820e+00 2.216712e+00 2.206411e+00 2.196904e+00 2.188179e+00 2.180225e+00 2.173031e+00 2.166588e+00 2.160888e+00 2.155923e+00 2.151687e+00 2.148174e+00 2.145380e+00 2.143302e+00 2.141936e+00 2.141281e+00 2.141336e+00 2.142101e+00 2.143576e+00 2.145765e+00 2.148670e+00 2.152294e+00 2.156642e+00 2.161720e+00 2.167535e+00 2.174093e+00 2.181404e+00 2.189476e+00 2.198321e+00 2.207950e+00 2.218375e+00 2.229610e+00 2.241669e+00 2.254567e+00 2.268322e+00 2.282952e+00 2.298475e+00 2.314911e+00 2.332282e+00 2.350609e+00 2.369918e+00 2.390232e+00 2.411579e+00 2.433985e+00 2.457479e+00 2.482093e+00 2.507858e+00 2.534807e+00 2.562974e+00 2.592398e+00 2.623115e+00 2.655166e+00 2.710142e+00
2.274150e+00 2.274836e+00 2.275612e+00 2.276260e+00 2.276781e+00 2.277175e+00 2.277444e+00 2.277587e+00 2.277607e+00 2.277501e+00 2.277271e+00 2.276915e+00 2.276434e+00 2.275825e+00 2.275089e+00 2.274222e+00 2.273225e+00 2.272094e+00 2.270828e+00 2.269423e+00 2.267878e+00 2.266189e+00 2.264352e+00 2.262365e+00 2.260223e+00 2.257922e+00 2.255457e+00 2.252824e+00 2.250017e+00 2.247031e+00 2.243859e+00 2.240497e+00 2.236936e+00 2.233169e+00 2.229191e+00 2.224991e+00 2.220563e+00 2.215897e+00 2.210984e+00 2.205815e+00 2.200379e+00 2.194665e+00 2.188663e+00 2.182359e+00 2.175742e+00 2.168799e+00 2.161516e+00 2.153878e+00 2.145870e+00 2.137477e+00 2.128681e+00 2.119466e+00 2.109813e+00 2.099703e+00 2.089116e+00 2.078031e+00 2.066426e+00 2.054277e+00 2.041562e+00 2.028255e+00 2.014329e+00 1.999757e+00 1.984510e+00 1.968557e+00 1.951868e+00 1.934409e+00 1.916145e+00 1.882770e+00
1.317457e+00 1.302137e+00 1.290901e+00 1.280025e+00 1.269494e+00 1.259295e+00 1.249416e+00 1.239842e+00 1.230563e+00 1.221566e+00 1.212840e+00 1.204373e+00 1.196154e+00 1.188174e+00 1.180422e+00 1.172887e+00 1.165561e+00 1.158434e+00 1.151497e+00 1.144740e+00 1.138156e+00 1.131736e+00 1.125471e+00 1.119353e+00 1.113376e+00 1.107530e+00 1.101809e+00 1.096205e+00 1.090711e+00 1.085320e+00 1.080026e+00 1.074820e+00 1.069697e+00 1.064651e+00 1.059674e+00 1.054760e+00 1.049903e+00 1.045096e+00 1.040335e+00 1.035611e+00 1.030921e+00 1.026256e+00 1.021612e+00 1.016982e+00 1.012361e+00 1.007743e+00 1.003121e+00 9.984898e-01 9.938435e-01 9.891761e-01 9.844816e-01 9.797540e-01 9.749872e-01 9.701752e-01 9.653116e-01 9.603904e-01 9.554052e-01 9.503496e-01 9.452171e-01 9.400012e-01 9.346952e-01 9.292923e-01 9.237855e-01 9.181678e-01 9.124320e-01 9.065708e-01 9.005766e-01 8.954114e-01
4.245260e-01 4.262083e-01 4.278726e-01 4.295864e-01 4.313513e-01 4.331686e-01 4.350400e-01 4.369670e-01 4.389512e-01 4.409943e-01 4.430980e-01 4.452639e-01 4.474941e-01 4.497902e-01 4.521543e-01 4.545883e-01 4.570942e-01 4.596742e-01 4.623304e-01 4.650651e-01 4.678804e-01 4.707788e-01 4.737627e-01 4.768346e-01 4.799971e-01 4.832528e-01 4.866044e-01 4.900548e-01 4.936067e-01 4.972633e-01 5.010276e-01 5.049026e-01 5.088917e-01 5.129982e-01 5.172255e-01 5.215771e-01 5.260568e-01 5.306682e-01 5.354152e-01 5.403018e-01 5.453320e-01 5.505101e-01 5.558405e-01 5.613275e-01 5.669757e-01 5.727900e-01 5.787751e-01 5.849361e-01 5.912780e-01 5.978063e-01 6.045264e-01 6.114439e-01 6.185645e-01 6.258943e-01 6.334394e-01 6.412061e-01 6.492009e-01 6.574305e-01 6.659017e-01 6.746217e-01 6.835977e-01 6.928374e-01 7.023483e-01 7.121384e-01 7.222160e-01 7.325895e-01 7.432675e-01 7.580930e-01
3.819313e+00 3.831961e+00 3.840747e+00 3.848730e+00 3.855912e+00 3.862297e+00 3.867888e+00 3.872687e+00 3.876696e+00 3.879918e+00 3.882353e+00 3.884002e+00 3.884867e+00 3.884948e+00 3.884244e+00 3.882756e+00 3.880482e+00 3.877422e+00 3.873575e+00 3.868938e+00 3.863510e+00 3.857288e+00 3.850270e+00 3.842452e+00 3.833832e+00 3.824405e+00 3.814167e+00 3.803113e+00 3.791240e+00 3.778541e+00 3.765011e+00 3.750644e+00 3.735434e+00 3.719374e+00 3.702458e+00 3.684677e+00 3.666024e+00 3.646491e+00 3.626069e+00 3.604749e+00 3.582522e+00 3.559378e+00 3.535307e+00 3.510299e+00 3.484342e+00 3.457425e+00 3.429536e+00 3.400664e+00 3.370795e+00 3.339916e+00 3.308014e+00 3.275075e+00 3.241084e+00 3.206027e+00 3.169887e+00 3.132650e+00 3.094299e+00 3.054817e+00 3.014187e+00 2.972391e+00 2.929410e+00 2.885227e+00 2.839820e+00 2.793172e+00 2.745260e+00 2.696064e+00 2.645564e+00 2.570750e+00
2.522868e+00 2.743384e+00 3.092699e+00 3.427296e+00 3.747545e+00 4.053798e+00 4.346396e+00 4.625660e+00 4.891900e+00 5.145411e+00 5.386472e+00 5.615349e+00 5.832296e+00 6.037552e+00 6.231345e+00 6.413888e+00 6.585383e+00 6.746020e+00 6.895976e+00 7.035417e+00 7.164497e+00 7.283358e+00 7.392133e+00 7.490941e+00 7.579892e+00 7.659084e+00 7.728603e+00 7.788528e+00 7.838925e+00 7.879848e+00 7.911344e+00 7.933447e+00 7.946181e+00 7.949561e+00 7.943591e+00 7.928263e+00 7.903561e+00 7.869457e+00 7.825915e+00 7.772885e+00 7.710309e+00 7.638118e+00 7.556233e+00 7.464562e+00 7.363004e+00 7.251448e+00 7.129769e+00 6.997833e+00 6.855496e+00 6.702598e+00 6.538971e+00 6.364435e+00 6.178797e+00 5.981851e+00 5.773379e+00 5.553152e+00 5.320925e+00 5.076443e+00 4.819435e+00 4.549617e+00 4.266691e+00 3.970343e+00 3.660247e+00 3.336061e+00 2.997424e+00 2.643964e+00 2.275290e+00 2.052423e+00
1.563952e+00 1.602360e+00 1.629123e+00 1.655014e+00 1.680059e+00 1.704285e+00 1.727716e+00 1.750378e+00 1.772294e+00 1.793486e+00 1.813977e+00 1.833787e+00 1.852938e+00 1.871450e+00 1.889340e+00 1.906629e+00 1.923334e+00 1.939473e+00 1.955062e+00 1.970117e+00 1.984654e+00 1.998688e+00 2.012234e+00 2.025306e+00 2.037917e+00 2.050081e+00 2.061809e+00 2.073116e+00 2.084011e+00 2.094506e+00 2.104613e+00 2.114341e+00 2.123702e+00 2.132704e+00 2.141357e+00 2.149670e+00 2.157651e+00 2.165309e+00 2.172652e+00 2.179688e+00 2.186423e+00 2.192866e+00 2.199021e+00 2.204897e+00 2.210498e+00 2.215831e+00 2.220902e+00 2.225715e+00 2.230275e+00 2.234588e+00 2.238658e+00 2.242489e+00 2.246084e+00 2.249449e+00 2.252586e+00 2.255498e+00 2.258189e+00 2.260661e+00 2.262917e+00 2.264959e+00 2.266789e+00 2.268410e+00 2.269823e+00 2.271029e+00 2.272030e+00 2.272826e+00 2.273419e+00 2.274067e+00
2.859436e+00 2.876572e+00 2.896600e+00 2.915356e+00 2.932895e+00 2.949267e+00 2.964521e+00 2.978700e+00 2.991846e+00 3.003996e+00 3.015185e+00 3.025447e+00 3.034810e+00 3.043302e+00 3.050948e+00 3.057769e+00 3.063785e+00 3.069014e+00 3.073472e+00 3.077170e+00 3.080119e+00 3.082329e+00 3.083805e+00 3.084551e+00 3.084571e+00 3.083864e+00 3.082427e+00 3.080257e+00 3.077348e+00 3.073691e+00 3.069275e+00 3.064088e+00 3.058114e+00 3.051337e+00 3.043737e+00 3.035291e+00 3.025976e+00 3.015763e+00 3.004625e+00 2.992528e+00 2.979437e+00 2.965315e+00 2.950120e+00 2.933810e+00 2.916335e+00 2.897646e+00 2.877689e+00 2.856406e+00 2.833735e+00 2.809610e+00 2.783962e+00 2.756717e+00 2.727795e+00 2.697113e+00 2.664582e+00 2.630108e+00 2.593590e+00 2.554924e+00 2.513997e+00 2.470690e+00 2.424879e+00 2.376430e+00 2.325204e+00 2.271052e+00 2.213816e+00 2.153332e+00 2.089425e+00 2.042793e+00
8.566599e-01 8.434816e-01 8.265657e-01 8.110588e-01 7.968579e-01 7.838690e-01 7.720059e-01 7.611899e-01 7.513493e-01 7.424190e-01 7.343396e-01 7.270576e-01 7.205248e-01 7.146978e-01 7.095380e-01 7.050111e-01 7.010872e-01 6.977403e-01 6.949481e-01 6.926922e-01 6.909575e-01 6.897326e-01 6.890094e-01 6.887831e-01 6.890522e-01 6.898183e-01 6.910868e-01 6.928658e-01 6.951673e-01 6.980065e-01 7.014023e-01 7.053770e-01 7.099572e-01 7.151731e-01 7.210593e-01 7.276549e-01 7.350036e-01 7.431541e-01 7.521605e-01 7.620825e-01 7.729858e-01 7.849427e-01 7.980326e-01 8.123421e-01 8.279663e-01 8.450086e-01 8.635821e-01 8.838099e-01 9.058261e-01 9.297767e-01 9.558205e-01 9.841302e-01 1.014893e+00 1.048314e+00 1.084614e+00 1.124034e+00 1.166834e+00 1.213300e+00 1.263739e+00 1.318485e+00 1.377901e+00 1.442382e+00 1.512354e+00 1.588283e+00 1.670670e+00 1.760063e+00 1.857054e+00 1.928585e+00
1.255695e+00 1.274131e+00 1.287177e+00 1.299674e+00 1.311647e+00 1.323116e+00 1.334105e+00 1.344632e+00 1.354717e+00 1.364379e+00 1.373637e+00 1.382506e+00 1.391004e+00 1.399146e+00 1.406948e+00 1.414423e+00 1.421586e+00 1.428450e+00 1.435028e+00 1.441331e+00 1.447372e+00 1.453162e+00 1.458711e+00 1.464030e+00 1.469129e+00 1.474017e+00 1.478702e+00 1.483195e+00 1.487502e+00 1.491633e+00 1.495595e+00 1.499394e+00 1.503039e+00 1.506535e+00 1.509890e+00 1.513110e+00 1.516200e+00 1.519166e+00 1.522014e+00 1.524749e+00 1.527376e+00 1.529901e+00 1.532326e+00 1.534658e+00 1.536901e+00 1.539058e+00 1.541134e+00 1.543132e+00 1.545056e+00 1.546910e+00 1.548698e+00 1.550422e+00 1.552085e+00 1.553691e+00 1.555243e+00 1.556744e+00 1.558196e+00 1.559602e+00 1.560965e+00 1.562287e+00 1.563570e+00 1.564818e+00 1.566032e+00 1.567215e+00 1.568368e+00 1.569495e+00 1.570596e+00 1.571897e+00
7.019284e+00 7.031439e+00 7.047726e+00 7.062180e+00 7.074836e+00 7.085727e+00 7.094880e+00 7.102316e+00 7.108054e+00 7.112108e+00 7.114489e+00 7.115203e+00 7.114250e+00 7.111629e+00 7.107333e+00 7.101352e+00 7.093670e+00 7.084269e+00 7.073126e+00 7.060213e+00 7.045498e+00 7.028944e+00 7.010511e+00 6.990154e+00 6.967820e+00 6.943457e+00 6.917002e+00 6.888392e+00 6.857554e+00 6.824413e+00 6.788886e+00 6.750887e+00 6.710320e+00 6.667085e+00 6.621076e+00 6.572179e+00 6.520273e+00 6.465228e+00 6.406910e+00 6.345174e+00 6.279867e+00 6.210828e+00 6.137885e+00 6.060858e+00 5.979558e+00 5.893782e+00 5.803319e+00 5.707944e+00 5.607422e+00 5.501504e+00 5.389928e+00 5.272418e+00 5.148684e+00 5.018418e+00 4.881300e+00 4.736990e+00 4.585130e+00 4.425345e+00 4.257241e+00 4.080400e+00 3.894385e+00 3.698737e+00 3.492972e+00 3.276579e+00 3.049025e+00 2.809746e+00 2.558150e+00 2.405069e+00
2.406624e+00 2.394786e+00 2.381404e+00 2.368754e+00 2.356814e+00 2.345561e+00 2.334976e+00 2.325040e+00 2.315734e+00 2.307043e+00 2.298950e+00 2.291441e+00 2.284503e+00 2.278122e+00 2.272288e+00 2.266990e+00 2.262218e+00 2.257964e+00 2.254221e+00 2.250981e+00 2.248238e+00 2.245989e+00 2.244228e+00 2.242952e+00 2.242160e+00 2.241850e+00 2.242021e+00 2.242673e+00 2.243809e+00 2.245429e+00 2.247536e+00 2.250136e+00 2.253231e+00 2.256828e+00 2.260933e+00 2.265554e+00 2.270699e+00 2.276377e+00 2.282598e+00 2.289374e+00 2.296716e+00 2.304639e+00 2.313155e+00 2.322281e+00 2.332033e+00 2.342428e+00 2.353485e+00 2.365224e+00 2.377667e+00 2.390834e+00 2.404751e+00 2.419442e+00 2.434934e+00 2.451253e+00 2.468431e+00 2.486497e+00 2.505484e+00 2.525427e+00 2.546360e+00 2.568323e+00 2.591353e+00 2.615493e+00 2.640786e+00 2.667278e+00 2.695015e+00 2.724049e+00 2.754431e+00 2.782186e+00
1.259770e+00 1.210899e+00 1.182946e+00 1.156255e+00 1.130790e+00 1.106515e+00 1.083396e+00 1.061401e+00 1.040500e+00 1.020663e+00 1.001862e+00 9.840721e-01 9.672676e-01 9.514253e-01 9.365231e-01 9.225403e-01 9.094573e-01 8.972559e-01 8.859192e-01 8.754313e-01 8.657776e-01 8.569446e-01 8.489200e-01 8.416928e-01 8.352526e-01 8.295907e-01 8.246991e-01 8.205710e-01 8.172006e-01 8.145833e-01 8.127154e-01 8.115942e-01 8.112183e-01 8.115871e-01 8.127011e-01 8.145618e-01 8.171720e-01 8.205351e-01 8.246560e-01 8.295402e-01 8.351947e-01 8.416273e-01 8.488470e-01 8.568639e-01 8.656891e-01 8.753349e-01 8.858147e-01 8.971433e-01 9.093362e-01 9.224107e-01 9.363848e-01 9.512781e-01 9.671113e-01 9.839064e-01 1.001687e+00 1.020478e+00 1.040305e+00 1.061196e+00 1.083180e+00 1.106288e+00 1.130552e+00 1.156005e+00 1.182684e+00 1.210625e+00 1.239868e+00 1.270453e+00 1.302422e+00 1.333404e+00
1.529858e+00 1.530154e+00 1.530378e+00 1.530588e+00 1.530784e+00 1.530968e+00 1.531138e+00 1.531296e+00 1.531441e+00 1.531574e+00 1.531694e+00 1.531802e+00 1.531898e+00 1.531982e+00 1.532054e+00 1.532114e+00 1.532163e+00 1.532200e+00 1.532225e+00 1.532238e+00 1.532240e+00 1.532231e+00 1.532210e+00 1.532177e+00 1.532132e+00 1.532076e+00 1.532008e+00 1.531928e+00 1.531836e+00 1.531732e+00 1.531616e+00 1.531488e+00 1.531347e+00 1.531194e+00 1.531027e+00 1.530848e+00 1.530656e+00 1.530451e+00 1.530232e+00 1.529999e+00 1.529752e+00 1.529491e+00 1.529215e+00 1.528925e+00 1.528619e+00 1.528298e+00 1.527961e+00 1.527607e+00 1.527237e+00 1.526850e+00 1.526445e+00 1.526023e+00 1.525582e+00 1.525122e+00 1.524643e+00 1.524145e+00 1.523625e+00 1.523085e+00 1.522524e+00 1.521940e+00 1.521333e+00 1.520703e+00 1.520049e+00 1.519370e+00 1.518665e+00 1.517935e+00 1.517177e+00 1.516424e+00
2.553131e-01 2.598679e-01 2.664178e-01 2.725590e-01 2.783143e-01 2.837050e-01 2.887513e-01 2.934718e-01 2.978840e-01 3.020045e-01 3.058484e-01 3.094301e-01 3.127629e-01 3.158591e-01 3.187303e-01 3.213871e-01 3.238395e-01 3.260964e-01 3.281663e-01 3.300569e-01 3.317752e-01 3.333276e-01 3.347198e-01 3.359571e-01 3.370440e-01 3.379846e-01 3.387824e-01 3.394402e-01 3.399606e-01 3.403456e-01 3.405964e-01 3.407142e-01 3.406992e-01 3.405515e-01 3.402705e-01 3.398551e-01 3.393038e-01 3.386146e-01 3.377849e-01 3.368117e-01 3.356912e-01 3.344193e-01 3.329914e-01 3.314021e-01 3.296455e-01 3.277151e-01 3.256036e-01 3.233034e-01 3.208057e-01 3.181014e-01 3.151804e-01 3.120318e-01 3.086440e-01 3.050043e-01 3.010993e-01 2.969143e-01 2.924340e-01 2.876415e-01 2.825192e-01 2.770480e-01 2.712076e-01 2.649762e-01 2.583307e-01 2.512465e-01 2.436971e-01 2.356547e-01 2.270892e-01 2.197655e-01
1.998570e+00 2.016735e+00 2.033561e+00 2.049846e+00 2.065603e+00 2.080845e+00 2.095584e+00 2.109831e+00 2.123600e+00 2.136899e+00 2.149741e+00 2.162135e+00 2.174091e+00 2.185619e+00 2.196729e+00 2.207429e+00 2.217727e+00 2.227633e+00 2.237153e+00 2.246297e+00 2.255070e+00 2.263480e+00 2.271534e+00 2.279238e+00 2.286599e+00 2.293622e+00 2.300312e+00 2.306677e+00 2.312720e+00 2.318446e+00 2.323860e+00 2.328966e+00 2.333769e+00 2.338272e+00 2.342479e+00 2.346393e+00 2.350018e+00 2.353356e+00 2.356410e+00 2.359182e+00 2.361675e+00 2.363891e+00 2.365831e+00 2.367497e+00 2.368890e+00 2.370012e+00 2.370864e+00 2.371445e+00 2.371757e+00 2.371799e+00 2.371573e+00 2.371077e+00 2.370311e+00 2.369275e+00 2.367968e+00 2.366388e+00 2.364535e+00 2.362407e+00 2.360002e+00 2.357319e+00 2.354354e+00 2.351107e+00 2.347573e+00 2.343751e+00 2.339637e+00 2.335228e+00 2.330521e+00 2.316953e+00
2.766113e+00 2.707270e+00 2.680354e+00 2.654565e+00 2.629866e+00 2.606223e+00 2.583600e+00 2.561965e+00 2.541286e+00 2.521534e+00 2.502680e+00 2.484697e+00 2.467559e+00 2.451241e+00 2.435720e+00 2.420972e+00 2.406977e+00 2.393715e+00 2.381166e+00 2.369312e+00 2.358136e+00 2.347622e+00 2.337754e+00 2.328519e+00 2.319903e+00 2.311894e+00 2.304479e+00 2.297649e+00 2.291393e+00 2.285703e+00 2.280569e+00 2.275986e+00 2.271945e+00 2.268442e+00 2.265470e+00 2.263027e+00 2.261108e+00 2.259710e+00 2.258832e+00 2.258473e+00 2.258631e+00 2.259307e+00 2.260502e+00 2.262217e+00 2.264456e+00 2.267221e+00 2.270517e+00 2.274348e+00 2.278719e+00 2.283637e+00 2.289110e+00 2.295145e+00 2.301750e+00 2.308936e+00 2.316712e+00 2.325090e+00 2.334083e+00 2.343702e+00 2.353963e+00 2.364879e+00 2.376467e+00 2.388743e+00 2.401726e+00 2.415433e+00 2.429885e+00 2.445102e+00 2.461107e+00 2.482528e+00
1.452088e+00 1.426068e+00 1.414974e+00 1.404381e+00 1.394279e+00 1.384656e+00 1.375499e+00 1.366798e+00 1.358544e+00 1.350725e+00 1.343334e+00 1.336362e+00 1.329800e+00 1.323640e+00 1.317876e+00 1.312500e+00 1.307507e+00 1.302890e+00 1.298644e+00 1.294765e+00 1.291246e+00 1.288086e+00 1.285278e+00 1.282822e+00 1.280712e+00 1.278948e+00 1.277527e+00 1.276447e+00 1.275707e+00 1.275306e+00 1.275244e+00 1.275520e+00 1.276136e+00 1.277091e+00 1.278386e+00 1.280024e+00 1.282007e+00 1.284336e+00 1.287014e+00 1.290044e+00 1.293431e+00 1.297177e+00 1.301288e+00 1.305768e+00 1.310622e+00 1.315856e+00 1.321477e+00 1.327491e+00 1.333904e+00 1.340725e+00 1.347961e+00 1.355622e+00 1.363715e+00 1.372250e+00 1.381238e+00 1.390689e+00 1.400615e+00 1.411025e+00 1.421934e+00 1.433353e+00 1.445297e+00 1.457779e+00 1.470813e+00 1.484416e+00 1.498602e+00 1.513390e+00 1.528795e+00 1.601013e+00
1.040858e+00 9.926473e-01 9.695740e-01 9.474329e-01 9.261949e-01 9.058322e-01 8.863179e-01 8.676266e-01 8.497336e-01 8.326154e-01 8.162496e-01 8.006147e-01 7.856901e-01 7.714563e-01 7.578945e-01 7.449869e-01 7.327167e-01 7.210676e-01 7.100244e-01 6.995727e-01 6.896985e-01 6.803891e-01 6.716321e-01 6.634162e-01 6.557303e-01 6.485646e-01 6.419096e-01 6.357565e-01 6.300973e-01 6.249245e-01 6.202314e-01 6.160117e-01 6.122600e-01 6.089713e-01 6.061412e-01 6.037662e-01 6.018430e-01 6.003691e-01 5.993427e-01 5.987622e-01 5.986271e-01 5.989371e-01 5.996926e-01 6.008946e-01 6.025447e-01 6.046450e-01 6.071984e-01 6.102081e-01 6.136781e-01 6.176130e-01 6.220180e-01 6.268987e-01 6.322617e-01 6.381140e-01 6.444633e-01 6.513178e-01 6.586866e-01 6.665794e-01 6.750066e-01 6.839791e-01 6.935088e-01 7.036083e-01 7.142907e-01 7.255701e-01 7.374612e-01 7.499798e-01 7.631423e-01 7.795742e-01
1.928815e+00 1.833472e+00 1.737459e+00 1.646942e+00 1.561609e+00 1.481169e+00 1.405345e+00 1.333876e+00 1.266517e+00 1.203036e+00 1.143216e+00 1.086851e+00 1.033747e+00 9.837221e-01 9.366045e-01 8.922324e-01 8.504532e-01 8.111234e-01 7.741081e-01 7.392801e-01 7.065196e-01 6.757144e-01 6.467584e-01 6.195523e-01 5.940026e-01 5.700216e-01 5.475269e-01 5.264412e-01 5.066921e-01 4.882119e-01 4.709369e-01 4.548080e-01 4.397696e-01 4.257702e-01 4.127616e-01 4.006992e-01 3.895415e-01 3.792503e-01 3.697901e-01 3.611286e-01 3.532358e-01 3.460848e-01 3.396509e-01 3.339122e-01 3.288487e-01 3.244433e-01 3.206806e-01 3.175479e-01 3.150343e-01 3.131313e-01 3.118322e-01 3.111326e-01 3.110302e-01 3.115245e-01 3.126173e-01 3.143123e-01 3.166154e-01 3.195344e-01 3.230793e-01 3.272624e-01 3.320981e-01 3.376028e-01 3.437956e-01 3.506977e-01 3.583328e-01 3.667271e-01 3.759095e-01 3.824729e-01
1.170523e+00 1.183815e+00 1.197739e+00 1.211500e+00 1.225119e+00 1.238615e+00 1.252007e+00 1.265314e+00 1.278554e+00 1.291748e+00 1.304912e+00 1.318067e+00 1.331230e+00 1.344421e+00 1.357658e+00 1.370960e+00 1.384345e+00 1.397833e+00 1.411443e+00 1.425194e+00 1.439106e+00 1.453198e+00 1.467491e+00 1.482004e+00 1.496759e+00 1.511776e+00 1.527076e+00 1.542682e+00 1.558615e+00 1.574898e+00 1.591553e+00 1.608606e+00 1.626080e+00 1.643999e+00 1.662389e+00 1.681276e+00 1.700688e+00 1.720651e+00 1.741194e+00 1.762345e+00 1.784136e+00 1.806597e+00 1.829759e+00 1.853656e+00 1.878322e+00 1.903791e+00 1.930100e+00 1.957285e+00 1.985387e+00 2.014443e+00 2.044497e+00 2.075589e+00 2.107765e+00 2.141071e+00 2.175552e+00 2.211258e+00 2.248241e+00 2.286552e+00 2.326245e+00 2.367377e+00 2.410007e+00 2.454195e+00 2.500003e+00 2.547497e+00 2.596743e+00 2.647812e+00 2.700777e+00 2.745759e+00
1.098466e+00 1.166521e+00 1.275444e+00 1.377698e+00 1.473665e+00 1.563700e+00 1.648138e+00 1.727293e+00 1.801458e+00 1.870910e+00 1.935905e+00 1.996687e+00 2.053480e+00 2.106495e+00 2.155930e+00 2.201968e+00 2.244779e+00 2.284524e+00 2.321350e+00 2.355393e+00 2.386780e+00 2.415628e+00 2.442043e+00 2.466125e+00 2.487961e+00 2.507635e+00 2.525217e+00 2.540775e+00 2.554365e+00 2.566039e+00 2.575839e+00 2.583802e+00 2.589957e+00 2.594328e+00 2.596931e+00 2.597774e+00 2.596863e+00 2.594192e+00 2.589752e+00 2.583527e+00 2.575494e+00 2.565622e+00 2.553875e+00 2.540209e+00 2.524574e+00 2.506912e+00 2.487156e+00 2.465234e+00 2.441064e+00 2.414556e+00 2.385612e+00 2.354124e+00 2.319976e+00 2.283040e+00 2.243179e+00 2.200245e+00 2.154079e+00 2.104509e+00 2.051351e+00 1.994408e+00 1.933468e+00 1.868304e+00 1.798675e+00 1.724321e+00 1.644967e+00 1.560319e+00 1.470060e+00 1.413362e+00
1.603224e+00 1.589769e+00 1.580847e+00 1.572226e+00 1.563899e+00 1.555858e+00 1.548098e+00 1.540613e+00 1.533396e+00 1.526442e+00 1.519745e+00 1.513300e+00 1.507102e+00 1.501145e+00 1.495425e+00 1.489938e+00 1.484679e+00 1.479644e+00 1.474829e+00 1.470229e+00 1.465842e+00 1.461664e+00 1.457691e+00 1.453921e+00 1.450350e+00 1.446976e+00 1.443795e+00 1.440805e+00 1.438005e+00 1.435391e+00 1.432962e+00 1.430715e+00 1.428649e+00 1.426762e+00 1.425053e+00 1.423520e+00 1.422163e+00 1.420979e+00 1.419968e+00 1.419130e+00 1.418463e+00 1.417968e+00 1.417642e+00 1.417488e+00 1.417503e+00 1.417689e+00 1.418046e+00 1.418573e+00 1.419271e+00 1.420141e+00 1.421183e+00 1.422399e+00 1.423788e+00 1.425353e+00 1.427095e+00 1.429014e+00 1.431113e+00 1.433393e+00 1.435856e+00 1.438504e+00 1.441339e+00 1.444364e+00 1.447580e+00 1.450990e+00 1.454597e+00 1.458404e+00 1.462414e+00 1.466560e+00
1.259192e+00 1.228277e+00 1.188004e+00 1.149436e+00 1.112511e+00 1.077171e+00 1.043362e+00 1.011028e+00 9.801205e-01 9.505893e-01 9.223881e-01 8.954724e-01 8.697999e-01 8.453300e-01 8.220241e-01 7.998455e-01 7.787591e-01 7.587317e-01 7.397317e-01 7.217291e-01 7.046956e-01 6.886042e-01 6.734296e-01 6.591479e-01 6.457364e-01 6.331742e-01 6.214412e-01 6.105191e-01 6.003906e-01 5.910397e-01 5.824517e-01 5.746131e-01 5.675114e-01 5.611354e-01 5.554752e-01 5.505217e-01 5.462672e-01 5.427049e-01 5.398293e-01 5.376357e-01 5.361208e-01 5.352821e-01 5.351184e-01 5.356293e-01 5.368156e-01 5.386793e-01 5.412233e-01 5.444516e-01 5.483693e-01 5.529825e-01 5.582986e-01 5.643259e-01 5.710739e-01 5.785533e-01 5.867759e-01 5.957546e-01 6.055037e-01 6.160384e-01 6.273755e-01 6.395327e-01 6.525293e-01 6.663858e-01 6.811240e-01 6.967672e-01 7.133401e-01 7.308687e-01 7.493808e-01 7.685423e-01
1.405361e+00 1.452278e+00 1.484618e+00 1.515764e+00 1.545737e+00 1.574557e+00 1.602246e+00 1.628822e+00 1.654304e+00 1.678709e+00 1.702054e+00 1.724355e+00 1.745629e+00 1.765888e+00 1.785149e+00 1.803423e+00 1.820724e+00 1.837063e+00 1.852453e+00 1.866903e+00 1.880423e+00 1.893023e+00 1.904713e+00 1.915498e+00 1.925389e+00 1.934390e+00 1.942508e+00 1.949750e+00 1.956119e+00 1.961621e+00 1.966259e+00 1.970037e+00 1.972956e+00 1.975020e+00 1.976229e+00 1.976585e+00 1.976087e+00 1.974735e+00 1.972529e+00 1.969466e+00 1.965545e+00 1.960763e+00 1.955116e+00 1.948602e+00 1.941214e+00 1.932948e+00 1.923799e+00 1.913760e+00 1.902824e+00 1.890983e+00 1.878230e+00 1.864555e+00 1.849949e+00 1.834402e+00 1.817902e+00 1.800440e+00 1.782002e+00 1.762576e+00 1.742148e+00 1.720704e+00 1.698229e+00 1.674708e+00 1.650125e+00 1.624462e+00 1.597701e+00 1.569825e+00 1.540813e+00 1.506132e+00
1.287588e+00 1.304964e+00 1.331471e+00 1.357040e+00 1.381710e+00 1.405521e+00 1.428508e+00 1.450707e+00 1.472153e+00 1.492879e+00 1.512917e+00 1.532298e+00 1.551052e+00 1.569209e+00 1.586795e+00 1.603839e+00 1.620367e+00 1.636404e+00 1.651975e+00 1.667105e+00 1.681817e+00 1.696133e+00 1.710076e+00 1.723667e+00 1.736928e+00 1.749879e+00 1.762540e+00 1.774930e+00 1.787069e+00 1.798976e+00 1.810669e+00 1.822166e+00 1.833485e+00 1.844644e+00 1.855659e+00 1.866548e+00 1.877328e+00 1.888015e+00 1.898626e+00 1.909178e+00 1.919686e+00 1.930168e+00 1.940638e+00 1.951114e+00 1.961612e+00 1.972147e+00 1.982737e+00 1.993398e+00 2.004145e+00 2.014997e+00 2.025969e+00 2.037078e+00 2.048343e+00 2.059779e+00 2.071406e+00 2.083241e+00 2.095301e+00 2.107607e+00 2.120177e+00 2.133031e+00 2.146187e+00 2.159668e+00 2.173493e+00 2.187684e+00 2.202264e+00 2.217254e+00 2.232678e+00 2.251590e+00
2.966092e+00 3.065825e+00 3.151735e+00 3.235560e+00 3.317320e+00 3.397037e+00 3.474733e+00 3.550428e+00 3.624141e+00 3.695892e+00 3.765700e+00 3.833582e+00 3.899557e+00 3.963643e+00 4.025855e+00 4.086211e+00 4.144725e+00 4.201414e+00 4.256292e+00 4.309374e+00 4.360674e+00 4.410204e+00 4.457979e+00 4.504010e+00 4.548310e+00 4.590890e+00 4.631761e+00 4.670935e+00 4.708421e+00 4.744229e+00 4.778369e+00 4.810850e+00 4.841679e+00 4.870866e+00 4.898418e+00 4.924342e+00 4.948645e+00 4.971333e+00 4.992412e+00 5.011889e+00 5.029767e+00 5.046051e+00 5.060746e+00 5.073857e+00 5.085385e+00 5.095334e+00 5.103707e+00 5.110506e+00 5.115733e+00 5.119389e+00 5.121475e+00 5.121992e+00 5.120939e+00 5.118317e+00 5.114125e+00 5.108361e+00 5.101024e+00 5.092113e+00 5.081625e+00 5.069557e+00 5.055905e+00 5.040668e+00 5.023839e+00 5.005416e+00 4.985393e+00 4.963765e+00 4.940526e+00 4.910089e+00
2.982312e-01 2.924430e-01 2.856950e-01 2.794292e-01 2.736325e-01 2.682926e-01 2.633986e-01 2.589401e-01 2.549078e-01 2.512934e-01 2.480893e-01 2.452887e-01 2.428859e-01 2.408757e-01 2.392541e-01 2.380176e-01 2.371637e-01 2.366905e-01 2.365971e-01 2.368833e-01 2.375496e-01 2.385975e-01 2.400292e-01 2.418476e-01 2.440565e-01 2.466607e-01 2.496654e-01 2.530769e-01 2.569025e-01 2.611501e-01 2.658285e-01 2.709476e-01 2.765180e-01 2.825513e-01 2.890602e-01 2.960583e-01 3.035602e-01 3.115815e-01 3.201390e-01 3.292505e-01 3.389352e-01 3.492133e-01 3.601061e-01 3.716365e-01 3.838285e-01 3.967076e-01 4.103008e-01 4.246364e-01 4.397443e-01 4.556561e-01 4.724050e-01 4.900261e-01 5.085561e-01 5.280338e-01 5.484997e-01 5.699968e-01 5.925698e-01 6.162659e-01 6.411346e-01 6.672280e-01 6.946003e-01 7.233090e-01 7.534138e-01 7.849777e-01 8.180667e-01 8.527497e-01 8.890994e-01 9.231497e-01
3.096656e+00 2.960863e+00 2.922181e+00 2.884790e+00 2.848644e+00 2.813699e+00 2.779913e+00 2.747245e+00 2.715655e+00 2.685105e+00 2.655557e+00 2.626975e+00 2.599324e+00 2.572572e+00 2.546685e+00 2.521631e+00 2.497381e+00 2.473904e+00 2.451172e+00 2.429158e+00 2.407835e+00 2.387176e+00 2.367156e+00 2.347752e+00 2.328939e+00 2.310695e+00 2.292997e+00 2.275823e+00 2.259154e+00 2.242968e+00 2.227246e+00 2.211969e+00 2.197118e+00 2.182675e+00 2.168623e+00 2.154944e+00 2.141621e+00 2.128639e+00 2.115982e+00 2.103633e+00 2.091579e+00 2.079805e+00 2.068295e+00 2.057037e+00 2.046017e+00 2.035220e+00 2.024634e+00 2.014246e+00 2.004044e+00 1.994014e+00 1.984145e+00 1.974425e+00 1.964842e+00 1.955384e+00 1.946039e+00 1.936797e+00 1.927646e+00 1.918575e+00 1.909572e+00 1.900628e+00 1.891730e+00 1.882868e+00 1.874032e+00 1.865211e+00 1.856393e+00 1.847569e+00 1.838726e+00 1.828809e+00
2.597511e+00 2.664324e+00 2.682758e+00 2.700840e+00 2.718579e+00 2.735982e+00 2.753054e+00 2.769803e+00 2.786235e+00 2.802356e+00 2.818173e+00 2.833691e+00 2.848917e+00 2.863856e+00 2.878514e+00 2.892897e+00 2.907011e+00 2.920860e+00 2.934450e+00 2.947787e+00 2.960875e+00 2.973719e+00 2.986325e+00 2.998697e+00 3.010840e+00 3.022759e+00 3.034458e+00 3.045942e+00 3.057215e+00 3.068281e+00 3.079145e+00 3.089812e+00 3.100284e+00 3.110566e+00 3.120663e+00 3.130577e+00 3.140313e+00 3.149875e+00 3.159265e+00 3.168489e+00 3.177549e+00 3.186448e+00 3.195191e+00 3.203781e+00 3.212220e+00 3.220512e+00 3.228661e+00 3.236669e+00 3.244540e+00 3.252276e+00 3.259881e+00 3.267358e+00 3.274708e+00 3.281936e+00 3.289044e+00 3.296035e+00 3.302911e+00 3.309675e+00 3.316329e+00 3.322877e+00 3.329320e+00 3.335662e+00 3.341904e+00 3.348049e+00 3.354100e+00 3.360058e+00 3.365927e+00 3.385244e+00
1.270759e+00 1.258523e+00 1.241759e+00 1.226407e+00 1.212354e+00 1.199495e+00 1.187737e+00 1.176993e+00 1.167184e+00 1.158238e+00 1.150088e+00 1.142676e+00 1.135945e+00 1.129847e+00 1.124337e+00 1.119374e+00 1.114923e+00 1.110949e+00 1.107423e+00 1.104321e+00 1.101619e+00 1.099296e+00 1.097337e+00 1.095726e+00 1.094452e+00 1.093505e+00 1.092878e+00 1.092568e+00 1.092570e+00 1.092887e+00 1.093519e+00 1.094471e+00 1.095751e+00 1.097368e+00 1.099333e+00 1.101662e+00 1.104371e+00 1.107481e+00 1.111013e+00 1.114995e+00 1.119456e+00 1.124428e+00 1.129948e+00 1.136056e+00 1.142798e+00 1.150223e+00 1.158386e+00 1.167347e+00 1.177171e+00 1.187932e+00 1.199708e+00 1.212586e+00 1.226661e+00 1.242037e+00 1.258826e+00 1.277152e+00 1.297151e+00 1.318968e+00 1.342766e+00 1.368718e+00 1.397017e+00 1.427869e+00 1.461504e+00 1.498167e+00 1.538129e+00 1.581684e+00 1.629152e+00 1.659698e+00
2.438402e+00 2.420831e+00 2.402777e+00 2.384831e+00 2.366989e+00 2.349248e+00 2.331604e+00 2.314054e+00 2.296595e+00 2.279222e+00 2.261932e+00 2.244722e+00 2.227589e+00 2.210529e+00 2.193539e+00 2.176615e+00 2.159754e+00 2.142954e+00 2.126209e+00 2.109518e+00 2.092876e+00 2.076281e+00 2.059729e+00 2.043217e+00 2.026742e+00 2.010300e+00 1.993889e+00 1.977504e+00 1.961143e+00 1.944803e+00 1.928479e+00 1.912170e+00 1.895871e+00 1.879580e+00 1.863294e+00 1.847008e+00 1.830720e+00 1.814427e+00 1.798126e+00 1.781812e+00 1.765484e+00 1.749137e+00 1.732769e+00 1.716376e+00 1.699955e+00 1.683503e+00 1.667016e+00 1.650492e+00 1.633927e+00 1.617317e+00 1.600660e+00 1.583952e+00 1.567190e+00 1.550370e+00 1.533490e+00 1.516545e+00 1.499533e+00 1.482450e+00 1.465293e+00 1.448058e+00 1.430742e+00 1.413342e+00 1.395853e+00 1.378274e+00 1.360599e+00 1.342826e+00 1.324951e+00 1.307331e+00
1.593124e+00 1.600012e+00 1.602692e+00 1.605137e+00 1.607351e+00 1.609334e+00 1.611091e+00 1.612623e+00 1.613931e+00 1.615018e+00 1.615884e+00 1.616531e+00 1.616959e+00 1.617169e+00 1.617161e+00 1.616935e+00 1.616491e+00 1.615828e+00 1.614946e+00 1.613843e+00 1.612518e+00 1.610970e+00 1.609197e+00 1.607197e+00 1.604967e+00 1.602504e+00 1.599807e+00 1.596872e+00 1.593695e+00 1.590272e+00 1.586600e+00 1.582674e+00 1.578491e+00 1.574044e+00 1.569328e+00 1.564339e+00 1.559070e+00 1.553515e+00 1.547668e+00 1.541522e+00 1.535069e+00 1.528302e+00 1.521213e+00 1.513794e+00 1.506037e+00 1.497931e+00 1.489468e+00 1.480638e+00 1.471430e+00 1.461834e+00 1.451838e+00 1.441431e+00 1.430600e+00 1.419334e+00 1.407618e+00 1.395438e+00 1.382782e+00 1.369634e+00 1.355978e+00 1.341798e+00 1.327079e+00 1.311803e+00 1.295951e+00 1.279506e+00 1.262447e+00 1.244756e+00 1.226412e+00 1.211964e+00
1.495887e+00 1.506993e+00 1.517779e+00 1.528218e+00 1.538324e+00 1.548115e+00 1.557603e+00 1.566804e+00 1.575732e+00 1.584400e+00 1.592822e+00 1.601009e+00 1.608975e+00 1.616732e+00 1.624291e+00 1.631664e+00 1.638862e+00 1.645896e+00 1.652777e+00 1.659514e+00 1.666119e+00 1.672600e+00 1.678969e+00 1.685235e+00 1.691407e+00 1.697494e+00 1.703507e+00 1.709453e+00 1.715342e+00 1.721182e+00 1.726984e+00 1.732755e+00 1.738504e+00 1.744241e+00 1.749972e+00 1.755709e+00 1.761458e+00 1.767229e+00 1.773030e+00 1.778871e+00 1.784760e+00 1.790706e+00 1.796718e+00 1.802805e+00 1.808977e+00 1.815242e+00 1.821611e+00 1.828093e+00 1.834697e+00 1.841434e+00 1.848314e+00 1.855348e+00 1.862545e+00 1.869918e+00 1.877476e+00 1.885233e+00 1.893198e+00 1.901385e+00 1.909806e+00 1.918474e+00 1.927401e+00 1.936602e+00 1.946089e+00 1.955879e+00 1.965985e+00 1.976422e+00 1.987207e+00 1.996358e+00
1.576333e+00 1.556337e+00 1.535423e+00 1.515646e+00 1.496982e+00 1.479409e+00 1.462905e+00 1.447449e+00 1.433023e+00 1.419608e+00 1.407188e+00 1.395747e+00 1.385273e+00 1.375750e+00 1.367169e+00 1.359517e+00 1.352787e+00 1.346969e+00 1.342056e+00 1.338043e+00 1.334924e+00 1.332695e+00 1.331354e+00 1.330899e+00 1.331329e+00 1.332646e+00 1.334850e+00 1.337944e+00 1.341933e+00 1.346821e+00 1.352614e+00 1.359319e+00 1.366944e+00 1.375500e+00 1.384996e+00 1.395444e+00 1.406858e+00 1.419251e+00 1.432638e+00 1.447036e+00 1.462463e+00 1.478938e+00 1.496481e+00 1.515114e+00 1.534860e+00 1.555743e+00 1.577789e+00 1.601025e+00 1.625479e+00 1.651183e+00 1.678168e+00 1.706467e+00 1.736114e+00 1.767147e+00 1.799604e+00 1.833525e+00 1.868952e+00 1.905928e+00 1.944500e+00 1.984714e+00 2.026620e+00 2.070270e+00 2.115719e+00 2.163021e+00 2.212236e+00 2.263424e+00 2.316648e+00 2.384404e+00
5.781962e-01 5.707515e-01 5.630708e-01 5.557740e-01 5.488376e-01 5.422390e-01 5.359567e-01 5.299705e-01 5.242609e-01 5.188095e-01 5.135984e-01 5.086110e-01 5.038308e-01 4.992426e-01 4.948314e-01 4.905828e-01 4.864832e-01 4.825192e-01 4.786779e-01 4.749470e-01 4.713143e-01 4.677681e-01 4.642968e-01 4.608892e-01 4.575342e-01 4.542210e-01 4.509388e-01 4.476770e-01 4.444250e-01 4.411722e-01 4.379082e-01 4.346222e-01 4.313038e-01 4.279421e-01 4.245262e-01 4.210450e-01 4.174873e-01 4.138415e-01 4.100958e-01 4.062380e-01 4.022557e-01 3.981360e-01 3.938653e-01 3.894301e-01 3.848157e-01 3.800074e-01 3.749894e-01 3.697456e-01 3.642589e-01 3.585115e-01 3.524849e-01 3.461594e-01 3.395145e-01 3.325287e-01 3.251794e-01 3.174427e-01 3.092936e-01 3.007055e-01 2.916508e-01 2.820999e-01 2.720220e-01 2.613844e-01 2.501525e-01 2.382900e-01 2.257584e-01 2.125171e-01 1.985231e-01 1.868470e-01
2.328952e+00 2.299630e+00 2.272244e+00 2.245845e+00 2.220413e+00 2.195928e+00 2.172372e+00 2.149726e+00 2.127974e+00 2.107098e+00 2.087083e+00 2.067914e+00 2.049575e+00 2.032053e+00 2.015334e+00 1.999405e+00 1.984255e+00 1.969871e+00 1.956243e+00 1.943361e+00 1.931213e+00 1.919792e+00 1.909088e+00 1.899094e+00 1.889801e+00 1.881202e+00 1.873291e+00 1.866062e+00 1.859509e+00 1.853627e+00 1.848413e+00 1.843860e+00 1.839967e+00 1.836731e+00 1.834148e+00 1.832217e+00 1.830936e+00 1.830305e+00 1.830323e+00 1.830989e+00 1.832305e+00 1.834272e+00 1.836890e+00 1.840162e+00 1.844091e+00 1.848679e+00 1.853930e+00 1.859848e+00 1.866437e+00 1.873704e+00 1.881652e+00 1.890288e+00 1.899619e+00 1.909652e+00 1.920395e+00 1.931855e+00 1.944042e+00 1.956965e+00 1.970634e+00 1.985059e+00 2.000251e+00 2.016222e+00 2.032984e+00 2.050551e+00 2.068934e+00 2.088150e+00 2.108211e+00 2.145971e+00
2.982353e+00 2.948040e+00 2.936071e+00 2.924239e+00 2.912541e+00 2.900970e+00 2.889524e+00 2.878197e+00 2.866985e+00 2.855882e+00 2.844885e+00 2.833990e+00 2.823191e+00 2.812484e+00 2.801866e+00 2.791331e+00 2.780876e+00 2.770496e+00 2.760187e+00 2.749946e+00 2.739767e+00 2.729647e+00 2.719581e+00 2.709567e+00 2.699598e+00 2.689673e+00 2.679786e+00 2.669933e+00 2.660111e+00 2.650315e+00 2.640543e+00 2.630789e+00 2.621049e+00 2.611321e+00 2.601599e+00 2.591881e+00 2.582161e+00 2.572437e+00 2.562704e+00 2.552958e+00 2.543196e+00 2.533413e+00 2.523605e+00 2.513769e+00 2.503901e+00 2.493996e+00 2.484051e+00 2.474061e+00 2.464023e+00 2.453932e+00 2.443785e+00 2.433577e+00 2.423304e+00 2.412963e+00 2.402548e+00 2.392056e+00 2.381482e+00 2.370823e+00 2.360073e+00 2.349229e+00 2.338286e+00 2.327240e+00 2.316087e+00 2.304821e+00 2.293438e+00 2.281934e+00 2.270304e+00 2.257555e+00
2.512875e+00 2.432509e+00 2.314980e+00 2.204693e+00 2.101253e+00 2.004287e+00 1.913446e+00 1.828403e+00 1.748853e+00 1.674510e+00 1.605105e+00 1.540390e+00 1.480131e+00 1.424113e+00 1.372132e+00 1.324003e+00 1.279553e+00 1.238620e+00 1.201059e+00 1.166733e+00 1.135521e+00 1.107308e+00 1.081994e+00 1.059488e+00 1.039708e+00 1.022584e+00 1.008054e+00 9.960662e-01 9.865767e-01 9.795515e-01 9.749656e-01 9.728024e-01 9.730541e-01 9.757216e-01 9.808146e-01 9.883513e-01 9.983588e-01 1.010873e+00 1.025939e+00 1.043612e+00 1.063954e+00 1.087038e+00 1.112949e+00 1.141779e+00 1.173631e+00 1.208621e+00 1.246873e+00 1.288527e+00 1.333731e+00 1.382649e+00 1.435455e+00 1.492341e+00 1.553511e+00 1.619184e+00 1.689597e+00 1.765004e+00 1.845675e+00 1.931901e+00 2.023991e+00 2.122278e+00 2.227115e+00 2.338878e+00 2.457970e+00 2.584820e+00 2.719882e+00 2.863645e+00 3.016623e+00 3.132658e+00
1.198775e+00 1.181138e+00 1.162172e+00 1.143939e+00 1.126410e+00 1.109558e+00 1.093359e+00 1.077788e+00 1.062821e+00 1.048435e+00 1.034609e+00 1.021321e+00 1.008552e+00 9.962817e-01 9.844920e-01 9.731649e-01 9.622831e-01 9.518302e-01 9.417903e-01 9.321482e-01 9.228892e-01 9.139994e-01 9.054651e-01 8.972736e-01 8.894123e-01 8.818693e-01 8.746331e-01 8.676929e-01 8.610381e-01 8.546585e-01 8.485445e-01 8.426868e-01 8.370766e-01 8.317052e-01 8.265647e-01 8.216471e-01 8.169450e-01 8.124514e-01 8.081592e-01 8.040622e-01 8.001539e-01 7.964286e-01 7.928805e-01 7.895043e-01 7.862949e-01 7.832473e-01 7.803570e-01 7.776195e-01 7.750308e-01 7.725869e-01 7.702840e-01 7.681188e-01 7.660878e-01 7.641881e-01 7.624167e-01 7.607710e-01 7.592484e-01 7.578467e-01 7.565637e-01 7.553975e-01 7.543463e-01 7.534085e-01 7.525827e-01 7.518676e-01 7.512622e-01 7.507655e-01 7.503768e-01 7.500726e-01
1.431759e+00 1.535607e+00 1.650439e+00 1.760990e+00 1.867400e+00 1.969804e+00 2.068333e+00 2.163111e+00 2.254259e+00 2.341891e+00 2.426121e+00 2.507054e+00 2.584792e+00 2.659436e+00 2.731079e+00 2.799813e+00 2.865724e+00 2.928897e+00 2.989411e+00 3.047343e+00 3.102767e+00 3.155754e+00 3.206370e+00 3.254679e+00 3.300743e+00 3.344621e+00 3.386368e+00 3.426037e+00 3.463679e+00 3.499340e+00 3.533067e+00 3.564903e+00 3.594887e+00 3.623058e+00 3.649451e+00 3.674100e+00 3.697037e+00 3.718290e+00 3.737886e+00 3.755851e+00 3.772206e+00 3.786973e+00 3.800171e+00 3.811816e+00 3.821923e+00 3.830505e+00 3.837573e+00 3.843136e+00 3.847200e+00 3.849771e+00 3.850853e+00 3.850446e+00 3.848550e+00 3.845163e+00 3.840280e+00 3.833895e+00 3.826001e+00 3.816586e+00 3.805640e+00 3.793148e+00 3.779094e+00 3.763460e+00 3.746228e+00 3.727374e+00 3.706875e+00 3.684705e+00 3.660835e+00 3.643761e+00
1.137724e+00 1.099611e+00 1.077039e+00 1.055485e+00 1.034922e+00 1.015329e+00 9.966813e-01 9.789585e-01 9.621401e-01 9.462068e-01 9.311403e-01 9.169233e-01 9.035394e-01 8.909734e-01 8.792108e-01 8.682381e-01 8.580427e-01 8.486129e-01 8.399379e-01 8.320077e-01 8.248132e-01 8.183462e-01 8.125992e-01 8.075656e-01 8.032397e-01 7.996166e-01 7.966919e-01 7.944625e-01 7.929256e-01 7.920796e-01 7.919236e-01 7.924572e-01 7.936811e-01 7.955968e-01 7.982064e-01 8.015129e-01 8.055202e-01 8.102327e-01 8.156560e-01 8.217963e-01 8.286605e-01 8.362566e-01 8.445933e-01 8.536802e-01 8.635276e-01 8.741470e-01 8.855504e-01 8.977511e-01 9.107629e-01 9.246008e-01 9.392807e-01 9.548195e-01 9.712349e-01 9.885459e-01 1.006772e+00 1.025935e+00 1.046056e+00 1.067158e+00 1.089266e+00 1.112405e+00 1.136602e+00 1.161884e+00 1.188280e+00 1.215821e+00 1.244538e+00 1.274464e+00 1.305634e+00 1.343480e+00
3.381921e+00 3.478241e+00 3.540496e+00 3.600713e+00 3.658913e+00 3.715117e+00 3.769345e+00 3.821617e+00 3.871950e+00 3.920364e+00 3.966876e+00 4.011502e+00 4.054258e+00 4.095159e+00 4.134220e+00 4.171456e+00 4.206879e+00 4.240502e+00 4.272337e+00 4.302395e+00 4.330688e+00 4.357225e+00 4.382017e+00 4.405070e+00 4.426395e+00 4.445999e+00 4.463888e+00 4.480069e+00 4.494548e+00 4.507330e+00 4.518420e+00 4.527821e+00 4.535537e+00 4.541571e+00 4.545924e+00 4.548599e+00 4.549596e+00 4.548917e+00 4.546559e+00 4.542523e+00 4.536808e+00 4.529410e+00 4.520328e+00 4.509558e+00 4.497097e+00 4.482940e+00 4.467081e+00 4.449516e+00 4.430237e+00 4.409239e+00 4.386513e+00 4.362051e+00 4.335845e+00 4.307885e+00 4.278162e+00 4.246663e+00 4.213380e+00 4.178298e+00 4.141407e+00 4.102692e+00 4.062140e+00 4.019736e+00 3.975466e+00 3.929312e+00 3.881260e+00 3.831291e+00 3.779387e+00 3.708692e+00
3.084879e-01 3.078312e-01 3.073711e-01 3.070767e-01 3.069475e-01 3.069832e-01 3.071840e-01 3.075501e-01 3.080822e-01 3.087814e-01 3.096488e-01 3.106860e-01 3.118949e-01 3.132777e-01 3.148369e-01 3.165753e-01 3.184960e-01 3.206026e-01 3.228987e-01 3.253886e-01 3.280768e-01 3.309681e-01 3.340677e-01 3.373813e-01 3.409148e-01 3.446746e-01 3.486676e-01 3.529008e-01 3.573820e-01 3.621193e-01 3.671212e-01 3.723967e-01 3.779554e-01 3.838074e-01 3.899632e-01 3.964339e-01 4.032312e-01 4.103674e-01 4.178553e-01 4.257086e-01 4.339415e-01 4.425686e-01 4.516058e-01 4.610692e-01 4.709761e-01 4.813442e-01 4.921923e-01 5.035400e-01 5.154079e-01 5.278173e-01 5.407907e-01 5.543515e-01 5.685243e-01 5.833345e-01 5.988091e-01 6.149758e-01 6.318640e-01 6.495042e-01 6.679282e-01 6.871693e-01 7.072622e-01 7.282433e-01 7.501505e-01 7.730234e-01 7.969032e-01 8.218332e-01 8.478583e-01 8.737724e-01
2.143181e+00 2.162606e+00 2.170096e+00 2.177537e+00 2.184937e+00 2.192301e+00 2.199637e+00 2.206953e+00 2.214255e+00 2.221550e+00 2.228846e+00 2.236149e+00 2.243467e+00 2.250807e+00 2.258175e+00 2.265579e+00 2.273026e+00 2.280523e+00 2.288078e+00 2.295697e+00 2.303389e+00 2.311160e+00 2.319018e+00 2.326971e+00 2.335025e+00 2.343191e+00 2.351473e+00 2.359882e+00 2.368425e+00 2.377111e+00 2.385947e+00 2.394942e+00 2.404106e+00 2.413446e+00 2.422972e+00 2.432693e+00 2.442618e+00 2.452758e+00 2.463121e+00 2.473718e+00 2.484559e+00 2.495655e+00 2.507016e+00 2.518653e+00 2.530577e+00 2.542801e+00 2.555335e+00 2.568192e+00 2.581385e+00 2.594926e+00 2.608828e+00 2.623104e+00 2.637769e+00 2.652836e+00 2.668320e+00 2.684237e+00 2.700601e+00 2.717428e+00 2.734734e+00 2.752537e+00 2.770853e+00 2.789701e+00 2.809097e+00 2.829062e+00 2.849614e+00 2.870773e+00 2.892560e+00 2.917150e+00
6.654635e-01 6.523141e-01 6.383319e-01 6.249025e-01 6.120076e-01 5.996292e-01 5.877504e-01 5.763548e-01 5.654267e-01 5.549511e-01 5.449135e-01 5.353002e-01 5.260978e-01 5.172937e-01 5.088758e-01 5.008325e-01 4.931528e-01 4.858260e-01 4.788420e-01 4.721912e-01 4.658646e-01 4.598533e-01 4.541491e-01 4.487441e-01 4.436309e-01 4.388025e-01 4.342521e-01 4.299736e-01 4.259611e-01 4.222089e-01 4.187120e-01 4.154655e-01 4.124650e-01 4.097064e-01 4.071857e-01 4.048996e-01 4.028450e-01 4.010189e-01 3.994189e-01 3.980427e-01 3.968886e-01 3.959548e-01 3.952401e-01 3.947435e-01 3.944644e-01 3.944022e-01 3.945571e-01 3.949291e-01 3.955188e-01 3.963270e-01 3.973548e-01 3.986037e-01 4.000752e-01 4.017716e-01 4.036950e-01 4.058482e-01 4.082342e-01 4.108561e-01 4.137176e-01 4.168227e-01 4.201757e-01 4.237811e-01 4.276439e-01 4.317694e-01 4.361634e-01 4.408318e-01 4.457811e-01 4.514458e-01
1.302940e+00 1.303128e+00 1.303374e+00 1.303704e+00 1.304119e+00 1.304619e+00 1.305206e+00 1.305879e+00 1.306639e+00 1.307488e+00 1.308426e+00 1.309454e+00 1.310575e+00 1.311788e+00 1.313095e+00 1.314498e+00 1.315999e+00 1.317600e+00 1.319301e+00 1.321106e+00 1.323016e+00 1.325034e+00 1.327161e+00 1.329401e+00 1.331757e+00 1.334230e+00 1.336824e+00 1.339542e+00 1.342387e+00 1.345362e+00 1.348471e+00 1.351718e+00 1.355106e+00 1.358640e+00 1.362323e+00 1.366160e+00 1.370156e+00 1.374315e+00 1.378641e+00 1.383141e+00 1.387819e+00 1.392682e+00 1.397733e+00 1.402981e+00 1.408430e+00 1.414088e+00 1.419960e+00 1.426054e+00 1.432377e+00 1.438936e+00 1.445740e+00 1.452796e+00 1.460112e+00 1.467697e+00 1.475560e+00 1.483711e+00 1.492158e+00 1.500913e+00 1.509984e+00 1.519383e+00 1.529121e+00 1.539210e+00 1.549660e+00 1.560486e+00 1.571698e+00 1.583311e+00 1.595338e+00 1.605398e+00
1.129514e+00 1.109337e+00 1.077936e+00 1.049210e+00 1.022945e+00 9.989457e-01 9.770340e-01 9.570470e-01 9.388361e-01 9.222659e-01 9.072132e-01 8.935662e-01 8.812235e-01 8.700933e-01 8.600928e-01 8.511478e-01 8.431917e-01 8.361654e-01 8.300168e-01 8.247000e-01 8.201755e-01 8.164099e-01 8.133749e-01 8.110482e-01 8.094124e-01 8.084553e-01 8.081698e-01 8.085538e-01 8.096102e-01 8.113468e-01 8.137765e-01 8.169173e-01 8.207927e-01 8.254315e-01 8.308680e-01 8.371427e-01 8.443023e-01 8.524000e-01 8.614959e-01 8.716577e-01 8.829609e-01 8.954895e-01 9.093367e-01 9.246053e-01 9.414088e-01 9.598722e-01 9.801327e-01 1.002341e+00 1.026662e+00 1.053276e+00 1.082382e+00 1.114195e+00 1.148953e+00 1.186913e+00 1.228358e+00 1.273595e+00 1.322961e+00 1.376823e+00 1.435582e+00 1.499673e+00 1.569574e+00 1.645803e+00 1.728928e+00 1.819566e+00 1.918392e+00 2.026139e+00 2.143608e+00 2.231565e+00
2.582163e+00 2.559473e+00 2.539715e+00 2.520490e+00 2.501776e+00 2.483548e+00 2.465784e+00 2.448463e+00 2.431563e+00 2.415064e+00 2.398945e+00 2.383186e+00 2.367768e+00 2.352673e+00 2.337880e+00 2.323373e+00 2.309134e+00 2.295145e+00 2.281388e+00 2.267847e+00 2.254505e+00 2.241347e+00 2.228354e+00 2.215513e+00 2.202806e+00 2.190219e+00 2.177736e+00 2.165341e+00 2.153019e+00 2.140755e+00 2.128534e+00 2.116341e+00 2.104161e+00 2.091980e+00 2.079781e+00 2.067550e+00 2.055272e+00 2.042932e+00 2.030515e+00 2.018006e+00 2.005388e+00 1.992647e+00 1.979767e+00 1.966732e+00 1.953526e+00 1.940133e+00 1.926537e+00 1.912720e+00 1.898666e+00 1.884357e+00 1.869776e+00 1.854905e+00 1.839725e+00 1.824218e+00 1.808366e+00 1.792147e+00 1.775543e+00 1.758534e+00 1.741097e+00 1.723212e+00 1.704857e+00 1.686009e+00 1.666645e+00 1.646741e+00 1.626273e+00 1.605215e+00 1.583542e+00 1.545505e+00
2.140817e+00 2.181697e+00 2.238692e+00 2.293672e+00 2.346664e+00 2.397694e+00 2.446787e+00 2.493969e+00 2.539263e+00 2.582691e+00 2.624275e+00 2.664036e+00 2.701993e+00 2.738166e+00 2.772573e+00 2.805231e+00 2.836156e+00 2.865364e+00 2.892869e+00 2.918685e+00 2.942826e+00 2.965302e+00 2.986125e+00 3.005305e+00 3.022853e+00 3.038777e+00 3.053085e+00 3.065784e+00 3.076880e+00 3.086379e+00 3.094286e+00 3.100604e+00 3.105337e+00 3.108488e+00 3.110057e+00 3.110045e+00 3.108453e+00 3.105280e+00 3.100524e+00 3.094182e+00 3.086252e+00 3.076730e+00 3.065610e+00 3.052888e+00 3.038557e+00 3.022609e+00 3.005038e+00 2.985833e+00 2.964986e+00 2.942486e+00 2.918321e+00 2.892481e+00 2.864951e+00 2.835718e+00 2.804768e+00 2.772084e+00 2.737652e+00 2.701453e+00 2.663469e+00 2.623682e+00 2.582071e+00 2.538616e+00 2.493295e+00 2.446086e+00 2.396964e+00 2.345906e+00 2.292885e+00 2.248380e+00
7.308416e-01 7.741321e-01 8.331321e-01 8.894855e-01 9.432874e-01 9.946289e-01 1.043597e+00 1.090274e+00 1.134739e+00 1.177068e+00 1.217331e+00 1.255598e+00 1.291932e+00 1.326396e+00 1.359046e+00 1.389940e+00 1.419129e+00 1.446661e+00 1.472585e+00 1.496943e+00 1.519777e+00 1.541126e+00 1.561025e+00 1.579509e+00 1.596608e+00 1.612351e+00 1.626766e+00 1.639876e+00 1.651703e+00 1.662268e+00 1.671589e+00 1.679681e+00 1.686557e+00 1.692231e+00 1.696710e+00 1.700003e+00 1.702116e+00 1.703051e+00 1.702810e+00 1.701394e+00 1.698799e+00 1.695022e+00 1.690055e+00 1.683891e+00 1.676519e+00 1.667926e+00 1.658099e+00 1.647020e+00 1.634670e+00 1.621030e+00 1.606075e+00 1.589780e+00 1.572119e+00 1.553060e+00 1.532572e+00 1.510621e+00 1.487168e+00 1.462174e+00 1.435598e+00 1.407394e+00 1.377514e+00 1.345909e+00 1.312523e+00 1.277302e+00 1.240185e+00 1.201110e+00 1.160010e+00 1.130381e+00
8.129448e-01 7.691082e-01 7.522310e-01 7.359938e-01 7.203744e-01 7.053515e-01 6.909045e-01 6.770136e-01 6.636598e-01 6.508248e-01 6.384911e-01 6.266418e-01 6.152606e-01 6.043320e-01 5.938410e-01 5.837732e-01 5.741150e-01 5.648530e-01 5.559745e-01 5.474675e-01 5.393203e-01 5.315217e-01 5.240611e-01 5.169282e-01 5.101133e-01 5.036070e-01 4.974005e-01 4.914853e-01 4.858532e-01 4.804966e-01 4.754080e-01 4.705807e-01 4.660078e-01 4.616833e-01 4.576011e-01 4.537557e-01 4.501418e-01 4.467545e-01 4.435891e-01 4.406413e-01 4.379071e-01 4.353827e-01 4.330646e-01 4.309498e-01 4.290352e-01 4.273184e-01 4.257968e-01 4.244685e-01 4.233316e-01 4.223846e-01 4.216262e-01 4.210553e-01 4.206712e-01 4.204733e-01 4.204613e-01 4.206353e-01 4.209955e-01 4.215423e-01 4.222766e-01 4.231993e-01 4.243117e-01 4.256152e-01 4.271118e-01 4.288035e-01 4.306925e-01 4.327814e-01 4.350732e-01 4.384108e-01
4.823663e-01 4.668693e-01 4.505976e-01 4.349753e-01 4.199785e-01 4.055848e-01 3.917721e-01 3.785197e-01 3.658074e-01 3.536160e-01 3.419271e-01 3.307228e-01 3.199862e-01 3.097011e-01 2.998519e-01 2.904237e-01 2.814021e-01 2.727736e-01 2.645250e-01 2.566439e-01 2.491182e-01 2.419367e-01 2.350884e-01 2.285630e-01 2.223505e-01 2.164416e-01 2.108273e-01 2.054992e-01 2.004490e-01 1.956692e-01 1.911526e-01 1.868923e-01 1.828818e-01 1.791151e-01 1.755864e-01 1.722905e-01 1.692222e-01 1.663771e-01 1.637507e-01 1.613392e-01 1.591387e-01 1.571461e-01 1.553582e-01 1.537724e-01 1.523863e-01 1.511978e-01 1.502050e-01 1.494065e-01 1.488011e-01 1.483878e-01 1.481660e-01 1.481354e-01 1.482959e-01 1.486478e-01 1.491916e-01 1.499282e-01 1.508586e-01 1.519842e-01 1.533068e-01 1.548284e-01 1.565513e-01 1.584780e-01 1.606116e-01 1.629551e-01 1.655123e-01 1.682869e-01 1.712832e-01 1.771219e-01
2.796344e+00 2.829877e+00 2.848156e+00 2.865578e+00 2.882149e+00 2.897873e+00 2.912756e+00 2.926801e+00 2.940015e+00 2.952400e+00 2.963961e+00 2.974701e+00 2.984624e+00 2.993733e+00 3.002030e+00 3.009519e+00 3.016201e+00 3.022080e+00 3.027155e+00 3.031430e+00 3.034906e+00 3.037583e+00 3.039463e+00 3.040546e+00 3.040833e+00 3.040322e+00 3.039016e+00 3.036912e+00 3.034011e+00 3.030310e+00 3.025811e+00 3.020510e+00 3.014406e+00 3.007497e+00 2.999781e+00 2.991256e+00 2.981919e+00 2.971767e+00 2.960797e+00 2.949005e+00 2.936387e+00 2.922940e+00 2.908660e+00 2.893541e+00 2.877580e+00 2.860771e+00 2.843108e+00 2.824587e+00 2.805201e+00 2.784945e+00 2.763811e+00 2.741794e+00 2.718886e+00 2.695080e+00 2.670369e+00 2.644745e+00 2.618199e+00 2.590724e+00 2.562311e+00 2.532950e+00 2.502633e+00 2.471350e+00 2.439091e+00 2.405846e+00 2.371604e+00 2.336356e+00 2.300089e+00 2.252714e+00
3.542498e+00 3.575823e+00 3.606029e+00 3.635100e+00 3.663041e+00 3.689860e+00 3.715563e+00 3.740154e+00 3.763641e+00 3.786027e+00 3.807319e+00 3.827520e+00 3.846636e+00 3.864671e+00 3.881628e+00 3.897512e+00 3.912326e+00 3.926073e+00 3.938757e+00 3.950380e+00 3.960945e+00 3.970455e+00 3.978911e+00 3.986316e+00 3.992671e+00 3.997977e+00 4.002236e+00 4.005449e+00 4.007615e+00 4.008737e+00 4.008814e+00 4.007846e+00 4.005834e+00 4.002775e+00 3.998670e+00 3.993519e+00 3.987319e+00 3.980069e+00 3.971768e+00 3.962413e+00 3.952004e+00 3.940537e+00 3.928009e+00 3.914419e+00 3.899762e+00 3.884036e+00 3.867237e+00 3.849362e+00 3.830406e+00 3.810365e+00 3.789234e+00 3.767009e+00 3.743685e+00 3.719257e+00 3.693718e+00 3.667064e+00 3.639288e+00 3.610385e+00 3.580346e+00 3.549167e+00 3.516840e+00 3.483357e+00 3.448711e+00 3.412894e+00 3.375898e+00 3.337716e+00 3.298337e+00 3.267405e+00
1.661392e+00 1.635967e+00 1.613504e+00 1.592487e+00 1.572880e+00 1.554651e+00 1.537770e+00 1.522209e+00 1.507942e+00 1.494946e+00 1.483199e+00 1.472681e+00 1.463376e+00 1.455268e+00 1.448343e+00 1.442590e+00 1.437999e+00 1.434564e+00 1.432277e+00 1.431136e+00 1.431139e+00 1.432285e+00 1.434577e+00 1.438017e+00 1.442613e+00 1.448371e+00 1.455301e+00 1.463415e+00 1.472725e+00 1.483248e+00 1.495001e+00 1.508003e+00 1.522275e+00 1.537842e+00 1.554729e+00 1.572964e+00 1.592577e+00 1.613601e+00 1.636070e+00 1.660022e+00 1.685496e+00 1.712534e+00 1.741182e+00 1.771486e+00 1.803496e+00 1.837267e+00 1.872853e+00 1.910313e+00 1.949709e+00 1.991107e+00 2.034575e+00 2.080186e+00 2.128013e+00 2.178137e+00 2.230641e+00 2.285611e+00 2.343138e+00 2.403318e+00 2.466250e+00 2.532038e+00 2.600791e+00 2.672623e+00 2.747652e+00 2.826004e+00 2.907807e+00 2.993196e+00 3.082314e+00 3.176317e+00
1.520975e+00 1.536239e+00 1.544461e+00 1.552595e+00 1.560652e+00 1.568645e+00 1.576586e+00 1.584488e+00 1.592363e+00 1.600223e+00 1.608079e+00 1.615945e+00 1.623832e+00 1.631752e+00 1.639718e+00 1.647741e+00 1.655835e+00 1.664011e+00 1.672282e+00 1.680662e+00 1.689162e+00 1.697795e+00 1.706576e+00 1.715518e+00 1.724634e+00 1.733938e+00 1.743446e+00 1.753170e+00 1.763127e+00 1.773332e+00 1.783800e+00 1.794548e+00 1.805591e+00 1.816948e+00 1.828635e+00 1.840671e+00 1.853074e+00 1.865863e+00 1.879057e+00 1.892678e+00 1.906746e+00 1.921283e+00 1.936310e+00 1.951852e+00 1.967933e+00 1.984575e+00 2.001807e+00 2.019653e+00 2.038143e+00 2.057302e+00 2.077163e+00 2.097754e+00 2.119108e+00 2.141258e+00 2.164237e+00 2.188082e+00 2.212828e+00 2.238513e+00 2.265179e+00 2.292864e+00 2.321613e+00 2.351468e+00 2.382477e+00 2.414687e+00 2.448147e+00 2.482909e+00 2.519027e+00 2.577056e+00
1.376404e+00 1.330504e+00 1.303518e+00 1.277195e+00 1.251519e+00 1.226474e+00 1.202047e+00 1.178221e+00 1.154982e+00 1.132317e+00 1.110212e+00 1.088654e+00 1.067629e+00 1.047125e+00 1.027129e+00 1.007630e+00 9.886163e-01 9.700754e-01 9.519967e-01 9.343693e-01 9.171825e-01 9.004260e-01 8.840897e-01 8.681637e-01 8.526386e-01 8.375048e-01 8.227534e-01 8.083753e-01 7.943621e-01 7.807051e-01 7.673962e-01 7.544275e-01 7.417909e-01 7.294791e-01 7.174844e-01 7.057998e-01 6.944182e-01 6.833327e-01 6.725366e-01 6.620235e-01 6.517869e-01 6.418209e-01 6.321192e-01 6.226762e-01 6.134861e-01 6.045433e-01 5.958425e-01 5.873785e-01 5.791462e-01 5.711405e-01 5.633567e-01 5.557901e-01 5.484361e-01 5.412903e-01 5.343484e-01 5.276062e-01 5.210597e-01 5.147048e-01 5.085379e-01 5.025551e-01 4.967529e-01 4.911277e-01 4.856762e-01 4.803952e-01 4.752813e-01 4.703315e-01 4.655430e-01 4.573986e-01
1.121684e+00 1.138046e+00 1.159897e+00 1.180934e+00 1.201167e+00 1.220608e+00 1.239266e+00 1.257150e+00 1.274271e+00 1.290636e+00 1.306254e+00 1.321134e+00 1.335283e+00 1.348708e+00 1.361416e+00 1.373414e+00 1.384707e+00 1.395302e+00 1.405205e+00 1.414419e+00 1.422951e+00 1.430804e+00 1.437982e+00 1.444490e+00 1.450330e+00 1.455505e+00 1.460019e+00 1.463873e+00 1.467069e+00 1.469610e+00 1.471496e+00 1.472729e+00 1.473308e+00 1.473235e+00 1.472509e+00 1.471130e+00 1.469097e+00 1.466409e+00 1.463065e+00 1.459063e+00 1.454402e+00 1.449077e+00 1.443088e+00 1.436430e+00 1.429101e+00 1.421096e+00 1.412411e+00 1.403043e+00 1.392985e+00 1.382234e+00 1.370783e+00 1.358626e+00 1.345758e+00 1.332171e+00 1.317859e+00 1.302814e+00 1.287029e+00 1.270495e+00 1.253204e+00 1.235147e+00 1.216314e+00 1.196696e+00 1.176284e+00 1.155065e+00 1.133030e+00 1.110167e+00 1.086464e+00 1.069130e+00
1.898548e+00 1.948344e+00 1.986416e+00 2.023026e+00 2.058188e+00 2.091917e+00 2.124226e+00 2.155130e+00 2.184640e+00 2.212770e+00 2.239530e+00 2.264932e+00 2.288986e+00 2.311702e+00 2.333090e+00 2.353158e+00 2.371914e+00 2.389366e+00 2.405523e+00 2.420389e+00 2.433971e+00 2.446276e+00 2.457307e+00 2.467070e+00 2.475569e+00 2.482806e+00 2.488786e+00 2.493510e+00 2.496980e+00 2.499198e+00 2.500165e+00 2.499882e+00 2.498347e+00 2.495561e+00 2.491522e+00 2.486229e+00 2.479679e+00 2.471870e+00 2.462799e+00 2.452461e+00 2.440853e+00 2.427969e+00 2.413805e+00 2.398355e+00 2.381611e+00 2.363568e+00 2.344218e+00 2.323553e+00 2.301564e+00 2.278242e+00 2.253578e+00 2.227561e+00 2.200181e+00 2.171427e+00 2.141286e+00 2.109746e+00 2.076794e+00 2.042417e+00 2.006600e+00 1.969329e+00 1.930588e+00 1.890362e+00 1.848632e+00 1.805384e+00 1.760598e+00 1.714255e+00 1.666338e+00 1.615927e+00
1.825089e-01 1.824475e-01 1.825729e-01 1.828863e-01 1.833881e-01 1.840788e-01 1.849593e-01 1.860306e-01 1.872940e-01 1.887510e-01 1.904033e-01 1.922529e-01 1.943019e-01 1.965528e-01 1.990082e-01 2.016711e-01 2.045446e-01 2.076321e-01 2.109373e-01 2.144640e-01 2.182165e-01 2.221992e-01 2.264169e-01 2.308744e-01 2.355772e-01 2.405307e-01 2.457408e-01 2.512137e-01 2.569559e-01 2.629742e-01 2.692757e-01 2.758678e-01 2.827585e-01 2.899557e-01 2.974681e-01 3.053046e-01 3.134744e-01 3.219873e-01 3.308532e-01 3.400827e-01 3.496867e-01 3.596766e-01 3.700643e-01 3.808620e-01 3.920824e-01 4.037390e-01 4.158455e-01 4.284163e-01 4.414661e-01 4.550106e-01 4.690657e-01 4.836480e-01 4.987749e-01 5.144643e-01 5.307346e-01 5.476053e-01 5.650962e-01 5.832282e-01 6.020226e-01 6.215017e-01 6.416887e-01 6.626073e-01 6.842824e-01 7.067396e-01 7.300056e-01 7.541078e-01 7.790749e-01 8.433301e-01
2.875110e-01 2.822248e-01 2.746131e-01 2.675064e-01 2.608737e-01 2.546863e-01 2.489171e-01 2.435410e-01 2.385347e-01 2.338763e-01 2.295455e-01 2.255235e-01 2.217927e-01 2.183370e-01 2.151412e-01 2.121915e-01 2.094749e-01 2.069798e-01 2.046951e-01 2.026110e-01 2.007183e-01 1.990089e-01 1.974753e-01 1.961108e-01 1.949095e-01 1.938661e-01 1.929761e-01 1.922356e-01 1.916414e-01 1.911909e-01 1.908822e-01 1.907138e-01 1.906852e-01 1.907960e-01 1.910469e-01 1.914389e-01 1.919738e-01 1.926537e-01 1.934818e-01 1.944617e-01 1.955975e-01 1.968942e-01 1.983575e-01 1.999938e-01 2.018102e-01 2.038145e-01 2.060156e-01 2.084230e-01 2.110471e-01 2.138995e-01 2.169925e-01 2.203396e-01 2.239554e-01 2.278556e-01 2.320573e-01 2.365786e-01 2.414393e-01 2.466607e-01 2.522653e-01 2.582776e-01 2.647238e-01 2.716320e-01 2.790323e-01 2.869568e-01 2.954401e-01 3.045191e-01 3.142334e-01 3.242665e-01
4.084515e-01 4.187048e-01 4.349485e-01 4.503214e-01 4.648760e-01 4.786620e-01 4.917265e-01 5.041143e-01 5.158676e-01 5.270266e-01 5.376294e-01 5.477122e-01 5.573095e-01 5.664542e-01 5.751774e-01 5.835089e-01 5.914773e-01 5.991097e-01 6.064323e-01 6.134701e-01 6.202470e-01 6.267863e-01 6.331104e-01 6.392407e-01 6.451984e-01 6.510037e-01 6.566764e-01 6.622360e-01 6.677015e-01 6.730915e-01 6.784244e-01 6.837185e-01 6.889919e-01 6.942626e-01 6.995485e-01 7.048678e-01 7.102387e-01 7.156795e-01 7.212087e-01 7.268453e-01 7.326085e-01 7.385181e-01 7.445942e-01 7.508576e-01 7.573297e-01 7.640326e-01 7.709892e-01 7.782233e-01 7.857596e-01 7.936238e-01 8.018429e-01 8.104449e-01 8.194592e-01 8.289167e-01 8.388495e-01 8.492918e-01 8.602791e-01 8.718490e-01 8.840411e-01 8.968970e-01 9.104606e-01 9.247783e-01 9.398990e-01 9.558744e-01 9.727591e-01 9.906107e-01 1.009490e+00 1.023732e+00
1.080009e+00 1.110890e+00 1.139548e+00 1.167260e+00 1.194052e+00 1.219948e+00 1.244972e+00 1.269145e+00 1.292491e+00 1.315029e+00 1.336780e+00 1.357764e+00 1.377999e+00 1.397504e+00 1.416297e+00 1.434394e+00 1.451811e+00 1.468565e+00 1.484671e+00 1.500142e+00 1.514993e+00 1.529238e+00 1.542888e+00 1.555957e+00 1.568456e+00 1.580397e+00 1.591790e+00 1.602646e+00 1.612973e+00 1.622783e+00 1.632082e+00 1.640881e+00 1.649186e+00 1.657006e+00 1.664346e+00 1.671215e+00 1.677618e+00 1.683560e+00 1.689048e+00 1.694086e+00 1.698679e+00 1.702830e+00 1.706544e+00 1.709824e+00 1.712673e+00 1.715093e+00 1.717087e+00 1.718657e+00 1.719803e+00 1.720527e+00 1.720829e+00 1.720711e+00 1.720171e+00 1.719209e+00 1.717824e+00 1.716016e+00 1.713782e+00 1.711120e+00 1.708029e+00 1.704505e+00 1.700545e+00 1.696145e+00 1.691302e+00 1.686011e+00 1.680268e+00 1.674066e+00 1.667402e+00 1.660015e+00
1.844574e+00 1.887474e+00 1.924848e+00 1.960714e+00 1.995118e+00 2.028102e+00 2.059707e+00 2.089973e+00 2.118938e+00 2.146637e+00 2.173106e+00 2.198378e+00 2.222483e+00 2.245453e+00 2.267315e+00 2.288098e+00 2.307826e+00 2.326526e+00 2.344219e+00 2.360928e+00 2.376675e+00 2.391478e+00 2.405356e+00 2.418327e+00 2.430406e+00 2.441610e+00 2.451951e+00 2.461442e+00 2.470097e+00 2.477924e+00 2.484935e+00 2.491137e+00 2.496539e+00 2.501148e+00 2.504968e+00 2.508006e+00 2.510264e+00 2.511745e+00 2.512452e+00 2.512385e+00 2.511545e+00 2.509929e+00 2.507536e+00 2.504364e+00 2.500408e+00 2.495662e+00 2.490122e+00 2.483781e+00 2.476630e+00 2.468660e+00 2.459862e+00 2.450224e+00 2.439735e+00 2.428382e+00 2.416149e+00 2.403023e+00 2.388986e+00 2.374021e+00 2.358110e+00 2.341232e+00 2.323366e+00 2.304490e+00 2.284582e+00 2.263614e+00 2.241562e+00 2.218399e+00 2.194094e+00 2.168354e+00
1.636073e+00 1.697188e+00 1.780097e+00 1.859661e+00 1.936010e+00 2.009268e+00 2.079555e+00 2.146985e+00 2.211669e+00 2.273712e+00 2.333215e+00 2.390277e+00 2.444988e+00 2.497440e+00 2.547717e+00 2.595902e+00 2.642073e+00 2.686306e+00 2.728673e+00 2.769243e+00 2.808081e+00 2.845253e+00 2.880818e+00 2.914834e+00 2.947357e+00 2.978439e+00 3.008133e+00 3.036485e+00 3.063543e+00 3.089351e+00 3.113950e+00 3.137381e+00 3.159682e+00 3.180889e+00 3.201038e+00 3.220160e+00 3.238288e+00 3.255450e+00 3.271675e+00 3.286990e+00 3.301418e+00 3.314985e+00 3.327711e+00 3.339618e+00 3.350725e+00 3.361050e+00 3.370611e+00 3.379422e+00 3.387498e+00 3.394853e+00 3.401498e+00 3.407444e+00 3.412701e+00 3.417277e+00 3.421180e+00 3.424416e+00 3.426991e+00 3.428909e+00 3.430172e+00 3.430784e+00 3.430744e+00 3.430053e+00 3.428710e+00 3.426713e+00 3.424057e+00 3.420740e+00 3.416755e+00 3.409471e+00
1.053025e+00 1.095999e+00 1.126369e+00 1.155072e+00 1.182192e+00 1.207808e+00 1.231994e+00 1.254821e+00 1.276356e+00 1.296661e+00 1.315795e+00 1.333814e+00 1.350771e+00 1.366715e+00 1.381692e+00 1.395746e+00 1.408918e+00 1.421246e+00 1.432766e+00 1.443512e+00 1.453515e+00 1.462805e+00 1.471407e+00 1.479348e+00 1.486650e+00 1.493334e+00 1.499421e+00 1.504928e+00 1.509870e+00 1.514263e+00 1.518119e+00 1.521449e+00 1.524264e+00 1.526570e+00 1.528375e+00 1.529685e+00 1.530502e+00 1.530830e+00 1.530669e+00 1.530019e+00 1.528878e+00 1.527243e+00 1.525108e+00 1.522469e+00 1.519316e+00 1.515641e+00 1.511433e+00 1.506679e+00 1.501367e+00 1.495481e+00 1.489002e+00 1.481914e+00 1.474194e+00 1.465820e+00 1.456768e+00 1.447012e+00 1.436524e+00 1.425272e+00 1.413223e+00 1.400344e+00 1.386596e+00 1.371939e+00 1.356331e+00 1.339725e+00 1.322075e+00 1.303328e+00 1.283429e+00 1.267687e+00
1.995932e+00 2.086220e+00 2.171883e+00 2.253557e+00 2.331374e+00 2.405460e+00 2.475934e+00 2.542912e+00 2.606502e+00 2.666807e+00 2.723925e+00 2.777947e+00 2.828963e+00 2.877053e+00 2.922297e+00 2.964768e+00 3.004534e+00 3.041660e+00 3.076206e+00 3.108229e+00 3.137779e+00 3.164905e+00 3.189650e+00 3.212056e+00 3.232158e+00 3.249989e+00 3.265577e+00 3.278949e+00 3.290124e+00 3.299123e+00 3.305959e+00 3.310643e+00 3.313184e+00 3.313584e+00 3.311845e+00 3.307965e+00 3.301935e+00 3.293748e+00 3.283389e+00 3.270842e+00 3.256087e+00 3.239099e+00 3.219851e+00 3.198312e+00 3.174447e+00 3.148217e+00 3.119580e+00 3.088489e+00 3.054894e+00 3.018741e+00 2.979971e+00 2.938521e+00 2.894323e+00 2.847307e+00 2.797396e+00 2.744510e+00 2.688562e+00 2.629462e+00 2.567113e+00 2.501416e+00 2.432264e+00 2.359544e+00 2.283139e+00 2.202924e+00 2.118771e+00 2.030542e+00 1.938094e+00 1.861769e+00
9.404421e-01 9.359896e-01 9.301860e-01 9.245553e-01 9.190891e-01 9.137789e-01 9.086169e-01 9.035953e-01 8.987064e-01 8.939428e-01 8.892975e-01 8.847632e-01 8.803333e-01 8.760010e-01 8.717598e-01 8.676032e-01 8.635250e-01 8.595191e-01 8.555793e-01 8.516997e-01 8.478745e-01 8.440979e-01 8.403641e-01 8.366676e-01 8.330028e-01 8.293641e-01 8.257460e-01 8.221430e-01 8.185498e-01 8.149608e-01 8.113708e-01 8.077741e-01 8.041655e-01 8.005395e-01 7.968905e-01 7.932131e-01 7.895017e-01 7.857507e-01 7.819545e-01 7.781073e-01 7.742032e-01 7.702365e-01 7.662011e-01 7.620909e-01 7.578997e-01 7.536212e-01 7.492489e-01 7.447762e-01 7.401964e-01 7.355025e-01 7.306874e-01 7.257439e-01 7.206646e-01 7.154416e-01 7.100672e-01 7.045332e-01 6.988313e-01 6.929528e-01 6.868889e-01 6.806305e-01 6.741679e-01 6.674916e-01 6.605914e-01 6.534569e-01 6.460773e-01 6.384414e-01 6.305378e-01 6.171978e-01
2.277083e+00 2.205023e+00 2.150905e+00 2.099193e+00 2.049798e+00 2.002633e+00 1.957618e+00 1.914675e+00 1.873728e+00 1.834708e+00 1.797547e+00 1.762180e+00 1.728547e+00 1.696588e+00 1.666250e+00 1.637478e+00 1.610224e+00 1.584441e+00 1.560083e+00 1.537109e+00 1.515478e+00 1.495154e+00 1.476102e+00 1.458287e+00 1.441680e+00 1.426251e+00 1.411975e+00 1.398826e+00 1.386781e+00 1.375820e+00 1.365924e+00 1.357076e+00 1.349259e+00 1.342462e+00 1.336671e+00 1.331878e+00 1.328073e+00 1.325250e+00 1.323404e+00 1.322533e+00 1.322634e+00 1.323707e+00 1.325756e+00 1.328782e+00 1.332792e+00 1.337792e+00 1.343790e+00 1.350798e+00 1.358828e+00 1.367893e+00 1.378009e+00 1.389193e+00 1.401465e+00 1.414847e+00 1.429360e+00 1.445031e+00 1.461887e+00 1.479956e+00 1.499270e+00 1.519862e+00 1.541769e+00 1.565027e+00 1.589677e+00 1.615762e+00 1.643328e+00 1.672420e+00 1.703091e+00 1.733228e+00
4.842143e-01 4.689935e-01 4.586437e-01 4.489920e-01 4.399901e-01 4.315929e-01 4.237584e-01 4.164474e-01 4.096233e-01 4.032520e-01 3.973017e-01 3.917425e-01 3.865466e-01 3.816880e-01 3.771425e-01 3.728873e-01 3.689011e-01 3.651639e-01 3.616571e-01 3.583631e-01 3.552654e-01 3.523486e-01 3.495980e-01 3.469998e-01 3.445412e-01 3.422098e-01 3.399938e-01 3.378823e-01 3.358647e-01 3.339308e-01 3.320710e-01 3.302760e-01 3.285368e-01 3.268448e-01 3.251914e-01 3.235683e-01 3.219675e-01 3.203809e-01 3.188007e-01 3.172188e-01 3.156275e-01 3.140186e-01 3.123842e-01 3.107162e-01 3.090060e-01 3.072453e-01 3.054251e-01 3.035365e-01 3.015698e-01 2.995154e-01 2.973629e-01 2.951015e-01 2.927199e-01 2.902063e-01 2.875480e-01 2.847317e-01 2.817434e-01 2.785681e-01 2.751898e-01 2.715918e-01 2.677561e-01 2.636633e-01 2.592930e-01 2.546235e-01 2.496313e-01 2.442914e-01 2.385771e-01 2.343442e-01
2.087188e+00 2.084539e+00 2.082241e+00 2.079759e+00 2.077092e+00 2.074237e+00 2.071193e+00 2.067956e+00 2.064524e+00 2.060894e+00 2.057063e+00 2.053027e+00 2.048782e+00 2.044327e+00 2.039656e+00 2.034765e+00 2.029651e+00 2.024308e+00 2.018734e+00 2.012921e+00 2.006867e+00 2.000565e+00 1.994010e+00 1.987197e+00 1.980119e+00 1.972771e+00 1.965147e+00 1.957239e+00 1.949041e+00 1.940547e+00 1.931748e+00 1.922637e+00 1.913208e+00 1.903450e+00 1.893357e+00 1.882919e+00 1.872127e+00 1.860973e+00 1.849447e+00 1.837538e+00 1.825237e+00 1.812534e+00 1.799417e+00 1.785875e+00 1.771897e+00 1.757470e+00 1.742582e+00 1.727221e+00 1.711374e+00 1.695026e+00 1.678164e+00 1.660774e+00 1.642840e+00 1.624348e+00 1.605281e+00 1.585623e+00 1.565358e+00 1.544467e+00 1.522934e+00 1.500739e+00 1.477864e+00 1.454290e+00 1.429995e+00 1.404960e+00 1.379163e+00 1.352581e+00 1.325193e+00 1.302989e+00
1.963507e+00 1.959142e+00 1.956456e+00 1.953993e+00 1.951747e+00 1.949715e+00 1.947892e+00 1.946275e+00 1.944860e+00 1.943647e+00 1.942631e+00 1.941811e+00 1.941186e+00 1.940754e+00 1.940515e+00 1.940468e+00 1.940613e+00 1.940950e+00 1.941481e+00 1.942205e+00 1.943125e+00 1.944241e+00 1.945557e+00 1.947074e+00 1.948796e+00 1.950726e+00 1.952867e+00 1.955223e+00 1.957799e+00 1.960600e+00 1.963630e+00 1.966896e+00 1.970404e+00 1.974160e+00 1.978171e+00 1.982446e+00 1.986991e+00 1.991816e+00 1.996929e+00 2.002340e+00 2.008060e+00 2.014098e+00 2.020467e+00 2.027179e+00 2.034245e+00 2.041679e+00 2.049496e+00 2.057709e+00 2.066335e+00 2.075390e+00 2.084889e+00 2.094853e+00 2.105298e+00 2.116245e+00 2.127714e+00 2.139727e+00 2.152307e+00 2.165476e+00 2.179260e+00 2.193685e+00 2.208778e+00 2.224566e+00 2.241081e+00 2.258352e+00 2.276412e+00 2.295296e+00 2.315038e+00 2.332687e+00
1.553802e+00 1.535976e+00 1.521398e+00 1.507033e+00 1.492873e+00 1.478913e+00 1.465147e+00 1.451569e+00 1.438171e+00 1.424950e+00 1.411898e+00 1.399010e+00 1.386280e+00 1.373703e+00 1.361273e+00 1.348985e+00 1.336832e+00 1.324810e+00 1.312914e+00 1.301138e+00 1.289477e+00 1.277925e+00 1.266478e+00 1.255131e+00 1.243878e+00 1.232715e+00 1.221637e+00 1.210638e+00 1.199715e+00 1.188861e+00 1.178073e+00 1.167345e+00 1.156672e+00 1.146051e+00 1.135476e+00 1.124943e+00 1.114447e+00 1.103983e+00 1.093547e+00 1.083134e+00 1.072739e+00 1.062359e+00 1.051987e+00 1.041621e+00 1.031254e+00 1.020883e+00 1.010503e+00 1.000109e+00 9.896974e-01 9.792625e-01 9.688003e-01 9.583059e-01 9.477748e-01 9.372023e-01 9.265837e-01 9.159144e-01 9.051896e-01 8.944045e-01 8.835544e-01 8.726346e-01 8.616400e-01 8.505660e-01 8.394076e-01 8.281599e-01 8.168178e-01 8.053764e-01 7.938306e-01 7.795438e-01
4.954213e-01 4.948873e-01 4.942339e-01 4.936040e-01 4.929961e-01 4.924090e-01 4.918412e-01 4.912915e-01 4.907587e-01 4.902415e-01 4.897387e-01 4.892493e-01 4.887721e-01 4.883060e-01 4.878500e-01 4.874030e-01 4.869640e-01 4.865321e-01 4.861062e-01 4.856854e-01 4.852688e-01 4.848553e-01 4.844441e-01 4.840342e-01 4.836246e-01 4.832146e-01 4.828030e-01 4.823891e-01 4.819718e-01 4.815503e-01 4.811235e-01 4.806904e-01 4.802502e-01 4.798018e-01 4.793442e-01 4.788764e-01 4.783972e-01 4.779057e-01 4.774006e-01 4.768809e-01 4.763454e-01 4.757928e-01 4.752219e-01 4.746315e-01 4.740201e-01 4.733864e-01 4.727289e-01 4.720462e-01 4.713367e-01 4.705989e-01 4.698309e-01 4.690311e-01 4.681978e-01 4.673289e-01 4.664225e-01 4.654766e-01 4.644889e-01 4.634574e-01 4.623796e-01 4.612531e-01 4.600754e-01 4.588437e-01 4.575553e-01 4.562073e-01 4.547966e-01 4.533200e-01 4.517741e-01 4.502284e-01
3.074743e+00 3.106619e+00 3.133930e+00 3.160501e+00 3.186352e+00 3.211506e+00 3.235981e+00 3.259796e+00 3.282972e+00 3.305527e+00 3.327477e+00 3.348841e+00 3.369636e+00 3.389878e+00 3.409584e+00 3.428768e+00 3.447447e+00 3.465634e+00 3.483346e+00 3.500594e+00 3.517394e+00 3.533759e+00 3.549702e+00 3.565234e+00 3.580370e+00 3.595120e+00 3.609496e+00 3.623510e+00 3.637173e+00 3.650496e+00 3.663490e+00 3.676164e+00 3.688529e+00 3.700595e+00 3.712371e+00 3.723866e+00 3.735090e+00 3.746052e+00 3.756760e+00 3.767223e+00 3.777450e+00 3.787447e+00 3.797224e+00 3.806788e+00 3.816146e+00 3.825306e+00 3.834276e+00 3.843062e+00 3.851672e+00 3.860112e+00 3.868389e+00 3.876509e+00 3.884480e+00 3.892306e+00 3.899996e+00 3.907554e+00 3.914987e+00 3.922300e+00 3.929500e+00 3.936592e+00 3.943581e+00 3.950474e+00 3.957276e+00 3.963992e+00 3.970628e+00 3.977188e+00 3.983678e+00 3.990040e+00
1.768095e+00 1.766892e+00 1.765599e+00 1.764386e+00 1.763249e+00 1.762185e+00 1.761190e+00 1.760261e+00 1.759396e+00 1.758592e+00 1.757845e+00 1.757155e+00 1.756518e+00 1.755933e+00 1.755397e+00 1.754910e+00 1.754469e+00 1.754074e+00 1.753722e+00 1.753413e+00 1.753146e+00 1.752920e+00 1.752735e+00 1.752589e+00 1.752483e+00 1.752415e+00 1.752386e+00 1.752396e+00 1.752445e+00 1.752532e+00 1.752659e+00 1.752825e+00 1.753031e+00 1.753277e+00 1.753566e+00 1.753896e+00 1.754270e+00 1.754689e+00 1.755153e+00 1.755665e+00 1.756225e+00 1.756837e+00 1.757501e+00 1.758220e+00 1.758995e+00 1.759830e+00 1.760727e+00 1.761689e+00 1.762719e+00 1.763820e+00 1.764996e+00 1.766249e+00 1.767585e+00 1.769008e+00 1.770521e+00 1.772129e+00 1.773839e+00 1.775654e+00 1.777581e+00 1.779626e+00 1.781795e+00 1.784095e+00 1.786533e+00 1.789117e+00 1.791855e+00 1.794755e+00 1.797827e+00 1.801888e+00
1.405730e+00 1.417345e+00 1.429078e+00 1.440705e+00 1.452232e+00 1.463662e+00 1.474998e+00 1.486244e+00 1.497402e+00 1.508478e+00 1.519473e+00 1.530392e+00 1.541238e+00 1.552013e+00 1.562723e+00 1.573368e+00 1.583954e+00 1.594483e+00 1.604959e+00 1.615384e+00 1.625763e+00 1.636097e+00 1.646391e+00 1.656647e+00 1.666869e+00 1.677059e+00 1.687222e+00 1.697359e+00 1.707475e+00 1.717572e+00 1.727653e+00 1.737722e+00 1.747782e+00 1.757835e+00 1.767885e+00 1.777934e+00 1.787987e+00 1.798046e+00 1.808114e+00 1.818194e+00 1.828290e+00 1.838404e+00 1.848539e+00 1.858700e+00 1.868888e+00 1.879107e+00 1.889360e+00 1.899651e+00 1.909982e+00 1.920356e+00 1.930778e+00 1.941249e+00 1.951774e+00 1.962355e+00 1.972996e+00 1.983700e+00 1.994470e+00 2.005310e+00 2.016223e+00 2.027212e+00 2.038281e+00 2.049432e+00 2.060671e+00 2.071999e+00 2.083421e+00 2.094940e+00 2.106560e+00 2.118395e+00
1.864125e+00 1.891389e+00 1.931666e+00 1.969633e+00 2.005413e+00 2.039124e+00 2.070878e+00 2.100780e+00 2.128927e+00 2.155412e+00 2.180323e+00 2.203742e+00 2.225745e+00 2.246405e+00 2.265791e+00 2.283966e+00 2.300989e+00 2.316918e+00 2.331804e+00 2.345696e+00 2.358641e+00 2.370681e+00 2.381855e+00 2.392200e+00 2.401751e+00 2.410538e+00 2.418591e+00 2.425937e+00 2.432599e+00 2.438599e+00 2.443958e+00 2.448692e+00 2.452818e+00 2.456348e+00 2.459296e+00 2.461669e+00 2.463477e+00 2.464725e+00 2.465417e+00 2.465555e+00 2.465141e+00 2.464171e+00 2.462645e+00 2.460555e+00 2.457897e+00 2.454659e+00 2.450833e+00 2.446405e+00 2.441362e+00 2.435685e+00 2.429357e+00 2.422357e+00 2.414661e+00 2.406245e+00 2.397080e+00 2.387136e+00 2.376382e+00 2.364780e+00 2.352294e+00 2.338882e+00 2.324499e+00 2.309099e+00 2.292630e+00 2.275039e+00 2.256268e+00 2.236254e+00 2.214932e+00 2.186888e+00
2.128369e+00 2.147291e+00 2.154782e+00 2.161879e+00 2.168591e+00 2.174926e+00 2.180892e+00 2.186495e+00 2.191743e+00 2.196642e+00 2.201197e+00 2.205415e+00 2.209300e+00 2.212857e+00 2.216090e+00 2.219004e+00 2.221601e+00 2.223886e+00 2.225860e+00 2.227526e+00 2.228886e+00 2.229941e+00 2.230694e+00 2.231144e+00 2.231293e+00 2.231141e+00 2.230687e+00 2.229931e+00 2.228871e+00 2.227508e+00 2.225838e+00 2.223860e+00 2.221572e+00 2.218971e+00 2.216054e+00 2.212817e+00 2.209256e+00 2.205367e+00 2.201145e+00 2.196586e+00 2.191683e+00 2.186431e+00 2.180823e+00 2.174854e+00 2.168514e+00 2.161798e+00 2.154696e+00 2.147200e+00 2.139302e+00 2.130991e+00 2.122258e+00 2.113092e+00 2.103481e+00 2.093415e+00 2.082881e+00 2.071867e+00 2.060359e+00 2.048344e+00 2.035806e+00 2.022731e+00 2.009102e+00 1.994905e+00 1.980120e+00 1.964732e+00 1.948720e+00 1.932066e+00 1.914749e+00 1.900264e+00
9.969096e-01 9.789185e-01 9.598519e-01 9.415301e-01 9.239349e-01 9.070488e-01 8.908551e-01 8.753376e-01 8.604811e-01 8.462707e-01 8.326923e-01 8.197325e-01 8.073784e-01 7.956178e-01 7.844389e-01 7.738306e-01 7.637825e-01 7.542846e-01 7.453275e-01 7.369022e-01 7.290003e-01 7.216142e-01 7.147363e-01 7.083599e-01 7.024787e-01 6.970869e-01 6.921789e-01 6.877501e-01 6.837961e-01 6.803127e-01 6.772968e-01 6.747451e-01 6.726552e-01 6.710251e-01 6.698531e-01 6.691380e-01 6.688792e-01 6.690763e-01 6.697296e-01 6.708397e-01 6.724078e-01 6.744353e-01 6.769243e-01 6.798773e-01 6.832972e-01 6.871874e-01 6.915517e-01 6.963945e-01 7.017206e-01 7.075352e-01 7.138442e-01 7.206538e-01 7.279708e-01 7.358024e-01 7.441564e-01 7.530411e-01 7.624653e-01 7.724383e-01 7.829701e-01 7.940712e-01 8.057524e-01 8.180255e-01 8.309026e-01 8.443965e-01 8.585206e-01 8.732888e-01 8.887159e-01 9.378569e-01
4.151878e+00 4.103391e+00 4.074944e+00 4.046943e+00 4.019382e+00 3.992256e+00 3.965560e+00 3.939289e+00 3.913439e+00 3.888004e+00 3.862979e+00 3.838361e+00 3.814143e+00 3.790323e+00 3.766894e+00 3.743854e+00 3.721197e+00 3.698920e+00 3.677017e+00 3.655486e+00 3.634322e+00 3.613521e+00 3.593079e+00 3.572993e+00 3.553258e+00 3.533871e+00 3.514828e+00 3.496126e+00 3.477761e+00 3.459730e+00 3.442029e+00 3.424656e+00 3.407606e+00 3.390877e+00 3.374465e+00 3.358368e+00 3.342582e+00 3.327105e+00 3.311933e+00 3.297064e+00 3.282495e+00 3.268223e+00 3.254246e+00 3.240560e+00 3.227164e+00 3.214055e+00 3.201230e+00 3.188687e+00 3.176424e+00 3.164438e+00 3.152727e+00 3.141289e+00 3.130122e+00 3.119224e+00 3.108592e+00 3.098225e+00 3.088120e+00 3.078277e+00 3.068692e+00 3.059364e+00 3.050292e+00 3.041474e+00 3.032908e+00 3.024592e+00 3.016525e+00 3.008706e+00 3.001132e+00 2.991016e+00
2.670070e+00 2.635137e+00 2.611823e+00 2.589141e+00 2.567061e+00 2.545556e+00 2.524596e+00 2.504156e+00 2.484210e+00 2.464732e+00 2.445697e+00 2.427081e+00 2.408860e+00 2.391011e+00 2.373511e+00 2.356337e+00 2.339469e+00 2.322883e+00 2.306559e+00 2.290477e+00 2.274615e+00 2.258953e+00 2.243471e+00 2.228150e+00 2.212970e+00 2.197912e+00 2.182955e+00 2.168082e+00 2.153273e+00 2.138509e+00 2.123772e+00 2.109042e+00 2.094301e+00 2.079530e+00 2.064709e+00 2.049821e+00 2.034846e+00 2.019765e+00 2.004558e+00 1.989207e+00 1.973691e+00 1.957991e+00 1.942087e+00 1.925958e+00 1.909584e+00 1.892944e+00 1.876016e+00 1.858780e+00 1.841212e+00 1.823291e+00 1.804993e+00 1.786296e+00 1.767175e+00 1.747606e+00 1.727563e+00 1.707022e+00 1.685957e+00 1.664339e+00 1.642142e+00 1.619337e+00 1.595894e+00 1.571785e+00 1.546979e+00 1.521442e+00 1.495144e+00 1.468050e+00 1.440126e+00 1.405567e+00
3.005292e+00 3.078483e+00 3.132390e+00 3.184603e+00 3.235133e+00 3.283988e+00 3.331178e+00 3.376713e+00 3.420602e+00 3.462852e+00 3.503472e+00 3.542470e+00 3.579854e+00 3.615630e+00 3.649807e+00 3.682389e+00 3.713385e+00 3.742799e+00 3.770637e+00 3.796906e+00 3.821609e+00 3.844752e+00 3.866339e+00 3.886375e+00 3.904863e+00 3.921807e+00 3.937210e+00 3.951076e+00 3.963406e+00 3.974203e+00 3.983470e+00 3.991208e+00 3.997419e+00 4.002104e+00 4.005263e+00 4.006898e+00 4.007009e+00 4.005595e+00 4.002657e+00 3.998194e+00 3.992204e+00 3.984688e+00 3.975643e+00 3.965068e+00 3.952960e+00 3.939318e+00 3.924138e+00 3.907417e+00 3.889154e+00 3.869343e+00 3.847981e+00 3.825064e+00 3.800587e+00 3.774546e+00 3.746936e+00 3.717751e+00 3.686985e+00 3.654633e+00 3.620689e+00 3.585145e+00 3.547995e+00 3.509231e+00 3.468847e+00 3.426833e+00 3.383183e+00 3.337888e+00 3.290938e+00 3.220112e+00
2.436237e+00 2.393080e+00 2.377470e+00 2.362536e+00 2.348258e+00 2.334619e+00 2.321600e+00 2.309186e+00 2.297359e+00 2.286105e+00 2.275410e+00 2.265260e+00 2.255641e+00 2.246541e+00 2.237949e+00 2.229853e+00 2.222243e+00 2.215110e+00 2.208443e+00 2.202236e+00 2.196479e+00 2.191164e+00 2.186287e+00 2.181839e+00 2.177816e+00 2.174212e+00 2.171022e+00 2.168243e+00 2.165871e+00 2.163902e+00 2.162335e+00 2.161167e+00 2.160397e+00 2.160024e+00 2.160047e+00 2.160466e+00 2.161282e+00 2.162496e+00 2.164110e+00 2.166125e+00 2.168544e+00 2.171371e+00 2.174608e+00 2.178261e+00 2.182333e+00 2.186830e+00 2.191758e+00 2.197123e+00 2.202932e+00 2.209192e+00 2.215912e+00 2.223100e+00 2.230766e+00 2.238919e+00 2.247569e+00 2.256729e+00 2.266408e+00 2.276622e+00 2.287381e+00 2.298700e+00 2.310594e+00 2.323078e+00 2.336167e+00 2.349880e+00 2.364232e+00 2.379244e+00 2.394934e+00 2.414532e+00
1.941364e+00 1.962167e+00 1.991457e+00 2.018971e+00 2.044800e+00 2.069030e+00 2.091744e+00 2.113016e+00 2.132918e+00 2.151517e+00 2.168874e+00 2.185048e+00 2.200093e+00 2.214059e+00 2.226993e+00 2.238938e+00 2.249933e+00 2.260017e+00 2.269222e+00 2.277580e+00 2.285118e+00 2.291861e+00 2.297832e+00 2.303052e+00 2.307537e+00 2.311302e+00 2.314360e+00 2.316722e+00 2.318395e+00 2.319385e+00 2.319694e+00 2.319325e+00 2.318276e+00 2.316543e+00 2.314121e+00 2.311001e+00 2.307174e+00 2.302625e+00 2.297341e+00 2.291303e+00 2.284491e+00 2.276883e+00 2.268452e+00 2.259171e+00 2.249009e+00 2.237932e+00 2.225902e+00 2.212880e+00 2.198822e+00 2.183681e+00 2.167405e+00 2.149942e+00 2.131232e+00 2.111213e+00 2.089818e+00 2.066974e+00 2.042607e+00 2.016635e+00 1.988970e+00 1.959519e+00 1.928186e+00 1.894864e+00 1.859442e+00 1.821802e+00 1.781819e+00 1.739357e+00 1.694275e+00 1.662613e+00
5.140657e+00 5.208657e+00 5.247055e+00 5.283854e+00 5.319066e+00 5.352700e+00 5.384766e+00 5.415272e+00 5.444229e+00 5.471644e+00 5.497525e+00 5.521879e+00 5.544714e+00 5.566036e+00 5.585851e+00 5.604164e+00 5.620982e+00 5.636308e+00 5.650147e+00 5.662504e+00 5.673382e+00 5.682783e+00 5.690711e+00 5.697167e+00 5.702154e+00 5.705674e+00 5.707726e+00 5.708312e+00 5.707432e+00 5.705085e+00 5.701272e+00 5.695990e+00 5.689239e+00 5.681015e+00 5.671318e+00 5.660145e+00 5.647491e+00 5.633353e+00 5.617728e+00 5.600611e+00 5.581997e+00 5.561881e+00 5.540256e+00 5.517117e+00 5.492457e+00 5.466269e+00 5.438545e+00 5.409279e+00 5.378460e+00 5.346080e+00 5.312131e+00 5.276601e+00 5.239482e+00 5.200762e+00 5.160431e+00 5.118477e+00 5.074887e+00 5.029649e+00 4.982751e+00 4.934179e+00 4.883919e+00 4.831956e+00 4.778276e+00 4.722863e+00 4.665702e+00 4.606775e+00 4.546067e+00 4.482514e+00
1.641038e+00 1.701913e+00 1.786593e+00 1.865900e+00 1.940138e+00 2.009591e+00 2.074525e+00 2.135188e+00 2.191814e+00 2.244618e+00 2.293803e+00 2.339558e+00 2.382057e+00 2.421463e+00 2.457927e+00 2.491589e+00 2.522577e+00 2.551011e+00 2.576998e+00 2.600640e+00 2.622025e+00 2.641237e+00 2.658348e+00 2.673424e+00 2.686523e+00 2.697695e+00 2.706983e+00 2.714422e+00 2.720041e+00 2.723861e+00 2.725897e+00 2.726157e+00 2.724642e+00 2.721346e+00 2.716256e+00 2.709353e+00 2.700610e+00 2.689994e+00 2.677465e+00 2.662973e+00 2.646465e+00 2.627876e+00 2.607136e+00 2.584164e+00 2.558874e+00 2.531168e+00 2.500940e+00 2.468074e+00 2.432445e+00 2.393916e+00 2.352340e+00 2.307557e+00 2.259396e+00 2.207672e+00 2.152188e+00 2.092731e+00 2.029073e+00 1.960971e+00 1.888164e+00 1.810373e+00 1.727300e+00 1.638627e+00 1.544014e+00 1.443100e+00 1.335498e+00 1.220795e+00 1.098554e+00 1.020732e+00
3.809792e+00 3.961283e+00 4.001655e+00 4.041205e+00 4.079938e+00 4.117855e+00 4.154961e+00 4.191259e+00 4.226751e+00 4.261440e+00 4.295330e+00 4.328424e+00 4.360723e+00 4.392231e+00 4.422950e+00 4.452883e+00 4.482033e+00 4.510401e+00 4.537991e+00 4.564805e+00 4.590844e+00 4.616111e+00 4.640609e+00 4.664338e+00 4.687302e+00 4.709502e+00 4.730940e+00 4.751618e+00 4.771537e+00 4.790699e+00 4.809106e+00 4.826760e+00 4.843661e+00 4.859811e+00 4.875213e+00 4.889865e+00 4.903771e+00 4.916932e+00 4.929347e+00 4.941019e+00 4.951949e+00 4.962136e+00 4.971583e+00 4.980290e+00 4.988257e+00 4.995486e+00 5.001977e+00 5.007730e+00 5.012746e+00 5.017026e+00 5.020569e+00 5.023377e+00 5.025448e+00 5.026784e+00 5.027385e+00 5.027250e+00 5.026380e+00 5.024775e+00 5.022434e+00 5.019357e+00 5.015544e+00 5.010995e+00 5.005708e+00 4.999685e+00 4.992924e+00 4.985425e+00 4.977187e+00 4.965142e+00
1.361765e+00 1.346507e+00 1.340111e+00 1.334298e+00 1.329060e+00 1.324393e+00 1.320292e+00 1.316753e+00 1.313771e+00 1.311344e+00 1.309468e+00 1.308143e+00 1.307366e+00 1.307137e+00 1.307455e+00 1.308321e+00 1.309736e+00 1.311701e+00 1.314219e+00 1.317291e+00 1.320922e+00 1.325115e+00 1.329874e+00 1.335205e+00 1.341113e+00 1.347605e+00 1.354686e+00 1.362366e+00 1.370652e+00 1.379553e+00 1.389077e+00 1.399236e+00 1.410040e+00 1.421501e+00 1.433630e+00 1.446440e+00 1.459946e+00 1.474161e+00 1.489100e+00 1.504780e+00 1.521216e+00 1.538427e+00 1.556430e+00 1.575245e+00 1.594891e+00 1.615389e+00 1.636762e+00 1.659031e+00 1.682220e+00 1.706354e+00 1.731458e+00 1.757559e+00 1.784685e+00 1.812864e+00 1.842126e+00 1.872503e+00 1.904025e+00 1.936728e+00 1.970644e+00 2.005811e+00 2.042266e+00 2.080046e+00 2.119193e+00 2.159747e+00 2.201752e+00 2.245252e+00 2.290293e+00 2.343904e+00
2.340438e+00 2.296944e+00 2.238058e+00 2.182282e+00 2.129455e+00 2.079428e+00 2.032057e+00 1.987209e+00 1.944755e+00 1.904573e+00 1.866551e+00 1.830578e+00 1.796553e+00 1.764378e+00 1.733963e+00 1.705219e+00 1.678066e+00 1.652426e+00 1.628226e+00 1.605396e+00 1.583872e+00 1.563593e+00 1.544500e+00 1.526539e+00 1.509660e+00 1.493813e+00 1.478954e+00 1.465040e+00 1.452032e+00 1.439893e+00 1.428587e+00 1.418084e+00 1.408352e+00 1.399364e+00 1.391095e+00 1.383521e+00 1.376620e+00 1.370372e+00 1.364761e+00 1.359769e+00 1.355383e+00 1.351591e+00 1.348380e+00 1.345743e+00 1.343671e+00 1.342159e+00 1.341203e+00 1.340799e+00 1.340947e+00 1.341646e+00 1.342900e+00 1.344711e+00 1.347085e+00 1.350029e+00 1.353550e+00 1.357659e+00 1.362368e+00 1.367690e+00 1.373640e+00 1.380236e+00 1.387495e+00 1.395439e+00 1.404090e+00 1.413473e+00 1.423615e+00 1.434544e+00 1.446293e+00 1.464039e+00
3.039391e+00 3.102110e+00 3.125136e+00 3.147537e+00 3.169318e+00 3.190484e+00 3.211039e+00 3.230988e+00 3.250336e+00 3.269087e+00 3.287246e+00 3.304816e+00 3.321801e+00 3.338205e+00 3.354033e+00 3.369287e+00 3.383971e+00 3.398088e+00 3.411642e+00 3.424635e+00 3.437071e+00 3.448952e+00 3.460281e+00 3.471061e+00 3.481294e+00 3.490982e+00 3.500127e+00 3.508732e+00 3.516799e+00 3.524329e+00 3.531324e+00 3.537786e+00 3.543715e+00 3.549115e+00 3.553985e+00 3.558326e+00 3.562141e+00 3.565429e+00 3.568191e+00 3.570428e+00 3.572141e+00 3.573330e+00 3.573995e+00 3.574136e+00 3.573753e+00 3.572847e+00 3.571417e+00 3.569462e+00 3.566983e+00 3.563978e+00 3.560448e+00 3.556391e+00 3.551806e+00 3.546692e+00 3.541048e+00 3.534873e+00 3.528166e+00 3.520925e+00 3.513147e+00 3.504833e+00 3.495979e+00 3.486584e+00 3.476645e+00 3.466160e+00 3.455128e+00 3.443544e+00 3.431408e+00 3.419616e+00
1.951703e+00 1.956119e+00 1.959784e+00 1.963097e+00 1.966060e+00 1.968674e+00 1.970942e+00 1.972863e+00 1.974440e+00 1.975672e+00 1.976561e+00 1.977107e+00 1.977310e+00 1.977170e+00 1.976688e+00 1.975862e+00 1.974693e+00 1.973181e+00 1.971323e+00 1.969119e+00 1.966569e+00 1.963671e+00 1.960422e+00 1.956823e+00 1.952870e+00 1.948563e+00 1.943898e+00 1.938873e+00 1.933486e+00 1.927734e+00 1.921615e+00 1.915124e+00 1.908259e+00 1.901016e+00 1.893392e+00 1.885382e+00 1.876983e+00 1.868190e+00 1.858999e+00 1.849405e+00 1.839403e+00 1.828989e+00 1.818157e+00 1.806901e+00 1.795215e+00 1.783095e+00 1.770533e+00 1.757523e+00 1.744058e+00 1.730133e+00 1.715739e+00 1.700869e+00 1.685517e+00 1.669673e+00 1.653330e+00 1.636480e+00 1.619113e+00 1.601222e+00 1.582797e+00 1.563829e+00 1.544308e+00 1.524225e+00 1.503568e+00 1.482327e+00 1.460493e+00 1.438053e+00 1.414996e+00 1.390897e+00
1.657456e+00 1.715346e+00 1.807002e+00 1.894018e+00 1.976630e+00 2.055065e+00 2.129534e+00 2.200240e+00 2.267377e+00 2.331125e+00 2.391659e+00 2.449143e+00 2.503734e+00 2.555580e+00 2.604822e+00 2.651593e+00 2.696022e+00 2.738229e+00 2.778329e+00 2.816430e+00 2.852637e+00 2.887047e+00 2.919755e+00 2.950850e+00 2.980415e+00 3.008532e+00 3.035277e+00 3.060722e+00 3.084937e+00 3.107988e+00 3.129937e+00 3.150844e+00 3.170766e+00 3.189757e+00 3.207868e+00 3.225150e+00 3.241648e+00 3.257409e+00 3.272474e+00 3.286884e+00 3.300680e+00 3.313897e+00 3.326574e+00 3.338742e+00 3.350437e+00 3.361690e+00 3.372530e+00 3.382989e+00 3.393093e+00 3.402872e+00 3.412350e+00 3.421555e+00 3.430511e+00 3.439242e+00 3.447772e+00 3.456125e+00 3.464323e+00 3.472388e+00 3.480343e+00 3.488208e+00 3.496006e+00 3.503757e+00 3.511484e+00 3.519205e+00 3.526944e+00 3.534720e+00 3.542554e+00 3.549305e+00
2.237713e+00 2.269957e+00 2.290093e+00 2.309361e+00 2.327775e+00 2.345351e+00 2.362103e+00 2.378044e+00 2.393187e+00 2.407543e+00 2.421125e+00 2.433942e+00 2.446006e+00 2.457325e+00 2.467909e+00 2.477767e+00 2.486905e+00 2.495332e+00 2.503054e+00 2.510077e+00 2.516407e+00 2.522049e+00 2.527007e+00 2.531285e+00 2.534887e+00 2.537815e+00 2.540073e+00 2.541661e+00 2.542580e+00 2.542833e+00 2.542418e+00 2.541336e+00 2.539586e+00 2.537166e+00 2.534074e+00 2.530308e+00 2.525865e+00 2.520742e+00 2.514934e+00 2.508436e+00 2.501244e+00 2.493351e+00 2.484752e+00 2.475440e+00 2.465407e+00 2.454645e+00 2.443146e+00 2.430900e+00 2.417898e+00 2.404129e+00 2.389583e+00 2.374248e+00 2.358111e+00 2.341160e+00 2.323382e+00 2.304762e+00 2.285285e+00 2.264935e+00 2.243698e+00 2.221555e+00 2.198490e+00 2.174483e+00 2.149515e+00 2.123568e+00 2.096619e+00 2.068649e+00 2.039633e+00 1.967177e+00
1.181125e+00 1.226484e+00 1.240070e+00 1.253383e+00 1.266435e+00 1.279238e+00 1.291802e+00 1.304139e+00 1.316258e+00 1.328169e+00 1.339884e+00 1.351413e+00 1.362764e+00 1.373947e+00 1.384973e+00 1.395851e+00 1.406590e+00 1.417198e+00 1.427686e+00 1.438062e+00 1.448335e+00 1.458514e+00 1.468607e+00 1.478623e+00 1.488571e+00 1.498459e+00 1.508295e+00 1.518089e+00 1.527848e+00 1.537580e+00 1.547295e+00 1.557000e+00 1.566703e+00 1.576413e+00 1.586138e+00 1.595887e+00 1.605668e+00 1.615488e+00 1.625358e+00 1.635284e+00 1.645275e+00 1.655341e+00 1.665489e+00 1.675728e+00 1.686067e+00 1.696515e+00 1.707081e+00 1.717774e+00 1.728602e+00 1.739576e+00 1.750704e+00 1.761995e+00 1.773461e+00 1.785110e+00 1.796953e+00 1.808999e+00 1.821258e+00 1.833742e+00 1.846461e+00 1.859426e+00 1.872647e+00 1.886137e+00 1.899906e+00 1.913967e+00 1.928331e+00 1.943011e+00 1.958019e+00 1.997803e+00
1.063778e+00 1.054479e+00 1.043595e+00 1.033161e+00 1.023156e+00 1.013561e+00 1.004357e+00 9.955257e-01 9.870494e-01 9.789116e-01 9.710962e-01 9.635879e-01 9.563717e-01 9.494335e-01 9.427595e-01 9.363366e-01 9.301521e-01 9.241938e-01 9.184500e-01 9.129093e-01 9.075608e-01 9.023939e-01 8.973985e-01 8.925646e-01 8.878827e-01 8.833437e-01 8.789385e-01 8.746584e-01 8.704951e-01 8.664402e-01 8.624859e-01 8.586242e-01 8.548475e-01 8.511485e-01 8.475198e-01 8.439543e-01 8.404448e-01 8.369846e-01 8.335667e-01 8.301844e-01 8.268311e-01 8.235001e-01 8.201849e-01 8.168789e-01 8.135755e-01 8.102683e-01 8.069508e-01 8.036164e-01 8.002585e-01 7.968704e-01 7.934456e-01 7.899773e-01 7.864585e-01 7.828824e-01 7.792419e-01 7.755298e-01 7.717388e-01 7.678614e-01 7.638900e-01 7.598167e-01 7.556335e-01 7.513322e-01 7.469042e-01 7.423408e-01 7.376329e-01 7.327714e-01 7.277467e-01 7.230178e-01
2.764207e+00 2.833621e+00 2.897196e+00 2.958503e+00 3.017562e+00 3.074393e+00 3.129013e+00 3.181442e+00 3.231694e+00 3.279788e+00 3.325739e+00 3.369560e+00 3.411268e+00 3.450874e+00 3.488393e+00 3.523835e+00 3.557213e+00 3.588538e+00 3.617820e+00 3.645067e+00 3.670289e+00 3.693495e+00 3.714691e+00 3.733885e+00 3.751082e+00 3.766289e+00 3.779510e+00 3.790750e+00 3.800012e+00 3.807299e+00 3.812613e+00 3.815957e+00 3.817331e+00 3.816736e+00 3.814172e+00 3.809637e+00 3.803131e+00 3.794651e+00 3.784195e+00 3.771758e+00 3.757337e+00 3.740928e+00 3.722525e+00 3.702122e+00 3.679713e+00 3.655289e+00 3.628844e+00 3.600369e+00 3.569854e+00 3.537289e+00 3.502665e+00 3.465969e+00 3.427190e+00 3.386316e+00 3.343332e+00 3.298226e+00 3.250982e+00 3.201586e+00 3.150020e+00 3.096269e+00 3.040315e+00 2.982140e+00 2.921725e+00 2.859050e+00 2.794095e+00 2.726840e+00 2.657261e+00 2.595640e+00
6.340385e-01 6.249762e-01 6.168517e-01 6.090933e-01 6.016906e-01 5.946336e-01 5.879128e-01 5.815191e-01 5.754439e-01 5.696790e-01 5.642167e-01 5.590496e-01 5.541707e-01 5.495734e-01 5.452516e-01 5.411995e-01 5.374115e-01 5.338825e-01 5.306078e-01 5.275831e-01 5.248041e-01 5.222672e-01 5.199690e-01 5.179063e-01 5.160764e-01 5.144767e-01 5.131052e-01 5.119601e-01 5.110396e-01 5.103427e-01 5.098683e-01 5.096159e-01 5.095851e-01 5.097758e-01 5.101883e-01 5.108232e-01 5.116813e-01 5.127638e-01 5.140721e-01 5.156080e-01 5.173736e-01 5.193713e-01 5.216036e-01 5.240738e-01 5.267850e-01 5.297409e-01 5.329456e-01 5.364033e-01 5.401187e-01 5.440968e-01 5.483430e-01 5.528629e-01 5.576628e-01 5.627490e-01 5.681284e-01 5.738083e-01 5.797963e-01 5.861005e-01 5.927293e-01 5.996918e-01 6.069973e-01 6.146557e-01 6.226772e-01 6.310727e-01 6.398535e-01 6.490315e-01 6.586190e-01 7.055540e-01
3.626688e+00 3.709386e+00 3.806372e+00 3.900026e+00 3.990382e+00 4.077471e+00 4.161323e+00 4.241966e+00 4.319428e+00 4.393737e+00 4.464917e+00 4.532994e+00 4.597991e+00 4.659931e+00 4.718834e+00 4.774721e+00 4.827611e+00 4.877523e+00 4.924474e+00 4.968480e+00 5.009557e+00 5.047717e+00 5.082976e+00 5.115344e+00 5.144833e+00 5.171453e+00 5.195214e+00 5.216123e+00 5.234188e+00 5.249414e+00 5.261808e+00 5.271374e+00 5.278114e+00 5.282032e+00 5.283128e+00 5.281403e+00 5.276856e+00 5.269486e+00 5.259290e+00 5.246265e+00 5.230405e+00 5.211707e+00 5.190163e+00 5.165765e+00 5.138506e+00 5.108376e+00 5.075364e+00 5.039460e+00 5.000650e+00 4.958922e+00 4.914260e+00 4.866651e+00 4.816076e+00 4.762519e+00 4.705961e+00 4.646383e+00 4.583763e+00 4.518082e+00 4.449315e+00 4.377439e+00 4.302429e+00 4.224259e+00 4.142903e+00 4.058333e+00 3.970518e+00 3.879429e+00 3.785034e+00 3.720805e+00
2.940853e+00 2.925427e+00 2.914230e+00 2.903054e+00 2.891890e+00 2.880731e+00 2.869567e+00 2.858389e+00 2.847190e+00 2.835959e+00 2.824689e+00 2.813370e+00 2.801994e+00 2.790552e+00 2.779035e+00 2.767434e+00 2.755740e+00 2.743944e+00 2.732037e+00 2.720008e+00 2.707850e+00 2.695552e+00 2.683105e+00 2.670500e+00 2.657725e+00 2.644772e+00 2.631631e+00 2.618290e+00 2.604740e+00 2.590970e+00 2.576969e+00 2.562727e+00 2.548233e+00 2.533474e+00 2.518440e+00 2.503118e+00 2.487497e+00 2.471566e+00 2.455310e+00 2.438718e+00 2.421776e+00 2.404472e+00 2.386792e+00 2.368722e+00 2.350248e+00 2.331356e+00 2.312030e+00 2.292257e+00 2.272019e+00 2.251303e+00 2.230091e+00 2.208367e+00 2.186114e+00 2.163314e+00 2.139951e+00 2.116005e+00 2.091458e+00 2.066291e+00 2.040485e+00 2.014018e+00 1.986871e+00 1.959022e+00 1.930450e+00 1.901132e+00 1.871045e+00 1.840167e+00 1.808472e+00 1.740198e+00
1.819402e+00 1.828518e+00 1.835883e+00 1.842843e+00 1.849404e+00 1.855577e+00 1.861367e+00 1.866783e+00 1.871829e+00 1.876513e+00 1.880839e+00 1.884813e+00 1.888441e+00 1.891725e+00 1.894670e+00 1.897279e+00 1.899556e+00 1.901504e+00 1.903124e+00 1.904418e+00 1.905389e+00 1.906036e+00 1.906362e+00 1.906366e+00 1.906049e+00 1.905409e+00 1.904447e+00 1.903161e+00 1.901549e+00 1.899610e+00 1.897341e+00 1.894740e+00 1.891804e+00 1.888529e+00 1.884910e+00 1.880945e+00 1.876627e+00 1.871953e+00 1.866916e+00 1.861510e+00 1.855729e+00 1.849567e+00 1.843015e+00 1.836066e+00 1.828711e+00 1.820943e+00 1.812751e+00 1.804126e+00 1.795058e+00 1.785535e+00 1.775547e+00 1.765081e+00 1.754125e+00 1.742667e+00 1.730692e+00 1.718186e+00 1.705134e+00 1.691521e+00 1.677330e+00 1.662545e+00 1.647147e+00 1.631120e+00 1.614443e+00 1.597096e+00 1.579060e+00 1.560311e+00 1.540830e+00 1.516637e+00
1.518013e+00 1.551269e+00 1.574580e+00 1.597311e+00 1.619485e+00 1.641122e+00 1.662244e+00 1.682871e+00 1.703023e+00 1.722719e+00 1.741979e+00 1.760821e+00 1.779264e+00 1.797325e+00 1.815021e+00 1.832371e+00 1.849390e+00 1.866096e+00 1.882503e+00 1.898629e+00 1.914489e+00 1.930098e+00 1.945471e+00 1.960623e+00 1.975569e+00 1.990324e+00 2.004901e+00 2.019314e+00 2.033578e+00 2.047707e+00 2.061714e+00 2.075612e+00 2.089415e+00 2.103137e+00 2.116791e+00 2.130389e+00 2.143946e+00 2.157474e+00 2.170986e+00 2.184495e+00 2.198015e+00 2.211559e+00 2.225139e+00 2.238769e+00 2.252462e+00 2.266231e+00 2.280090e+00 2.294051e+00 2.308130e+00 2.322338e+00 2.336690e+00 2.351200e+00 2.365882e+00 2.380750e+00 2.395818e+00 2.411101e+00 2.426614e+00 2.442372e+00 2.458389e+00 2.474683e+00 2.491267e+00 2.508159e+00 2.525375e+00 2.542931e+00 2.560844e+00 2.579132e+00 2.597812e+00 2.617540e+00
1.598654e+00 1.582338e+00 1.568004e+00 1.553894e+00 1.540001e+00 1.526320e+00 1.512844e+00 1.499569e+00 1.486489e+00 1.473598e+00 1.460892e+00 1.448363e+00 1.436008e+00 1.423822e+00 1.411798e+00 1.399933e+00 1.388221e+00 1.376657e+00 1.365237e+00 1.353956e+00 1.342808e+00 1.331790e+00 1.320897e+00 1.310123e+00 1.299466e+00 1.288920e+00 1.278481e+00 1.268144e+00 1.257905e+00 1.247761e+00 1.237706e+00 1.227736e+00 1.217848e+00 1.208037e+00 1.198299e+00 1.188631e+00 1.179027e+00 1.169484e+00 1.159999e+00 1.150566e+00 1.141183e+00 1.131845e+00 1.122548e+00 1.113288e+00 1.104062e+00 1.094866e+00 1.085696e+00 1.076548e+00 1.067418e+00 1.058302e+00 1.049197e+00 1.040099e+00 1.031004e+00 1.021909e+00 1.012808e+00 1.003700e+00 9.945788e-01 9.854420e-01 9.762854e-01 9.671052e-01 9.578977e-01 9.486588e-01 9.393848e-01 9.300718e-01 9.207160e-01 9.113133e-01 9.018600e-01 8.861070e-01
4.656102e-01 4.763169e-01 4.829848e-01 4.894502e-01 4.957223e-01 5.018104e-01 5.077232e-01 5.134694e-01 5.190574e-01 5.244952e-01 5.297908e-01 5.349518e-01 5.399858e-01 5.449001e-01 5.497018e-01 5.543979e-01 5.589953e-01 5.635006e-01 5.679204e-01 5.722611e-01 5.765290e-01 5.807303e-01 5.848712e-01 5.889576e-01 5.929956e-01 5.969909e-01 6.009494e-01 6.048768e-01 6.087789e-01 6.126612e-01 6.165296e-01 6.203896e-01 6.242467e-01 6.281067e-01 6.319751e-01 6.358575e-01 6.397597e-01 6.436872e-01 6.476458e-01 6.516413e-01 6.556793e-01 6.597660e-01 6.639070e-01 6.681086e-01 6.723768e-01 6.767177e-01 6.811378e-01 6.856434e-01 6.902411e-01 6.949376e-01 6.997397e-01 7.046544e-01 7.096889e-01 7.148503e-01 7.201464e-01 7.255847e-01 7.311732e-01 7.369200e-01 7.428334e-01 7.489221e-01 7.551950e-01 7.616610e-01 7.683297e-01 7.752107e-01 7.823140e-01 7.896500e-01 7.972294e-01 8.093176e-01
1.347307e+00 1.341976e+00 1.333774e+00 1.326228e+00 1.319280e+00 1.312877e+00 1.306969e+00 1.301514e+00 1.296468e+00 1.291793e+00 1.287455e+00 1.283419e+00 1.279655e+00 1.276135e+00 1.272832e+00 1.269721e+00 1.266778e+00 1.263980e+00 1.261306e+00 1.258737e+00 1.256252e+00 1.253833e+00 1.251461e+00 1.249118e+00 1.246786e+00 1.244448e+00 1.242086e+00 1.239682e+00 1.237217e+00 1.234673e+00 1.232030e+00 1.229269e+00 1.226368e+00 1.223306e+00 1.220059e+00 1.216601e+00 1.212908e+00 1.208951e+00 1.204700e+00 1.200122e+00 1.195183e+00 1.189845e+00 1.184067e+00 1.177807e+00 1.171015e+00 1.163640e+00 1.155627e+00 1.146913e+00 1.137434e+00 1.127117e+00 1.115883e+00 1.103648e+00 1.090317e+00 1.075790e+00 1.059955e+00 1.042694e+00 1.023874e+00 1.003352e+00 9.809722e-01 9.565643e-01 9.299428e-01 9.009051e-01 8.692304e-01 8.346777e-01 7.969844e-01 7.558636e-01 7.110027e-01 6.798251e-01
2.016421e+00 2.023863e+00 2.031781e+00 2.039207e+00 2.046148e+00 2.052611e+00 2.058601e+00 2.064125e+00 2.069187e+00 2.073791e+00 2.077944e+00 2.081647e+00 2.084905e+00 2.087722e+00 2.090098e+00 2.092037e+00 2.093541e+00 2.094611e+00 2.095247e+00 2.095451e+00 2.095223e+00 2.094562e+00 2.093468e+00 2.091940e+00 2.089976e+00 2.087575e+00 2.084734e+00 2.081451e+00 2.077723e+00 2.073545e+00 2.068915e+00 2.063827e+00 2.058278e+00 2.052261e+00 2.045772e+00 2.038804e+00 2.031350e+00 2.023404e+00 2.014959e+00 2.006005e+00 1.996536e+00 1.986541e+00 1.976013e+00 1.964940e+00 1.953312e+00 1.941119e+00 1.928350e+00 1.914991e+00 1.901031e+00 1.886457e+00 1.871254e+00 1.855410e+00 1.838908e+00 1.821734e+00 1.803870e+00 1.785302e+00 1.766011e+00 1.745978e+00 1.725187e+00 1.703616e+00 1.681245e+00 1.658055e+00 1.634022e+00 1.609125e+00 1.583341e+00 1.556644e+00 1.529010e+00 1.482396e+00
3.959864e+00 3.889911e+00 3.846052e+00 3.802519e+00 3.759303e+00 3.716396e+00 3.673789e+00 3.631475e+00 3.589444e+00 3.547688e+00 3.506199e+00 3.464969e+00 3.423990e+00 3.383253e+00 3.342750e+00 3.302474e+00 3.262416e+00 3.222568e+00 3.182923e+00 3.143473e+00 3.104209e+00 3.065125e+00 3.026212e+00 2.987463e+00 2.948869e+00 2.910424e+00 2.872119e+00 2.833948e+00 2.795902e+00 2.757974e+00 2.720157e+00 2.682442e+00 2.644823e+00 2.607292e+00 2.569842e+00 2.532465e+00 2.495154e+00 2.457901e+00 2.420699e+00 2.383541e+00 2.346418e+00 2.309325e+00 2.272254e+00 2.235196e+00 2.198146e+00 2.161095e+00 2.124036e+00 2.086962e+00 2.049866e+00 2.012740e+00 1.975576e+00 1.938368e+00 1.901108e+00 1.863789e+00 1.826402e+00 1.788942e+00 1.751400e+00 1.713770e+00 1.676042e+00 1.638211e+00 1.600269e+00 1.562207e+00 1.524019e+00 1.485697e+00 1.447233e+00 1.408620e+00 1.369850e+00 1.316523e+00
2.832779e+00 2.931040e+00 3.024995e+00 3.116106e+00 3.204407e+00 3.289930e+00 3.372707e+00 3.452766e+00 3.530139e+00 3.604852e+00 3.676933e+00 3.746409e+00 3.813305e+00 3.877644e+00 3.939452e+00 3.998749e+00 4.055558e+00 4.109900e+00 4.161794e+00 4.211259e+00 4.258313e+00 4.302974e+00 4.345257e+00 4.385179e+00 4.422754e+00 4.457994e+00 4.490914e+00 4.521526e+00 4.549840e+00 4.575866e+00 4.599615e+00 4.621095e+00 4.640313e+00 4.657277e+00 4.671994e+00 4.684467e+00 4.694702e+00 4.702703e+00 4.708473e+00 4.712013e+00 4.713325e+00 4.712409e+00 4.709266e+00 4.703893e+00 4.696289e+00 4.686452e+00 4.674377e+00 4.660060e+00 4.643496e+00 4.624679e+00 4.603603e+00 4.580258e+00 4.554638e+00 4.526731e+00 4.496530e+00 4.464021e+00 4.429194e+00 4.392036e+00 4.352533e+00 4.310671e+00 4.266434e+00 4.219807e+00 4.170772e+00 4.119312e+00 4.065407e+00 4.009038e+00 3.950185e+00 3.877723e+00
3.212088e+00 3.428991e+00 3.751283e+00 4.060547e+00 4.357080e+00 4.641165e+00 4.913075e+00 5.173070e+00 5.421398e+00 5.658299e+00 5.883999e+00 6.098713e+00 6.302649e+00 6.496001e+00 6.678954e+00 6.851684e+00 7.014356e+00 7.167126e+00 7.310140e+00 7.443536e+00 7.567441e+00 7.681974e+00 7.787245e+00 7.883354e+00 7.970393e+00 8.048446e+00 8.117588e+00 8.177885e+00 8.229395e+00 8.272166e+00 8.306241e+00 8.331651e+00 8.348421e+00 8.356567e+00 8.356097e+00 8.347010e+00 8.329298e+00 8.302944e+00 8.267922e+00 8.224199e+00 8.171733e+00 8.110474e+00 8.040363e+00 7.961333e+00 7.873308e+00 7.776204e+00 7.669928e+00 7.554378e+00 7.429443e+00 7.295004e+00 7.150932e+00 6.997088e+00 6.833327e+00 6.659489e+00 6.475410e+00 6.280912e+00 6.075810e+00 5.859907e+00 5.632996e+00 5.394859e+00 5.145269e+00 4.883987e+00 4.610761e+00 4.325331e+00 4.027423e+00 3.716752e+00 3.393019e+00 3.170376e+00
8.918511e-01 8.806773e-01 8.676015e-01 8.551496e-01 8.432977e-01 8.320229e-01 8.213034e-01 8.111187e-01 8.014490e-01 7.922757e-01 7.835812e-01 7.753487e-01 7.675623e-01 7.602069e-01 7.532686e-01 7.467337e-01 7.405899e-01 7.348251e-01 7.294284e-01 7.243892e-01 7.196980e-01 7.153455e-01 7.113236e-01 7.076243e-01 7.042406e-01 7.011659e-01 6.983944e-01 6.959207e-01 6.937399e-01 6.918480e-01 6.902412e-01 6.889165e-01 6.878713e-01 6.871036e-01 6.866119e-01 6.863952e-01 6.864533e-01 6.867860e-01 6.873942e-01 6.882790e-01 6.894420e-01 6.908855e-01 6.926124e-01 6.946259e-01 6.969299e-01 6.995288e-01 7.024278e-01 7.056322e-01 7.091485e-01 7.129832e-01 7.171438e-01 7.216383e-01 7.264754e-01 7.316644e-01 7.372154e-01 7.431389e-01 7.494465e-01 7.561503e-01 7.632631e-01 7.707988e-01 7.787718e-01 7.871976e-01 7.960923e-01 8.054731e-01 8.153581e-01 8.257663e-01 8.367178e-01 8.489676e-01
1.419952e+00 1.418851e+00 1.418080e+00 1.417405e+00 1.416824e+00 1.416338e+00 1.415947e+00 1.415650e+00 1.415449e+00 1.415342e+00 1.415330e+00 1.415412e+00 1.415590e+00 1.415862e+00 1.416229e+00 1.416690e+00 1.417247e+00 1.417899e+00 1.418645e+00 1.419487e+00 1.420424e+00 1.421457e+00 1.422585e+00 1.423809e+00 1.425128e+00 1.426544e+00 1.428056e+00 1.429664e+00 1.431369e+00 1.433171e+00 1.435070e+00 1.437067e+00 1.439161e+00 1.441353e+00 1.443644e+00 1.446033e+00 1.448520e+00 1.451107e+00 1.453794e+00 1.456581e+00 1.459468e+00 1.462455e+00 1.465544e+00 1.468734e+00 1.472026e+00 1.475421e+00 1.478918e+00 1.482519e+00 1.486224e+00 1.490033e+00 1.493947e+00 1.497966e+00 1.502091e+00 1.506323e+00 1.510662e+00 1.515109e+00 1.519663e+00 1.524327e+00 1.529100e+00 1.533983e+00 1.538977e+00 1.544083e+00 1.549301e+00 1.554632e+00 1.560076e+00 1.565635e+00 1.571309e+00 1.587330e+00
2.454882e+00 2.529872e+00 2.599622e+00 2.667718e+00 2.734177e+00 2.799020e+00 2.862263e+00 2.923924e+00 2.984020e+00 3.042567e+00 3.099582e+00 3.155081e+00 3.209079e+00 3.261591e+00 3.312631e+00 3.362213e+00 3.410352e+00 3.457060e+00 3.502350e+00 3.546236e+00 3.588728e+00 3.629839e+00 3.669581e+00 3.707963e+00 3.744998e+00 3.780694e+00 3.815062e+00 3.848112e+00 3.879852e+00 3.910291e+00 3.939438e+00 3.967301e+00 3.993887e+00 4.019204e+00 4.043259e+00 4.066058e+00 4.087608e+00 4.107915e+00 4.126984e+00 4.144821e+00 4.161430e+00 4.176817e+00 4.190984e+00 4.203937e+00 4.215679e+00 4.226213e+00 4.235543e+00 4.243669e+00 4.250596e+00 4.256324e+00 4.260856e+00 4.264192e+00 4.266334e+00 4.267282e+00 4.267036e+00 4.265597e+00 4.262964e+00 4.259135e+00 4.254111e+00 4.247890e+00 4.240470e+00 4.231848e+00 4.222024e+00 4.210993e+00 4.198753e+00 4.185300e+00 4.170631e+00 4.150692e+00
2.944503e+00 2.984984e+00 3.017497e+00 3.048408e+00 3.077729e+00 3.105473e+00 3.131651e+00 3.156273e+00 3.179351e+00 3.200892e+00 3.220907e+00 3.239403e+00 3.256387e+00 3.271868e+00 3.285851e+00 3.298342e+00 3.309347e+00 3.318869e+00 3.326912e+00 3.333481e+00 3.338577e+00 3.342203e+00 3.344360e+00 3.345049e+00 3.344271e+00 3.342025e+00 3.338309e+00 3.333124e+00 3.326466e+00 3.318332e+00 3.308720e+00 3.297626e+00 3.285044e+00 3.270970e+00 3.255398e+00 3.238322e+00 3.219734e+00 3.199626e+00 3.177992e+00 3.154821e+00 3.130104e+00 3.103832e+00 3.075992e+00 3.046575e+00 3.015567e+00 2.982956e+00 2.948728e+00 2.912870e+00 2.875367e+00 2.836203e+00 2.795362e+00 2.752827e+00 2.708582e+00 2.662607e+00 2.614884e+00 2.565393e+00 2.514114e+00 2.461026e+00 2.406107e+00 2.349334e+00 2.290684e+00 2.230133e+00 2.167657e+00 2.103228e+00 2.036822e+00 1.968410e+00 1.897964e+00 1.829572e+00
1.216886e+00 1.219482e+00 1.221775e+00 1.224027e+00 1.226243e+00 1.228424e+00 1.230574e+00 1.232694e+00 1.234788e+00 1.236858e+00 1.238906e+00 1.240936e+00 1.242949e+00 1.244948e+00 1.246935e+00 1.248913e+00 1.250885e+00 1.252852e+00 1.254818e+00 1.256784e+00 1.258752e+00 1.260726e+00 1.262708e+00 1.264699e+00 1.266704e+00 1.268723e+00 1.270760e+00 1.272816e+00 1.274895e+00 1.276999e+00 1.279131e+00 1.281292e+00 1.283486e+00 1.285716e+00 1.287984e+00 1.290293e+00 1.292646e+00 1.295045e+00 1.297494e+00 1.299995e+00 1.302552e+00 1.305167e+00 1.307845e+00 1.310587e+00 1.313398e+00 1.316281e+00 1.319240e+00 1.322277e+00 1.325397e+00 1.328604e+00 1.331901e+00 1.335293e+00 1.338783e+00 1.342376e+00 1.346077e+00 1.349889e+00 1.353818e+00 1.357868e+00 1.362044e+00 1.366351e+00 1.370795e+00 1.375380e+00 1.380114e+00 1.385000e+00 1.390046e+00 1.395257e+00 1.400640e+00 1.406560e+00
7.368225e-01 7.209324e-01 6.957146e-01 6.723623e-01 6.507383e-01 6.307155e-01 6.121762e-01 5.950115e-01 5.791204e-01 5.644097e-01 5.507929e-01 5.381899e-01 5.265266e-01 5.157346e-01 5.057504e-01 4.965153e-01 4.879751e-01 4.800796e-01 4.727823e-01 4.660404e-01 4.598142e-01 4.540673e-01 4.487657e-01 4.438784e-01 4.393766e-01 4.352338e-01 4.314258e-01 4.279301e-01 4.247262e-01 4.217953e-01 4.191201e-01 4.166849e-01 4.144755e-01 4.124788e-01 4.106830e-01 4.090777e-01 4.076534e-01 4.064017e-01 4.053153e-01 4.043878e-01 4.036138e-01 4.029886e-01 4.025086e-01 4.021711e-01 4.019739e-01 4.019161e-01 4.019971e-01 4.022175e-01 4.025786e-01 4.030825e-01 4.037322e-01 4.045315e-01 4.054850e-01 4.065985e-01 4.078784e-01 4.093322e-01 4.109685e-01 4.127970e-01 4.148283e-01 4.170744e-01 4.195485e-01 4.222651e-01 4.252403e-01 4.284914e-01 4.320376e-01 4.358998e-01 4.401006e-01 4.427406e-01
1.615301e+00 1.643552e+00 1.663375e+00 1.682404e+00 1.700673e+00 1.718215e+00 1.735063e+00 1.751246e+00 1.766795e+00 1.781736e+00 1.796098e+00 1.809906e+00 1.823186e+00 1.835961e+00 1.848254e+00 1.860089e+00 1.871485e+00 1.882465e+00 1.893048e+00 1.903252e+00 1.913098e+00 1.922601e+00 1.931781e+00 1.940652e+00 1.949232e+00 1.957536e+00 1.965579e+00 1.973376e+00 1.980940e+00 1.988285e+00 1.995426e+00 2.002373e+00 2.009142e+00 2.015742e+00 2.022188e+00 2.028489e+00 2.034658e+00 2.040706e+00 2.046643e+00 2.052481e+00 2.058230e+00 2.063901e+00 2.069503e+00 2.075047e+00 2.080544e+00 2.086002e+00 2.091432e+00 2.096844e+00 2.102247e+00 2.107652e+00 2.113067e+00 2.118504e+00 2.123971e+00 2.129480e+00 2.135038e+00 2.140658e+00 2.146348e+00 2.152120e+00 2.157983e+00 2.163949e+00 2.170028e+00 2.176231e+00 2.182569e+00 2.189055e+00 2.195699e+00 2.202514e+00 2.209511e+00 2.214327e+00
2.647587e+00 2.596949e+00 2.517995e+00 2.444657e+00 2.376525e+00 2.313218e+00 2.254381e+00 2.199686e+00 2.148826e+00 2.101516e+00 2.057492e+00 2.016508e+00 1.978334e+00 1.942756e+00 1.909576e+00 1.878608e+00 1.849679e+00 1.822626e+00 1.797298e+00 1.773554e+00 1.751261e+00 1.730293e+00 1.710534e+00 1.691874e+00 1.674207e+00 1.657434e+00 1.641463e+00 1.626203e+00 1.611570e+00 1.597480e+00 1.583856e+00 1.570622e+00 1.557702e+00 1.545026e+00 1.532521e+00 1.520118e+00 1.507748e+00 1.495341e+00 1.482828e+00 1.470139e+00 1.457203e+00 1.443947e+00 1.430298e+00 1.416178e+00 1.401510e+00 1.386210e+00 1.370194e+00 1.353371e+00 1.335648e+00 1.316925e+00 1.297098e+00 1.276055e+00 1.253679e+00 1.229845e+00 1.204419e+00 1.177259e+00 1.148214e+00 1.117119e+00 1.083802e+00 1.048076e+00 1.009742e+00 9.685839e-01 9.243723e-01 8.768596e-01 8.257801e-01 7.708478e-01 7.117554e-01 6.758770e-01
1.450266e+00 1.458139e+00 1.466941e+00 1.475481e+00 1.483771e+00 1.491821e+00 1.499645e+00 1.507253e+00 1.514656e+00 1.521865e+00 1.528890e+00 1.535741e+00 1.542429e+00 1.548963e+00 1.555352e+00 1.561606e+00 1.567733e+00 1.573743e+00 1.579644e+00 1.585444e+00 1.591152e+00 1.596777e+00 1.602325e+00 1.607806e+00 1.613228e+00 1.618597e+00 1.623922e+00 1.629210e+00 1.634469e+00 1.639707e+00 1.644932e+00 1.650150e+00 1.655369e+00 1.660597e+00 1.665841e+00 1.671109e+00 1.676409e+00 1.681747e+00 1.687133e+00 1.692573e+00 1.698075e+00 1.703648e+00 1.709299e+00 1.715037e+00 1.720870e+00 1.726805e+00 1.732853e+00 1.739021e+00 1.745318e+00 1.751754e+00 1.758337e+00 1.765078e+00 1.771986e+00 1.779070e+00 1.786342e+00 1.793812e+00 1.801489e+00 1.809387e+00 1.817515e+00 1.825885e+00 1.834510e+00 1.843403e+00 1.852575e+00 1.862040e+00 1.871812e+00 1.881905e+00 1.892333e+00 1.909587e+00
1.567820e+00 1.610949e+00 1.662327e+00 1.711685e+00 1.759096e+00 1.804630e+00 1.848354e+00 1.890331e+00 1.930624e+00 1.969292e+00 2.006391e+00 2.041976e+00 2.076099e+00 2.108811e+00 2.140159e+00 2.170189e+00 2.198946e+00 2.226471e+00 2.252806e+00 2.277988e+00 2.302055e+00 2.325042e+00 2.346983e+00 2.367910e+00 2.387854e+00 2.406844e+00 2.424908e+00 2.442073e+00 2.458363e+00 2.473803e+00 2.488415e+00 2.502221e+00 2.515241e+00 2.527494e+00 2.538999e+00 2.549771e+00 2.559827e+00 2.569182e+00 2.577850e+00 2.585842e+00 2.593171e+00 2.599848e+00 2.605882e+00 2.611282e+00 2.616057e+00 2.620213e+00 2.623756e+00 2.626692e+00 2.629024e+00 2.630757e+00 2.631893e+00 2.632433e+00 2.632378e+00 2.631728e+00 2.630483e+00 2.628640e+00 2.626197e+00 2.623149e+00 2.619494e+00 2.615224e+00 2.610335e+00 2.604819e+00 2.598667e+00 2.591870e+00 2.584420e+00 2.576304e+00 2.567511e+00 2.554891e+00
1.358483e+00 1.344111e+00 1.329520e+00 1.315585e+00 1.302295e+00 1.289635e+00 1.277594e+00 1.266158e+00 1.255318e+00 1.245061e+00 1.235379e+00 1.226261e+00 1.217699e+00 1.209684e+00 1.202208e+00 1.195263e+00 1.188844e+00 1.182943e+00 1.177555e+00 1.172674e+00 1.168295e+00 1.164415e+00 1.161029e+00 1.158135e+00 1.155728e+00 1.153807e+00 1.152370e+00 1.151416e+00 1.150943e+00 1.150951e+00 1.151441e+00 1.152412e+00 1.153865e+00 1.155802e+00 1.158226e+00 1.161137e+00 1.164540e+00 1.168437e+00 1.172832e+00 1.177731e+00 1.183136e+00 1.189055e+00 1.195492e+00 1.202455e+00 1.209949e+00 1.217983e+00 1.226564e+00 1.235701e+00 1.245403e+00 1.255679e+00 1.266540e+00 1.277996e+00 1.290059e+00 1.302740e+00 1.316052e+00 1.330009e+00 1.344623e+00 1.359910e+00 1.375885e+00 1.392563e+00 1.409960e+00 1.428095e+00 1.446985e+00 1.466648e+00 1.487104e+00 1.508374e+00 1.530478e+00 1.575871e+00
2.028448e+00 2.021611e+00 2.018165e+00 2.014875e+00 2.011734e+00 2.008739e+00 2.005882e+00 2.003161e+00 2.000569e+00 1.998102e+00 1.995757e+00 1.993529e+00 1.991414e+00 1.989409e+00 1.987510e+00 1.985714e+00 1.984017e+00 1.982418e+00 1.980913e+00 1.979500e+00 1.978176e+00 1.976939e+00 1.975787e+00 1.974718e+00 1.973729e+00 1.972820e+00 1.971989e+00 1.971234e+00 1.970554e+00 1.969948e+00 1.969415e+00 1.968954e+00 1.968564e+00 1.968244e+00 1.967995e+00 1.967814e+00 1.967703e+00 1.967661e+00 1.967688e+00 1.967784e+00 1.967949e+00 1.968183e+00 1.968487e+00 1.968862e+00 1.969307e+00 1.969824e+00 1.970414e+00 1.971078e+00 1.971816e+00 1.972630e+00 1.973522e+00 1.974492e+00 1.975544e+00 1.976677e+00 1.977895e+00 1.979200e+00 1.980593e+00 1.982078e+00 1.983656e+00 1.985330e+00 1.987104e+00 1.988980e+00 1.990961e+00 1.993052e+00 1.995254e+00 1.997574e+00 2.000013e+00 2.003093e+00
4.906078e+00 4.763400e+00 4.590437e+00 4.428942e+00 4.278137e+00 4.137295e+00 4.005735e+00 3.882823e+00 3.767966e+00 3.660610e+00 3.560237e+00 3.466363e+00 3.378534e+00 3.296327e+00 3.219345e+00 3.147218e+00 3.079596e+00 3.016154e+00 2.956585e+00 2.900603e+00 2.847936e+00 2.798331e+00 2.751549e+00 2.707364e+00 2.665563e+00 2.625943e+00 2.588315e+00 2.552495e+00 2.518313e+00 2.485601e+00 2.454204e+00 2.423969e+00 2.394750e+00 2.366406e+00 2.338802e+00 2.311802e+00 2.285278e+00 2.259101e+00 2.233145e+00 2.207285e+00 2.181396e+00 2.155352e+00 2.129029e+00 2.102300e+00 2.075035e+00 2.047102e+00 2.018368e+00 1.988693e+00 1.957935e+00 1.925944e+00 1.892567e+00 1.857643e+00 1.821002e+00 1.782469e+00 1.741857e+00 1.698970e+00 1.653602e+00 1.605533e+00 1.554532e+00 1.500352e+00 1.442733e+00 1.381396e+00 1.316045e+00 1.246365e+00 1.172019e+00 1.092650e+00 1.007874e+00 9.528460e-01
2.362344e+00 2.390327e+00 2.403881e+00 2.416780e+00 2.429056e+00 2.440743e+00 2.451870e+00 2.462467e+00 2.472561e+00 2.482179e+00 2.491346e+00 2.500087e+00 2.508423e+00 2.516377e+00 2.523970e+00 2.531221e+00 2.538149e+00 2.544773e+00 2.551111e+00 2.557177e+00 2.562989e+00 2.568562e+00 2.573910e+00 2.579047e+00 2.583987e+00 2.588742e+00 2.593326e+00 2.597749e+00 2.602024e+00 2.606162e+00 2.610174e+00 2.614070e+00 2.617860e+00 2.621554e+00 2.625163e+00 2.628695e+00 2.632159e+00 2.635565e+00 2.638922e+00 2.642239e+00 2.645523e+00 2.648784e+00 2.652030e+00 2.655271e+00 2.658513e+00 2.661766e+00 2.665038e+00 2.668338e+00 2.671675e+00 2.675057e+00 2.678492e+00 2.681991e+00 2.685562e+00 2.689215e+00 2.692958e+00 2.696803e+00 2.700758e+00 2.704835e+00 2.709044e+00 2.713395e+00 2.717902e+00 2.722574e+00 2.727425e+00 2.732467e+00 2.737713e+00 2.743177e+00 2.748874e+00 2.752924e+00
7.409592e-01 7.792523e-01 7.869142e-01 7.942139e-01 8.011597e-01 8.077598e-01 8.140216e-01 8.199525e-01 8.255593e-01 8.308483e-01 8.358258e-01 8.404975e-01 8.448687e-01 8.489445e-01 8.527296e-01 8.562283e-01 8.594447e-01 8.623826e-01 8.650452e-01 8.674356e-01 8.695567e-01 8.714108e-01 8.730001e-01 8.743264e-01 8.753913e-01 8.761960e-01 8.767413e-01 8.770281e-01 8.770564e-01 8.768265e-01 8.763380e-01 8.755904e-01 8.745828e-01 8.733140e-01 8.717826e-01 8.699869e-01 8.679247e-01 8.655936e-01 8.629911e-01 8.601140e-01 8.569591e-01 8.535228e-01 8.498009e-01 8.457894e-01 8.414835e-01 8.368783e-01 8.319685e-01 8.267484e-01 8.212120e-01 8.153529e-01 8.091644e-01 8.026393e-01 7.957701e-01 7.885489e-01 7.809673e-01 7.730167e-01 7.646878e-01 7.559710e-01 7.468563e-01 7.373333e-01 7.273908e-01 7.170175e-01 7.062013e-01 6.949299e-01 6.831902e-01 6.709686e-01 6.582512e-01 6.374191e-01
2.624243e+00 2.709310e+00 2.792330e+00 2.872373e+00 2.949494e+00 3.023742e+00 3.095169e+00 3.163823e+00 3.229748e+00 3.292990e+00 3.353592e+00 3.411593e+00 3.467032e+00 3.519948e+00 3.570374e+00 3.618346e+00 3.663896e+00 3.707053e+00 3.747848e+00 3.786307e+00 3.822455e+00 3.856319e+00 3.887919e+00 3.917278e+00 3.944415e+00 3.969348e+00 3.992094e+00 4.012669e+00 4.031085e+00 4.047356e+00 4.061493e+00 4.073504e+00 4.083398e+00 4.091182e+00 4.096860e+00 4.100437e+00 4.101915e+00 4.101295e+00 4.098577e+00 4.093758e+00 4.086836e+00 4.077806e+00 4.066662e+00 4.053395e+00 4.037999e+00 4.020461e+00 4.000771e+00 3.978915e+00 3.954878e+00 3.928645e+00 3.900197e+00 3.869516e+00 3.836581e+00 3.801369e+00 3.763858e+00 3.724022e+00 3.681835e+00 3.637267e+00 3.590290e+00 3.540871e+00 3.488978e+00 3.434575e+00 3.377626e+00 3.318093e+00 3.255936e+00 3.191113e+00 3.123581e+00 3.071613e+00
3.562391e+00 3.540505e+00 3.518931e+00 3.497723e+00 3.476853e+00 3.456297e+00 3.436028e+00 3.416021e+00 3.396249e+00 3.376690e+00 3.357318e+00 3.338108e+00 3.319037e+00 3.300080e+00 3.281215e+00 3.262416e+00 3.243661e+00 3.224926e+00 3.206187e+00 3.187421e+00 3.168604e+00 3.149713e+00 3.130724e+00 3.111612e+00 3.092355e+00 3.072927e+00 3.053305e+00 3.033464e+00 3.013378e+00 2.993023e+00 2.972373e+00 2.951402e+00 2.930084e+00 2.908391e+00 2.886298e+00 2.863775e+00 2.840795e+00 2.817328e+00 2.793346e+00 2.768818e+00 2.743713e+00 2.718000e+00 2.691646e+00 2.664619e+00 2.636884e+00 2.608406e+00 2.579150e+00 2.549080e+00 2.518156e+00 2.486341e+00 2.453594e+00 2.419875e+00 2.385140e+00 2.349346e+00 2.312449e+00 2.274402e+00 2.235156e+00 2.194664e+00 2.152873e+00 2.109732e+00 2.065186e+00 2.019179e+00 1.971653e+00 1.922550e+00 1.871806e+00 1.819358e+00 1.765141e+00 1.712111e+00
1.716852e+00 1.752729e+00 1.767388e+00 1.781375e+00 1.794700e+00 1.807373e+00 1.819404e+00 1.830802e+00 1.841576e+00 1.851734e+00 1.861283e+00 1.870231e+00 1.878584e+00 1.886349e+00 1.893532e+00 1.900137e+00 1.906171e+00 1.911638e+00 1.916542e+00 1.920886e+00 1.924673e+00 1.927908e+00 1.930592e+00 1.932727e+00 1.934314e+00 1.935356e+00 1.935853e+00 1.935804e+00 1.935211e+00 1.934073e+00 1.932388e+00 1.930156e+00 1.927374e+00 1.924042e+00 1.920156e+00 1.915713e+00 1.910709e+00 1.905142e+00 1.899007e+00 1.892300e+00 1.885014e+00 1.877145e+00 1.868687e+00 1.859633e+00 1.849976e+00 1.839710e+00 1.828826e+00 1.817316e+00 1.805172e+00 1.792383e+00 1.778942e+00 1.764836e+00 1.750057e+00 1.734592e+00 1.718429e+00 1.701557e+00 1.683963e+00 1.665633e+00 1.646554e+00 1.626711e+00 1.606089e+00 1.584673e+00 1.562445e+00 1.539391e+00 1.515491e+00 1.490728e+00 1.465083e+00 1.425414e+00
3.534555e+00 3.530446e+00 3.526153e+00 3.522102e+00 3.518292e+00 3.514720e+00 3.511386e+00 3.508287e+00 3.505422e+00 3.502791e+00 3.500392e+00 3.498223e+00 3.496285e+00 3.494575e+00 3.493095e+00 3.491841e+00 3.490816e+00 3.490016e+00 3.489444e+00 3.489097e+00 3.488977e+00 3.489082e+00 3.489413e+00 3.489971e+00 3.490755e+00 3.491766e+00 3.493004e+00 3.494469e+00 3.496163e+00 3.498087e+00 3.500240e+00 3.502624e+00 3.505239e+00 3.508088e+00 3.511171e+00 3.514490e+00 3.518046e+00 3.521840e+00 3.525875e+00 3.530152e+00 3.534672e+00 3.539439e+00 3.544453e+00 3.549717e+00 3.555234e+00 3.561006e+00 3.567035e+00 3.573323e+00 3.579875e+00 3.586692e+00 3.593777e+00 3.601134e+00 3.608766e+00 3.616675e+00 3.624867e+00 3.633343e+00 3.642108e+00 3.651165e+00 3.660519e+00 3.670174e+00 3.680133e+00 3.690402e+00 3.700984e+00 3.711884e+00 3.723107e+00 3.734658e+00 3.746541e+00 3.767407e+00
1.128207e+00 1.107375e+00 1.077880e+00 1.049522e+00 1.022256e+00 9.960357e-01 9.708180e-01 9.465613e-01 9.232254e-01 9.007718e-01 8.791634e-01 8.583643e-01 8.383404e-01 8.190583e-01 8.004864e-01 7.825937e-01 7.653509e-01 7.487292e-01 7.327014e-01 7.172409e-01 7.023221e-01 6.879203e-01 6.740118e-01 6.605735e-01 6.475832e-01 6.350195e-01 6.228616e-01 6.110894e-01 5.996834e-01 5.886247e-01 5.778952e-01 5.674769e-01 5.573528e-01 5.475061e-01 5.379204e-01 5.285800e-01 5.194694e-01 5.105735e-01 5.018777e-01 4.933676e-01 4.850290e-01 4.768482e-01 4.688117e-01 4.609062e-01 4.531186e-01 4.454360e-01 4.378458e-01 4.303354e-01 4.228924e-01 4.155044e-01 4.081593e-01 4.008449e-01 3.935491e-01 3.862599e-01 3.789652e-01 3.716529e-01 3.643110e-01 3.569273e-01 3.494896e-01 3.419856e-01 3.344030e-01 3.267291e-01 3.189512e-01 3.110566e-01 3.030322e-01 2.948647e-01 2.865406e-01 2.756955e-01
3.071803e+00 2.926794e+00 2.817359e+00 2.713505e+00 2.614948e+00 2.521418e+00 2.432659e+00 2.348428e+00 2.268495e+00 2.192641e+00 2.120658e+00 2.052349e+00 1.987527e+00 1.926015e+00 1.867645e+00 1.812256e+00 1.759697e+00 1.709825e+00 1.662502e+00 1.617599e+00 1.574994e+00 1.534569e+00 1.496215e+00 1.459825e+00 1.425301e+00 1.392548e+00 1.361476e+00 1.332000e+00 1.304040e+00 1.277519e+00 1.252365e+00 1.228508e+00 1.205884e+00 1.184430e+00 1.164087e+00 1.144801e+00 1.126518e+00 1.109188e+00 1.092764e+00 1.077201e+00 1.062455e+00 1.048488e+00 1.035260e+00 1.022736e+00 1.010881e+00 9.996625e-01 9.890500e-01 9.790144e-01 9.695283e-01 9.605657e-01 9.521021e-01 9.441142e-01 9.365804e-01 9.294798e-01 9.227931e-01 9.165020e-01 9.105893e-01 9.050387e-01 8.998352e-01 8.949644e-01 8.904130e-01 8.861685e-01 8.822194e-01 8.785549e-01 8.751648e-01 8.720400e-01 8.691718e-01 8.672192e-01
5.639436e-01 5.631734e-01 5.628240e-01 5.626106e-01 5.625329e-01 5.625909e-01 5.627846e-01 5.631142e-01 5.635800e-01 5.641823e-01 5.649217e-01 5.657987e-01 5.668142e-01 5.679689e-01 5.692638e-01 5.707000e-01 5.722788e-01 5.740013e-01 5.758691e-01 5.778837e-01 5.800468e-01 5.823602e-01 5.848258e-01 5.874457e-01 5.902221e-01 5.931573e-01 5.962537e-01 5.995140e-01 6.029407e-01 6.065370e-01 6.103056e-01 6.142497e-01 6.183728e-01 6.226781e-01 6.271693e-01 6.318501e-01 6.367245e-01 6.417964e-01 6.470702e-01 6.525503e-01 6.582412e-01 6.641476e-01 6.702746e-01 6.766271e-01 6.832106e-01 6.900305e-01 6.970925e-01 7.044025e-01 7.119666e-01 7.197911e-01 7.278825e-01 7.362477e-01 7.448935e-01 7.538272e-01 7.630563e-01 7.725885e-01 7.824316e-01 7.925940e-01 8.030841e-01 8.139107e-01 8.250828e-01 8.366097e-01 8.485011e-01 8.607669e-01 8.734173e-01 8.864628e-01 8.999145e-01 9.174619e-01
6.982968e+00 7.032209e+00 7.067378e+00 7.101677e+00 7.135114e+00 7.167700e+00 7.199442e+00 7.230348e+00 7.260427e+00 7.289687e+00 7.318135e+00 7.345778e+00 7.372624e+00 7.398680e+00 7.423953e+00 7.448449e+00 7.472175e+00 7.495136e+00 7.517340e+00 7.538791e+00 7.559495e+00 7.579459e+00 7.598686e+00 7.617182e+00 7.634953e+00 7.652001e+00 7.668333e+00 7.683952e+00 7.698862e+00 7.713067e+00 7.726571e+00 7.739378e+00 7.751491e+00 7.762912e+00 7.773646e+00 7.783694e+00 7.793059e+00 7.801745e+00 7.809753e+00 7.817085e+00 7.823743e+00 7.829728e+00 7.835044e+00 7.839690e+00 7.843668e+00 7.846980e+00 7.849625e+00 7.851605e+00 7.852920e+00 7.853571e+00 7.853557e+00 7.852879e+00 7.851536e+00 7.849529e+00 7.846856e+00 7.843518e+00 7.839512e+00 7.834838e+00 7.829495e+00 7.823482e+00 7.816796e+00 7.809436e+00 7.801401e+00 7.792687e+00 7.783294e+00 7.773217e+00 7.762456e+00 7.735195e+00
2.205091e+00 2.175153e+00 2.147033e+00 2.119715e+00 2.093169e+00 2.067367e+00 2.042283e+00 2.017889e+00 1.994160e+00 1.971072e+00 1.948598e+00 1.926717e+00 1.905405e+00 1.884640e+00 1.864399e+00 1.844662e+00 1.825407e+00 1.806614e+00 1.788264e+00 1.770337e+00 1.752814e+00 1.735677e+00 1.718908e+00 1.702489e+00 1.686402e+00 1.670632e+00 1.655161e+00 1.639972e+00 1.625051e+00 1.610381e+00 1.595946e+00 1.581732e+00 1.567724e+00 1.553906e+00 1.540265e+00 1.526786e+00 1.513454e+00 1.500256e+00 1.487178e+00 1.474206e+00 1.461326e+00 1.448525e+00 1.435789e+00 1.423105e+00 1.410459e+00 1.397838e+00 1.385230e+00 1.372620e+00 1.359995e+00 1.347342e+00 1.334648e+00 1.321900e+00 1.309083e+00 1.296184e+00 1.283191e+00 1.270088e+00 1.256863e+00 1.243501e+00 1.229988e+00 1.216310e+00 1.202453e+00 1.188402e+00 1.174143e+00 1.159659e+00 1.144937e+00 1.129959e+00 1.114712e+00 1.099445e+00
2.728283e+00 2.819377e+00 2.881585e+00 2.941132e+00 2.998061e+00 3.052417e+00 3.104240e+00 3.153569e+00 3.200441e+00 3.244893e+00 3.286956e+00 3.326664e+00 3.364046e+00 3.399130e+00 3.431942e+00 3.462508e+00 3.490851e+00 3.516991e+00 3.540949e+00 3.562743e+00 3.582388e+00 3.599901e+00 3.615294e+00 3.628578e+00 3.639764e+00 3.648861e+00 3.655874e+00 3.660810e+00 3.663671e+00 3.664461e+00 3.663180e+00 3.659827e+00 3.654399e+00 3.646892e+00 3.637301e+00 3.625618e+00 3.611835e+00 3.595940e+00 3.577923e+00 3.557769e+00 3.535464e+00 3.510990e+00 3.484330e+00 3.455462e+00 3.424365e+00 3.391016e+00 3.355390e+00 3.317459e+00 3.277196e+00 3.234569e+00 3.189546e+00 3.142094e+00 3.092177e+00 3.039757e+00 2.984795e+00 2.927249e+00 2.867075e+00 2.804229e+00 2.738663e+00 2.670327e+00 2.599170e+00 2.525139e+00 2.448176e+00 2.368226e+00 2.285226e+00 2.199114e+00 2.109826e+00 2.041187e+00
1.694842e+00 1.708151e+00 1.722227e+00 1.736082e+00 1.749726e+00 1.763170e+00 1.776424e+00 1.789499e+00 1.802405e+00 1.815153e+00 1.827751e+00 1.840210e+00 1.852540e+00 1.864750e+00 1.876850e+00 1.888849e+00 1.900757e+00 1.912583e+00 1.924336e+00 1.936025e+00 1.947660e+00 1.959250e+00 1.970803e+00 1.982329e+00 1.993836e+00 2.005335e+00 2.016833e+00 2.028339e+00 2.039863e+00 2.051414e+00 2.063001e+00 2.074632e+00 2.086317e+00 2.098065e+00 2.109886e+00 2.121787e+00 2.133779e+00 2.145872e+00 2.158074e+00 2.170394e+00 2.182844e+00 2.195432e+00 2.208168e+00 2.221062e+00 2.234124e+00 2.247365e+00 2.260795e+00 2.274424e+00 2.288263e+00 2.302323e+00 2.316614e+00 2.331149e+00 2.345938e+00 2.360992e+00 2.376324e+00 2.391946e+00 2.407869e+00 2.424107e+00 2.440672e+00 2.457576e+00 2.474834e+00 2.492458e+00 2.510462e+00 2.528861e+00 2.547668e+00 2.566899e+00 2.586569e+00 2.662556e+00
1.424255e+00 1.461619e+00 1.518056e+00 1.570807e+00 1.620110e+00 1.666190e+00 1.709256e+00 1.749502e+00 1.787111e+00 1.822254e+00 1.855091e+00 1.885769e+00 1.914428e+00 1.941198e+00 1.966201e+00 1.989550e+00 2.011350e+00 2.031701e+00 2.050695e+00 2.068418e+00 2.084950e+00 2.100366e+00 2.114737e+00 2.128127e+00 2.140597e+00 2.152204e+00 2.163000e+00 2.173034e+00 2.182353e+00 2.190997e+00 2.199006e+00 2.206417e+00 2.213263e+00 2.219575e+00 2.225382e+00 2.230710e+00 2.235584e+00 2.240024e+00 2.244053e+00 2.247687e+00 2.250943e+00 2.253837e+00 2.256380e+00 2.258585e+00 2.260462e+00 2.262020e+00 2.263264e+00 2.264201e+00 2.264836e+00 2.265170e+00 2.265206e+00 2.264944e+00 2.264382e+00 2.263519e+00 2.262349e+00 2.260868e+00 2.259069e+00 2.256944e+00 2.254484e+00 2.251676e+00 2.248509e+00 2.244968e+00 2.241036e+00 2.236697e+00 2.231930e+00 2.226714e+00 2.221026e+00 2.216623e+00
3.754580e+00 3.779379e+00 3.799257e+00 3.817945e+00 3.835451e+00 3.851779e+00 3.866934e+00 3.880921e+00 3.893744e+00 3.905407e+00 3.915914e+00 3.925267e+00 3.933470e+00 3.940526e+00 3.946435e+00 3.951201e+00 3.954824e+00 3.957306e+00 3.958647e+00 3.958848e+00 3.957909e+00 3.955829e+00 3.952609e+00 3.948246e+00 3.942740e+00 3.936089e+00 3.928291e+00 3.919344e+00 3.909244e+00 3.897989e+00 3.885576e+00 3.872000e+00 3.857257e+00 3.841343e+00 3.824253e+00 3.805983e+00 3.786525e+00 3.765875e+00 3.744025e+00 3.720970e+00 3.696703e+00 3.671215e+00 3.644499e+00 3.616548e+00 3.587351e+00 3.556902e+00 3.525189e+00 3.492205e+00 3.457938e+00 3.422377e+00 3.385514e+00 3.347335e+00 3.307829e+00 3.266985e+00 3.224789e+00 3.181230e+00 3.136293e+00 3.089965e+00 3.042232e+00 2.993079e+00 2.942492e+00 2.890454e+00 2.836951e+00 2.781965e+00 2.725480e+00 2.667478e+00 2.607943e+00 2.554879e+00
8.292208e-01 8.478583e-01 8.688297e-01 8.889469e-01 9.082480e-01 9.267694e-01 9.445461e-01 9.616117e-01 9.779985e-01 9.937374e-01 1.008858e+00 1.023389e+00 1.037358e+00 1.050791e+00 1.063714e+00 1.076151e+00 1.088126e+00 1.099660e+00 1.110777e+00 1.121496e+00 1.131839e+00 1.141825e+00 1.151472e+00 1.160799e+00 1.169823e+00 1.178562e+00 1.187032e+00 1.195249e+00 1.203228e+00 1.210985e+00 1.218534e+00 1.225890e+00 1.233067e+00 1.240077e+00 1.246934e+00 1.253652e+00 1.260243e+00 1.266719e+00 1.273092e+00 1.279375e+00 1.285580e+00 1.291718e+00 1.297800e+00 1.303839e+00 1.309846e+00 1.315832e+00 1.321808e+00 1.327785e+00 1.333776e+00 1.339791e+00 1.345841e+00 1.351938e+00 1.358095e+00 1.364321e+00 1.370629e+00 1.377031e+00 1.383539e+00 1.390166e+00 1.396923e+00 1.403823e+00 1.410881e+00 1.418108e+00 1.425519e+00 1.433127e+00 1.440947e+00 1.448994e+00 1.457283e+00 1.464520e+00
1.843367e+00 1.858370e+00 1.865068e+00 1.871508e+00 1.877694e+00 1.883631e+00 1.889324e+00 1.894778e+00 1.899996e+00 1.904984e+00 1.909744e+00 1.914282e+00 1.918599e+00 1.922701e+00 1.926590e+00 1.930270e+00 1.933742e+00 1.937010e+00 1.940078e+00 1.942946e+00 1.945617e+00 1.948094e+00 1.950379e+00 1.952472e+00 1.954377e+00 1.956094e+00 1.957625e+00 1.958971e+00 1.960133e+00 1.961112e+00 1.961909e+00 1.962525e+00 1.962959e+00 1.963213e+00 1.963286e+00 1.963179e+00 1.962891e+00 1.962423e+00 1.961774e+00 1.960942e+00 1.959929e+00 1.958733e+00 1.957352e+00 1.955786e+00 1.954034e+00 1.952094e+00 1.949965e+00 1.947645e+00 1.945131e+00 1.942423e+00 1.939518e+00 1.936413e+00 1.933107e+00 1.929596e+00 1.925877e+00 1.921949e+00 1.917807e+00 1.913448e+00 1.908869e+00 1.904066e+00 1.899035e+00 1.893773e+00 1.888275e+00 1.882537e+00 1.876553e+00 1.870320e+00 1.863833e+00 1.857763e+00
1.533175e+00 1.555970e+00 1.578060e+00 1.599490e+00 1.620277e+00 1.640437e+00 1.659985e+00 1.678938e+00 1.697309e+00 1.715114e+00 1.732366e+00 1.749079e+00 1.765266e+00 1.780940e+00 1.796114e+00 1.810798e+00 1.825005e+00 1.838746e+00 1.852031e+00 1.864872e+00 1.877278e+00 1.889259e+00 1.900824e+00 1.911982e+00 1.922743e+00 1.933114e+00 1.943104e+00 1.952721e+00 1.961972e+00 1.970865e+00 1.979406e+00 1.987603e+00 1.995461e+00 2.002987e+00 2.010187e+00 2.017066e+00 2.023630e+00 2.029884e+00 2.035833e+00 2.041482e+00 2.046834e+00 2.051895e+00 2.056668e+00 2.061157e+00 2.065366e+00 2.069297e+00 2.072955e+00 2.076341e+00 2.079459e+00 2.082310e+00 2.084898e+00 2.087224e+00 2.089290e+00 2.091097e+00 2.092648e+00 2.093943e+00 2.094983e+00 2.095769e+00 2.096302e+00 2.096582e+00 2.096610e+00 2.096385e+00 2.095907e+00 2.095176e+00 2.094191e+00 2.092952e+00 2.091457e+00 2.083762e+00
2.465981e+00 2.482845e+00 2.501152e+00 2.518398e+00 2.534600e+00 2.549771e+00 2.563924e+00 2.577072e+00 2.589227e+00 2.600398e+00 2.610597e+00 2.619832e+00 2.628110e+00 2.635441e+00 2.641828e+00 2.647280e+00 2.651799e+00 2.655391e+00 2.658058e+00 2.659802e+00 2.660626e+00 2.660530e+00 2.659514e+00 2.657576e+00 2.654716e+00 2.650930e+00 2.646216e+00 2.640570e+00 2.633985e+00 2.626457e+00 2.617979e+00 2.608543e+00 2.598142e+00 2.586765e+00 2.574404e+00 2.561046e+00 2.546681e+00 2.531296e+00 2.514877e+00 2.497410e+00 2.478879e+00 2.459269e+00 2.438561e+00 2.416738e+00 2.393781e+00 2.369668e+00 2.344380e+00 2.317894e+00 2.290187e+00 2.261234e+00 2.231010e+00 2.199488e+00 2.166640e+00 2.132438e+00 2.096852e+00 2.059850e+00 2.021400e+00 1.981468e+00 1.940018e+00 1.897016e+00 1.852421e+00 1.806197e+00 1.758301e+00 1.708691e+00 1.657325e+00 1.604157e+00 1.549140e+00 1.503040e+00
1.606170e+00 1.683033e+00 1.732824e+00 1.780922e+00 1.827352e+00 1.872135e+00 1.915296e+00 1.956854e+00 1.996832e+00 2.035248e+00 2.072123e+00 2.107474e+00 2.141320e+00 2.173677e+00 2.204561e+00 2.233988e+00 2.261973e+00 2.288529e+00 2.313670e+00 2.337408e+00 2.359756e+00 2.380724e+00 2.400323e+00 2.418562e+00 2.435452e+00 2.450999e+00 2.465213e+00 2.478100e+00 2.489667e+00 2.499918e+00 2.508861e+00 2.516498e+00 2.522834e+00 2.527872e+00 2.531615e+00 2.534063e+00 2.535220e+00 2.535084e+00 2.533657e+00 2.530937e+00 2.526923e+00 2.521613e+00 2.515004e+00 2.507093e+00 2.497877e+00 2.487349e+00 2.475506e+00 2.462342e+00 2.447849e+00 2.432020e+00 2.414848e+00 2.396324e+00 2.376439e+00 2.355183e+00 2.332544e+00 2.308513e+00 2.283076e+00 2.256221e+00 2.227935e+00 2.198204e+00 2.167012e+00 2.134344e+00 2.100184e+00 2.064515e+00 2.027318e+00 1.988576e+00 1.948268e+00 1.911542e+00
1.939583e+00 1.922920e+00 1.898329e+00 1.876062e+00 1.855899e+00 1.837642e+00 1.821111e+00 1.806144e+00 1.792592e+00 1.780323e+00 1.769216e+00 1.759161e+00 1.750059e+00 1.741821e+00 1.734366e+00 1.727620e+00 1.721518e+00 1.715997e+00 1.711006e+00 1.706493e+00 1.702416e+00 1.698733e+00 1.695409e+00 1.692410e+00 1.689708e+00 1.687275e+00 1.685088e+00 1.683125e+00 1.681367e+00 1.679796e+00 1.678397e+00 1.677157e+00 1.676063e+00 1.675103e+00 1.674270e+00 1.673554e+00 1.672949e+00 1.672449e+00 1.672048e+00 1.671743e+00 1.671531e+00 1.671409e+00 1.671377e+00 1.671433e+00 1.671580e+00 1.671818e+00 1.672149e+00 1.672577e+00 1.673105e+00 1.673740e+00 1.674488e+00 1.675355e+00 1.676350e+00 1.677484e+00 1.678767e+00 1.680211e+00 1.681832e+00 1.683645e+00 1.685668e+00 1.687920e+00 1.690425e+00 1.693206e+00 1.696291e+00 1.699711e+00 1.703499e+00 1.707692e+00 1.712332e+00 1.716523e+00
1.599540e+00 1.611345e+00 1.622879e+00 1.634019e+00 1.644781e+00 1.655182e+00 1.665234e+00 1.674953e+00 1.684352e+00 1.693445e+00 1.702243e+00 1.710760e+00 1.719008e+00 1.726998e+00 1.734742e+00 1.742249e+00 1.749532e+00 1.756600e+00 1.763463e+00 1.770131e+00 1.776613e+00 1.782918e+00 1.789055e+00 1.795034e+00 1.800862e+00 1.806547e+00 1.812097e+00 1.817521e+00 1.822826e+00 1.828020e+00 1.833109e+00 1.838101e+00 1.843003e+00 1.847822e+00 1.852565e+00 1.857237e+00 1.861847e+00 1.866400e+00 1.870903e+00 1.875363e+00 1.879784e+00 1.884175e+00 1.888540e+00 1.892886e+00 1.897219e+00 1.901546e+00 1.905872e+00 1.910203e+00 1.914546e+00 1.918906e+00 1.923290e+00 1.927704e+00 1.932155e+00 1.936648e+00 1.941189e+00 1.945786e+00 1.950444e+00 1.955171e+00 1.959973e+00 1.964856e+00 1.969827e+00 1.974895e+00 1.980064e+00 1.985344e+00 1.990741e+00 1.996263e+00 2.001918e+00 2.014622e+00
2.687315e+00 2.645802e+00 2.634375e+00 2.623119e+00 2.612024e+00 2.601080e+00 2.590279e+00 2.579609e+00 2.569063e+00 2.558631e+00 2.548303e+00 2.538072e+00 2.527927e+00 2.517861e+00 2.507864e+00 2.497927e+00 2.488043e+00 2.478201e+00 2.468395e+00 2.458615e+00 2.448852e+00 2.439099e+00 2.429347e+00 2.419586e+00 2.409810e+00 2.400008e+00 2.390174e+00 2.380297e+00 2.370370e+00 2.360384e+00 2.350330e+00 2.340199e+00 2.329983e+00 2.319673e+00 2.309259e+00 2.298733e+00 2.288085e+00 2.277306e+00 2.266387e+00 2.255319e+00 2.244091e+00 2.232694e+00 2.221118e+00 2.209353e+00 2.197388e+00 2.185213e+00 2.172818e+00 2.160192e+00 2.147323e+00 2.134201e+00 2.120814e+00 2.107151e+00 2.093199e+00 2.078946e+00 2.064381e+00 2.049490e+00 2.034260e+00 2.018678e+00 2.002730e+00 1.986403e+00 1.969683e+00 1.952554e+00 1.935002e+00 1.917012e+00 1.898568e+00 1.879653e+00 1.860252e+00 1.827205e+00
1.108132e+00 1.145272e+00 1.176216e+00 1.205963e+00 1.234554e+00 1.262025e+00 1.288413e+00 1.313753e+00 1.338078e+00 1.361421e+00 1.383812e+00 1.405282e+00 1.425858e+00 1.445567e+00 1.464437e+00 1.482491e+00 1.499754e+00 1.516249e+00 1.531997e+00 1.547019e+00 1.561335e+00 1.574965e+00 1.587925e+00 1.600234e+00 1.611907e+00 1.622960e+00 1.633407e+00 1.643263e+00 1.652540e+00 1.661252e+00 1.669408e+00 1.677020e+00 1.684099e+00 1.690653e+00 1.696691e+00 1.702221e+00 1.707251e+00 1.711787e+00 1.715835e+00 1.719400e+00 1.722488e+00 1.725102e+00 1.727245e+00 1.728921e+00 1.730132e+00 1.730880e+00 1.731165e+00 1.730987e+00 1.730347e+00 1.729244e+00 1.727676e+00 1.725641e+00 1.723136e+00 1.720159e+00 1.716705e+00 1.712769e+00 1.708347e+00 1.703433e+00 1.698019e+00 1.692099e+00 1.685666e+00 1.678710e+00 1.671222e+00 1.663193e+00 1.654612e+00 1.645467e+00 1.635746e+00 1.625756e+00
3.887885e-01 3.776401e-01 3.625480e-01 3.483253e-01 3.349309e-01 3.223262e-01 3.104746e-01 2.993419e-01 2.888958e-01 2.791062e-01 2.699447e-01 2.613847e-01 2.534016e-01 2.459723e-01 2.390752e-01 2.326904e-01 2.267995e-01 2.213853e-01 2.164323e-01 2.119261e-01 2.078536e-01 2.042031e-01 2.009641e-01 1.981271e-01 1.956839e-01 1.936275e-01 1.919520e-01 1.906524e-01 1.897251e-01 1.891672e-01 1.889774e-01 1.891548e-01 1.897002e-01 1.906151e-01 1.919020e-01 1.935648e-01 1.956082e-01 1.980382e-01 2.008618e-01 2.040872e-01 2.077236e-01 2.117816e-01 2.162730e-01 2.212107e-01 2.266091e-01 2.324837e-01 2.388515e-01 2.457310e-01 2.531420e-01 2.611060e-01 2.696461e-01 2.787869e-01 2.885549e-01 2.989783e-01 3.100874e-01 3.219141e-01 3.344929e-01 3.478599e-01 3.620540e-01 3.771161e-01 3.930899e-01 4.100215e-01 4.279600e-01 4.469572e-01 4.670680e-01 4.883508e-01 5.108670e-01 5.572605e-01
6.760106e-01 7.033929e-01 7.374300e-01 7.696429e-01 8.001288e-01 8.289801e-01 8.562839e-01 8.821230e-01 9.065753e-01 9.297149e-01 9.516118e-01 9.723321e-01 9.919387e-01 1.010491e+00 1.028044e+00 1.044652e+00 1.060365e+00 1.075231e+00 1.089294e+00 1.102597e+00 1.115179e+00 1.127081e+00 1.138336e+00 1.148979e+00 1.159043e+00 1.168558e+00 1.177553e+00 1.186054e+00 1.194088e+00 1.201678e+00 1.208849e+00 1.215621e+00 1.222015e+00 1.228050e+00 1.233745e+00 1.239117e+00 1.244182e+00 1.248955e+00 1.253451e+00 1.257683e+00 1.261665e+00 1.265408e+00 1.268923e+00 1.272221e+00 1.275313e+00 1.278207e+00 1.280913e+00 1.283438e+00 1.285790e+00 1.287976e+00 1.290003e+00 1.291877e+00 1.293604e+00 1.295189e+00 1.296636e+00 1.297950e+00 1.299135e+00 1.300195e+00 1.301133e+00 1.301951e+00 1.302652e+00 1.303238e+00 1.303712e+00 1.304074e+00 1.304325e+00 1.304467e+00 1.304499e+00 1.304442e+00
1.106610e+00 1.057566e+00 1.039014e+00 1.021225e+00 1.004176e+00 9.878435e-01 9.722068e-01 9.572449e-01 9.429381e-01 9.292674e-01 9.162149e-01 9.037632e-01 8.918958e-01 8.805972e-01 8.698523e-01 8.596470e-01 8.499678e-01 8.408019e-01 8.321371e-01 8.239621e-01 8.162660e-01 8.090386e-01 8.022704e-01 7.959525e-01 7.900765e-01 7.846346e-01 7.796197e-01 7.750250e-01 7.708447e-01 7.670730e-01 7.637051e-01 7.607364e-01 7.581631e-01 7.559818e-01 7.541895e-01 7.527840e-01 7.517633e-01 7.511261e-01 7.508716e-01 7.509993e-01 7.515096e-01 7.524031e-01 7.536808e-01 7.553447e-01 7.573967e-01 7.598397e-01 7.626769e-01 7.659120e-01 7.695493e-01 7.735936e-01 7.780502e-01 7.829251e-01 7.882247e-01 7.939560e-01 8.001265e-01 8.067444e-01 8.138185e-01 8.213582e-01 8.293733e-01 8.378744e-01 8.468729e-01 8.563806e-01 8.664100e-01 8.769745e-01 8.880879e-01 8.997650e-01 9.120212e-01 9.552191e-01
3.147463e+00 3.116632e+00 3.090206e+00 3.064867e+00 3.040557e+00 3.017221e+00 2.994809e+00 2.973270e+00 2.952555e+00 2.932619e+00 2.913416e+00 2.894905e+00 2.877043e+00 2.859791e+00 2.843110e+00 2.826963e+00 2.811314e+00 2.796128e+00 2.781371e+00 2.767010e+00 2.753013e+00 2.739348e+00 2.725986e+00 2.712895e+00 2.700048e+00 2.687415e+00 2.674968e+00 2.662680e+00 2.650522e+00 2.638468e+00 2.626491e+00 2.614564e+00 2.602660e+00 2.590752e+00 2.578815e+00 2.566822e+00 2.554745e+00 2.542557e+00 2.530233e+00 2.517743e+00 2.505060e+00 2.492156e+00 2.479001e+00 2.465568e+00 2.451824e+00 2.437740e+00 2.423285e+00 2.408426e+00 2.393129e+00 2.377361e+00 2.361087e+00 2.344269e+00 2.326871e+00 2.308854e+00 2.290176e+00 2.270798e+00 2.250675e+00 2.229762e+00 2.208013e+00 2.185378e+00 2.161809e+00 2.137251e+00 2.111650e+00 2.084949e+00 2.057088e+00 2.028005e+00 1.997634e+00 1.978613e+00
1.412799e+00 1.371497e+00 1.310134e+00 1.251962e+00 1.196816e+00 1.144534e+00 1.094966e+00 1.047968e+00 1.003405e+00 9.611464e-01 9.210713e-01 8.830633e-01 8.470125e-01 8.128145e-01 7.803704e-01 7.495864e-01 7.203734e-01 6.926468e-01 6.663265e-01 6.413363e-01 6.176040e-01 5.950607e-01 5.736413e-01 5.532839e-01 5.339296e-01 5.155223e-01 4.980088e-01 4.813384e-01 4.654629e-01 4.503363e-01 4.359150e-01 4.221571e-01 4.090229e-01 3.964743e-01 3.844752e-01 3.729906e-01 3.619875e-01 3.514340e-01 3.412995e-01 3.315547e-01 3.221715e-01 3.131227e-01 3.043821e-01 2.959244e-01 2.877251e-01 2.797606e-01 2.720078e-01 2.644442e-01 2.570480e-01 2.497978e-01 2.426725e-01 2.356517e-01 2.287149e-01 2.218421e-01 2.150134e-01 2.082091e-01 2.014094e-01 1.945948e-01 1.877454e-01 1.808415e-01 1.738631e-01 1.667900e-01 1.596017e-01 1.522774e-01 1.447961e-01 1.371359e-01 1.292747e-01 1.233457e-01
8.047619e-01 7.866246e-01 7.757867e-01 7.655080e-01 7.557695e-01 7.465531e-01 7.378418e-01 7.296192e-01 7.218702e-01 7.145804e-01 7.077363e-01 7.013251e-01 6.953350e-01 6.897548e-01 6.845741e-01 6.797835e-01 6.753739e-01 6.713372e-01 6.676658e-01 6.643531e-01 6.613927e-01 6.587794e-01 6.565080e-01 6.545746e-01 6.529754e-01 6.517076e-01 6.507687e-01 6.501570e-01 6.498714e-01 6.499113e-01 6.502768e-01 6.509687e-01 6.519881e-01 6.533370e-01 6.550179e-01 6.570339e-01 6.593888e-01 6.620868e-01 6.651331e-01 6.685332e-01 6.722936e-01 6.764211e-01 6.809234e-01 6.858089e-01 6.910866e-01 6.967664e-01 7.028588e-01 7.093751e-01 7.163274e-01 7.237286e-01 7.315924e-01 7.399335e-01 7.487672e-01 7.581101e-01 7.679794e-01 7.783935e-01 7.893717e-01 8.009344e-01 8.131030e-01 8.259001e-01 8.393495e-01 8.534762e-01 8.683063e-01 8.838674e-01 9.001883e-01 9.172994e-01 9.352325e-01 9.761018e-01
2.706500e+00 2.761837e+00 2.782300e+00 2.801734e+00 2.820152e+00 2.837566e+00 2.853985e+00 2.869421e+00 2.883883e+00 2.897380e+00 2.909920e+00 2.921511e+00 2.932159e+00 2.941873e+00 2.950657e+00 2.958517e+00 2.965459e+00 2.971485e+00 2.976601e+00 2.980808e+00 2.984111e+00 2.986510e+00 2.988008e+00 2.988604e+00 2.988301e+00 2.987096e+00 2.984991e+00 2.981982e+00 2.978069e+00 2.973250e+00 2.967520e+00 2.960877e+00 2.953316e+00 2.944833e+00 2.935423e+00 2.925079e+00 2.913795e+00 2.901565e+00 2.888381e+00 2.874234e+00 2.859116e+00 2.843017e+00 2.825928e+00 2.807838e+00 2.788736e+00 2.768610e+00 2.747447e+00 2.725235e+00 2.701959e+00 2.677606e+00 2.652159e+00 2.625605e+00 2.597925e+00 2.569103e+00 2.539122e+00 2.507962e+00 2.475604e+00 2.442029e+00 2.407215e+00 2.371141e+00 2.333785e+00 2.295123e+00 2.255132e+00 2.213787e+00 2.171062e+00 2.126931e+00 2.081367e+00 2.035469e+00
4.085012e+00 4.098613e+00 4.111261e+00 4.122969e+00 4.133744e+00 4.143591e+00 4.152517e+00 4.160525e+00 4.167621e+00 4.173809e+00 4.179093e+00 4.183474e+00 4.186956e+00 4.189541e+00 4.191230e+00 4.192025e+00 4.191924e+00 4.190930e+00 4.189040e+00 4.186254e+00 4.182571e+00 4.177988e+00 4.172502e+00 4.166111e+00 4.158811e+00 4.150597e+00 4.141466e+00 4.131411e+00 4.120428e+00 4.108509e+00 4.095649e+00 4.081840e+00 4.067074e+00 4.051343e+00 4.034637e+00 4.016948e+00 3.998265e+00 3.978578e+00 3.957875e+00 3.936145e+00 3.913376e+00 3.889554e+00 3.864666e+00 3.838698e+00 3.811636e+00 3.783463e+00 3.754164e+00 3.723722e+00 3.692121e+00 3.659341e+00 3.625365e+00 3.590173e+00 3.553745e+00 3.516062e+00 3.477100e+00 3.436838e+00 3.395254e+00 3.352323e+00 3.308022e+00 3.262325e+00 3.215207e+00 3.166640e+00 3.116597e+00 3.065050e+00 3.011969e+00 2.957325e+00 2.901086e+00 2.813756e+00
2.151929e+00 2.183134e+00 2.199647e+00 2.215511e+00 2.230738e+00 2.245340e+00 2.259329e+00 2.272716e+00 2.285511e+00 2.297726e+00 2.309370e+00 2.320453e+00 2.330982e+00 2.340967e+00 2.350416e+00 2.359336e+00 2.367735e+00 2.375619e+00 2.382994e+00 2.389867e+00 2.396243e+00 2.402127e+00 2.407523e+00 2.412437e+00 2.416873e+00 2.420832e+00 2.424320e+00 2.427338e+00 2.429890e+00 2.431976e+00 2.433600e+00 2.434761e+00 2.435462e+00 2.435702e+00 2.435482e+00 2.434801e+00 2.433660e+00 2.432057e+00 2.429990e+00 2.427459e+00 2.424462e+00 2.420995e+00 2.417055e+00 2.412641e+00 2.407748e+00 2.402373e+00 2.396510e+00 2.390156e+00 2.383305e+00 2.375951e+00 2.368090e+00 2.359714e+00 2.350817e+00 2.341391e+00 2.331430e+00 2.320924e+00 2.309866e+00 2.298247e+00 2.286057e+00 2.273287e+00 2.259926e+00 2.245964e+00 2.231389e+00 2.216190e+00 2.200354e+00 2.183869e+00 2.166721e+00 2.148393e+00
2.510959e+00 2.506819e+00 2.502651e+00 2.498619e+00 2.494720e+00 2.490952e+00 2.487313e+00 2.483801e+00 2.480414e+00 2.477151e+00 2.474008e+00 2.470985e+00 2.468080e+00 2.465292e+00 2.462618e+00 2.460057e+00 2.457608e+00 2.455270e+00 2.453041e+00 2.450920e+00 2.448906e+00 2.446997e+00 2.445193e+00 2.443493e+00 2.441895e+00 2.440399e+00 2.439004e+00 2.437709e+00 2.436514e+00 2.435418e+00 2.434420e+00 2.433519e+00 2.432716e+00 2.432009e+00 2.431399e+00 2.430884e+00 2.430466e+00 2.430142e+00 2.429914e+00 2.429782e+00 2.429744e+00 2.429801e+00 2.429954e+00 2.430202e+00 2.430545e+00 2.430983e+00 2.431517e+00 2.432148e+00 2.432874e+00 2.433698e+00 2.434619e+00 2.435637e+00 2.436754e+00 2.437970e+00 2.439285e+00 2.440701e+00 2.442218e+00 2.443837e+00 2.445559e+00 2.447384e+00 2.449315e+00 2.451351e+00 2.453494e+00 2.455746e+00 2.458107e+00 2.460579e+00 2.463163e+00 2.465392e+00
2.091487e+00 2.027964e+00 1.941932e+00 1.861352e+00 1.785879e+00 1.715189e+00 1.648978e+00 1.586963e+00 1.528879e+00 1.474474e+00 1.423517e+00 1.375789e+00 1.331085e+00 1.289214e+00 1.249995e+00 1.213261e+00 1.178853e+00 1.146625e+00 1.116439e+00 1.088164e+00 1.061680e+00 1.036872e+00 1.013636e+00 9.918695e-01 9.714810e-01 9.523825e-01 9.344922e-01 9.177333e-01 9.020339e-01 8.873267e-01 8.735486e-01 8.606406e-01 8.485472e-01 8.372166e-01 8.266002e-01 8.166525e-01 8.073309e-01 7.985952e-01 7.904081e-01 7.827344e-01 7.755413e-01 7.687979e-01 7.624752e-01 7.565462e-01 7.509854e-01 7.457689e-01 7.408745e-01 7.362810e-01 7.319689e-01 7.279195e-01 7.241156e-01 7.205408e-01 7.171799e-01 7.140183e-01 7.110425e-01 7.082397e-01 7.055980e-01 7.031060e-01 7.007530e-01 6.985290e-01 6.964243e-01 6.944300e-01 6.925375e-01 6.907386e-01 6.890258e-01 6.873916e-01 6.858290e-01 6.845422e-01
3.154536e+00 3.216887e+00 3.275507e+00 3.332462e+00 3.387769e+00 3.441443e+00 3.493500e+00 3.543955e+00 3.592823e+00 3.640117e+00 3.685852e+00 3.730041e+00 3.772696e+00 3.813831e+00 3.853456e+00 3.891583e+00 3.928224e+00 3.963388e+00 3.997087e+00 4.029330e+00 4.060126e+00 4.089484e+00 4.117413e+00 4.143921e+00 4.169015e+00 4.192703e+00 4.214991e+00 4.235887e+00 4.255395e+00 4.273522e+00 4.290274e+00 4.305654e+00 4.319667e+00 4.332318e+00 4.343610e+00 4.353546e+00 4.362129e+00 4.369362e+00 4.375247e+00 4.379785e+00 4.382978e+00 4.384827e+00 4.385332e+00 4.384493e+00 4.382311e+00 4.378784e+00 4.373911e+00 4.367692e+00 4.360123e+00 4.351204e+00 4.340932e+00 4.329303e+00 4.316314e+00 4.301961e+00 4.286241e+00 4.269148e+00 4.250678e+00 4.230826e+00 4.209585e+00 4.186950e+00 4.162913e+00 4.137469e+00 4.110609e+00 4.082325e+00 4.052611e+00 4.021456e+00 3.988853e+00 3.952222e+00
3.643678e+00 3.739941e+00 3.792226e+00 3.842954e+00 3.892153e+00 3.939850e+00 3.986071e+00 4.030840e+00 4.074182e+00 4.116121e+00 4.156678e+00 4.195877e+00 4.233738e+00 4.270283e+00 4.305530e+00 4.339499e+00 4.372209e+00 4.403676e+00 4.433919e+00 4.462953e+00 4.490795e+00 4.517459e+00 4.542960e+00 4.567312e+00 4.590528e+00 4.612621e+00 4.633602e+00 4.653482e+00 4.672274e+00 4.689987e+00 4.706630e+00 4.722212e+00 4.736743e+00 4.750229e+00 4.762679e+00 4.774099e+00 4.784495e+00 4.793872e+00 4.802237e+00 4.809593e+00 4.815944e+00 4.821294e+00 4.825646e+00 4.829002e+00 4.831365e+00 4.832734e+00 4.833111e+00 4.832496e+00 4.830890e+00 4.828290e+00 4.824696e+00 4.820105e+00 4.814516e+00 4.807924e+00 4.800327e+00 4.791721e+00 4.782100e+00 4.771460e+00 4.759794e+00 4.747097e+00 4.733361e+00 4.718580e+00 4.702744e+00 4.685846e+00 4.667876e+00 4.648825e+00 4.628682e+00 4.610251e+00
1.215580e+00 1.201498e+00 1.192734e+00 1.184062e+00 1.175481e+00 1.166991e+00 1.158591e+00 1.150279e+00 1.142055e+00 1.133918e+00 1.125866e+00 1.117898e+00 1.110014e+00 1.102212e+00 1.094492e+00 1.086853e+00 1.079294e+00 1.071813e+00 1.064410e+00 1.057084e+00 1.049835e+00 1.042660e+00 1.035560e+00 1.028533e+00 1.021579e+00 1.014697e+00 1.007885e+00 1.001144e+00 9.944718e-01 9.878680e-01 9.813318e-01 9.748625e-01 9.684591e-01 9.621210e-01 9.558474e-01 9.496374e-01 9.434904e-01 9.374055e-01 9.313820e-01 9.254193e-01 9.195165e-01 9.136729e-01 9.078878e-01 9.021606e-01 8.964904e-01 8.908767e-01 8.853187e-01 8.798157e-01 8.743672e-01 8.689723e-01 8.636304e-01 8.583409e-01 8.531032e-01 8.479166e-01 8.427804e-01 8.376940e-01 8.326569e-01 8.276683e-01 8.227277e-01 8.178345e-01 8.129881e-01 8.081878e-01 8.034332e-01 7.987235e-01 7.940583e-01 7.894369e-01 7.848589e-01 7.737135e-01
5.622081e-01 5.616487e-01 5.612319e-01 5.609340e-01 5.607546e-01 5.606932e-01 5.607499e-01 5.609247e-01 5.612179e-01 5.616301e-01 5.621621e-01 5.628147e-01 5.635893e-01 5.644873e-01 5.655103e-01 5.666602e-01 5.679392e-01 5.693496e-01 5.708941e-01 5.725754e-01 5.743969e-01 5.763617e-01 5.784736e-01 5.807365e-01 5.831545e-01 5.857322e-01 5.884743e-01 5.913860e-01 5.944725e-01 5.977397e-01 6.011936e-01 6.048407e-01 6.086875e-01 6.127414e-01 6.170098e-01 6.215007e-01 6.262223e-01 6.311834e-01 6.363933e-01 6.418615e-01 6.475983e-01 6.536142e-01 6.599205e-01 6.665288e-01 6.734513e-01 6.807010e-01 6.882912e-01 6.962360e-01 7.045502e-01 7.132492e-01 7.223491e-01 7.318668e-01 7.418199e-01 7.522269e-01 7.631071e-01 7.744807e-01 7.863688e-01 7.987934e-01 8.117775e-01 8.253453e-01 8.395219e-01 8.543335e-01 8.698077e-01 8.859732e-01 9.028599e-01 9.204991e-01 9.389236e-01 9.771458e-01
1.420835e+00 1.374028e+00 1.337901e+00 1.303093e+00 1.269554e+00 1.237237e+00 1.206095e+00 1.176086e+00 1.147166e+00 1.119295e+00 1.092433e+00 1.066543e+00 1.041587e+00 1.017530e+00 9.943380e-01 9.719787e-01 9.504201e-01 9.296319e-01 9.095845e-01 8.902496e-01 8.715998e-01 8.536088e-01 8.362512e-01 8.195022e-01 8.033384e-01 7.877367e-01 7.726751e-01 7.581323e-01 7.440878e-01 7.305217e-01 7.174147e-01 7.047483e-01 6.925047e-01 6.806664e-01 6.692168e-01 6.581396e-01 6.474193e-01 6.370405e-01 6.269886e-01 6.172494e-01 6.078092e-01 5.986545e-01 5.897725e-01 5.811505e-01 5.727763e-01 5.646382e-01 5.567245e-01 5.490242e-01 5.415262e-01 5.342201e-01 5.270954e-01 5.201421e-01 5.133503e-01 5.067105e-01 5.002132e-01 4.938492e-01 4.876096e-01 4.814855e-01 4.754683e-01 4.695494e-01 4.637205e-01 4.579733e-01 4.522997e-01 4.466917e-01 4.411413e-01 4.356406e-01 4.301820e-01 4.247133e-01
1.164922e+00 1.178724e+00 1.192239e+00 1.205095e+00 1.217306e+00 1.228887e+00 1.239851e+00 1.250212e+00 1.259981e+00 1.269170e+00 1.277789e+00 1.285848e+00 1.293358e+00 1.300326e+00 1.306761e+00 1.312670e+00 1.318060e+00 1.322938e+00 1.327309e+00 1.331179e+00 1.334551e+00 1.337430e+00 1.339820e+00 1.341722e+00 1.343139e+00 1.344073e+00 1.344525e+00 1.344495e+00 1.343984e+00 1.342991e+00 1.341514e+00 1.339552e+00 1.337103e+00 1.334163e+00 1.330730e+00 1.326799e+00 1.322366e+00 1.317425e+00 1.311971e+00 1.305998e+00 1.299497e+00 1.292463e+00 1.284887e+00 1.276759e+00 1.268070e+00 1.258811e+00 1.248970e+00 1.238535e+00 1.227496e+00 1.215838e+00 1.203548e+00 1.190612e+00 1.177015e+00 1.162741e+00 1.147773e+00 1.132093e+00 1.115684e+00 1.098526e+00 1.080599e+00 1.061883e+00 1.042355e+00 1.021992e+00 1.000771e+00 9.786676e-01 9.556551e-01 9.317069e-01 9.067952e-01 8.792123e-01
1.355751e+00 1.289028e+00 1.215712e+00 1.147083e+00 1.082866e+00 1.022802e+00 9.666516e-01 9.141885e-01 8.652023e-01 8.194965e-01 7.768876e-01 7.372046e-01 7.002883e-01 6.659905e-01 6.341736e-01 6.047099e-01 5.774811e-01 5.523779e-01 5.292997e-01 5.081538e-01 4.888553e-01 4.713267e-01 4.554979e-01 4.413051e-01 4.286915e-01 4.176064e-01 4.080054e-01 3.998499e-01 3.931072e-01 3.877502e-01 3.837574e-01 3.811128e-01 3.798058e-01 3.798312e-01 3.811890e-01 3.838847e-01 3.879291e-01 3.933384e-01 4.001344e-01 4.083443e-01 4.180011e-01 4.291436e-01 4.418164e-01 4.560703e-01 4.719627e-01 4.895573e-01 5.089247e-01 5.301426e-01 5.532962e-01 5.784784e-01 6.057903e-01 6.353414e-01 6.672504e-01 7.016453e-01 7.386642e-01 7.784556e-01 8.211793e-01 8.670066e-01 9.161215e-01 9.687211e-01 1.025017e+00 1.085234e+00 1.149614e+00 1.218417e+00 1.291917e+00 1.370410e+00 1.454211e+00 1.513377e+00
1.464211e+00 1.487104e+00 1.506512e+00 1.525487e+00 1.544034e+00 1.562155e+00 1.579855e+00 1.597137e+00 1.614005e+00 1.630463e+00 1.646514e+00 1.662161e+00 1.677408e+00 1.692257e+00 1.706712e+00 1.720776e+00 1.734451e+00 1.747741e+00 1.760648e+00 1.773176e+00 1.785326e+00 1.797101e+00 1.808503e+00 1.819535e+00 1.830200e+00 1.840499e+00 1.850435e+00 1.860009e+00 1.869224e+00 1.878081e+00 1.886583e+00 1.894731e+00 1.902526e+00 1.909971e+00 1.917067e+00 1.923816e+00 1.930218e+00 1.936276e+00 1.941990e+00 1.947362e+00 1.952392e+00 1.957083e+00 1.961434e+00 1.965446e+00 1.969121e+00 1.972460e+00 1.975462e+00 1.978130e+00 1.980462e+00 1.982460e+00 1.984123e+00 1.985454e+00 1.986451e+00 1.987114e+00 1.987445e+00 1.987443e+00 1.987108e+00 1.986440e+00 1.985439e+00 1.984105e+00 1.982437e+00 1.980434e+00 1.978098e+00 1.975427e+00 1.972420e+00 1.969077e+00 1.965398e+00 1.961395e+00
1.894065e+00 1.866848e+00 1.859126e+00 1.851534e+00 1.844069e+00 1.836726e+00 1.829502e+00 1.822394e+00 1.815400e+00 1.808514e+00 1.801736e+00 1.795060e+00 1.788485e+00 1.782007e+00 1.775623e+00 1.769331e+00 1.763126e+00 1.757008e+00 1.750972e+00 1.745016e+00 1.739138e+00 1.733334e+00 1.727602e+00 1.721939e+00 1.716343e+00 1.710811e+00 1.705340e+00 1.699929e+00 1.694574e+00 1.689273e+00 1.684024e+00 1.678824e+00 1.673670e+00 1.668562e+00 1.663495e+00 1.658468e+00 1.653479e+00 1.648525e+00 1.643604e+00 1.638713e+00 1.633851e+00 1.629016e+00 1.624204e+00 1.619414e+00 1.614643e+00 1.609890e+00 1.605152e+00 1.600427e+00 1.595712e+00 1.591007e+00 1.586308e+00 1.581613e+00 1.576921e+00 1.572228e+00 1.567534e+00 1.562835e+00 1.558130e+00 1.553416e+00 1.548691e+00 1.543954e+00 1.539201e+00 1.534431e+00 1.529642e+00 1.524830e+00 1.519995e+00 1.515134e+00 1.510245e+00 1.505095e+00
1.351814e+00 1.403426e+00 1.483417e+00 1.558787e+00 1.629766e+00 1.696570e+00 1.759401e+00 1.818451e+00 1.873899e+00 1.925914e+00 1.974654e+00 2.020268e+00 2.062894e+00 2.102662e+00 2.139692e+00 2.174098e+00 2.205983e+00 2.235446e+00 2.262575e+00 2.287453e+00 2.310156e+00 2.330753e+00 2.349306e+00 2.365872e+00 2.380501e+00 2.393238e+00 2.404122e+00 2.413184e+00 2.420454e+00 2.425954e+00 2.429699e+00 2.431701e+00 2.431967e+00 2.430498e+00 2.427288e+00 2.422328e+00 2.415602e+00 2.407092e+00 2.396770e+00 2.384605e+00 2.370560e+00 2.354593e+00 2.336655e+00 2.316691e+00 2.294641e+00 2.270437e+00 2.244006e+00 2.215268e+00 2.184135e+00 2.150513e+00 2.114299e+00 2.075382e+00 2.033646e+00 1.988963e+00 1.941196e+00 1.890201e+00 1.835823e+00 1.777895e+00 1.716243e+00 1.650679e+00 1.581002e+00 1.507001e+00 1.428452e+00 1.345115e+00 1.256737e+00 1.163048e+00 1.063765e+00 1.002871e+00
2.404151e+00 2.364390e+00 2.316833e+00 2.272051e+00 2.229887e+00 2.190190e+00 2.152822e+00 2.117649e+00 2.084549e+00 2.053403e+00 2.024103e+00 1.996545e+00 1.970631e+00 1.946270e+00 1.923376e+00 1.901868e+00 1.881671e+00 1.862712e+00 1.844926e+00 1.828249e+00 1.812622e+00 1.797991e+00 1.784303e+00 1.771511e+00 1.759569e+00 1.748435e+00 1.738069e+00 1.728436e+00 1.719501e+00 1.711232e+00 1.703601e+00 1.696580e+00 1.690145e+00 1.684273e+00 1.678944e+00 1.674137e+00 1.669838e+00 1.666029e+00 1.662698e+00 1.659834e+00 1.657425e+00 1.655464e+00 1.653944e+00 1.652858e+00 1.652205e+00 1.651980e+00 1.652183e+00 1.652815e+00 1.653879e+00 1.655378e+00 1.657316e+00 1.659702e+00 1.662544e+00 1.665851e+00 1.669635e+00 1.673910e+00 1.678691e+00 1.683994e+00 1.689838e+00 1.696244e+00 1.703235e+00 1.710835e+00 1.719071e+00 1.727972e+00 1.737569e+00 1.747897e+00 1.758992e+00 1.767337e+00
2.095803e+00 2.094571e+00 2.093299e+00 2.091932e+00 2.090470e+00 2.088911e+00 2.087256e+00 2.085503e+00 2.083652e+00 2.081702e+00 2.079652e+00 2.077501e+00 2.075249e+00 2.072894e+00 2.070436e+00 2.067873e+00 2.065206e+00 2.062431e+00 2.059549e+00 2.056558e+00 2.053457e+00 2.050245e+00 2.046920e+00 2.043481e+00 2.039927e+00 2.036256e+00 2.032466e+00 2.028557e+00 2.024526e+00 2.020373e+00 2.016094e+00 2.011689e+00 2.007155e+00 2.002492e+00 1.997696e+00 1.992766e+00 1.987700e+00 1.982497e+00 1.977152e+00 1.971666e+00 1.966035e+00 1.960257e+00 1.954329e+00 1.948250e+00 1.942017e+00 1.935627e+00 1.929078e+00 1.922367e+00 1.915491e+00 1.908448e+00 1.901234e+00 1.893847e+00 1.886283e+00 1.878540e+00 1.870615e+00 1.862504e+00 1.854203e+00 1.845710e+00 1.837022e+00 1.828134e+00 1.819042e+00 1.809744e+00 1.800235e+00 1.790512e+00 1.780571e+00 1.770407e+00 1.760016e+00 1.722343e+00
6.290757e-01 6.540085e-01 6.855969e-01 7.163798e-01 7.463846e-01 7.756377e-01 8.041653e-01 8.319924e-01 8.591439e-01 8.856437e-01 9.115153e-01 9.367817e-01 9.614653e-01 9.855878e-01 1.009171e+00 1.032235e+00 1.054801e+00 1.076889e+00 1.098518e+00 1.119707e+00 1.140476e+00 1.160843e+00 1.180825e+00 1.200440e+00 1.219707e+00 1.238641e+00 1.257260e+00 1.275580e+00 1.293618e+00 1.311388e+00 1.328908e+00 1.346193e+00 1.363258e+00 1.380117e+00 1.396787e+00 1.413281e+00 1.429615e+00 1.445803e+00 1.461859e+00 1.477798e+00 1.493633e+00 1.509378e+00 1.525049e+00 1.540657e+00 1.556218e+00 1.571746e+00 1.587253e+00 1.602753e+00 1.618261e+00 1.633790e+00 1.649354e+00 1.664966e+00 1.680641e+00 1.696392e+00 1.712234e+00 1.728180e+00 1.744244e+00 1.760441e+00 1.776785e+00 1.793291e+00 1.809972e+00 1.826845e+00 1.843924e+00 1.861224e+00 1.878760e+00 1.896548e+00 1.914603e+00 1.933759e+00
4.638628e-01 4.696235e-01 4.760026e-01 4.823148e-01 4.885686e-01 4.947730e-01 5.009364e-01 5.070674e-01 5.131745e-01 5.192661e-01 5.253509e-01 5.314370e-01 5.375332e-01 5.436476e-01 5.497890e-01 5.559657e-01 5.621864e-01 5.684597e-01 5.747942e-01 5.811988e-01 5.876824e-01 5.942539e-01 6.009226e-01 6.076975e-01 6.145881e-01 6.216041e-01 6.287550e-01 6.360509e-01 6.435019e-01 6.511183e-01 6.589106e-01 6.668897e-01 6.750666e-01 6.834528e-01 6.920598e-01 7.008995e-01 7.099843e-01 7.193267e-01 7.289397e-01 7.388366e-01 7.490313e-01 7.595377e-01 7.703705e-01 7.815447e-01 7.930759e-01 8.049800e-01 8.172735e-01 8.299735e-01 8.430976e-01 8.566640e-01 8.706916e-01 8.851998e-01 9.002087e-01 9.157392e-01 9.318127e-01 9.484517e-01 9.656792e-01 9.835190e-01 1.001996e+00 1.021136e+00 1.040965e+00 1.061511e+00 1.082802e+00 1.104868e+00 1.127740e+00 1.151449e+00 1.176028e+00 1.214774e+00
2.996978e-01 2.963635e-01 2.927262e-01 2.895950e-01 2.869635e-01 2.848268e-01 2.831806e-01 2.820217e-01 2.813478e-01 2.811577e-01 2.814509e-01 2.822281e-01 2.834907e-01 2.852412e-01 2.874830e-01 2.902205e-01 2.934592e-01 2.972052e-01 3.014660e-01 3.062498e-01 3.115660e-01 3.174250e-01 3.238382e-01 3.308183e-01 3.383788e-01 3.465345e-01 3.553013e-01 3.646965e-01 3.747383e-01 3.854464e-01 3.968418e-01 4.089466e-01 4.217846e-01 4.353809e-01 4.497621e-01 4.649562e-01 4.809929e-01 4.979037e-01 5.157216e-01 5.344813e-01 5.542197e-01 5.749752e-01 5.967885e-01 6.197021e-01 6.437609e-01 6.690120e-01 6.955046e-01 7.232906e-01 7.524243e-01 7.829626e-01 8.149653e-01 8.484949e-01 8.836169e-01 9.204000e-01 9.589162e-01 9.992407e-01 1.041452e+00 1.085634e+00 1.131871e+00 1.180255e+00 1.230880e+00 1.283844e+00 1.339253e+00 1.397213e+00 1.457838e+00 1.521247e+00 1.587564e+00 1.666229e+00
5.278951e+00 5.335194e+00 5.398197e+00 5.458433e+00 5.515914e+00 5.570650e+00 5.622651e+00 5.671927e+00 5.718487e+00 5.762340e+00 5.803494e+00 5.841956e+00 5.877733e+00 5.910833e+00 5.941261e+00 5.969022e+00 5.994123e+00 6.016567e+00 6.036359e+00 6.053502e+00 6.068000e+00 6.079856e+00 6.089070e+00 6.095646e+00 6.099585e+00 6.100886e+00 6.099551e+00 6.095579e+00 6.088969e+00 6.079720e+00 6.067831e+00 6.053299e+00 6.036122e+00 6.016296e+00 5.993818e+00 5.968683e+00 5.940888e+00 5.910426e+00 5.877292e+00 5.841480e+00 5.802983e+00 5.761795e+00 5.717908e+00 5.671313e+00 5.622002e+00 5.569966e+00 5.515194e+00 5.457678e+00 5.397407e+00 5.334369e+00 5.268552e+00 5.199945e+00 5.128534e+00 5.054307e+00 4.977250e+00 4.897349e+00 4.814588e+00 4.728953e+00 4.640427e+00 4.548995e+00 4.454639e+00 4.357342e+00 4.257086e+00 4.153853e+00 4.047622e+00 3.938376e+00 3.826093e+00 3.741366e+00
1.098822e+00 1.114947e+00 1.123077e+00 1.130984e+00 1.138678e+00 1.146166e+00 1.153455e+00 1.160551e+00 1.167462e+00 1.174195e+00 1.180756e+00 1.187151e+00 1.193387e+00 1.199469e+00 1.205404e+00 1.211198e+00 1.216855e+00 1.222382e+00 1.227783e+00 1.233064e+00 1.238231e+00 1.243287e+00 1.248239e+00 1.253090e+00 1.257846e+00 1.262511e+00 1.267090e+00 1.271587e+00 1.276006e+00 1.280352e+00 1.284629e+00 1.288841e+00 1.292992e+00 1.297086e+00 1.301128e+00 1.305121e+00 1.309068e+00 1.312975e+00 1.316844e+00 1.320679e+00 1.324485e+00 1.328264e+00 1.332020e+00 1.335758e+00 1.339480e+00 1.343190e+00 1.346893e+00 1.350590e+00 1.354287e+00 1.357987e+00 1.361692e+00 1.365408e+00 1.369137e+00 1.372883e+00 1.376649e+00 1.380440e+00 1.384259e+00 1.388109e+00 1.391995e+00 1.395920e+00 1.399888e+00 1.403903e+00 1.407969e+00 1.412089e+00 1.416268e+00 1.420510e+00 1.424818e+00 1.432820e+00
1.603636e+00 1.627543e+00 1.660115e+00 1.690723e+00 1.719498e+00 1.746561e+00 1.772026e+00 1.796001e+00 1.818587e+00 1.839881e+00 1.859970e+00 1.878942e+00 1.896875e+00 1.913845e+00 1.929925e+00 1.945182e+00 1.959680e+00 1.973482e+00 1.986644e+00 1.999223e+00 2.011273e+00 2.022843e+00 2.033982e+00 2.044739e+00 2.055157e+00 2.065282e+00 2.075156e+00 2.084821e+00 2.094317e+00 2.103685e+00 2.112965e+00 2.122194e+00 2.131414e+00 2.140661e+00 2.149977e+00 2.159399e+00 2.168967e+00 2.178723e+00 2.188708e+00 2.198962e+00 2.209531e+00 2.220458e+00 2.231790e+00 2.243574e+00 2.255861e+00 2.268701e+00 2.282151e+00 2.296266e+00 2.311105e+00 2.326733e+00 2.343214e+00 2.360618e+00 2.379019e+00 2.398495e+00 2.419128e+00 2.441004e+00 2.464218e+00 2.488866e+00 2.515052e+00 2.542888e+00 2.572491e+00 2.603986e+00 2.637506e+00 2.673193e+00 2.711198e+00 2.751680e+00 2.794812e+00 2.857788e+00
1.111774e+00 1.106353e+00 1.099547e+00 1.093220e+00 1.087363e+00 1.081963e+00 1.077012e+00 1.072501e+00 1.068422e+00 1.064768e+00 1.061532e+00 1.058709e+00 1.056293e+00 1.054281e+00 1.052669e+00 1.051454e+00 1.050634e+00 1.050207e+00 1.050173e+00 1.050531e+00 1.051283e+00 1.052430e+00 1.053973e+00 1.055915e+00 1.058260e+00 1.061013e+00 1.064176e+00 1.067758e+00 1.071762e+00 1.076198e+00 1.081072e+00 1.086393e+00 1.092171e+00 1.098415e+00 1.105137e+00 1.112348e+00 1.120062e+00 1.128292e+00 1.137051e+00 1.146357e+00 1.156225e+00 1.166672e+00 1.177717e+00 1.189379e+00 1.201680e+00 1.214640e+00 1.228283e+00 1.242632e+00 1.257713e+00 1.273552e+00 1.290178e+00 1.307619e+00 1.325907e+00 1.345073e+00 1.365152e+00 1.386178e+00 1.408189e+00 1.431224e+00 1.455322e+00 1.480528e+00 1.506884e+00 1.534438e+00 1.563238e+00 1.593335e+00 1.624781e+00 1.657633e+00 1.691948e+00 1.722675e+00
4.867930e+00 4.934606e+00 4.969883e+00 5.003309e+00 5.034898e+00 5.064667e+00 5.092628e+00 5.118796e+00 5.143183e+00 5.165800e+00 5.186658e+00 5.205767e+00 5.223135e+00 5.238773e+00 5.252685e+00 5.264880e+00 5.275363e+00 5.284139e+00 5.291212e+00 5.296585e+00 5.300262e+00 5.302243e+00 5.302530e+00 5.301123e+00 5.298021e+00 5.293223e+00 5.286726e+00 5.278528e+00 5.268624e+00 5.257009e+00 5.243679e+00 5.228627e+00 5.211846e+00 5.193328e+00 5.173063e+00 5.151044e+00 5.127258e+00 5.101695e+00 5.074342e+00 5.045188e+00 5.014217e+00 4.981415e+00 4.946767e+00 4.910256e+00 4.871865e+00 4.831576e+00 4.789369e+00 4.745225e+00 4.699122e+00 4.651040e+00 4.600954e+00 4.548841e+00 4.494677e+00 4.438436e+00 4.380091e+00 4.319615e+00 4.256979e+00 4.192152e+00 4.125106e+00 4.055806e+00 3.984222e+00 3.910319e+00 3.834061e+00 3.755413e+00 3.674338e+00 3.590796e+00 3.504749e+00 3.423149e+00
3.698778e+00 3.672855e+00 3.643614e+00 3.615149e+00 3.587422e+00 3.560400e+00 3.534050e+00 3.508338e+00 3.483234e+00 3.458706e+00 3.434724e+00 3.411258e+00 3.388279e+00 3.365759e+00 3.343669e+00 3.321984e+00 3.300675e+00 3.279717e+00 3.259083e+00 3.238748e+00 3.218687e+00 3.198876e+00 3.179289e+00 3.159902e+00 3.140692e+00 3.121635e+00 3.102707e+00 3.083884e+00 3.065145e+00 3.046464e+00 3.027820e+00 3.009189e+00 2.990548e+00 2.971874e+00 2.953145e+00 2.934336e+00 2.915425e+00 2.896388e+00 2.877202e+00 2.857843e+00 2.838287e+00 2.818510e+00 2.798487e+00 2.778195e+00 2.757607e+00 2.736698e+00 2.715442e+00 2.693814e+00 2.671786e+00 2.649331e+00 2.626421e+00 2.603029e+00 2.579124e+00 2.554678e+00 2.529661e+00 2.504041e+00 2.477787e+00 2.450866e+00 2.423245e+00 2.394891e+00 2.365767e+00 2.335837e+00 2.305066e+00 2.273415e+00 2.240844e+00 2.207314e+00 2.172783e+00 2.142013e+00
9.753957e-01 9.245221e-01 9.106572e-01 8.973514e-01 8.845865e-01 8.723452e-01 8.606105e-01 8.493664e-01 8.385976e-01 8.282892e-01 8.184272e-01 8.089980e-01 7.999887e-01 7.913870e-01 7.831811e-01 7.753598e-01 7.679123e-01 7.608285e-01 7.540986e-01 7.477134e-01 7.416642e-01 7.359428e-01 7.305411e-01 7.254520e-01 7.206683e-01 7.161836e-01 7.119916e-01 7.080867e-01 7.044636e-01 7.011171e-01 6.980428e-01 6.952365e-01 6.926943e-01 6.904127e-01 6.883886e-01 6.866192e-01 6.851021e-01 6.838352e-01 6.828168e-01 6.820455e-01 6.815203e-01 6.812404e-01 6.812054e-01 6.814152e-01 6.818703e-01 6.825712e-01 6.835188e-01 6.847144e-01 6.861598e-01 6.878568e-01 6.898078e-01 6.920155e-01 6.944829e-01 6.972133e-01 7.002106e-01 7.034788e-01 7.070224e-01 7.108462e-01 7.149555e-01 7.193559e-01 7.240535e-01 7.290546e-01 7.343661e-01 7.399954e-01 7.459501e-01 7.522383e-01 7.588687e-01 7.655361e-01
3.001794e+00 3.051261e+00 3.092462e+00 3.132120e+00 3.170245e+00 3.206848e+00 3.241937e+00 3.275523e+00 3.307613e+00 3.338217e+00 3.367341e+00 3.394994e+00 3.421183e+00 3.445915e+00 3.469196e+00 3.491032e+00 3.511429e+00 3.530391e+00 3.547925e+00 3.564035e+00 3.578724e+00 3.591997e+00 3.603857e+00 3.614307e+00 3.623350e+00 3.630988e+00 3.637223e+00 3.642057e+00 3.645491e+00 3.647527e+00 3.648163e+00 3.647402e+00 3.645241e+00 3.641682e+00 3.636723e+00 3.630362e+00 3.622598e+00 3.613430e+00 3.602854e+00 3.590867e+00 3.577468e+00 3.562652e+00 3.546415e+00 3.528754e+00 3.509663e+00 3.489138e+00 3.467173e+00 3.443763e+00 3.418901e+00 3.392581e+00 3.364797e+00 3.335540e+00 3.304804e+00 3.272580e+00 3.238861e+00 3.203636e+00 3.166898e+00 3.128636e+00 3.088841e+00 3.047502e+00 3.004608e+00 2.960149e+00 2.914112e+00 2.866487e+00 2.817260e+00 2.766418e+00 2.713949e+00 2.660971e+00
4.182933e+00 4.172752e+00 4.161103e+00 4.149344e+00 4.137467e+00 4.125460e+00 4.113313e+00 4.101015e+00 4.088556e+00 4.075924e+00 4.063109e+00 4.050098e+00 4.036882e+00 4.023447e+00 4.009783e+00 3.995876e+00 3.981716e+00 3.967289e+00 3.952583e+00 3.937584e+00 3.922281e+00 3.906658e+00 3.890703e+00 3.874401e+00 3.857739e+00 3.840700e+00 3.823272e+00 3.805437e+00 3.787180e+00 3.768486e+00 3.749337e+00 3.729718e+00 3.709610e+00 3.688997e+00 3.667859e+00 3.646178e+00 3.623936e+00 3.601112e+00 3.577687e+00 3.553640e+00 3.528949e+00 3.503594e+00 3.477551e+00 3.450799e+00 3.423312e+00 3.395068e+00 3.366040e+00 3.336205e+00 3.305535e+00 3.274003e+00 3.241582e+00 3.208244e+00 3.173958e+00 3.138694e+00 3.102423e+00 3.065111e+00 3.026726e+00 2.987234e+00 2.946600e+00 2.904790e+00 2.861764e+00 2.817487e+00 2.771919e+00 2.725020e+00 2.676748e+00 2.627062e+00 2.575917e+00 2.511992e+00
1.736507e+00 1.738021e+00 1.739956e+00 1.741813e+00 1.743599e+00 1.745319e+00 1.746977e+00 1.748580e+00 1.750131e+00 1.751637e+00 1.753100e+00 1.754526e+00 1.755919e+00 1.757283e+00 1.758622e+00 1.759941e+00 1.761243e+00 1.762533e+00 1.763814e+00 1.765090e+00 1.766366e+00 1.767644e+00 1.768929e+00 1.770226e+00 1.771536e+00 1.772866e+00 1.774218e+00 1.775598e+00 1.777008e+00 1.778454e+00 1.779939e+00 1.781469e+00 1.783048e+00 1.784681e+00 1.786372e+00 1.788127e+00 1.789951e+00 1.791851e+00 1.793830e+00 1.795897e+00 1.798056e+00 1.800314e+00 1.802679e+00 1.805158e+00 1.807757e+00 1.810486e+00 1.813351e+00 1.816363e+00 1.819530e+00 1.822861e+00 1.826368e+00 1.830060e+00 1.833949e+00 1.838047e+00 1.842365e+00 1.846918e+00 1.851719e+00 1.856783e+00 1.862125e+00 1.867762e+00 1.873709e+00 1.879987e+00 1.886613e+00 1.893609e+00 1.900994e+00 1.908792e+00 1.917027e+00 1.927894e+00
1.644214e+00 1.638255e+00 1.629477e+00 1.621391e+00 1.613941e+00 1.607072e+00 1.600738e+00 1.594893e+00 1.589497e+00 1.584512e+00 1.579902e+00 1.575635e+00 1.571682e+00 1.568013e+00 1.564605e+00 1.561431e+00 1.558471e+00 1.555703e+00 1.553109e+00 1.550669e+00 1.548366e+00 1.546185e+00 1.544110e+00 1.542126e+00 1.540220e+00 1.538378e+00 1.536587e+00 1.534834e+00 1.533108e+00 1.531396e+00 1.529685e+00 1.527965e+00 1.526223e+00 1.524446e+00 1.522622e+00 1.520739e+00 1.518783e+00 1.516740e+00 1.514596e+00 1.512336e+00 1.509943e+00 1.507402e+00 1.504695e+00 1.501801e+00 1.498702e+00 1.495374e+00 1.491795e+00 1.487940e+00 1.483781e+00 1.479290e+00 1.474434e+00 1.469179e+00 1.463489e+00 1.457323e+00 1.450639e+00 1.443388e+00 1.435521e+00 1.426982e+00 1.417710e+00 1.407641e+00 1.396703e+00 1.384821e+00 1.371910e+00 1.357879e+00 1.342630e+00 1.326055e+00 1.308039e+00 1.296458e+00
1.409439e+00 1.417467e+00 1.422308e+00 1.427016e+00 1.431606e+00 1.436090e+00 1.440481e+00 1.444791e+00 1.449033e+00 1.453219e+00 1.457361e+00 1.461470e+00 1.465558e+00 1.469638e+00 1.473720e+00 1.477816e+00 1.481938e+00 1.486097e+00 1.490307e+00 1.494577e+00 1.498921e+00 1.503352e+00 1.507881e+00 1.512521e+00 1.517287e+00 1.522190e+00 1.527246e+00 1.532469e+00 1.537874e+00 1.543475e+00 1.549290e+00 1.555334e+00 1.561625e+00 1.568181e+00 1.575020e+00 1.582162e+00 1.589628e+00 1.597438e+00 1.605615e+00 1.614182e+00 1.623164e+00 1.632585e+00 1.642474e+00 1.652858e+00 1.663767e+00 1.675232e+00 1.687286e+00 1.699962e+00 1.713297e+00 1.727330e+00 1.742100e+00 1.757649e+00 1.774021e+00 1.791263e+00 1.809425e+00 1.828558e+00 1.848717e+00 1.869959e+00 1.892344e+00 1.915937e+00 1.940805e+00 1.967018e+00 1.994651e+00 2.023784e+00 2.054498e+00 2.086883e+00 2.121029e+00 2.146909e+00
2.447339e+00 2.433845e+00 2.422913e+00 2.412260e+00 2.401875e+00 2.391748e+00 2.381867e+00 2.372221e+00 2.362800e+00 2.353595e+00 2.344594e+00 2.335789e+00 2.327170e+00 2.318727e+00 2.310452e+00 2.302336e+00 2.294370e+00 2.286545e+00 2.278853e+00 2.271285e+00 2.263834e+00 2.256492e+00 2.249250e+00 2.242101e+00 2.235037e+00 2.228050e+00 2.221134e+00 2.214280e+00 2.207481e+00 2.200730e+00 2.194019e+00 2.187342e+00 2.180690e+00 2.174058e+00 2.167438e+00 2.160822e+00 2.154204e+00 2.147576e+00 2.140932e+00 2.134264e+00 2.127565e+00 2.120827e+00 2.114045e+00 2.107209e+00 2.100313e+00 2.093350e+00 2.086311e+00 2.079190e+00 2.071979e+00 2.064670e+00 2.057254e+00 2.049725e+00 2.042074e+00 2.034292e+00 2.026372e+00 2.018305e+00 2.010082e+00 2.001694e+00 1.993132e+00 1.984388e+00 1.975451e+00 1.966312e+00 1.956961e+00 1.947389e+00 1.937584e+00 1.927537e+00 1.917236e+00 1.905971e+00
2.028494e+00 1.941200e+00 1.842435e+00 1.752314e+00 1.670078e+00 1.595035e+00 1.526554e+00 1.464058e+00 1.407022e+00 1.354964e+00 1.307447e+00 1.264071e+00 1.224471e+00 1.188313e+00 1.155294e+00 1.125134e+00 1.097582e+00 1.072403e+00 1.049388e+00 1.028341e+00 1.009085e+00 9.914597e-01 9.753153e-01 9.605163e-01 9.469381e-01 9.344664e-01 9.229962e-01 9.124311e-01 9.026820e-01 8.936670e-01 8.853100e-01 8.775409e-01 8.702942e-01 8.635089e-01 8.571278e-01 8.510974e-01 8.453668e-01 8.398878e-01 8.346142e-01 8.295018e-01 8.245074e-01 8.195890e-01 8.147052e-01 8.098149e-01 8.048770e-01 7.998499e-01 7.946913e-01 7.893577e-01 7.838043e-01 7.779843e-01 7.718487e-01 7.653460e-01 7.584213e-01 7.510163e-01 7.430688e-01 7.345119e-01 7.252734e-01 7.152758e-01 7.044347e-01 6.926591e-01 6.798496e-01 6.658986e-01 6.506887e-01 6.340917e-01 6.159680e-01 5.961650e-01 5.745161e-01 5.518682e-01
1.033752e+01 1.039843e+01 1.044578e+01 1.049114e+01 1.053453e+01 1.057596e+01 1.061542e+01 1.065292e+01 1.068847e+01 1.072206e+01 1.075371e+01 1.078342e+01 1.081118e+01 1.083701e+01 1.086090e+01 1.088286e+01 1.090290e+01 1.092100e+01 1.093719e+01 1.095144e+01 1.096378e+01 1.097420e+01 1.098270e+01 1.098928e+01 1.099394e+01 1.099669e+01 1.099752e+01 1.099643e+01 1.099343e+01 1.098851e+01 1.098168e+01 1.097293e+01 1.096225e+01 1.094966e+01 1.093515e+01 1.091871e+01 1.090035e+01 1.088006e+01 1.085784e+01 1.083369e+01 1.080760e+01 1.077958e+01 1.074962e+01 1.071771e+01 1.068385e+01 1.064805e+01 1.061029e+01 1.057057e+01 1.052888e+01 1.048523e+01 1.043960e+01 1.039199e+01 1.034240e+01 1.029082e+01 1.023725e+01 1.018167e+01 1.012409e+01 1.006449e+01 1.000287e+01 9.939226e+00 9.873545e+00 9.805822e+00 9.736049e+00 9.664218e+00 9.590322e+00 9.514352e+00 9.436300e+00 9.286629e+00
2.151099e+00 2.080395e+00 2.022197e+00 1.966238e+00 1.912445e+00 1.860747e+00 1.811077e+00 1.763368e+00 1.717558e+00 1.673587e+00 1.631397e+00 1.590932e+00 1.552140e+00 1.514969e+00 1.479370e+00 1.445297e+00 1.412705e+00 1.381550e+00 1.351793e+00 1.323393e+00 1.296314e+00 1.270519e+00 1.245976e+00 1.222651e+00 1.200514e+00 1.179536e+00 1.159689e+00 1.140948e+00 1.123287e+00 1.106683e+00 1.091115e+00 1.076562e+00 1.063005e+00 1.050425e+00 1.038808e+00 1.028136e+00 1.018397e+00 1.009577e+00 1.001665e+00 9.946504e-01 9.885239e-01 9.832775e-01 9.789043e-01 9.753985e-01 9.727556e-01 9.709721e-01 9.700456e-01 9.699749e-01 9.707599e-01 9.724016e-01 9.749023e-01 9.782652e-01 9.824947e-01 9.875963e-01 9.935769e-01 1.000444e+00 1.008207e+00 1.016876e+00 1.026463e+00 1.036979e+00 1.048440e+00 1.060859e+00 1.074253e+00 1.088640e+00 1.104040e+00 1.120471e+00 1.137955e+00 1.177148e+00
1.803921e+00 1.838039e+00 1.871145e+00 1.903026e+00 1.933706e+00 1.963210e+00 1.991559e+00 2.018776e+00 2.044883e+00 2.069898e+00 2.093842e+00 2.116733e+00 2.138589e+00 2.159427e+00 2.179263e+00 2.198111e+00 2.215988e+00 2.232906e+00 2.248879e+00 2.263919e+00 2.278037e+00 2.291245e+00 2.303554e+00 2.314971e+00 2.325507e+00 2.335169e+00 2.343965e+00 2.351901e+00 2.358984e+00 2.365220e+00 2.370613e+00 2.375167e+00 2.378886e+00 2.381772e+00 2.383828e+00 2.385056e+00 2.385457e+00 2.385030e+00 2.383775e+00 2.381692e+00 2.378779e+00 2.375034e+00 2.370453e+00 2.365033e+00 2.358770e+00 2.351660e+00 2.343696e+00 2.334872e+00 2.325182e+00 2.314618e+00 2.303172e+00 2.290835e+00 2.277598e+00 2.263450e+00 2.248380e+00 2.232378e+00 2.215429e+00 2.197521e+00 2.178641e+00 2.158774e+00 2.137904e+00 2.116015e+00 2.093090e+00 2.069112e+00 2.044062e+00 2.017920e+00 1.990666e+00 1.963459e+00
1.835346e+00 1.835206e+00 1.834870e+00 1.834349e+00 1.833644e+00 1.832754e+00 1.831676e+00 1.830411e+00 1.828956e+00 1.827310e+00 1.825471e+00 1.823436e+00 1.821203e+00 1.818770e+00 1.816133e+00 1.813290e+00 1.810237e+00 1.806970e+00 1.803485e+00 1.799779e+00 1.795846e+00 1.791683e+00 1.787284e+00 1.782643e+00 1.777756e+00 1.772616e+00 1.767217e+00 1.761553e+00 1.755617e+00 1.749402e+00 1.742901e+00 1.736105e+00 1.729007e+00 1.721597e+00 1.713868e+00 1.705810e+00 1.697413e+00 1.688667e+00 1.679562e+00 1.670087e+00 1.660230e+00 1.649979e+00 1.639324e+00 1.628249e+00 1.616743e+00 1.604792e+00 1.592381e+00 1.579495e+00 1.566119e+00 1.552237e+00 1.537832e+00 1.522888e+00 1.507385e+00 1.491306e+00 1.474631e+00 1.457341e+00 1.439414e+00 1.420830e+00 1.401565e+00 1.381597e+00 1.360902e+00 1.339455e+00 1.317231e+00 1.294202e+00 1.270342e+00 1.245621e+00 1.220010e+00 1.192307e+00
1.317402e+00 1.325136e+00 1.331822e+00 1.338291e+00 1.344545e+00 1.350587e+00 1.356420e+00 1.362046e+00 1.367468e+00 1.372690e+00 1.377712e+00 1.382538e+00 1.387170e+00 1.391610e+00 1.395860e+00 1.399921e+00 1.403797e+00 1.407489e+00 1.410998e+00 1.414326e+00 1.417475e+00 1.420447e+00 1.423241e+00 1.425861e+00 1.428307e+00 1.430580e+00 1.432681e+00 1.434612e+00 1.436373e+00 1.437965e+00 1.439388e+00 1.440644e+00 1.441733e+00 1.442656e+00 1.443413e+00 1.444004e+00 1.444430e+00 1.444690e+00 1.444785e+00 1.444716e+00 1.444481e+00 1.444081e+00 1.443516e+00 1.442785e+00 1.441889e+00 1.440825e+00 1.439595e+00 1.438198e+00 1.436632e+00 1.434898e+00 1.432994e+00 1.430919e+00 1.428673e+00 1.426254e+00 1.423662e+00 1.420895e+00 1.417951e+00 1.414830e+00 1.411530e+00 1.408049e+00 1.404386e+00 1.400539e+00 1.396506e+00 1.392286e+00 1.387876e+00 1.383274e+00 1.378479e+00 1.357207e+00
1.142255e+00 1.136087e+00 1.129911e+00 1.124144e+00 1.118777e+00 1.113799e+00 1.109200e+00 1.104974e+00 1.101111e+00 1.097605e+00 1.094449e+00 1.091638e+00 1.089166e+00 1.087029e+00 1.085223e+00 1.083745e+00 1.082591e+00 1.081761e+00 1.081251e+00 1.081062e+00 1.081193e+00 1.081644e+00 1.082416e+00 1.083510e+00 1.084929e+00 1.086675e+00 1.088751e+00 1.091161e+00 1.093910e+00 1.097002e+00 1.100444e+00 1.104241e+00 1.108401e+00 1.112930e+00 1.117839e+00 1.123134e+00 1.128827e+00 1.134928e+00 1.141447e+00 1.148397e+00 1.155791e+00 1.163642e+00 1.171964e+00 1.180773e+00 1.190085e+00 1.199917e+00 1.210288e+00 1.221215e+00 1.232720e+00 1.244823e+00 1.257547e+00 1.270914e+00 1.284950e+00 1.299681e+00 1.315132e+00 1.331333e+00 1.348314e+00 1.366105e+00 1.384739e+00 1.404251e+00 1.424675e+00 1.446051e+00 1.468416e+00 1.491813e+00 1.516283e+00 1.541872e+00 1.568627e+00 1.597295e+00
1.831974e+00 1.831717e+00 1.831556e+00 1.831592e+00 1.831825e+00 1.832257e+00 1.832890e+00 1.833728e+00 1.834777e+00 1.836042e+00 1.837531e+00 1.839254e+00 1.841220e+00 1.843443e+00 1.845934e+00 1.848710e+00 1.851787e+00 1.855184e+00 1.858922e+00 1.863022e+00 1.867511e+00 1.872416e+00 1.877765e+00 1.883592e+00 1.889933e+00 1.896824e+00 1.904310e+00 1.912434e+00 1.921246e+00 1.930800e+00 1.941154e+00 1.952371e+00 1.964518e+00 1.977670e+00 1.991906e+00 2.007313e+00 2.023984e+00 2.042021e+00 2.061533e+00 2.082639e+00 2.105467e+00 2.130155e+00 2.156854e+00 2.185725e+00 2.216944e+00 2.250701e+00 2.287200e+00 2.326663e+00 2.369330e+00 2.415460e+00 2.465333e+00 2.519252e+00 2.577545e+00 2.640564e+00 2.708694e+00 2.782348e+00 2.861973e+00 2.948052e+00 3.041109e+00 3.141709e+00 3.250462e+00 3.368029e+00 3.495124e+00 3.632519e+00 3.781048e+00 3.941613e+00 4.115189e+00 4.290435e+00
1.503001e+00 1.482655e+00 1.453129e+00 1.425324e+00 1.399149e+00 1.374518e+00 1.351350e+00 1.329568e+00 1.309101e+00 1.289881e+00 1.271846e+00 1.254936e+00 1.239096e+00 1.224273e+00 1.210418e+00 1.197487e+00 1.185436e+00 1.174225e+00 1.163819e+00 1.154183e+00 1.145284e+00 1.137095e+00 1.129587e+00 1.122737e+00 1.116521e+00 1.110920e+00 1.105914e+00 1.101487e+00 1.097626e+00 1.094316e+00 1.091548e+00 1.089311e+00 1.087600e+00 1.086407e+00 1.085730e+00 1.085566e+00 1.085914e+00 1.086775e+00 1.088153e+00 1.090052e+00 1.092478e+00 1.095440e+00 1.098946e+00 1.103008e+00 1.107641e+00 1.112858e+00 1.118677e+00 1.125118e+00 1.132202e+00 1.139951e+00 1.148391e+00 1.157550e+00 1.167459e+00 1.178149e+00 1.189657e+00 1.202019e+00 1.215276e+00 1.229472e+00 1.244654e+00 1.260872e+00 1.278179e+00 1.296631e+00 1.316290e+00 1.337221e+00 1.359491e+00 1.383175e+00 1.408350e+00 1.448868e+00
1.314490e+00 1.319605e+00 1.324052e+00 1.328336e+00 1.332461e+00 1.336430e+00 1.340246e+00 1.343912e+00 1.347430e+00 1.350805e+00 1.354037e+00 1.357130e+00 1.360086e+00 1.362908e+00 1.365597e+00 1.368155e+00 1.370586e+00 1.372890e+00 1.375069e+00 1.377125e+00 1.379059e+00 1.380874e+00 1.382570e+00 1.384149e+00 1.385612e+00 1.386960e+00 1.388194e+00 1.389315e+00 1.390324e+00 1.391222e+00 1.392010e+00 1.392688e+00 1.393256e+00 1.393715e+00 1.394066e+00 1.394308e+00 1.394442e+00 1.394469e+00 1.394387e+00 1.394197e+00 1.393899e+00 1.393492e+00 1.392977e+00 1.392353e+00 1.391619e+00 1.390774e+00 1.389819e+00 1.388752e+00 1.387573e+00 1.386280e+00 1.384873e+00 1.383351e+00 1.381712e+00 1.379955e+00 1.378079e+00 1.376082e+00 1.373963e+00 1.371720e+00 1.369351e+00 1.366855e+00 1.364230e+00 1.361473e+00 1.358582e+00 1.355556e+00 1.352391e+00 1.349086e+00 1.345638e+00 1.341852e+00
1.070216e+00 1.108089e+00 1.119797e+00 1.131233e+00 1.142405e+00 1.153321e+00 1.163992e+00 1.174424e+00 1.184627e+00 1.194608e+00 1.204376e+00 1.213938e+00 1.223302e+00 1.232476e+00 1.241466e+00 1.250280e+00 1.258925e+00 1.267407e+00 1.275734e+00 1.283913e+00 1.291948e+00 1.299848e+00 1.307618e+00 1.315265e+00 1.322794e+00 1.330212e+00 1.337525e+00 1.344737e+00 1.351856e+00 1.358887e+00 1.365834e+00 1.372705e+00 1.379504e+00 1.386237e+00 1.392909e+00 1.399526e+00 1.406092e+00 1.412613e+00 1.419094e+00 1.425540e+00 1.431957e+00 1.438350e+00 1.444723e+00 1.451082e+00 1.457431e+00 1.463776e+00 1.470123e+00 1.476475e+00 1.482838e+00 1.489217e+00 1.495617e+00 1.502044e+00 1.508502e+00 1.514996e+00 1.521532e+00 1.528115e+00 1.534750e+00 1.541443e+00 1.548198e+00 1.555021e+00 1.561918e+00 1.568894e+00 1.575954e+00 1.583105e+00 1.590352e+00 1.597700e+00 1.605156e+00 1.613017e+00
1.238981e+00 1.248935e+00 1.260457e+00 1.271928e+00 1.283373e+00 1.294819e+00 1.306293e+00 1.317820e+00 1.329428e+00 1.341143e+00 1.352992e+00 1.365003e+00 1.377203e+00 1.389620e+00 1.402283e+00 1.415221e+00 1.428464e+00 1.442042e+00 1.455987e+00 1.470331e+00 1.485106e+00 1.500348e+00 1.516090e+00 1.532370e+00 1.549224e+00 1.566693e+00 1.584815e+00 1.603633e+00 1.623189e+00 1.643530e+00 1.664702e+00 1.686753e+00 1.709736e+00 1.733701e+00 1.758705e+00 1.784806e+00 1.812063e+00 1.840540e+00 1.870301e+00 1.901416e+00 1.933956e+00 1.967996e+00 2.003615e+00 2.040894e+00 2.079920e+00 2.120782e+00 2.163576e+00 2.208398e+00 2.255353e+00 2.304549e+00 2.356099e+00 2.410121e+00 2.466741e+00 2.526089e+00 2.588302e+00 2.653522e+00 2.721901e+00 2.793596e+00 2.868771e+00 2.947601e+00 3.030267e+00 3.116959e+00 3.207877e+00 3.303230e+00 3.403239e+00 3.508134e+00 3.618156e+00 3.755874e+00
1.293957e+00 1.293116e+00 1.292690e+00 1.292258e+00 1.291818e+00 1.291370e+00 1.290914e+00 1.290448e+00 1.289972e+00 1.289486e+00 1.288988e+00 1.288479e+00 1.287957e+00 1.287422e+00 1.286873e+00 1.286309e+00 1.285729e+00 1.285133e+00 1.284521e+00 1.283890e+00 1.283240e+00 1.282571e+00 1.281881e+00 1.281170e+00 1.280436e+00 1.279678e+00 1.278896e+00 1.278089e+00 1.277255e+00 1.276393e+00 1.275502e+00 1.274581e+00 1.273629e+00 1.272644e+00 1.271625e+00 1.270570e+00 1.269479e+00 1.268349e+00 1.267180e+00 1.265969e+00 1.264715e+00 1.263416e+00 1.262071e+00 1.260677e+00 1.259233e+00 1.257737e+00 1.256187e+00 1.254580e+00 1.252915e+00 1.251189e+00 1.249400e+00 1.247545e+00 1.245623e+00 1.243630e+00 1.241563e+00 1.239420e+00 1.237199e+00 1.234895e+00 1.232506e+00 1.230028e+00 1.227459e+00 1.224795e+00 1.222032e+00 1.219166e+00 1.216193e+00 1.213110e+00 1.209913e+00 1.203889e+00
1.820352e+00 1.855847e+00 1.895351e+00 1.933675e+00 1.970829e+00 2.006823e+00 2.041667e+00 2.075369e+00 2.107941e+00 2.139389e+00 2.169723e+00 2.198951e+00 2.227080e+00 2.254120e+00 2.280075e+00 2.304955e+00 2.328765e+00 2.351512e+00 2.373203e+00 2.393842e+00 2.413436e+00 2.431990e+00 2.449509e+00 2.465997e+00 2.481460e+00 2.495901e+00 2.509325e+00 2.521734e+00 2.533132e+00 2.543523e+00 2.552909e+00 2.561293e+00 2.568677e+00 2.575063e+00 2.580452e+00 2.584847e+00 2.588248e+00 2.590657e+00 2.592073e+00 2.592498e+00 2.591931e+00 2.590372e+00 2.587821e+00 2.584278e+00 2.579741e+00 2.574208e+00 2.567679e+00 2.560152e+00 2.551625e+00 2.542095e+00 2.531560e+00 2.520016e+00 2.507462e+00 2.493893e+00 2.479305e+00 2.463696e+00 2.447060e+00 2.429393e+00 2.410690e+00 2.390946e+00 2.370157e+00 2.348315e+00 2.325416e+00 2.301453e+00 2.276419e+00 2.250308e+00 2.223113e+00 2.177229e+00
2.538908e+00 2.578748e+00 2.618928e+00 2.657923e+00 2.695745e+00 2.732404e+00 2.767911e+00 2.802276e+00 2.835508e+00 2.867618e+00 2.898613e+00 2.928502e+00 2.957295e+00 2.984999e+00 3.011622e+00 3.037172e+00 3.061655e+00 3.085079e+00 3.107450e+00 3.128775e+00 3.149060e+00 3.168310e+00 3.186531e+00 3.203727e+00 3.219905e+00 3.235068e+00 3.249220e+00 3.262366e+00 3.274510e+00 3.285654e+00 3.295803e+00 3.304958e+00 3.313122e+00 3.320298e+00 3.326488e+00 3.331693e+00 3.335915e+00 3.339156e+00 3.341415e+00 3.342694e+00 3.342993e+00 3.342312e+00 3.340651e+00 3.338010e+00 3.334387e+00 3.329782e+00 3.324194e+00 3.317620e+00 3.310059e+00 3.301509e+00 3.291967e+00 3.281431e+00 3.269898e+00 3.257365e+00 3.243827e+00 3.229281e+00 3.213724e+00 3.197150e+00 3.179555e+00 3.160933e+00 3.141281e+00 3.120592e+00 3.098860e+00 3.076079e+00 3.052243e+00 3.027346e+00 3.001379e+00 2.978855e+00
2.748599e+00 2.732048e+00 2.712171e+00 2.693048e+00 2.674641e+00 2.656918e+00 2.639843e+00 2.623385e+00 2.607513e+00 2.592196e+00 2.577406e+00 2.563115e+00 2.549296e+00 2.535922e+00 2.522969e+00 2.510412e+00 2.498226e+00 2.486391e+00 2.474881e+00 2.463677e+00 2.452757e+00 2.442100e+00 2.431686e+00 2.421496e+00 2.411510e+00 2.401709e+00 2.392075e+00 2.382589e+00 2.373234e+00 2.363992e+00 2.354846e+00 2.345778e+00 2.336771e+00 2.327808e+00 2.318872e+00 2.309946e+00 2.301014e+00 2.292058e+00 2.283062e+00 2.274008e+00 2.264880e+00 2.255660e+00 2.246331e+00 2.236875e+00 2.227275e+00 2.217511e+00 2.207566e+00 2.197422e+00 2.187057e+00 2.176455e+00 2.165593e+00 2.154452e+00 2.143010e+00 2.131246e+00 2.119138e+00 2.106663e+00 2.093797e+00 2.080516e+00 2.066795e+00 2.052608e+00 2.037928e+00 2.022727e+00 2.006977e+00 1.990648e+00 1.973709e+00 1.956127e+00 1.937871e+00 1.887531e+00
2.627934e+00 2.594563e+00 2.556689e+00 2.519864e+00 2.484057e+00 2.449242e+00 2.415390e+00 2.382475e+00 2.350472e+00 2.319353e+00 2.289097e+00 2.259677e+00 2.231072e+00 2.203258e+00 2.176214e+00 2.149919e+00 2.124351e+00 2.099490e+00 2.075318e+00 2.051815e+00 2.028962e+00 2.006741e+00 1.985135e+00 1.964127e+00 1.943700e+00 1.923838e+00 1.904526e+00 1.885748e+00 1.867490e+00 1.849737e+00 1.832474e+00 1.815690e+00 1.799369e+00 1.783500e+00 1.768070e+00 1.753066e+00 1.738478e+00 1.724293e+00 1.710500e+00 1.697088e+00 1.684048e+00 1.671367e+00 1.659038e+00 1.647049e+00 1.635391e+00 1.624056e+00 1.613033e+00 1.602316e+00 1.591894e+00 1.581760e+00 1.571907e+00 1.562325e+00 1.553008e+00 1.543948e+00 1.535138e+00 1.526571e+00 1.518241e+00 1.510141e+00 1.502264e+00 1.494604e+00 1.487155e+00 1.479912e+00 1.472869e+00 1.466019e+00 1.459358e+00 1.452881e+00 1.446582e+00 1.440895e+00
1.854414e+00 1.881741e+00 1.899504e+00 1.916595e+00 1.933032e+00 1.948834e+00 1.964017e+00 1.978599e+00 1.992594e+00 2.006019e+00 2.018888e+00 2.031214e+00 2.043011e+00 2.054293e+00 2.065070e+00 2.075356e+00 2.085161e+00 2.094496e+00 2.103371e+00 2.111795e+00 2.119779e+00 2.127329e+00 2.134456e+00 2.141166e+00 2.147466e+00 2.153365e+00 2.158867e+00 2.163980e+00 2.168707e+00 2.173056e+00 2.177030e+00 2.180634e+00 2.183872e+00 2.186746e+00 2.189261e+00 2.191420e+00 2.193223e+00 2.194674e+00 2.195774e+00 2.196524e+00 2.196925e+00 2.196977e+00 2.196681e+00 2.196036e+00 2.195042e+00 2.193697e+00 2.191999e+00 2.189948e+00 2.187540e+00 2.184774e+00 2.181646e+00 2.178153e+00 2.174290e+00 2.170055e+00 2.165442e+00 2.160445e+00 2.155061e+00 2.149282e+00 2.143103e+00 2.136517e+00 2.129517e+00 2.122094e+00 2.114242e+00 2.105951e+00 2.097213e+00 2.088017e+00 2.078355e+00 2.070506e+00
9.670721e-01 1.032619e+00 1.135522e+00 1.234440e+00 1.329510e+00 1.420867e+00 1.508637e+00 1.592943e+00 1.673904e+00 1.751632e+00 1.826236e+00 1.897820e+00 1.966486e+00 2.032327e+00 2.095437e+00 2.155904e+00 2.213813e+00 2.269244e+00 2.322274e+00 2.372979e+00 2.421429e+00 2.467691e+00 2.511830e+00 2.553909e+00 2.593986e+00 2.632116e+00 2.668354e+00 2.702750e+00 2.735352e+00 2.766205e+00 2.795354e+00 2.822837e+00 2.848695e+00 2.872963e+00 2.895675e+00 2.916862e+00 2.936555e+00 2.954781e+00 2.971566e+00 2.986932e+00 3.000902e+00 3.013495e+00 3.024728e+00 3.034618e+00 3.043177e+00 3.050419e+00 3.056353e+00 3.060987e+00 3.064329e+00 3.066382e+00 3.067149e+00 3.066632e+00 3.064830e+00 3.061740e+00 3.057358e+00 3.051678e+00 3.044692e+00 3.036391e+00 3.026761e+00 3.015791e+00 3.003465e+00 2.989765e+00 2.974672e+00 2.958166e+00 2.940223e+00 2.920818e+00 2.899924e+00 2.881905e+00
2.498406e+00 2.481350e+00 2.455864e+00 2.431627e+00 2.408581e+00 2.386669e+00 2.365838e+00 2.346039e+00 2.327225e+00 2.309348e+00 2.292367e+00 2.276241e+00 2.260930e+00 2.246398e+00 2.232610e+00 2.219533e+00 2.207134e+00 2.195385e+00 2.184256e+00 2.173722e+00 2.163756e+00 2.154335e+00 2.145435e+00 2.137037e+00 2.129118e+00 2.121661e+00 2.114646e+00 2.108058e+00 2.101881e+00 2.096099e+00 2.090698e+00 2.085666e+00 2.080991e+00 2.076661e+00 2.072665e+00 2.068995e+00 2.065641e+00 2.062595e+00 2.059850e+00 2.057399e+00 2.055237e+00 2.053358e+00 2.051757e+00 2.050431e+00 2.049377e+00 2.048591e+00 2.048073e+00 2.047820e+00 2.047833e+00 2.048111e+00 2.048655e+00 2.049467e+00 2.050547e+00 2.051900e+00 2.053527e+00 2.055433e+00 2.057623e+00 2.060102e+00 2.062876e+00 2.065951e+00 2.069336e+00 2.073037e+00 2.077064e+00 2.081428e+00 2.086137e+00 2.091204e+00 2.096641e+00 2.100589e+00
3.537793e+00 3.766741e+00 4.034056e+00 4.293404e+00 4.544869e+00 4.788532e+00 5.024472e+00 5.252765e+00 5.473486e+00 5.686705e+00 5.892492e+00 6.090913e+00 6.282032e+00 6.465912e+00 6.642612e+00 6.812188e+00 6.974696e+00 7.130189e+00 7.278717e+00 7.420327e+00 7.555066e+00 7.682978e+00 7.804103e+00 7.918480e+00 8.026148e+00 8.127141e+00 8.221490e+00 8.309228e+00 8.390382e+00 8.464979e+00 8.533043e+00 8.594595e+00 8.649656e+00 8.698243e+00 8.740373e+00 8.776058e+00 8.805311e+00 8.828141e+00 8.844555e+00 8.854558e+00 8.858155e+00 8.855345e+00 8.846128e+00 8.830502e+00 8.808460e+00 8.779997e+00 8.745102e+00 8.703764e+00 8.655971e+00 8.601706e+00 8.540952e+00 8.473689e+00 8.399896e+00 8.319548e+00 8.232620e+00 8.139084e+00 8.038909e+00 7.932063e+00 7.818511e+00 7.698217e+00 7.571141e+00 7.437242e+00 7.296478e+00 7.148803e+00 6.994168e+00 6.832524e+00 6.663818e+00 6.519508e+00
3.896550e+00 3.844287e+00 3.821225e+00 3.798415e+00 3.775838e+00 3.753473e+00 3.731301e+00 3.709301e+00 3.687455e+00 3.665744e+00 3.644147e+00 3.622647e+00 3.601223e+00 3.579858e+00 3.558531e+00 3.537225e+00 3.515920e+00 3.494598e+00 3.473240e+00 3.451827e+00 3.430340e+00 3.408760e+00 3.387068e+00 3.365244e+00 3.343270e+00 3.321126e+00 3.298793e+00 3.276251e+00 3.253479e+00 3.230458e+00 3.207168e+00 3.183587e+00 3.159696e+00 3.135472e+00 3.110895e+00 3.085942e+00 3.060592e+00 3.034823e+00 3.008611e+00 2.981934e+00 2.954767e+00 2.927087e+00 2.898869e+00 2.870089e+00 2.840721e+00 2.810738e+00 2.780116e+00 2.748825e+00 2.716840e+00 2.684131e+00 2.650670e+00 2.616427e+00 2.581371e+00 2.545473e+00 2.508700e+00 2.471019e+00 2.432397e+00 2.392801e+00 2.352195e+00 2.310544e+00 2.267809e+00 2.223955e+00 2.178942e+00 2.132730e+00 2.085278e+00 2.036545e+00 1.986487e+00 1.931769e+00
4.085986e-01 4.130791e-01 4.160438e-01 4.191007e-01 4.222518e-01 4.254990e-01 4.288445e-01 4.322904e-01 4.358390e-01 4.394926e-01 4.432534e-01 4.471240e-01 4.511069e-01 4.552046e-01 4.594197e-01 4.637550e-01 4.682133e-01 4.727975e-01 4.775104e-01 4.823553e-01 4.873352e-01 4.924532e-01 4.977128e-01 5.031173e-01 5.086702e-01 5.143751e-01 5.202357e-01 5.262557e-01 5.324391e-01 5.387899e-01 5.453121e-01 5.520099e-01 5.588877e-01 5.659500e-01 5.732013e-01 5.806462e-01 5.882896e-01 5.961364e-01 6.041917e-01 6.124607e-01 6.209487e-01 6.296612e-01 6.386039e-01 6.477825e-01 6.572029e-01 6.668713e-01 6.767938e-01 6.869769e-01 6.974271e-01 7.081513e-01 7.191563e-01 7.304492e-01 7.420374e-01 7.539283e-01 7.661296e-01 7.786491e-01 7.914950e-01 8.046756e-01 8.181994e-01 8.320750e-01 8.463116e-01 8.609182e-01 8.759043e-01 8.912795e-01 9.070539e-01 9.232376e-01 9.398410e-01 9.605879e-01
8.964722e-01 9.257761e-01 9.614417e-01 9.951835e-01 1.027091e+00 1.057250e+00 1.085741e+00 1.112639e+00 1.138017e+00 1.161941e+00 1.184477e+00 1.205683e+00 1.225617e+00 1.244331e+00 1.261876e+00 1.278299e+00 1.293642e+00 1.307948e+00 1.321254e+00 1.333596e+00 1.345006e+00 1.355516e+00 1.365152e+00 1.373942e+00 1.381907e+00 1.389071e+00 1.395450e+00 1.401064e+00 1.405926e+00 1.410050e+00 1.413446e+00 1.416124e+00 1.418090e+00 1.419351e+00 1.419909e+00 1.419766e+00 1.418921e+00 1.417372e+00 1.415116e+00 1.412146e+00 1.408454e+00 1.404030e+00 1.398863e+00 1.392938e+00 1.386241e+00 1.378752e+00 1.370453e+00 1.361320e+00 1.351330e+00 1.340456e+00 1.328669e+00 1.315938e+00 1.302228e+00 1.287503e+00 1.271724e+00 1.254848e+00 1.236832e+00 1.217625e+00 1.197178e+00 1.175436e+00 1.152341e+00 1.127831e+00 1.101840e+00 1.074301e+00 1.045138e+00 1.014275e+00 9.816285e-01 9.566083e-01
3.129345e+00 3.157595e+00 3.194144e+00 3.228770e+00 3.261494e+00 3.292337e+00 3.321317e+00 3.348452e+00 3.373759e+00 3.397254e+00 3.418950e+00 3.438863e+00 3.457003e+00 3.473381e+00 3.488009e+00 3.500895e+00 3.512047e+00 3.521471e+00 3.529174e+00 3.535161e+00 3.539434e+00 3.541997e+00 3.542852e+00 3.541998e+00 3.539435e+00 3.535163e+00 3.529177e+00 3.521474e+00 3.512051e+00 3.500899e+00 3.488014e+00 3.473387e+00 3.457009e+00 3.438870e+00 3.418958e+00 3.397262e+00 3.373768e+00 3.348462e+00 3.321327e+00 3.292348e+00 3.261506e+00 3.228783e+00 3.194158e+00 3.157610e+00 3.119116e+00 3.078653e+00 3.036195e+00 2.991717e+00 2.945192e+00 2.896589e+00 2.845881e+00 2.793034e+00 2.738018e+00 2.680797e+00 2.621336e+00 2.559600e+00 2.495549e+00 2.429145e+00 2.360347e+00 2.289111e+00 2.215395e+00 2.139152e+00 2.060336e+00 1.978899e+00 1.894789e+00 1.807956e+00 1.718345e+00 1.643491e+00
5.680529e+00 5.612184e+00 5.579524e+00 5.547000e+00 5.514593e+00 5.482287e+00 5.450066e+00 5.417915e+00 5.385816e+00 5.353753e+00 5.321710e+00 5.289672e+00 5.257621e+00 5.225541e+00 5.193417e+00 5.161232e+00 5.128970e+00 5.096615e+00 5.064150e+00 5.031558e+00 4.998824e+00 4.965930e+00 4.932861e+00 4.899599e+00 4.866128e+00 4.832431e+00 4.798490e+00 4.764288e+00 4.729809e+00 4.695035e+00 4.659948e+00 4.624531e+00 4.588765e+00 4.552633e+00 4.516116e+00 4.479195e+00 4.441853e+00 4.404071e+00 4.365828e+00 4.327106e+00 4.287886e+00 4.248147e+00 4.207870e+00 4.167033e+00 4.125617e+00 4.083601e+00 4.040963e+00 3.997681e+00 3.953734e+00 3.909100e+00 3.863756e+00 3.817679e+00 3.770846e+00 3.723233e+00 3.674817e+00 3.625572e+00 3.575473e+00 3.524496e+00 3.472615e+00 3.419804e+00 3.366035e+00 3.311281e+00 3.255516e+00 3.198711e+00 3.140836e+00 3.081863e+00 3.021763e+00 2.941434e+00
3.084758e+00 3.130780e+00 3.175481e+00 3.218382e+00 3.259531e+00 3.298974e+00 3.336758e+00 3.372923e+00 3.407513e+00 3.440565e+00 3.472117e+00 3.502205e+00 3.530864e+00 3.558125e+00 3.584019e+00 3.608577e+00 3.631825e+00 3.653790e+00 3.674497e+00 3.693970e+00 3.712230e+00 3.729299e+00 3.745195e+00 3.759937e+00 3.773541e+00 3.786023e+00 3.797398e+00 3.807677e+00 3.816872e+00 3.824995e+00 3.832053e+00 3.838056e+00 3.843010e+00 3.846921e+00 3.849792e+00 3.851628e+00 3.852430e+00 3.852199e+00 3.850936e+00 3.848638e+00 3.845303e+00 3.840927e+00 3.835506e+00 3.829033e+00 3.821500e+00 3.812899e+00 3.803222e+00 3.792455e+00 3.780588e+00 3.767606e+00 3.753496e+00 3.738241e+00 3.721824e+00 3.704225e+00 3.685426e+00 3.665405e+00 3.644139e+00 3.621604e+00 3.597775e+00 3.572624e+00 3.546123e+00 3.518242e+00 3.488949e+00 3.458212e+00 3.425994e+00 3.392261e+00 3.356972e+00 3.326640e+00
4.180403e-01 4.229498e-01 4.269015e-01 4.307012e-01 4.343504e-01 4.378506e-01 4.412031e-01 4.444094e-01 4.474706e-01 4.503879e-01 4.531626e-01 4.557958e-01 4.582884e-01 4.606414e-01 4.628559e-01 4.649326e-01 4.668724e-01 4.686761e-01 4.703443e-01 4.718778e-01 4.732771e-01 4.745429e-01 4.756755e-01 4.766755e-01 4.775432e-01 4.782790e-01 4.788832e-01 4.793560e-01 4.796976e-01 4.799081e-01 4.799877e-01 4.799364e-01 4.797540e-01 4.794407e-01 4.789962e-01 4.784203e-01 4.777129e-01 4.768736e-01 4.759022e-01 4.747982e-01 4.735612e-01 4.721907e-01 4.706861e-01 4.690470e-01 4.672726e-01 4.653622e-01 4.633150e-01 4.611303e-01 4.588072e-01 4.563447e-01 4.537420e-01 4.509979e-01 4.481114e-01 4.450812e-01 4.419064e-01 4.385855e-01 4.351172e-01 4.315002e-01 4.277331e-01 4.238143e-01 4.197423e-01 4.155155e-01 4.111322e-01 4.065907e-01 4.018892e-01 3.970257e-01 3.919985e-01 3.850749e-01
1.566950e+00 1.524493e+00 1.479627e+00 1.436992e+00 1.396494e+00 1.358043e+00 1.321554e+00 1.286945e+00 1.254140e+00 1.223066e+00 1.193654e+00 1.165839e+00 1.139559e+00 1.114756e+00 1.091374e+00 1.069362e+00 1.048672e+00 1.029256e+00 1.011072e+00 9.940800e-01 9.782419e-01 9.635225e-01 9.498892e-01 9.373117e-01 9.257622e-01 9.152150e-01 9.056467e-01 8.970361e-01 8.893640e-01 8.826135e-01 8.767695e-01 8.718191e-01 8.677513e-01 8.645571e-01 8.622294e-01 8.607630e-01 8.601547e-01 8.604031e-01 8.615087e-01 8.634741e-01 8.663036e-01 8.700034e-01 8.745818e-01 8.800489e-01 8.864169e-01 8.936999e-01 9.019140e-01 9.110776e-01 9.212108e-01 9.323363e-01 9.444786e-01 9.576649e-01 9.719242e-01 9.872882e-01 1.003791e+00 1.021470e+00 1.040363e+00 1.060512e+00 1.081963e+00 1.104763e+00 1.128963e+00 1.154616e+00 1.181779e+00 1.210512e+00 1.240879e+00 1.272949e+00 1.306791e+00 1.335336e+00
1.385685e+00 1.408538e+00 1.436850e+00 1.464729e+00 1.492179e+00 1.519205e+00 1.545810e+00 1.572000e+00 1.597779e+00 1.623150e+00 1.648117e+00 1.672686e+00 1.696858e+00 1.720639e+00 1.744033e+00 1.767042e+00 1.789671e+00 1.811923e+00 1.833802e+00 1.855312e+00 1.876455e+00 1.897235e+00 1.917656e+00 1.937721e+00 1.957432e+00 1.976794e+00 1.995809e+00 2.014480e+00 2.032810e+00 2.050803e+00 2.068461e+00 2.085786e+00 2.102782e+00 2.119452e+00 2.135797e+00 2.151822e+00 2.167527e+00 2.182916e+00 2.197992e+00 2.212756e+00 2.227211e+00 2.241359e+00 2.255203e+00 2.268744e+00 2.281986e+00 2.294930e+00 2.307577e+00 2.319931e+00 2.331993e+00 2.343765e+00 2.355249e+00 2.366447e+00 2.377360e+00 2.387991e+00 2.398341e+00 2.408411e+00 2.418204e+00 2.427720e+00 2.436962e+00 2.445931e+00 2.454628e+00 2.463055e+00 2.471213e+00 2.479103e+00 2.486727e+00 2.494085e+00 2.501180e+00 2.506867e+00
4.360581e+00 4.306910e+00 4.273803e+00 4.241504e+00 4.209989e+00 4.179233e+00 4.149212e+00 4.119903e+00 4.091284e+00 4.063331e+00 4.036024e+00 4.009340e+00 3.983261e+00 3.957764e+00 3.932832e+00 3.908443e+00 3.884580e+00 3.861223e+00 3.838355e+00 3.815959e+00 3.794015e+00 3.772509e+00 3.751422e+00 3.730739e+00 3.710444e+00 3.690520e+00 3.670953e+00 3.651727e+00 3.632827e+00 3.614239e+00 3.595948e+00 3.577941e+00 3.560202e+00 3.542719e+00 3.525478e+00 3.508465e+00 3.491667e+00 3.475072e+00 3.458666e+00 3.442437e+00 3.426372e+00 3.410458e+00 3.394684e+00 3.379037e+00 3.363505e+00 3.348076e+00 3.332737e+00 3.317478e+00 3.302286e+00 3.287150e+00 3.272057e+00 3.256996e+00 3.241956e+00 3.226925e+00 3.211890e+00 3.196841e+00 3.181766e+00 3.166652e+00 3.151489e+00 3.136265e+00 3.120967e+00 3.105585e+00 3.090105e+00 3.074516e+00 3.058807e+00 3.042964e+00 3.026975e+00 2.963097e+00
1.111314e+01 1.112122e+01 1.112413e+01 1.112525e+01 1.112460e+01 1.112217e+01 1.111796e+01 1.111197e+01 1.110420e+01 1.109465e+01 1.108332e+01 1.107020e+01 1.105530e+01 1.103861e+01 1.102014e+01 1.099987e+01 1.097781e+01 1.095395e+01 1.092830e+01 1.090085e+01 1.087159e+01 1.084052e+01 1.080764e+01 1.077295e+01 1.073644e+01 1.069811e+01 1.065795e+01 1.061596e+01 1.057213e+01 1.052646e+01 1.047894e+01 1.042958e+01 1.037835e+01 1.032526e+01 1.027030e+01 1.021347e+01 1.015475e+01 1.009414e+01 1.003164e+01 9.967238e+00 9.900924e+00 9.832692e+00 9.762535e+00 9.690444e+00 9.616412e+00 9.540430e+00 9.462489e+00 9.382581e+00 9.300697e+00 9.216826e+00 9.130961e+00 9.043090e+00 8.953205e+00 8.861294e+00 8.767347e+00 8.671355e+00 8.573305e+00 8.473186e+00 8.370988e+00 8.266699e+00 8.160307e+00 8.051799e+00 7.941164e+00 7.828389e+00 7.713460e+00 7.596366e+00 7.477093e+00 7.219170e+00
1.168638e+00 1.187692e+00 1.214579e+00 1.240893e+00 1.266658e+00 1.291899e+00 1.316640e+00 1.340904e+00 1.364714e+00 1.388094e+00 1.411064e+00 1.433647e+00 1.455865e+00 1.477738e+00 1.499287e+00 1.520533e+00 1.541496e+00 1.562196e+00 1.582653e+00 1.602885e+00 1.622912e+00 1.642754e+00 1.662429e+00 1.681955e+00 1.701352e+00 1.720637e+00 1.739830e+00 1.758948e+00 1.778009e+00 1.797031e+00 1.816034e+00 1.835034e+00 1.854049e+00 1.873099e+00 1.892200e+00 1.911371e+00 1.930630e+00 1.949996e+00 1.969487e+00 1.989121e+00 2.008918e+00 2.028895e+00 2.049072e+00 2.069468e+00 2.090103e+00 2.110995e+00 2.132166e+00 2.153634e+00 2.175421e+00 2.197546e+00 2.220032e+00 2.242900e+00 2.266170e+00 2.289866e+00 2.314009e+00 2.338623e+00 2.363732e+00 2.389358e+00 2.415526e+00 2.442262e+00 2.469590e+00 2.497537e+00 2.526129e+00 2.555392e+00 2.585356e+00 2.616049e+00 2.647499e+00 2.676300e+00
8.699926e+00 8.726021e+00 8.742469e+00 8.756687e+00 8.768681e+00 8.778455e+00 8.786012e+00 8.791356e+00 8.794489e+00 8.795411e+00 8.794123e+00 8.790624e+00 8.784914e+00 8.776989e+00 8.766848e+00 8.754486e+00 8.739899e+00 8.723082e+00 8.704027e+00 8.682729e+00 8.659178e+00 8.633368e+00 8.605287e+00 8.574926e+00 8.542273e+00 8.507317e+00 8.470043e+00 8.430440e+00 8.388491e+00 8.344181e+00 8.297495e+00 8.248414e+00 8.196921e+00 8.142996e+00 8.086619e+00 8.027770e+00 7.966428e+00 7.902568e+00 7.836168e+00 7.767202e+00 7.695647e+00 7.621474e+00 7.544656e+00 7.465166e+00 7.382973e+00 7.298048e+00 7.210358e+00 7.119872e+00 7.026556e+00 6.930375e+00 6.831294e+00 6.729276e+00 6.624283e+00 6.516277e+00 6.405217e+00 6.291062e+00 6.173771e+00 6.053300e+00 5.929604e+00 5.802637e+00 5.672352e+00 5.538702e+00 5.401637e+00 5.261105e+00 5.117056e+00 4.969435e+00 4.818189e+00 4.698191e+00
1.299278e+00 1.325295e+00 1.364165e+00 1.399760e+00 1.432355e+00 1.462198e+00 1.489520e+00 1.514531e+00 1.537422e+00 1.558370e+00 1.577536e+00 1.595066e+00 1.611096e+00 1.625749e+00 1.639137e+00 1.651363e+00 1.662521e+00 1.672697e+00 1.681969e+00 1.690408e+00 1.698079e+00 1.705042e+00 1.711349e+00 1.717048e+00 1.722185e+00 1.726798e+00 1.730923e+00 1.734591e+00 1.737830e+00 1.740666e+00 1.743121e+00 1.745212e+00 1.746957e+00 1.748368e+00 1.749456e+00 1.750231e+00 1.750697e+00 1.750859e+00 1.750717e+00 1.750270e+00 1.749516e+00 1.748448e+00 1.747058e+00 1.745335e+00 1.743266e+00 1.740836e+00 1.738025e+00 1.734813e+00 1.731173e+00 1.727079e+00 1.722498e+00 1.717397e+00 1.711735e+00 1.705468e+00 1.698550e+00 1.690926e+00 1.682538e+00 1.673322e+00 1.663207e+00 1.652115e+00 1.639961e+00 1.626651e+00 1.612083e+00 1.596146e+00 1.578716e+00 1.559661e+00 1.538832e+00 1.525050e+00
1.226342e+00 1.300392e+00 1.414540e+00 1.522970e+00 1.625945e+00 1.723715e+00 1.816519e+00 1.904581e+00 1.988116e+00 2.067326e+00 2.142404e+00 2.213532e+00 2.280883e+00 2.344620e+00 2.404899e+00 2.461866e+00 2.515659e+00 2.566410e+00 2.614240e+00 2.659267e+00 2.701600e+00 2.741341e+00 2.778588e+00 2.813430e+00 2.845953e+00 2.876235e+00 2.904351e+00 2.930367e+00 2.954348e+00 2.976351e+00 2.996431e+00 3.014636e+00 3.031010e+00 3.045593e+00 3.058420e+00 3.069523e+00 3.078928e+00 3.086659e+00 3.092734e+00 3.097167e+00 3.099971e+00 3.101151e+00 3.100710e+00 3.098648e+00 3.094959e+00 3.089634e+00 3.082660e+00 3.074021e+00 3.063696e+00 3.051659e+00 3.037881e+00 3.022328e+00 3.004964e+00 2.985745e+00 2.964625e+00 2.941553e+00 2.916472e+00 2.889322e+00 2.860037e+00 2.828546e+00 2.794771e+00 2.758632e+00 2.720040e+00 2.678901e+00 2.635116e+00 2.588579e+00 2.539175e+00 2.494884e+00
1.481953e+00 1.519806e+00 1.557625e+00 1.593770e+00 1.628304e+00 1.661289e+00 1.692784e+00 1.722844e+00 1.751523e+00 1.778873e+00 1.804940e+00 1.829773e+00 1.853415e+00 1.875907e+00 1.897291e+00 1.917603e+00 1.936881e+00 1.955157e+00 1.972466e+00 1.988837e+00 2.004300e+00 2.018881e+00 2.032608e+00 2.045504e+00 2.057593e+00 2.068895e+00 2.079431e+00 2.089220e+00 2.098278e+00 2.106623e+00 2.114269e+00 2.121229e+00 2.127516e+00 2.133141e+00 2.138114e+00 2.142444e+00 2.146138e+00 2.149204e+00 2.151646e+00 2.153469e+00 2.154676e+00 2.155269e+00 2.155250e+00 2.154618e+00 2.153372e+00 2.151510e+00 2.149029e+00 2.145924e+00 2.142190e+00 2.137820e+00 2.132806e+00 2.127140e+00 2.120811e+00 2.113808e+00 2.106119e+00 2.097730e+00 2.088626e+00 2.078790e+00 2.068207e+00 2.056856e+00 2.044717e+00 2.031769e+00 2.017990e+00 2.003353e+00 1.987834e+00 1.971405e+00 1.954036e+00 1.938183e+00
1.603702e+00 1.606562e+00 1.609146e+00 1.611495e+00 1.613618e+00 1.615525e+00 1.617224e+00 1.618722e+00 1.620025e+00 1.621140e+00 1.622071e+00 1.622821e+00 1.623395e+00 1.623794e+00 1.624021e+00 1.624076e+00 1.623959e+00 1.623671e+00 1.623209e+00 1.622573e+00 1.621758e+00 1.620762e+00 1.619580e+00 1.618208e+00 1.616639e+00 1.614866e+00 1.612883e+00 1.610680e+00 1.608248e+00 1.605576e+00 1.602654e+00 1.599468e+00 1.596005e+00 1.592250e+00 1.588187e+00 1.583799e+00 1.579066e+00 1.573968e+00 1.568483e+00 1.562589e+00 1.556258e+00 1.549465e+00 1.542180e+00 1.534372e+00 1.526008e+00 1.517050e+00 1.507462e+00 1.497201e+00 1.486224e+00 1.474483e+00 1.461928e+00 1.448505e+00 1.434157e+00 1.418822e+00 1.402434e+00 1.384922e+00 1.366212e+00 1.346222e+00 1.324868e+00 1.302058e+00 1.277692e+00 1.251668e+00 1.223873e+00 1.194187e+00 1.162484e+00 1.128626e+00 1.092469e+00 1.069250e+00
4.823298e+00 4.649930e+00 4.456450e+00 4.271997e+00 4.096151e+00 3.928512e+00 3.768700e+00 3.616352e+00 3.471120e+00 3.332675e+00 3.200703e+00 3.074902e+00 2.954988e+00 2.840687e+00 2.731740e+00 2.627899e+00 2.528929e+00 2.434603e+00 2.344709e+00 2.259040e+00 2.177404e+00 2.099614e+00 2.025493e+00 1.954872e+00 1.887592e+00 1.823500e+00 1.762449e+00 1.704301e+00 1.648924e+00 1.596191e+00 1.545984e+00 1.498188e+00 1.452693e+00 1.409398e+00 1.368203e+00 1.329015e+00 1.291744e+00 1.256307e+00 1.222622e+00 1.190612e+00 1.160206e+00 1.131334e+00 1.103930e+00 1.077932e+00 1.053282e+00 1.029922e+00 1.007800e+00 9.868653e-01 9.670708e-01 9.483713e-01 9.307243e-01 9.140896e-01 8.984294e-01 8.837083e-01 8.698925e-01 8.569509e-01 8.448540e-01 8.335742e-01 8.230859e-01 8.133653e-01 8.043903e-01 7.961406e-01 7.885972e-01 7.817431e-01 7.755628e-01 7.700421e-01 7.651686e-01 7.615531e-01
1.767078e+00 1.780453e+00 1.794679e+00 1.808821e+00 1.822888e+00 1.836885e+00 1.850818e+00 1.864695e+00 1.878521e+00 1.892303e+00 1.906047e+00 1.919759e+00 1.933446e+00 1.947114e+00 1.960769e+00 1.974418e+00 1.988066e+00 2.001721e+00 2.015388e+00 2.029073e+00 2.042783e+00 2.056525e+00 2.070304e+00 2.084127e+00 2.098000e+00 2.111929e+00 2.125921e+00 2.139983e+00 2.154120e+00 2.168340e+00 2.182648e+00 2.197052e+00 2.211558e+00 2.226173e+00 2.240903e+00 2.255754e+00 2.270735e+00 2.285852e+00 2.301111e+00 2.316521e+00 2.332086e+00 2.347816e+00 2.363717e+00 2.379797e+00 2.396063e+00 2.412521e+00 2.429181e+00 2.446049e+00 2.463134e+00 2.480442e+00 2.497983e+00 2.515764e+00 2.533793e+00 2.552078e+00 2.570629e+00 2.589453e+00 2.608559e+00 2.627956e+00 2.647653e+00 2.667658e+00 2.687982e+00 2.708633e+00 2.729620e+00 2.750955e+00 2.772645e+00 2.794701e+00 2.817134e+00 2.843205e+00
2.138019e+00 2.164161e+00 2.186528e+00 2.208067e+00 2.228790e+00 2.248709e+00 2.267835e+00 2.286178e+00 2.303748e+00 2.320556e+00 2.336610e+00 2.351919e+00 2.366492e+00 2.380337e+00 2.393461e+00 2.405872e+00 2.417576e+00 2.428580e+00 2.438891e+00 2.448513e+00 2.457452e+00 2.465714e+00 2.473302e+00 2.480220e+00 2.486474e+00 2.492065e+00 2.496997e+00 2.501274e+00 2.504896e+00 2.507867e+00 2.510187e+00 2.511859e+00 2.512883e+00 2.513259e+00 2.512989e+00 2.512070e+00 2.510505e+00 2.508290e+00 2.505426e+00 2.501910e+00 2.497740e+00 2.492915e+00 2.487431e+00 2.481287e+00 2.474477e+00 2.466998e+00 2.458847e+00 2.450019e+00 2.440509e+00 2.430311e+00 2.419420e+00 2.407830e+00 2.395535e+00 2.382528e+00 2.368802e+00 2.354348e+00 2.339159e+00 2.323228e+00 2.306544e+00 2.289098e+00 2.270882e+00 2.251885e+00 2.232096e+00 2.211505e+00 2.190100e+00 2.167869e+00 2.144801e+00 2.115642e+00
3.550549e+00 3.623690e+00 3.672761e+00 3.719890e+00 3.765099e+00 3.808409e+00 3.849840e+00 3.889411e+00 3.927139e+00 3.963043e+00 3.997138e+00 4.029441e+00 4.059965e+00 4.088726e+00 4.115736e+00 4.141008e+00 4.164553e+00 4.186382e+00 4.206506e+00 4.224932e+00 4.241670e+00 4.256728e+00 4.270112e+00 4.281829e+00 4.291883e+00 4.300280e+00 4.307023e+00 4.312116e+00 4.315560e+00 4.317357e+00 4.317509e+00 4.316015e+00 4.312875e+00 4.308086e+00 4.301648e+00 4.293556e+00 4.283807e+00 4.272398e+00 4.259322e+00 4.244573e+00 4.228145e+00 4.210031e+00 4.190221e+00 4.168707e+00 4.145479e+00 4.120527e+00 4.093838e+00 4.065401e+00 4.035202e+00 4.003229e+00 3.969465e+00 3.933896e+00 3.896505e+00 3.857276e+00 3.816189e+00 3.773227e+00 3.728369e+00 3.681596e+00 3.632885e+00 3.582214e+00 3.529561e+00 3.474900e+00 3.418207e+00 3.359456e+00 3.298620e+00 3.235670e+00 3.170579e+00 3.095822e+00
1.112767e+00 1.079852e+00 1.051643e+00 1.024795e+00 9.992608e-01 9.749939e-01 9.519516e-01 9.300931e-01 9.093795e-01 8.897738e-01 8.712414e-01 8.537492e-01 8.372662e-01 8.217630e-01 8.072122e-01 7.935877e-01 7.808655e-01 7.690229e-01 7.580389e-01 7.478939e-01 7.385698e-01 7.300502e-01 7.223199e-01 7.153651e-01 7.091735e-01 7.037341e-01 6.990372e-01 6.950744e-01 6.918387e-01 6.893244e-01 6.875270e-01 6.864433e-01 6.860713e-01 6.864105e-01 6.874614e-01 6.892258e-01 6.917069e-01 6.949092e-01 6.988383e-01 7.035012e-01 7.089062e-01 7.150629e-01 7.219822e-01 7.296764e-01 7.381593e-01 7.474459e-01 7.575526e-01 7.684976e-01 7.803001e-01 7.929813e-01 8.065635e-01 8.210711e-01 8.365298e-01 8.529670e-01 8.704119e-01 8.888957e-01 9.084510e-01 9.291128e-01 9.509176e-01 9.739044e-01 9.981139e-01 1.023589e+00 1.050375e+00 1.078520e+00 1.108074e+00 1.139089e+00 1.171620e+00 1.207016e+00
2.447414e+00 2.423736e+00 2.402169e+00 2.381102e+00 2.360507e+00 2.340360e+00 2.320633e+00 2.301303e+00 2.282345e+00 2.263734e+00 2.245447e+00 2.227462e+00 2.209754e+00 2.192302e+00 2.175083e+00 2.158076e+00 2.141259e+00 2.124611e+00 2.108110e+00 2.091736e+00 2.075468e+00 2.059285e+00 2.043167e+00 2.027094e+00 2.011044e+00 1.994998e+00 1.978935e+00 1.962835e+00 1.946678e+00 1.930442e+00 1.914108e+00 1.897655e+00 1.881061e+00 1.864306e+00 1.847369e+00 1.830228e+00 1.812861e+00 1.795246e+00 1.777361e+00 1.759183e+00 1.740690e+00 1.721857e+00 1.702662e+00 1.683078e+00 1.663083e+00 1.642649e+00 1.621753e+00 1.600366e+00 1.578461e+00 1.556012e+00 1.532990e+00 1.509364e+00 1.485106e+00 1.460185e+00 1.434569e+00 1.408225e+00 1.381120e+00 1.353220e+00 1.324490e+00 1.294892e+00 1.264390e+00 1.232944e+00 1.200516e+00 1.167063e+00 1.132543e+00 1.096913e+00 1.060127e+00 1.021584e+00
1.109528e+00 1.122219e+00 1.131913e+00 1.141221e+00 1.150165e+00 1.158767e+00 1.167046e+00 1.175022e+00 1.182714e+00 1.190139e+00 1.197315e+00 1.204260e+00 1.210988e+00 1.217517e+00 1.223861e+00 1.230034e+00 1.236053e+00 1.241930e+00 1.247680e+00 1.253315e+00 1.258850e+00 1.264297e+00 1.269669e+00 1.274978e+00 1.280237e+00 1.285459e+00 1.290655e+00 1.295838e+00 1.301019e+00 1.306212e+00 1.311427e+00 1.316679e+00 1.321978e+00 1.327336e+00 1.332768e+00 1.338285e+00 1.343901e+00 1.349628e+00 1.355480e+00 1.361470e+00 1.367613e+00 1.373924e+00 1.380416e+00 1.387106e+00 1.394008e+00 1.401139e+00 1.408516e+00 1.416156e+00 1.424077e+00 1.432297e+00 1.440836e+00 1.449714e+00 1.458951e+00 1.468569e+00 1.478592e+00 1.489041e+00 1.499943e+00 1.511321e+00 1.523204e+00 1.535619e+00 1.548594e+00 1.562161e+00 1.576351e+00 1.591197e+00 1.606735e+00 1.623000e+00 1.640031e+00 1.653881e+00
1.503775e+00 1.507279e+00 1.509719e+00 1.512122e+00 1.514489e+00 1.516822e+00 1.519122e+00 1.521393e+00 1.523635e+00 1.525851e+00 1.528042e+00 1.530210e+00 1.532357e+00 1.534485e+00 1.536594e+00 1.538688e+00 1.540767e+00 1.542834e+00 1.544890e+00 1.546936e+00 1.548975e+00 1.551007e+00 1.553036e+00 1.555061e+00 1.557086e+00 1.559111e+00 1.561138e+00 1.563170e+00 1.565206e+00 1.567250e+00 1.569303e+00 1.571366e+00 1.573441e+00 1.575530e+00 1.577635e+00 1.579757e+00 1.581897e+00 1.584059e+00 1.586242e+00 1.588450e+00 1.590684e+00 1.592946e+00 1.595237e+00 1.597560e+00 1.599916e+00 1.602308e+00 1.604736e+00 1.607204e+00 1.609713e+00 1.612265e+00 1.614862e+00 1.617507e+00 1.620201e+00 1.622947e+00 1.625747e+00 1.628603e+00 1.631518e+00 1.634493e+00 1.637532e+00 1.640636e+00 1.643809e+00 1.647052e+00 1.650369e+00 1.653762e+00 1.657234e+00 1.660787e+00 1.664425e+00 1.668939e+00
1.153080e+00 1.106674e+00 1.072890e+00 1.040513e+00 1.009499e+00 9.798072e-01 9.513990e-01 9.242365e-01 8.982837e-01 8.735063e-01 8.498715e-01 8.273481e-01 8.059062e-01 7.855176e-01 7.661552e-01 7.477934e-01 7.304079e-01 7.139757e-01 6.984751e-01 6.838857e-01 6.701879e-01 6.573639e-01 6.453965e-01 6.342701e-01 6.239697e-01 6.144819e-01 6.057941e-01 5.978947e-01 5.907733e-01 5.844206e-01 5.788281e-01 5.739884e-01 5.698950e-01 5.665427e-01 5.639269e-01 5.620442e-01 5.608921e-01 5.604691e-01 5.607746e-01 5.618091e-01 5.635738e-01 5.660712e-01 5.693044e-01 5.732779e-01 5.779969e-01 5.834675e-01 5.896971e-01 5.966939e-01 6.044671e-01 6.130271e-01 6.223850e-01 6.325535e-01 6.435457e-01 6.553765e-01 6.680612e-01 6.816168e-01 6.960613e-01 7.114135e-01 7.276940e-01 7.449243e-01 7.631270e-01 7.823264e-01 8.025477e-01 8.238179e-01 8.461649e-01 8.696183e-01 8.942093e-01 9.371366e-01
2.939913e+00 3.070420e+00 3.261459e+00 3.443224e+00 3.616167e+00 3.780718e+00 3.937287e+00 4.086263e+00 4.228017e+00 4.362902e+00 4.491253e+00 4.613390e+00 4.729617e+00 4.840222e+00 4.945482e+00 5.045658e+00 5.141000e+00 5.231744e+00 5.318117e+00 5.400333e+00 5.478597e+00 5.553104e+00 5.624040e+00 5.691580e+00 5.755892e+00 5.817138e+00 5.875469e+00 5.931030e+00 5.983960e+00 6.034390e+00 6.082447e+00 6.128248e+00 6.171909e+00 6.213539e+00 6.253239e+00 6.291111e+00 6.327247e+00 6.361737e+00 6.394669e+00 6.426122e+00 6.456177e+00 6.484906e+00 6.512383e+00 6.538675e+00 6.563848e+00 6.587964e+00 6.611084e+00 6.633265e+00 6.654562e+00 6.675028e+00 6.694714e+00 6.713669e+00 6.731940e+00 6.749574e+00 6.766612e+00 6.783099e+00 6.799075e+00 6.814579e+00 6.829651e+00 6.844328e+00 6.858646e+00 6.872641e+00 6.886348e+00 6.899801e+00 6.913034e+00 6.926078e+00 6.938968e+00 6.950762e+00
2.282974e+00 2.305916e+00 2.317055e+00 2.327605e+00 2.337576e+00 2.346980e+00 2.355827e+00 2.364126e+00 2.371887e+00 2.379118e+00 2.385827e+00 2.392022e+00 2.397708e+00 2.402893e+00 2.407583e+00 2.411781e+00 2.415494e+00 2.418724e+00 2.421475e+00 2.423752e+00 2.425555e+00 2.426887e+00 2.427749e+00 2.428143e+00 2.428069e+00 2.427526e+00 2.426515e+00 2.425033e+00 2.423080e+00 2.420653e+00 2.417750e+00 2.414367e+00 2.410500e+00 2.406146e+00 2.401300e+00 2.395956e+00 2.390109e+00 2.383752e+00 2.376878e+00 2.369479e+00 2.361548e+00 2.353076e+00 2.344054e+00 2.334471e+00 2.324317e+00 2.313581e+00 2.302251e+00 2.290316e+00 2.277761e+00 2.264573e+00 2.250737e+00 2.236239e+00 2.221063e+00 2.205191e+00 2.188607e+00 2.171293e+00 2.153228e+00 2.134394e+00 2.114771e+00 2.094335e+00 2.073066e+00 2.050939e+00 2.027931e+00 2.004016e+00 1.979168e+00 1.953360e+00 1.926564e+00 1.895784e+00
6.388608e-01 6.656248e-01 6.978671e-01 7.285892e-01 7.578515e-01 7.857113e-01 8.122230e-01 8.374386e-01 8.614076e-01 8.841768e-01 9.057909e-01 9.262921e-01 9.457207e-01 9.641147e-01 9.815100e-01 9.979409e-01 1.013439e+00 1.028036e+00 1.041759e+00 1.054635e+00 1.066691e+00 1.077948e+00 1.088430e+00 1.098157e+00 1.107148e+00 1.115420e+00 1.122990e+00 1.129872e+00 1.136081e+00 1.141628e+00 1.146524e+00 1.150778e+00 1.154400e+00 1.157395e+00 1.159771e+00 1.161531e+00 1.162679e+00 1.163217e+00 1.163147e+00 1.162468e+00 1.161179e+00 1.159277e+00 1.156759e+00 1.153620e+00 1.149853e+00 1.145451e+00 1.140406e+00 1.134707e+00 1.128344e+00 1.121304e+00 1.113574e+00 1.105137e+00 1.095978e+00 1.086079e+00 1.075420e+00 1.063980e+00 1.051738e+00 1.038668e+00 1.024746e+00 1.009944e+00 9.942330e-01 9.775825e-01 9.599598e-01 9.413304e-01 9.216577e-01 9.009033e-01 8.790265e-01 8.640493e-01
1.075277e+00 1.092479e+00 1.112177e+00 1.130948e+00 1.148820e+00 1.165824e+00 1.181984e+00 1.197328e+00 1.211879e+00 1.225659e+00 1.238692e+00 1.250996e+00 1.262593e+00 1.273499e+00 1.283733e+00 1.293310e+00 1.302245e+00 1.310553e+00 1.318247e+00 1.325338e+00 1.331838e+00 1.337758e+00 1.343106e+00 1.347892e+00 1.352121e+00 1.355802e+00 1.358940e+00 1.361540e+00 1.363607e+00 1.365142e+00 1.366149e+00 1.366630e+00 1.366585e+00 1.366014e+00 1.364916e+00 1.363289e+00 1.361131e+00 1.358439e+00 1.355208e+00 1.351433e+00 1.347108e+00 1.342227e+00 1.336781e+00 1.330762e+00 1.324161e+00 1.316967e+00 1.309168e+00 1.300753e+00 1.291709e+00 1.282020e+00 1.271672e+00 1.260648e+00 1.248931e+00 1.236503e+00 1.223343e+00 1.209432e+00 1.194746e+00 1.179264e+00 1.162960e+00 1.145809e+00 1.127784e+00 1.108856e+00 1.088996e+00 1.068172e+00 1.046351e+00 1.023499e+00 9.995796e-01 9.789671e-01
1.054993e-01 1.094167e-01 1.143347e-01 1.191814e-01 1.239595e-01 1.286719e-01 1.333212e-01 1.379103e-01 1.424418e-01 1.469184e-01 1.513427e-01 1.557173e-01 1.600448e-01 1.643277e-01 1.685686e-01 1.727698e-01 1.769339e-01 1.810633e-01 1.851605e-01 1.892278e-01 1.932677e-01 1.972824e-01 2.012744e-01 2.052460e-01 2.091995e-01 2.131373e-01 2.170616e-01 2.209748e-01 2.248792e-01 2.287770e-01 2.326705e-01 2.365620e-01 2.404539e-01 2.443483e-01 2.482476e-01 2.521541e-01 2.560699e-01 2.599976e-01 2.639393e-01 2.678973e-01 2.718740e-01 2.758718e-01 2.798929e-01 2.839397e-01 2.880146e-01 2.921200e-01 2.962583e-01 3.004319e-01 3.046433e-01 3.088949e-01 3.131892e-01 3.175288e-01 3.219162e-01 3.263540e-01 3.308447e-01 3.353911e-01 3.399957e-01 3.446613e-01 3.493906e-01 3.541865e-01 3.590516e-01 3.639888e-01 3.690012e-01 3.740915e-01 3.792628e-01 3.845181e-01 3.898605e-01 3.957080e-01
2.508250e+00 2.512746e+00 2.517623e+00 2.522359e+00 2.526959e+00 2.531426e+00 2.535763e+00 2.539974e+00 2.544062e+00 2.548031e+00 2.551884e+00 2.555624e+00 2.559254e+00 2.562776e+00 2.566194e+00 2.569510e+00 2.572727e+00 2.575848e+00 2.578875e+00 2.581810e+00 2.584656e+00 2.587415e+00 2.590090e+00 2.592682e+00 2.595193e+00 2.597626e+00 2.599982e+00 2.602264e+00 2.604472e+00 2.606610e+00 2.608679e+00 2.610679e+00 2.612614e+00 2.614484e+00 2.616291e+00 2.618036e+00 2.619721e+00 2.621347e+00 2.622916e+00 2.624428e+00 2.625885e+00 2.627289e+00 2.628639e+00 2.629938e+00 2.631186e+00 2.632384e+00 2.633534e+00 2.634636e+00 2.635690e+00 2.636699e+00 2.637663e+00 2.638581e+00 2.639457e+00 2.640289e+00 2.641078e+00 2.641826e+00 2.642533e+00 2.643199e+00 2.643824e+00 2.644411e+00 2.644958e+00 2.645466e+00 2.645937e+00 2.646369e+00 2.646764e+00 2.647121e+00 2.647442e+00 2.647738e+00
2.342254e+00 2.420925e+00 2.509745e+00 2.596069e+00 2.679918e+00 2.761315e+00 2.840279e+00 2.916831e+00 2.990991e+00 3.062777e+00 3.132208e+00 3.199302e+00 3.264076e+00 3.326546e+00 3.386729e+00 3.444639e+00 3.500292e+00 3.553702e+00 3.604883e+00 3.653847e+00 3.700607e+00 3.745176e+00 3.787564e+00 3.827782e+00 3.865841e+00 3.901751e+00 3.935520e+00 3.967158e+00 3.996671e+00 4.024069e+00 4.049357e+00 4.072543e+00 4.093632e+00 4.112630e+00 4.129542e+00 4.144371e+00 4.157122e+00 4.167798e+00 4.176402e+00 4.182935e+00 4.187400e+00 4.189798e+00 4.190129e+00 4.188393e+00 4.184591e+00 4.178720e+00 4.170780e+00 4.160768e+00 4.148682e+00 4.134519e+00 4.118275e+00 4.099946e+00 4.079528e+00 4.057014e+00 4.032400e+00 4.005679e+00 3.976844e+00 3.945888e+00 3.912802e+00 3.877579e+00 3.840210e+00 3.800684e+00 3.758993e+00 3.715124e+00 3.669067e+00 3.620810e+00 3.570341e+00 3.421987e+00
1.515859e+00 1.517035e+00 1.518084e+00 1.519174e+00 1.520307e+00 1.521486e+00 1.522713e+00 1.523989e+00 1.525319e+00 1.526703e+00 1.528146e+00 1.529648e+00 1.531214e+00 1.532847e+00 1.534549e+00 1.536323e+00 1.538173e+00 1.540103e+00 1.542117e+00 1.544217e+00 1.546408e+00 1.548694e+00 1.551080e+00 1.553570e+00 1.556169e+00 1.558882e+00 1.561713e+00 1.564669e+00 1.567755e+00 1.570977e+00 1.574340e+00 1.577852e+00 1.581518e+00 1.585347e+00 1.589345e+00 1.593520e+00 1.597879e+00 1.602432e+00 1.607186e+00 1.612151e+00 1.617336e+00 1.622752e+00 1.628407e+00 1.634314e+00 1.640483e+00 1.646926e+00 1.653656e+00 1.660685e+00 1.668026e+00 1.675693e+00 1.683702e+00 1.692066e+00 1.700803e+00 1.709929e+00 1.719461e+00 1.729417e+00 1.739816e+00 1.750678e+00 1.762024e+00 1.773875e+00 1.786253e+00 1.799183e+00 1.812689e+00 1.826796e+00 1.841531e+00 1.856923e+00 1.873000e+00 1.886169e+00
3.797211e+00 3.706665e+00 3.664839e+00 3.624618e+00 3.585936e+00 3.548728e+00 3.512934e+00 3.478493e+00 3.445350e+00 3.413449e+00 3.382737e+00 3.353164e+00 3.324681e+00 3.297240e+00 3.270797e+00 3.245307e+00 3.220728e+00 3.197020e+00 3.174143e+00 3.152061e+00 3.130735e+00 3.110131e+00 3.090215e+00 3.070953e+00 3.052315e+00 3.034268e+00 3.016784e+00 2.999834e+00 2.983388e+00 2.967421e+00 2.951906e+00 2.936816e+00 2.922128e+00 2.907816e+00 2.893858e+00 2.880230e+00 2.866909e+00 2.853873e+00 2.841102e+00 2.828573e+00 2.816266e+00 2.804161e+00 2.792238e+00 2.780477e+00 2.768858e+00 2.757363e+00 2.745972e+00 2.734666e+00 2.723427e+00 2.712236e+00 2.701075e+00 2.689925e+00 2.678768e+00 2.667585e+00 2.656358e+00 2.645068e+00 2.633696e+00 2.622225e+00 2.610634e+00 2.598904e+00 2.587017e+00 2.574953e+00 2.562691e+00 2.550211e+00 2.537493e+00 2.524516e+00 2.511258e+00 2.499777e+00
2.774512e+00 2.799956e+00 2.819385e+00 2.837861e+00 2.855388e+00 2.871970e+00 2.887610e+00 2.902311e+00 2.916076e+00 2.928908e+00 2.940808e+00 2.951781e+00 2.961827e+00 2.970949e+00 2.979148e+00 2.986427e+00 2.992787e+00 2.998228e+00 3.002753e+00 3.006361e+00 3.009054e+00 3.010833e+00 3.011697e+00 3.011646e+00 3.010681e+00 3.008802e+00 3.006008e+00 3.002299e+00 2.997673e+00 2.992131e+00 2.985670e+00 2.978290e+00 2.969988e+00 2.960765e+00 2.950616e+00 2.939542e+00 2.927538e+00 2.914604e+00 2.900736e+00 2.885932e+00 2.870188e+00 2.853502e+00 2.835870e+00 2.817289e+00 2.797755e+00 2.777264e+00 2.755812e+00 2.733395e+00 2.710008e+00 2.685647e+00 2.660306e+00 2.633981e+00 2.606667e+00 2.578358e+00 2.549048e+00 2.518732e+00 2.487404e+00 2.455056e+00 2.421684e+00 2.387280e+00 2.351837e+00 2.315349e+00 2.277808e+00 2.239206e+00 2.199536e+00 2.158790e+00 2.116960e+00 2.080840e+00
3.093293e+00 3.118558e+00 3.146154e+00 3.172779e+00 3.198472e+00 3.223268e+00 3.247203e+00 3.270312e+00 3.292626e+00 3.314178e+00 3.334999e+00 3.355118e+00 3.374563e+00 3.393363e+00 3.411543e+00 3.429131e+00 3.446151e+00 3.462626e+00 3.478582e+00 3.494040e+00 3.509022e+00 3.523549e+00 3.537643e+00 3.551324e+00 3.564610e+00 3.577521e+00 3.590075e+00 3.602290e+00 3.614183e+00 3.625772e+00 3.637072e+00 3.648101e+00 3.658872e+00 3.669403e+00 3.679707e+00 3.689800e+00 3.699696e+00 3.709409e+00 3.718952e+00 3.728340e+00 3.737585e+00 3.746702e+00 3.755702e+00 3.764598e+00 3.773404e+00 3.782132e+00 3.790794e+00 3.799403e+00 3.807970e+00 3.816509e+00 3.825030e+00 3.833547e+00 3.842071e+00 3.850615e+00 3.859190e+00 3.867809e+00 3.876485e+00 3.885229e+00 3.894053e+00 3.902972e+00 3.911996e+00 3.921139e+00 3.930415e+00 3.939835e+00 3.949414e+00 3.959166e+00 3.969103e+00 3.981264e+00
3.070562e+00 2.922352e+00 2.823015e+00 2.728481e+00 2.638523e+00 2.552925e+00 2.471483e+00 2.394001e+00 2.320293e+00 2.250184e+00 2.183504e+00 2.120095e+00 2.059805e+00 2.002489e+00 1.948009e+00 1.896236e+00 1.847045e+00 1.800319e+00 1.755945e+00 1.713817e+00 1.673835e+00 1.635902e+00 1.599928e+00 1.565826e+00 1.533515e+00 1.502918e+00 1.473961e+00 1.446574e+00 1.420692e+00 1.396254e+00 1.373200e+00 1.351476e+00 1.331029e+00 1.311810e+00 1.293774e+00 1.276877e+00 1.261078e+00 1.246341e+00 1.232628e+00 1.219909e+00 1.208151e+00 1.197328e+00 1.187413e+00 1.178382e+00 1.170213e+00 1.162888e+00 1.156389e+00 1.150699e+00 1.145806e+00 1.141698e+00 1.138364e+00 1.135797e+00 1.133991e+00 1.132941e+00 1.132645e+00 1.133103e+00 1.134314e+00 1.136283e+00 1.139013e+00 1.142512e+00 1.146788e+00 1.151851e+00 1.157713e+00 1.164388e+00 1.171892e+00 1.180243e+00 1.189462e+00 1.198218e+00
2.744584e+00 2.653011e+00 2.610892e+00 2.570691e+00 2.532311e+00 2.495660e+00 2.460653e+00 2.427205e+00 2.395237e+00 2.364673e+00 2.335439e+00 2.307467e+00 2.280689e+00 2.255042e+00 2.230465e+00 2.206899e+00 2.184288e+00 2.162578e+00 2.141718e+00 2.121658e+00 2.102350e+00 2.083749e+00 2.065809e+00 2.048488e+00 2.031745e+00 2.015540e+00 1.999834e+00 1.984590e+00 1.969773e+00 1.955345e+00 1.941274e+00 1.927525e+00 1.914066e+00 1.900864e+00 1.887889e+00 1.875109e+00 1.862495e+00 1.850015e+00 1.837641e+00 1.825342e+00 1.813089e+00 1.800854e+00 1.788607e+00 1.776320e+00 1.763961e+00 1.751503e+00 1.738916e+00 1.726169e+00 1.713233e+00 1.700076e+00 1.686667e+00 1.672974e+00 1.658965e+00 1.644607e+00 1.629864e+00 1.614702e+00 1.599085e+00 1.582976e+00 1.566336e+00 1.549125e+00 1.531303e+00 1.512828e+00 1.493655e+00 1.473738e+00 1.453030e+00 1.431482e+00 1.409043e+00 1.384473e+00
3.230623e+00 3.277108e+00 3.309271e+00 3.340133e+00 3.369697e+00 3.397970e+00 3.424955e+00 3.450656e+00 3.475077e+00 3.498223e+00 3.520096e+00 3.540700e+00 3.560039e+00 3.578114e+00 3.594930e+00 3.610488e+00 3.624792e+00 3.637842e+00 3.649642e+00 3.660193e+00 3.669496e+00 3.677553e+00 3.684366e+00 3.689935e+00 3.694262e+00 3.697346e+00 3.699189e+00 3.699790e+00 3.699150e+00 3.697269e+00 3.694146e+00 3.689781e+00 3.684173e+00 3.677322e+00 3.669226e+00 3.659884e+00 3.649294e+00 3.637456e+00 3.624367e+00 3.610024e+00 3.594427e+00 3.577572e+00 3.559457e+00 3.540080e+00 3.519436e+00 3.497523e+00 3.474338e+00 3.449877e+00 3.424136e+00 3.397111e+00 3.368799e+00 3.339194e+00 3.308292e+00 3.276089e+00 3.242579e+00 3.207757e+00 3.171619e+00 3.134157e+00 3.095367e+00 3.055243e+00 3.013778e+00 2.970966e+00 2.926800e+00 2.881274e+00 2.834381e+00 2.786113e+00 2.736462e+00 2.681992e+00
2.183003e+00 2.131005e+00 2.079307e+00 2.030032e+00 1.983078e+00 1.938350e+00 1.895753e+00 1.855201e+00 1.816609e+00 1.779898e+00 1.744991e+00 1.711817e+00 1.680306e+00 1.650395e+00 1.622021e+00 1.595124e+00 1.569651e+00 1.545548e+00 1.522765e+00 1.501255e+00 1.480974e+00 1.461880e+00 1.443933e+00 1.427096e+00 1.411335e+00 1.396617e+00 1.382911e+00 1.370189e+00 1.358425e+00 1.347594e+00 1.337675e+00 1.328646e+00 1.320489e+00 1.313188e+00 1.306726e+00 1.301091e+00 1.296270e+00 1.292255e+00 1.289037e+00 1.286608e+00 1.284965e+00 1.284103e+00 1.284022e+00 1.284720e+00 1.286199e+00 1.288462e+00 1.291514e+00 1.295361e+00 1.300012e+00 1.305475e+00 1.311762e+00 1.318886e+00 1.326863e+00 1.335707e+00 1.345438e+00 1.356075e+00 1.367641e+00 1.380160e+00 1.393657e+00 1.408161e+00 1.423700e+00 1.440308e+00 1.458019e+00 1.476870e+00 1.496898e+00 1.518146e+00 1.540658e+00 1.565949e+00
7.406748e-01 7.734216e-01 8.118934e-01 8.488506e-01 8.843312e-01 9.183717e-01 9.510073e-01 9.822714e-01 1.012196e+00 1.040813e+00 1.068150e+00 1.094237e+00 1.119100e+00 1.142764e+00 1.165254e+00 1.186594e+00 1.206804e+00 1.225907e+00 1.243921e+00 1.260865e+00 1.276757e+00 1.291612e+00 1.305447e+00 1.318276e+00 1.330111e+00 1.340965e+00 1.350849e+00 1.359773e+00 1.367746e+00 1.374777e+00 1.380873e+00 1.386040e+00 1.390284e+00 1.393608e+00 1.396017e+00 1.397512e+00 1.398096e+00 1.397768e+00 1.396529e+00 1.394377e+00 1.391310e+00 1.387325e+00 1.382418e+00 1.376583e+00 1.369815e+00 1.362107e+00 1.353451e+00 1.343837e+00 1.333257e+00 1.321698e+00 1.309150e+00 1.295599e+00 1.281032e+00 1.265433e+00 1.248786e+00 1.231074e+00 1.212279e+00 1.192381e+00 1.171361e+00 1.149196e+00 1.125864e+00 1.101340e+00 1.075600e+00 1.048616e+00 1.020362e+00 9.908075e-01 9.599226e-01 9.357627e-01
2.673767e+00 2.672329e+00 2.671135e+00 2.669863e+00 2.668513e+00 2.667084e+00 2.665577e+00 2.663991e+00 2.662324e+00 2.660577e+00 2.658749e+00 2.656839e+00 2.654847e+00 2.652772e+00 2.650613e+00 2.648370e+00 2.646042e+00 2.643628e+00 2.641127e+00 2.638538e+00 2.635862e+00 2.633095e+00 2.630239e+00 2.627291e+00 2.624252e+00 2.621119e+00 2.617892e+00 2.614569e+00 2.611150e+00 2.607634e+00 2.604019e+00 2.600304e+00 2.596487e+00 2.592569e+00 2.588546e+00 2.584419e+00 2.580184e+00 2.575842e+00 2.571391e+00 2.566829e+00 2.562155e+00 2.557366e+00 2.552462e+00 2.547441e+00 2.542301e+00 2.537041e+00 2.531658e+00 2.526152e+00 2.520519e+00 2.514759e+00 2.508868e+00 2.502846e+00 2.496691e+00 2.490399e+00 2.483970e+00 2.477401e+00 2.470690e+00 2.463834e+00 2.456831e+00 2.449680e+00 2.442377e+00 2.434920e+00 2.427306e+00 2.419534e+00 2.411600e+00 2.403502e+00 2.395238e+00 2.384240e+00
7.867378e-01 7.935070e-01 7.966373e-01 7.996957e-01 8.026830e-01 8.055997e-01 8.084465e-01 8.112241e-01 8.139330e-01 8.165737e-01 8.191470e-01 8.216532e-01 8.240931e-01 8.264670e-01 8.287756e-01 8.310193e-01 8.331985e-01 8.353138e-01 8.373657e-01 8.393545e-01 8.412807e-01 8.431447e-01 8.449470e-01 8.466878e-01 8.483676e-01 8.499868e-01 8.515457e-01 8.530446e-01 8.544838e-01 8.558637e-01 8.571846e-01 8.584467e-01 8.596503e-01 8.607957e-01 8.618832e-01 8.629129e-01 8.638851e-01 8.648000e-01 8.656578e-01 8.664586e-01 8.672028e-01 8.678903e-01 8.685214e-01 8.690962e-01 8.696148e-01 8.700773e-01 8.704839e-01 8.708346e-01 8.711295e-01 8.713686e-01 8.715521e-01 8.716799e-01 8.717521e-01 8.717687e-01 8.717297e-01 8.716351e-01 8.714849e-01 8.712790e-01 8.710174e-01 8.707000e-01 8.703268e-01 8.698977e-01 8.694125e-01 8.688713e-01 8.682738e-01 8.676200e-01 8.669097e-01 8.660279e-01
1.678380e+00 1.678680e+00 1.678922e+00 1.679086e+00 1.679172e+00 1.679180e+00 1.679111e+00 1.678965e+00 1.678740e+00 1.678438e+00 1.678057e+00 1.677598e+00 1.677061e+00 1.676444e+00 1.675748e+00 1.674973e+00 1.674117e+00 1.673180e+00 1.672161e+00 1.671061e+00 1.669878e+00 1.668611e+00 1.667260e+00 1.665823e+00 1.664301e+00 1.662692e+00 1.660994e+00 1.659207e+00 1.657330e+00 1.655362e+00 1.653300e+00 1.651145e+00 1.648894e+00 1.646547e+00 1.644101e+00 1.641555e+00 1.638908e+00 1.636157e+00 1.633302e+00 1.630340e+00 1.627269e+00 1.624088e+00 1.620794e+00 1.617386e+00 1.613861e+00 1.610216e+00 1.606451e+00 1.602561e+00 1.598545e+00 1.594401e+00 1.590125e+00 1.585715e+00 1.581169e+00 1.576482e+00 1.571653e+00 1.566678e+00 1.561554e+00 1.556278e+00 1.550846e+00 1.545255e+00 1.539502e+00 1.533582e+00 1.527493e+00 1.521229e+00 1.514788e+00 1.508166e+00 1.501357e+00 1.489177e+00
1.024310e+00 1.037096e+00 1.048147e+00 1.058973e+00 1.069581e+00 1.079976e+00 1.090165e+00 1.100153e+00 1.109948e+00 1.119554e+00 1.128976e+00 1.138222e+00 1.147295e+00 1.156202e+00 1.164948e+00 1.173537e+00 1.181975e+00 1.190267e+00 1.198418e+00 1.206432e+00 1.214315e+00 1.222070e+00 1.229702e+00 1.237217e+00 1.244618e+00 1.251909e+00 1.259096e+00 1.266182e+00 1.273171e+00 1.280067e+00 1.286876e+00 1.293599e+00 1.300243e+00 1.306809e+00 1.313303e+00 1.319728e+00 1.326088e+00 1.332387e+00 1.338628e+00 1.344814e+00 1.350951e+00 1.357041e+00 1.363088e+00 1.369095e+00 1.375066e+00 1.381004e+00 1.386914e+00 1.392798e+00 1.398659e+00 1.404503e+00 1.410331e+00 1.416147e+00 1.421954e+00 1.427757e+00 1.433559e+00 1.439362e+00 1.445170e+00 1.450988e+00 1.456817e+00 1.462662e+00 1.468526e+00 1.474412e+00 1.480325e+00 1.486267e+00 1.492241e+00 1.498253e+00 1.504304e+00 1.510857e+00
4.091377e-01 4.111856e-01 4.130850e-01 4.149252e-01 4.167076e-01 4.184334e-01 4.201038e-01 4.217200e-01 4.232832e-01 4.247943e-01 4.262545e-01 4.276648e-01 4.290262e-01 4.303397e-01 4.316061e-01 4.328263e-01 4.340013e-01 4.351318e-01 4.362187e-01 4.372626e-01 4.382644e-01 4.392247e-01 4.401441e-01 4.410235e-01 4.418633e-01 4.426641e-01 4.434266e-01 4.441512e-01 4.448384e-01 4.454888e-01 4.461028e-01 4.466809e-01 4.472233e-01 4.477306e-01 4.482030e-01 4.486409e-01 4.490447e-01 4.494145e-01 4.497507e-01 4.500535e-01 4.503230e-01 4.505596e-01 4.507633e-01 4.509343e-01 4.510727e-01 4.511786e-01 4.512522e-01 4.512933e-01 4.513021e-01 4.512786e-01 4.512228e-01 4.511346e-01 4.510139e-01 4.508607e-01 4.506749e-01 4.504563e-01 4.502048e-01 4.499202e-01 4.496022e-01 4.492508e-01 4.488656e-01 4.484464e-01 4.479928e-01 4.475046e-01 4.469814e-01 4.464229e-01 4.458286e-01 4.445745e-01
2.018062e+00 2.020656e+00 2.022023e+00 2.022949e+00 2.023436e+00 2.023485e+00 2.023096e+00 2.022267e+00 2.020999e+00 2.019290e+00 2.017138e+00 2.014540e+00 2.011494e+00 2.007997e+00 2.004044e+00 1.999632e+00 1.994755e+00 1.989408e+00 1.983586e+00 1.977281e+00 1.970488e+00 1.963198e+00 1.955403e+00 1.947096e+00 1.938266e+00 1.928905e+00 1.919002e+00 1.908545e+00 1.897525e+00 1.885928e+00 1.873742e+00 1.860954e+00 1.847549e+00 1.833513e+00 1.818831e+00 1.803485e+00 1.787461e+00 1.770740e+00 1.753303e+00 1.735132e+00 1.716206e+00 1.696506e+00 1.676009e+00 1.654693e+00 1.632535e+00 1.609510e+00 1.585593e+00 1.560758e+00 1.534977e+00 1.508223e+00 1.480467e+00 1.451677e+00 1.421822e+00 1.390870e+00 1.358786e+00 1.325536e+00 1.291082e+00 1.255389e+00 1.218415e+00 1.180121e+00 1.140464e+00 1.099402e+00 1.056889e+00 1.012879e+00 9.673239e-01 9.201730e-01 8.713751e-01 8.326905e-01
1.853199e+00 1.871566e+00 1.890832e+00 1.909861e+00 1.928667e+00 1.947264e+00 1.965665e+00 1.983885e+00 2.001937e+00 2.019835e+00 2.037592e+00 2.055221e+00 2.072736e+00 2.090149e+00 2.107473e+00 2.124723e+00 2.141909e+00 2.159046e+00 2.176146e+00 2.193221e+00 2.210285e+00 2.227351e+00 2.244430e+00 2.261537e+00 2.278682e+00 2.295881e+00 2.313144e+00 2.330486e+00 2.347919e+00 2.365456e+00 2.383111e+00 2.400895e+00 2.418824e+00 2.436910e+00 2.455166e+00 2.473606e+00 2.492245e+00 2.511096e+00 2.530173e+00 2.549490e+00 2.569062e+00 2.588903e+00 2.609028e+00 2.629453e+00 2.650192e+00 2.671261e+00 2.692677e+00 2.714453e+00 2.736608e+00 2.759158e+00 2.782118e+00 2.805508e+00 2.829343e+00 2.853643e+00 2.878424e+00 2.903706e+00 2.929507e+00 2.955848e+00 2.982746e+00 3.010223e+00 3.038299e+00 3.066995e+00 3.096333e+00 3.126334e+00 3.157021e+00 3.188416e+00 3.220544e+00 3.258718e+00
4.008526e+00 4.033715e+00 4.057996e+00 4.081886e+00 4.105393e+00 4.128528e+00 4.151298e+00 4.173714e+00 4.195783e+00 4.217514e+00 4.238916e+00 4.259997e+00 4.280766e+00 4.301229e+00 4.321396e+00 4.341274e+00 4.360871e+00 4.380195e+00 4.399253e+00 4.418052e+00 4.436600e+00 4.454904e+00 4.472972e+00 4.490809e+00 4.508424e+00 4.525823e+00 4.543013e+00 4.560000e+00 4.576792e+00 4.593394e+00 4.609813e+00 4.626056e+00 4.642129e+00 4.658038e+00 4.673789e+00 4.689389e+00 4.704844e+00 4.720159e+00 4.735341e+00 4.750395e+00 4.765328e+00 4.780144e+00 4.794851e+00 4.809454e+00 4.823958e+00 4.838368e+00 4.852692e+00 4.866934e+00 4.881099e+00 4.895194e+00 4.909224e+00 4.923194e+00 4.937109e+00 4.950976e+00 4.964799e+00 4.978585e+00 4.992337e+00 5.006062e+00 5.019766e+00 5.033452e+00 5.047127e+00 5.060797e+00 5.074465e+00 5.088139e+00 5.101822e+00 5.115520e+00 5.129240e+00 5.152612e+00
1.767715e+00 1.792083e+00 1.809616e+00 1.826410e+00 1.842473e+00 1.857813e+00 1.872438e+00 1.886357e+00 1.899575e+00 1.912101e+00 1.923941e+00 1.935102e+00 1.945588e+00 1.955405e+00 1.964559e+00 1.973054e+00 1.980895e+00 1.988086e+00 1.994631e+00 2.000533e+00 2.005795e+00 2.010420e+00 2.014411e+00 2.017769e+00 2.020496e+00 2.022594e+00 2.024064e+00 2.024906e+00 2.025121e+00 2.024710e+00 2.023671e+00 2.022004e+00 2.019709e+00 2.016785e+00 2.013229e+00 2.009040e+00 2.004215e+00 1.998753e+00 1.992650e+00 1.985904e+00 1.978509e+00 1.970464e+00 1.961762e+00 1.952401e+00 1.942375e+00 1.931678e+00 1.920306e+00 1.908252e+00 1.895509e+00 1.882072e+00 1.867933e+00 1.853085e+00 1.837519e+00 1.821228e+00 1.804204e+00 1.786437e+00 1.767918e+00 1.748637e+00 1.728584e+00 1.707749e+00 1.686121e+00 1.663688e+00 1.640438e+00 1.616361e+00 1.591442e+00 1.565669e+00 1.539028e+00 1.509032e+00
1.184469e+00 1.200669e+00 1.218130e+00 1.234667e+00 1.250312e+00 1.265093e+00 1.279037e+00 1.292171e+00 1.304519e+00 1.316105e+00 1.326950e+00 1.337073e+00 1.346495e+00 1.355232e+00 1.363301e+00 1.370718e+00 1.377494e+00 1.383645e+00 1.389180e+00 1.394110e+00 1.398445e+00 1.402192e+00 1.405359e+00 1.407951e+00 1.409974e+00 1.411430e+00 1.412323e+00 1.412655e+00 1.412425e+00 1.411634e+00 1.410280e+00 1.408361e+00 1.405873e+00 1.402811e+00 1.399169e+00 1.394942e+00 1.390120e+00 1.384696e+00 1.378658e+00 1.371996e+00 1.364697e+00 1.356747e+00 1.348132e+00 1.338836e+00 1.328841e+00 1.318129e+00 1.306680e+00 1.294472e+00 1.281482e+00 1.267687e+00 1.253060e+00 1.237575e+00 1.221202e+00 1.203911e+00 1.185669e+00 1.166443e+00 1.146197e+00 1.124893e+00 1.102491e+00 1.078949e+00 1.054224e+00 1.028270e+00 1.001037e+00 9.724757e-01 9.425323e-01 9.111509e-01 8.782730e-01 8.472517e-01
1.025672e+00 1.004307e+00 9.789784e-01 9.551342e-01 9.327214e-01 9.116901e-01 8.919935e-01 8.735875e-01 8.564313e-01 8.404864e-01 8.257175e-01 8.120915e-01 7.995781e-01 7.881494e-01 7.777799e-01 7.684465e-01 7.601284e-01 7.528070e-01 7.464661e-01 7.410915e-01 7.366712e-01 7.331953e-01 7.306562e-01 7.290481e-01 7.283675e-01 7.286129e-01 7.297847e-01 7.318857e-01 7.349204e-01 7.388957e-01 7.438204e-01 7.497056e-01 7.565642e-01 7.644117e-01 7.732654e-01 7.831452e-01 7.940731e-01 8.060734e-01 8.191728e-01 8.334006e-01 8.487885e-01 8.653708e-01 8.831845e-01 9.022692e-01 9.226676e-01 9.444250e-01 9.675900e-01 9.922143e-01 1.018353e+00 1.046063e+00 1.075408e+00 1.106453e+00 1.139266e+00 1.173921e+00 1.210495e+00 1.249070e+00 1.289732e+00 1.332571e+00 1.377683e+00 1.425168e+00 1.475133e+00 1.527688e+00 1.582951e+00 1.641045e+00 1.702100e+00 1.766251e+00 1.833641e+00 1.975811e+00
4.131800e-01 4.099281e-01 4.073933e-01 4.050831e-01 4.029911e-01 4.011113e-01 3.994387e-01 3.979686e-01 3.966967e-01 3.956198e-01 3.947346e-01 3.940388e-01 3.935304e-01 3.932081e-01 3.930708e-01 3.931183e-01 3.933506e-01 3.937685e-01 3.943730e-01 3.951659e-01 3.961493e-01 3.973261e-01 3.986994e-01 4.002731e-01 4.020516e-01 4.040397e-01 4.062432e-01 4.086680e-01 4.113210e-01 4.142095e-01 4.173415e-01 4.207258e-01 4.243718e-01 4.282896e-01 4.324902e-01 4.369852e-01 4.417871e-01 4.469093e-01 4.523660e-01 4.581725e-01 4.643448e-01 4.709003e-01 4.778570e-01 4.852344e-01 4.930529e-01 5.013345e-01 5.101020e-01 5.193799e-01 5.291940e-01 5.395716e-01 5.505416e-01 5.621345e-01 5.743826e-01 5.873200e-01 6.009826e-01 6.154085e-01 6.306378e-01 6.467130e-01 6.636786e-01 6.815820e-01 7.004729e-01 7.204040e-01 7.414306e-01 7.636114e-01 7.870079e-01 8.116854e-01 8.377124e-01 8.578607e-01
2.823103e+00 2.722470e+00 2.617383e+00 2.519505e+00 2.428342e+00 2.343435e+00 2.264355e+00 2.190705e+00 2.122112e+00 2.058230e+00 1.998739e+00 1.943338e+00 1.891747e+00 1.843707e+00 1.798975e+00 1.757326e+00 1.718550e+00 1.682452e+00 1.648849e+00 1.617572e+00 1.588463e+00 1.561376e+00 1.536174e+00 1.512730e+00 1.490926e+00 1.470652e+00 1.451805e+00 1.434291e+00 1.418022e+00 1.402915e+00 1.388894e+00 1.375889e+00 1.363833e+00 1.352667e+00 1.342334e+00 1.332782e+00 1.323962e+00 1.315831e+00 1.308346e+00 1.301472e+00 1.295172e+00 1.289415e+00 1.284172e+00 1.279417e+00 1.275125e+00 1.271276e+00 1.267849e+00 1.264827e+00 1.262195e+00 1.259941e+00 1.258051e+00 1.256518e+00 1.255333e+00 1.254490e+00 1.253985e+00 1.253816e+00 1.253981e+00 1.254481e+00 1.255319e+00 1.256500e+00 1.258029e+00 1.259913e+00 1.262163e+00 1.264790e+00 1.267806e+00 1.271227e+00 1.275071e+00 1.278467e+00
5.916376e-01 5.931599e-01 5.947810e-01 5.963878e-01 5.979807e-01 5.995598e-01 6.011255e-01 6.026780e-01 6.042176e-01 6.057446e-01 6.072590e-01 6.087614e-01 6.102518e-01 6.117305e-01 6.131978e-01 6.146539e-01 6.160990e-01 6.175335e-01 6.189575e-01 6.203712e-01 6.217749e-01 6.231689e-01 6.245533e-01 6.259284e-01 6.272944e-01 6.286515e-01 6.300000e-01 6.313401e-01 6.326721e-01 6.339960e-01 6.353122e-01 6.366208e-01 6.379222e-01 6.392164e-01 6.405037e-01 6.417844e-01 6.430586e-01 6.443265e-01 6.455884e-01 6.468444e-01 6.480949e-01 6.493399e-01 6.505796e-01 6.518144e-01 6.530444e-01 6.542697e-01 6.554907e-01 6.567074e-01 6.579202e-01 6.591292e-01 6.603345e-01 6.615365e-01 6.627352e-01 6.639310e-01 6.651239e-01 6.663143e-01 6.675022e-01 6.686879e-01 6.698716e-01 6.710534e-01 6.722337e-01 6.734125e-01 6.745901e-01 6.757666e-01 6.769422e-01 6.781173e-01 6.792918e-01 6.827675e-01
1.330385e+00 1.388776e+00 1.443563e+00 1.497466e+00 1.550504e+00 1.602697e+00 1.654063e+00 1.704619e+00 1.754384e+00 1.803375e+00 1.851609e+00 1.899104e+00 1.945876e+00 1.991942e+00 2.037317e+00 2.082019e+00 2.126062e+00 2.169463e+00 2.212236e+00 2.254397e+00 2.295961e+00 2.336941e+00 2.377354e+00 2.417212e+00 2.456530e+00 2.495322e+00 2.533602e+00 2.571382e+00 2.608677e+00 2.645500e+00 2.681863e+00 2.717780e+00 2.753262e+00 2.788323e+00 2.822975e+00 2.857230e+00 2.891100e+00 2.924598e+00 2.957734e+00 2.990521e+00 3.022971e+00 3.055094e+00 3.086902e+00 3.118406e+00 3.149618e+00 3.180548e+00 3.211207e+00 3.241606e+00 3.271756e+00 3.301668e+00 3.331352e+00 3.360818e+00 3.390077e+00 3.419139e+00 3.448015e+00 3.476714e+00 3.505247e+00 3.533624e+00 3.561855e+00 3.589950e+00 3.617918e+00 3.645770e+00 3.673515e+00 3.701164e+00 3.728725e+00 3.756209e+00 3.783626e+00 3.839229e+00
1.315934e+00 1.328298e+00 1.342420e+00 1.355900e+00 1.368766e+00 1.381044e+00 1.392760e+00 1.403937e+00 1.414599e+00 1.424767e+00 1.434463e+00 1.443706e+00 1.452515e+00 1.460908e+00 1.468903e+00 1.476515e+00 1.483761e+00 1.490656e+00 1.497213e+00 1.503446e+00 1.509368e+00 1.514991e+00 1.520326e+00 1.525384e+00 1.530177e+00 1.534713e+00 1.539002e+00 1.543053e+00 1.546874e+00 1.550473e+00 1.553857e+00 1.557034e+00 1.560009e+00 1.562789e+00 1.565380e+00 1.567787e+00 1.570014e+00 1.572067e+00 1.573950e+00 1.575666e+00 1.577219e+00 1.578613e+00 1.579849e+00 1.580931e+00 1.581861e+00 1.582641e+00 1.583272e+00 1.583755e+00 1.584093e+00 1.584284e+00 1.584331e+00 1.584232e+00 1.583988e+00 1.583598e+00 1.583061e+00 1.582376e+00 1.581542e+00 1.580558e+00 1.579420e+00 1.578127e+00 1.576676e+00 1.575065e+00 1.573289e+00 1.571345e+00 1.569229e+00 1.566938e+00 1.564465e+00 1.562705e+00
3.848970e+00 3.874322e+00 3.901882e+00 3.928158e+00 3.953159e+00 3.976889e+00 3.999354e+00 4.020559e+00 4.040510e+00 4.059212e+00 4.076669e+00 4.092885e+00 4.107864e+00 4.121610e+00 4.134126e+00 4.145415e+00 4.155480e+00 4.164323e+00 4.171946e+00 4.178352e+00 4.183541e+00 4.187515e+00 4.190276e+00 4.191823e+00 4.192157e+00 4.191278e+00 4.189186e+00 4.185880e+00 4.181360e+00 4.175624e+00 4.168671e+00 4.160500e+00 4.151108e+00 4.140494e+00 4.128654e+00 4.115586e+00 4.101286e+00 4.085752e+00 4.068979e+00 4.050963e+00 4.031700e+00 4.011186e+00 3.989415e+00 3.966383e+00 3.942083e+00 3.916510e+00 3.889657e+00 3.861519e+00 3.832087e+00 3.801357e+00 3.769318e+00 3.735966e+00 3.701290e+00 3.665283e+00 3.627935e+00 3.589239e+00 3.549185e+00 3.507762e+00 3.464962e+00 3.420773e+00 3.375186e+00 3.328188e+00 3.279769e+00 3.229918e+00 3.178621e+00 3.125867e+00 3.071643e+00 2.973547e+00
1.459328e+00 1.406995e+00 1.368933e+00 1.332546e+00 1.297783e+00 1.264596e+00 1.232941e+00 1.202773e+00 1.174050e+00 1.146733e+00 1.120785e+00 1.096170e+00 1.072854e+00 1.050804e+00 1.029991e+00 1.010385e+00 9.919607e-01 9.746914e-01 9.585537e-01 9.435255e-01 9.295859e-01 9.167158e-01 9.048975e-01 8.941147e-01 8.843525e-01 8.755976e-01 8.678379e-01 8.610626e-01 8.552624e-01 8.504295e-01 8.465570e-01 8.436397e-01 8.416736e-01 8.406559e-01 8.405852e-01 8.414615e-01 8.432860e-01 8.460611e-01 8.497908e-01 8.544800e-01 8.601353e-01 8.667645e-01 8.743767e-01 8.829824e-01 8.925934e-01 9.032230e-01 9.148858e-01 9.275978e-01 9.413766e-01 9.562412e-01 9.722119e-01 9.893108e-01 1.007562e+00 1.026989e+00 1.047620e+00 1.069483e+00 1.092609e+00 1.117028e+00 1.142775e+00 1.169885e+00 1.198395e+00 1.228345e+00 1.259776e+00 1.292731e+00 1.327256e+00 1.363398e+00 1.401206e+00 1.486538e+00
2.027346e+00 2.037842e+00 2.052558e+00 2.066351e+00 2.079286e+00 2.091426e+00 2.102827e+00 2.113545e+00 2.123630e+00 2.133131e+00 2.142093e+00 2.150558e+00 2.158567e+00 2.166159e+00 2.173368e+00 2.180231e+00 2.186779e+00 2.193043e+00 2.199054e+00 2.204841e+00 2.210430e+00 2.215848e+00 2.221122e+00 2.226276e+00 2.231336e+00 2.236324e+00 2.241265e+00 2.246183e+00 2.251100e+00 2.256041e+00 2.261029e+00 2.266087e+00 2.271240e+00 2.276513e+00 2.281930e+00 2.287518e+00 2.293302e+00 2.299311e+00 2.305573e+00 2.312119e+00 2.318978e+00 2.326185e+00 2.333773e+00 2.341778e+00 2.350239e+00 2.359196e+00 2.368692e+00 2.378772e+00 2.389484e+00 2.400879e+00 2.413012e+00 2.425940e+00 2.439725e+00 2.454432e+00 2.470133e+00 2.486901e+00 2.504817e+00 2.523965e+00 2.544438e+00 2.566334e+00 2.589755e+00 2.614814e+00 2.641631e+00 2.670334e+00 2.701058e+00 2.733952e+00 2.769171e+00 2.793935e+00
2.619997e+00 2.684306e+00 2.744433e+00 2.802900e+00 2.859721e+00 2.914906e+00 2.968467e+00 3.020415e+00 3.070760e+00 3.119513e+00 3.166684e+00 3.212282e+00 3.256317e+00 3.298797e+00 3.339732e+00 3.379130e+00 3.416999e+00 3.453346e+00 3.488180e+00 3.521506e+00 3.553333e+00 3.583666e+00 3.612512e+00 3.639876e+00 3.665765e+00 3.690183e+00 3.713136e+00 3.734628e+00 3.754664e+00 3.773247e+00 3.790382e+00 3.806072e+00 3.820320e+00 3.833130e+00 3.844503e+00 3.854442e+00 3.862950e+00 3.870027e+00 3.875676e+00 3.879897e+00 3.882691e+00 3.884060e+00 3.884002e+00 3.882519e+00 3.879610e+00 3.875274e+00 3.869510e+00 3.862318e+00 3.853695e+00 3.843641e+00 3.832152e+00 3.819227e+00 3.804863e+00 3.789056e+00 3.771805e+00 3.753105e+00 3.732952e+00 3.711343e+00 3.688272e+00 3.663736e+00 3.637728e+00 3.610245e+00 3.581279e+00 3.550826e+00 3.518879e+00 3.485431e+00 3.450476e+00 3.414646e+00
1.774468e+00 1.809435e+00 1.837604e+00 1.864067e+00 1.888936e+00 1.912313e+00 1.934296e+00 1.954977e+00 1.974443e+00 1.992773e+00 2.010045e+00 2.026331e+00 2.041699e+00 2.056212e+00 2.069932e+00 2.082916e+00 2.095217e+00 2.106887e+00 2.117975e+00 2.128527e+00 2.138587e+00 2.148196e+00 2.157396e+00 2.166224e+00 2.174718e+00 2.182912e+00 2.190841e+00 2.198537e+00 2.206034e+00 2.213362e+00 2.220552e+00 2.227634e+00 2.234637e+00 2.241591e+00 2.248524e+00 2.255466e+00 2.262445e+00 2.269490e+00 2.276632e+00 2.283900e+00 2.291323e+00 2.298933e+00 2.306763e+00 2.314843e+00 2.323209e+00 2.331895e+00 2.340937e+00 2.350373e+00 2.360242e+00 2.370586e+00 2.381447e+00 2.392872e+00 2.404907e+00 2.417602e+00 2.431012e+00 2.445191e+00 2.460199e+00 2.476098e+00 2.492955e+00 2.510841e+00 2.529828e+00 2.549998e+00 2.571433e+00 2.594224e+00 2.618466e+00 2.644259e+00 2.671711e+00 2.690635e+00
1.282205e+00 1.261373e+00 1.241476e+00 1.222494e+00 1.204402e+00 1.187176e+00 1.170795e+00 1.155238e+00 1.140484e+00 1.126515e+00 1.113313e+00 1.100861e+00 1.089143e+00 1.078144e+00 1.067849e+00 1.058246e+00 1.049322e+00 1.041067e+00 1.033468e+00 1.026517e+00 1.020205e+00 1.014523e+00 1.009464e+00 1.005022e+00 1.001192e+00 9.979669e-01 9.953442e-01 9.933202e-01 9.918923e-01 9.910586e-01 9.908180e-01 9.911703e-01 9.921159e-01 9.936560e-01 9.957925e-01 9.985283e-01 1.001867e+00 1.005812e+00 1.010370e+00 1.015546e+00 1.021346e+00 1.027778e+00 1.034850e+00 1.042572e+00 1.050952e+00 1.060003e+00 1.069735e+00 1.080162e+00 1.091295e+00 1.103151e+00 1.115743e+00 1.129088e+00 1.143204e+00 1.158107e+00 1.173818e+00 1.190357e+00 1.207744e+00 1.226002e+00 1.245154e+00 1.265226e+00 1.286242e+00 1.308229e+00 1.331217e+00 1.355234e+00 1.380311e+00 1.406480e+00 1.433774e+00 1.530916e+00
2.307435e+00 2.324644e+00 2.345277e+00 2.365713e+00 2.385956e+00 2.406012e+00 2.425887e+00 2.445585e+00 2.465112e+00 2.484474e+00 2.503675e+00 2.522721e+00 2.541617e+00 2.560368e+00 2.578979e+00 2.597456e+00 2.615802e+00 2.634023e+00 2.652125e+00 2.670111e+00 2.687987e+00 2.705757e+00 2.723427e+00 2.741001e+00 2.758483e+00 2.775880e+00 2.793194e+00 2.810432e+00 2.827597e+00 2.844694e+00 2.861728e+00 2.878704e+00 2.895625e+00 2.912498e+00 2.929325e+00 2.946112e+00 2.962863e+00 2.979583e+00 2.996277e+00 3.012948e+00 3.029601e+00 3.046241e+00 3.062873e+00 3.079500e+00 3.096127e+00 3.112759e+00 3.129401e+00 3.146056e+00 3.162729e+00 3.179425e+00 3.196148e+00 3.212903e+00 3.229694e+00 3.246526e+00 3.263404e+00 3.280331e+00 3.297312e+00 3.314353e+00 3.331458e+00 3.348630e+00 3.365876e+00 3.383199e+00 3.400604e+00 3.418097e+00 3.435681e+00 3.453361e+00 3.471143e+00 3.487422e+00
7.842428e-01 7.863005e-01 7.890741e-01 7.919444e-01 7.949145e-01 7.979879e-01 8.011679e-01 8.044581e-01 8.078622e-01 8.113841e-01 8.150275e-01 8.187967e-01 8.226959e-01 8.267294e-01 8.309018e-01 8.352177e-01 8.396819e-01 8.442995e-01 8.490757e-01 8.540157e-01 8.591252e-01 8.644098e-01 8.698754e-01 8.755283e-01 8.813747e-01 8.874212e-01 8.936745e-01 9.001417e-01 9.068300e-01 9.137469e-01 9.209001e-01 9.282977e-01 9.359480e-01 9.438595e-01 9.520410e-01 9.605019e-01 9.692514e-01 9.782996e-01 9.876564e-01 9.973323e-01 1.007338e+00 1.017685e+00 1.028385e+00 1.039450e+00 1.050892e+00 1.062724e+00 1.074960e+00 1.087612e+00 1.100695e+00 1.114224e+00 1.128215e+00 1.142682e+00 1.157641e+00 1.173111e+00 1.189107e+00 1.205648e+00 1.222753e+00 1.240440e+00 1.258730e+00 1.277642e+00 1.297199e+00 1.317421e+00 1.338333e+00 1.359956e+00 1.382316e+00 1.405437e+00 1.429345e+00 1.451478e+00
1.027341e+00 1.002372e+00 9.787162e-01 9.561019e-01 9.344900e-01 9.138424e-01 8.941230e-01 8.752971e-01 8.573317e-01 8.401953e-01 8.238578e-01 8.082905e-01 7.934662e-01 7.793588e-01 7.659435e-01 7.531969e-01 7.410966e-01 7.296212e-01 7.187508e-01 7.084662e-01 6.987493e-01 6.895832e-01 6.809518e-01 6.728398e-01 6.652331e-01 6.581182e-01 6.514829e-01 6.453153e-01 6.396047e-01 6.343410e-01 6.295150e-01 6.251183e-01 6.211431e-01 6.175824e-01 6.144301e-01 6.116805e-01 6.093289e-01 6.073711e-01 6.058037e-01 6.046239e-01 6.038297e-01 6.034196e-01 6.033931e-01 6.037499e-01 6.044907e-01 6.056169e-01 6.071304e-01 6.090339e-01 6.113306e-01 6.140247e-01 6.171209e-01 6.206245e-01 6.245418e-01 6.288796e-01 6.336456e-01 6.388480e-01 6.444960e-01 6.505996e-01 6.571694e-01 6.642170e-01 6.717547e-01 6.797957e-01 6.883542e-01 6.974453e-01 7.070847e-01 7.172895e-01 7.280775e-01 7.372185e-01
2.919866e+00 2.907388e+00 2.898388e+00 2.889521e+00 2.880774e+00 2.872134e+00 2.863590e+00 2.855129e+00 2.846740e+00 2.838410e+00 2.830129e+00 2.821884e+00 2.813664e+00 2.805457e+00 2.797253e+00 2.789038e+00 2.780803e+00 2.772534e+00 2.764222e+00 2.755853e+00 2.747417e+00 2.738901e+00 2.730293e+00 2.721582e+00 2.712755e+00 2.703800e+00 2.694704e+00 2.685454e+00 2.676038e+00 2.666442e+00 2.656653e+00 2.646657e+00 2.636440e+00 2.625988e+00 2.615285e+00 2.604318e+00 2.593070e+00 2.581526e+00 2.569670e+00 2.557485e+00 2.544953e+00 2.532058e+00 2.518781e+00 2.505104e+00 2.491007e+00 2.476470e+00 2.461474e+00 2.445997e+00 2.430017e+00 2.413513e+00 2.396460e+00 2.378835e+00 2.360613e+00 2.341769e+00 2.322276e+00 2.302107e+00 2.281234e+00 2.259626e+00 2.237255e+00 2.214088e+00 2.190093e+00 2.165237e+00 2.139483e+00 2.112798e+00 2.085141e+00 2.056477e+00 2.026762e+00 1.998574e+00
1.656389e+00 1.620344e+00 1.584249e+00 1.549432e+00 1.515848e+00 1.483452e+00 1.452202e+00 1.422056e+00 1.392974e+00 1.364918e+00 1.337852e+00 1.311738e+00 1.286544e+00 1.262235e+00 1.238779e+00 1.216146e+00 1.194306e+00 1.173230e+00 1.152889e+00 1.133258e+00 1.114310e+00 1.096020e+00 1.078365e+00 1.061320e+00 1.044864e+00 1.028974e+00 1.013630e+00 9.988111e-01 9.844982e-01 9.706722e-01 9.573149e-01 9.444087e-01 9.319365e-01 9.198818e-01 9.082288e-01 8.969621e-01 8.860668e-01 8.755286e-01 8.653334e-01 8.554679e-01 8.459191e-01 8.366743e-01 8.277213e-01 8.190484e-01 8.106440e-01 8.024972e-01 7.945970e-01 7.869332e-01 7.794955e-01 7.722743e-01 7.652598e-01 7.584430e-01 7.518147e-01 7.453663e-01 7.390892e-01 7.329752e-01 7.270161e-01 7.212042e-01 7.155317e-01 7.099911e-01 7.045752e-01 6.992768e-01 6.940888e-01 6.890046e-01 6.840172e-01 6.791203e-01 6.743072e-01 6.686189e-01
1.583369e-01 1.579327e-01 1.575778e-01 1.574374e-01 1.575111e-01 1.577991e-01 1.583021e-01 1.590210e-01 1.599574e-01 1.611132e-01 1.624907e-01 1.640930e-01 1.659232e-01 1.679852e-01 1.702833e-01 1.728222e-01 1.756072e-01 1.786441e-01 1.819392e-01 1.854994e-01 1.893320e-01 1.934450e-01 1.978469e-01 2.025469e-01 2.075547e-01 2.128807e-01 2.185360e-01 2.245324e-01 2.308822e-01 2.375987e-01 2.446958e-01 2.521882e-01 2.600916e-01 2.684222e-01 2.771975e-01 2.864356e-01 2.961557e-01 3.063779e-01 3.171236e-01 3.284151e-01 3.402757e-01 3.527301e-01 3.658041e-01 3.795250e-01 3.939211e-01 4.090225e-01 4.248603e-01 4.414676e-01 4.588788e-01 4.771301e-01 4.962593e-01 5.163061e-01 5.373123e-01 5.593214e-01 5.823791e-01 6.065332e-01 6.318340e-01 6.583340e-01 6.860882e-01 7.151541e-01 7.455923e-01 7.774658e-01 8.108408e-01 8.457867e-01 8.823760e-01 9.206847e-01 9.607922e-01 9.996483e-01
1.211248e+00 1.176324e+00 1.147714e+00 1.120350e+00 1.094198e+00 1.069228e+00 1.045408e+00 1.022711e+00 1.001109e+00 9.805747e-01 9.610844e-01 9.426141e-01 9.251416e-01 9.086456e-01 8.931061e-01 8.785045e-01 8.648230e-01 8.520450e-01 8.401551e-01 8.291389e-01 8.189831e-01 8.096753e-01 8.012043e-01 7.935598e-01 7.867326e-01 7.807145e-01 7.754980e-01 7.710770e-01 7.674461e-01 7.646008e-01 7.625377e-01 7.612544e-01 7.607493e-01 7.610217e-01 7.620720e-01 7.639015e-01 7.665123e-01 7.699077e-01 7.740918e-01 7.790696e-01 7.848471e-01 7.914314e-01 7.988303e-01 8.070529e-01 8.161092e-01 8.260100e-01 8.367674e-01 8.483943e-01 8.609049e-01 8.743144e-01 8.886388e-01 9.038957e-01 9.201034e-01 9.372815e-01 9.554509e-01 9.746335e-01 9.948527e-01 1.016133e+00 1.038500e+00 1.061980e+00 1.086603e+00 1.112398e+00 1.139396e+00 1.167629e+00 1.197133e+00 1.227943e+00 1.260096e+00 1.307353e+00
2.457769e+00 2.449661e+00 2.442505e+00 2.435200e+00 2.427743e+00 2.420129e+00 2.412351e+00 2.404405e+00 2.396285e+00 2.387986e+00 2.379501e+00 2.370825e+00 2.361952e+00 2.352876e+00 2.343590e+00 2.334088e+00 2.324363e+00 2.314409e+00 2.304218e+00 2.293784e+00 2.283100e+00 2.272157e+00 2.260949e+00 2.249467e+00 2.237704e+00 2.225651e+00 2.213300e+00 2.200643e+00 2.187671e+00 2.174374e+00 2.160744e+00 2.146771e+00 2.132445e+00 2.117756e+00 2.102695e+00 2.087251e+00 2.071412e+00 2.055169e+00 2.038509e+00 2.021422e+00 2.003894e+00 1.985916e+00 1.967472e+00 1.948552e+00 1.929142e+00 1.909228e+00 1.888796e+00 1.867833e+00 1.846323e+00 1.824252e+00 1.801605e+00 1.778366e+00 1.754518e+00 1.730046e+00 1.704932e+00 1.679158e+00 1.652708e+00 1.625561e+00 1.597701e+00 1.569107e+00 1.539759e+00 1.509637e+00 1.478721e+00 1.446989e+00 1.414418e+00 1.380986e+00 1.346670e+00 1.311330e+00
1.650494e+00 1.646101e+00 1.641708e+00 1.637700e+00 1.634072e+00 1.630818e+00 1.627931e+00 1.625408e+00 1.623243e+00 1.621433e+00 1.619975e+00 1.618867e+00 1.618107e+00 1.617693e+00 1.617625e+00 1.617902e+00 1.618525e+00 1.619496e+00 1.620815e+00 1.622486e+00 1.624510e+00 1.626891e+00 1.629634e+00 1.632742e+00 1.636222e+00 1.640078e+00 1.644318e+00 1.648949e+00 1.653978e+00 1.659414e+00 1.665267e+00 1.671545e+00 1.678260e+00 1.685423e+00 1.693045e+00 1.701141e+00 1.709723e+00 1.718806e+00 1.728406e+00 1.738538e+00 1.749220e+00 1.760469e+00 1.772305e+00 1.784747e+00 1.797818e+00 1.811537e+00 1.825930e+00 1.841020e+00 1.856832e+00 1.873393e+00 1.890732e+00 1.908877e+00 1.927859e+00 1.947710e+00 1.968464e+00 1.990155e+00 2.012821e+00 2.036498e+00 2.061229e+00 2.087053e+00 2.114015e+00 2.142160e+00 2.171536e+00 2.202192e+00 2.234180e+00 2.267554e+00 2.302370e+00 2.387264e+00
1.250991e+00 1.180883e+00 1.142742e+00 1.106716e+00 1.072711e+00 1.040641e+00 1.010423e+00 9.819779e-01 9.552332e-01 9.301198e-01 9.065729e-01 8.845317e-01 8.639394e-01 8.447429e-01 8.268926e-01 8.103426e-01 7.950501e-01 7.809758e-01 7.680832e-01 7.563392e-01 7.457134e-01 7.361785e-01 7.277099e-01 7.202856e-01 7.138867e-01 7.084965e-01 7.041011e-01 7.006893e-01 6.982522e-01 6.967836e-01 6.962796e-01 6.967389e-01 6.981628e-01 7.005549e-01 7.039214e-01 7.082709e-01 7.136147e-01 7.199666e-01 7.273429e-01 7.357627e-01 7.452476e-01 7.558222e-01 7.675138e-01 7.803524e-01 7.943712e-01 8.096064e-01 8.260972e-01 8.438862e-01 8.630193e-01 8.835457e-01 9.055185e-01 9.289944e-01 9.540338e-01 9.807014e-01 1.009066e+00 1.039200e+00 1.071183e+00 1.105096e+00 1.141026e+00 1.179067e+00 1.219317e+00 1.261879e+00 1.306863e+00 1.354385e+00 1.404568e+00 1.457541e+00 1.513441e+00 1.587431e+00
2.822790e+00 2.772727e+00 2.718812e+00 2.667469e+00 2.618589e+00 2.572068e+00 2.527808e+00 2.485713e+00 2.445696e+00 2.407670e+00 2.371556e+00 2.337276e+00 2.304758e+00 2.273933e+00 2.244734e+00 2.217101e+00 2.190974e+00 2.166298e+00 2.143021e+00 2.121093e+00 2.100468e+00 2.081101e+00 2.062952e+00 2.045982e+00 2.030155e+00 2.015438e+00 2.001799e+00 1.989209e+00 1.977642e+00 1.967072e+00 1.957478e+00 1.948840e+00 1.941138e+00 1.934356e+00 1.928480e+00 1.923498e+00 1.919399e+00 1.916175e+00 1.913817e+00 1.912322e+00 1.911687e+00 1.911909e+00 1.912989e+00 1.914930e+00 1.917736e+00 1.921413e+00 1.925968e+00 1.931412e+00 1.937755e+00 1.945011e+00 1.953196e+00 1.962327e+00 1.972424e+00 1.983507e+00 1.995601e+00 2.008731e+00 2.022925e+00 2.038213e+00 2.054628e+00 2.072204e+00 2.090978e+00 2.110992e+00 2.132286e+00 2.154907e+00 2.178902e+00 2.204323e+00 2.231223e+00 2.252969e+00
1.939913e+00 1.942148e+00 1.944151e+00 1.945955e+00 1.947569e+00 1.949003e+00 1.950265e+00 1.951360e+00 1.952297e+00 1.953078e+00 1.953710e+00 1.954194e+00 1.954535e+00 1.954733e+00 1.954790e+00 1.954707e+00 1.954482e+00 1.954114e+00 1.953602e+00 1.952943e+00 1.952132e+00 1.951166e+00 1.950040e+00 1.948746e+00 1.947279e+00 1.945630e+00 1.943789e+00 1.941747e+00 1.939493e+00 1.937015e+00 1.934298e+00 1.931327e+00 1.928088e+00 1.924561e+00 1.920727e+00 1.916566e+00 1.912054e+00 1.907167e+00 1.901879e+00 1.896159e+00 1.889977e+00 1.883299e+00 1.876087e+00 1.868304e+00 1.859905e+00 1.850846e+00 1.841075e+00 1.830541e+00 1.819184e+00 1.806943e+00 1.793750e+00 1.779533e+00 1.764215e+00 1.747711e+00 1.729931e+00 1.710777e+00 1.690144e+00 1.667919e+00 1.643981e+00 1.618197e+00 1.590427e+00 1.560518e+00 1.528307e+00 1.493617e+00 1.456257e+00 1.416023e+00 1.372693e+00 1.338291e+00
5.085573e-01 5.147854e-01 5.205606e-01 5.261066e-01 5.314303e-01 5.365381e-01 5.414363e-01 5.461309e-01 5.506276e-01 5.549319e-01 5.590491e-01 5.629842e-01 5.667421e-01 5.703272e-01 5.737442e-01 5.769970e-01 5.800896e-01 5.830260e-01 5.858096e-01 5.884438e-01 5.909319e-01 5.932770e-01 5.954818e-01 5.975491e-01 5.994814e-01 6.012811e-01 6.029504e-01 6.044913e-01 6.059057e-01 6.071954e-01 6.083618e-01 6.094065e-01 6.103307e-01 6.111356e-01 6.118221e-01 6.123910e-01 6.128432e-01 6.131790e-01 6.133990e-01 6.135034e-01 6.134923e-01 6.133657e-01 6.131235e-01 6.127653e-01 6.122908e-01 6.116993e-01 6.109901e-01 6.101624e-01 6.092151e-01 6.081472e-01 6.069571e-01 6.056437e-01 6.042051e-01 6.026397e-01 6.009455e-01 5.991205e-01 5.971624e-01 5.950689e-01 5.928373e-01 5.904650e-01 5.879490e-01 5.852864e-01 5.824737e-01 5.795076e-01 5.763844e-01 5.731004e-01 5.696515e-01 5.653832e-01
2.118409e+00 2.073450e+00 2.033355e+00 1.995319e+00 1.959266e+00 1.925122e+00 1.892819e+00 1.862292e+00 1.833478e+00 1.806319e+00 1.780761e+00 1.756752e+00 1.734243e+00 1.713190e+00 1.693548e+00 1.675279e+00 1.658345e+00 1.642713e+00 1.628351e+00 1.615230e+00 1.603323e+00 1.592606e+00 1.583057e+00 1.574658e+00 1.567391e+00 1.561241e+00 1.556197e+00 1.552248e+00 1.549385e+00 1.547604e+00 1.546900e+00 1.547272e+00 1.548722e+00 1.551251e+00 1.554865e+00 1.559571e+00 1.565379e+00 1.572300e+00 1.580349e+00 1.589542e+00 1.599897e+00 1.611435e+00 1.624180e+00 1.638157e+00 1.653395e+00 1.669924e+00 1.687778e+00 1.706992e+00 1.727607e+00 1.749663e+00 1.773205e+00 1.798281e+00 1.824941e+00 1.853239e+00 1.883232e+00 1.914982e+00 1.948551e+00 1.984009e+00 2.021426e+00 2.060879e+00 2.102447e+00 2.146214e+00 2.192269e+00 2.240704e+00 2.291618e+00 2.345113e+00 2.401298e+00 2.488783e+00
1.709276e+00 1.742370e+00 1.763703e+00 1.784346e+00 1.804312e+00 1.823612e+00 1.842257e+00 1.860256e+00 1.877622e+00 1.894363e+00 1.910489e+00 1.926010e+00 1.940933e+00 1.955268e+00 1.969022e+00 1.982204e+00 1.994821e+00 2.006880e+00 2.018387e+00 2.029351e+00 2.039776e+00 2.049669e+00 2.059035e+00 2.067879e+00 2.076208e+00 2.084024e+00 2.091334e+00 2.098140e+00 2.104447e+00 2.110259e+00 2.115578e+00 2.120408e+00 2.124752e+00 2.128611e+00 2.131989e+00 2.134886e+00 2.137306e+00 2.139248e+00 2.140715e+00 2.141706e+00 2.142223e+00 2.142266e+00 2.141835e+00 2.140930e+00 2.139550e+00 2.137694e+00 2.135361e+00 2.132551e+00 2.129260e+00 2.125489e+00 2.121233e+00 2.116492e+00 2.111262e+00 2.105540e+00 2.099323e+00 2.092608e+00 2.085390e+00 2.077666e+00 2.069431e+00 2.060680e+00 2.051409e+00 2.041613e+00 2.031285e+00 2.020420e+00 2.009011e+00 1.997053e+00 1.984538e+00 1.950741e+00
1.704383e+00 1.720668e+00 1.739594e+00 1.757985e+00 1.775864e+00 1.793257e+00 1.810187e+00 1.826675e+00 1.842745e+00 1.858418e+00 1.873714e+00 1.888654e+00 1.903258e+00 1.917546e+00 1.931537e+00 1.945249e+00 1.958702e+00 1.971912e+00 1.984898e+00 1.997676e+00 2.010265e+00 2.022681e+00 2.034940e+00 2.047059e+00 2.059055e+00 2.070942e+00 2.082738e+00 2.094458e+00 2.106117e+00 2.117731e+00 2.129317e+00 2.140888e+00 2.152462e+00 2.164052e+00 2.175676e+00 2.187347e+00 2.199083e+00 2.210898e+00 2.222809e+00 2.234831e+00 2.246981e+00 2.259275e+00 2.271728e+00 2.284359e+00 2.297184e+00 2.310219e+00 2.323483e+00 2.336993e+00 2.350767e+00 2.364824e+00 2.379183e+00 2.393862e+00 2.408882e+00 2.424262e+00 2.440023e+00 2.456187e+00 2.472774e+00 2.489807e+00 2.507310e+00 2.525304e+00 2.543815e+00 2.562866e+00 2.582485e+00 2.602696e+00 2.623527e+00 2.645006e+00 2.667162e+00 2.704745e+00
7.749360e+00 7.816477e+00 7.862678e+00 7.906842e+00 7.948973e+00 7.989074e+00 8.027149e+00 8.063200e+00 8.097232e+00 8.129246e+00 8.159245e+00 8.187232e+00 8.213209e+00 8.237178e+00 8.259142e+00 8.279101e+00 8.297058e+00 8.313014e+00 8.326970e+00 8.338928e+00 8.348889e+00 8.356853e+00 8.362821e+00 8.366794e+00 8.368771e+00 8.368753e+00 8.366741e+00 8.362733e+00 8.356730e+00 8.348731e+00 8.338735e+00 8.326742e+00 8.312750e+00 8.296759e+00 8.278767e+00 8.258772e+00 8.236774e+00 8.212769e+00 8.186757e+00 8.158735e+00 8.128700e+00 8.096650e+00 8.062584e+00 8.026496e+00 7.988386e+00 7.948249e+00 7.906082e+00 7.861883e+00 7.815646e+00 7.767369e+00 7.717047e+00 7.664676e+00 7.610252e+00 7.553771e+00 7.495227e+00 7.434616e+00 7.371933e+00 7.307173e+00 7.240330e+00 7.171398e+00 7.100373e+00 7.027248e+00 6.952018e+00 6.874675e+00 6.795214e+00 6.713628e+00 6.629910e+00 6.518559e+00
8.802784e-01 8.897584e-01 8.984133e-01 9.069984e-01 9.155189e-01 9.239800e-01 9.323868e-01 9.407445e-01 9.490579e-01 9.573323e-01 9.655726e-01 9.737837e-01 9.819708e-01 9.901386e-01 9.982922e-01 1.006437e+00 1.014576e+00 1.022717e+00 1.030863e+00 1.039019e+00 1.047191e+00 1.055383e+00 1.063601e+00 1.071848e+00 1.080131e+00 1.088454e+00 1.096822e+00 1.105241e+00 1.113715e+00 1.122250e+00 1.130851e+00 1.139522e+00 1.148270e+00 1.157099e+00 1.166015e+00 1.175023e+00 1.184129e+00 1.193338e+00 1.202657e+00 1.212089e+00 1.221642e+00 1.231320e+00 1.241130e+00 1.251078e+00 1.261170e+00 1.271412e+00 1.281810e+00 1.292370e+00 1.303098e+00 1.314002e+00 1.325088e+00 1.336363e+00 1.347833e+00 1.359505e+00 1.371387e+00 1.383485e+00 1.395807e+00 1.408360e+00 1.421153e+00 1.434192e+00 1.447486e+00 1.461042e+00 1.474870e+00 1.488976e+00 1.503371e+00 1.518062e+00 1.533058e+00 1.547808e+00
2.157283e+00 2.174675e+00 2.193663e+00 2.212276e+00 2.230533e+00 2.248454e+00 2.266056e+00 2.283360e+00 2.300382e+00 2.317142e+00 2.333656e+00 2.349943e+00 2.366018e+00 2.381900e+00 2.397604e+00 2.413149e+00 2.428548e+00 2.443820e+00 2.458980e+00 2.474045e+00 2.489029e+00 2.503949e+00 2.518820e+00 2.533659e+00 2.548480e+00 2.563300e+00 2.578134e+00 2.592997e+00 2.607906e+00 2.622876e+00 2.637922e+00 2.653062e+00 2.668309e+00 2.683682e+00 2.699195e+00 2.714866e+00 2.730710e+00 2.746745e+00 2.762987e+00 2.779454e+00 2.796162e+00 2.813130e+00 2.830375e+00 2.847915e+00 2.865769e+00 2.883956e+00 2.902495e+00 2.921406e+00 2.940707e+00 2.960421e+00 2.980567e+00 3.001166e+00 3.022241e+00 3.043814e+00 3.065906e+00 3.088543e+00 3.111747e+00 3.135542e+00 3.159955e+00 3.185011e+00 3.210735e+00 3.237156e+00 3.264301e+00 3.292198e+00 3.320878e+00 3.350369e+00 3.380704e+00 3.422548e+00
8.571633e-01 8.962716e-01 9.578870e-01 1.015632e+00 1.069742e+00 1.120440e+00 1.167934e+00 1.212417e+00 1.254073e+00 1.293073e+00 1.329575e+00 1.363730e+00 1.395678e+00 1.425550e+00 1.453467e+00 1.479545e+00 1.503890e+00 1.526603e+00 1.547776e+00 1.567496e+00 1.585843e+00 1.602894e+00 1.618718e+00 1.633380e+00 1.646940e+00 1.659453e+00 1.670971e+00 1.681541e+00 1.691207e+00 1.700007e+00 1.707978e+00 1.715154e+00 1.721562e+00 1.727230e+00 1.732180e+00 1.736433e+00 1.740007e+00 1.742915e+00 1.745171e+00 1.746783e+00 1.747757e+00 1.748098e+00 1.747808e+00 1.746884e+00 1.745324e+00 1.743120e+00 1.740264e+00 1.736745e+00 1.732546e+00 1.727653e+00 1.722043e+00 1.715695e+00 1.708583e+00 1.700676e+00 1.691943e+00 1.682349e+00 1.671853e+00 1.660412e+00 1.647981e+00 1.634507e+00 1.619936e+00 1.604207e+00 1.587257e+00 1.569016e+00 1.549409e+00 1.528356e+00 1.505770e+00 1.491385e+00
2.334728e+00 2.316482e+00 2.299586e+00 2.283078e+00 2.266941e+00 2.251159e+00 2.235716e+00 2.220598e+00 2.205789e+00 2.191275e+00 2.177042e+00 2.163074e+00 2.149360e+00 2.135883e+00 2.122633e+00 2.109595e+00 2.096756e+00 2.084104e+00 2.071627e+00 2.059311e+00 2.047145e+00 2.035116e+00 2.023214e+00 2.011425e+00 1.999739e+00 1.988143e+00 1.976627e+00 1.965179e+00 1.953787e+00 1.942440e+00 1.931127e+00 1.919837e+00 1.908559e+00 1.897282e+00 1.885993e+00 1.874683e+00 1.863340e+00 1.851952e+00 1.840509e+00 1.828999e+00 1.817410e+00 1.805732e+00 1.793953e+00 1.782061e+00 1.770043e+00 1.757890e+00 1.745587e+00 1.733124e+00 1.720488e+00 1.707665e+00 1.694645e+00 1.681413e+00 1.667957e+00 1.654263e+00 1.640318e+00 1.626107e+00 1.611618e+00 1.596835e+00 1.581744e+00 1.566330e+00 1.550578e+00 1.534472e+00 1.517996e+00 1.501134e+00 1.483869e+00 1.466184e+00 1.448061e+00 1.430938e+00
4.112355e-01 4.270527e-01 4.505330e-01 4.730200e-01 4.945741e-01 5.152532e-01 5.351129e-01 5.542066e-01 5.725855e-01 5.902992e-01 6.073952e-01 6.239194e-01 6.399162e-01 6.554287e-01 6.704986e-01 6.851663e-01 6.994712e-01 7.134519e-01 7.271459e-01 7.405900e-01 7.538203e-01 7.668724e-01 7.797813e-01 7.925819e-01 8.053084e-01 8.179950e-01 8.306760e-01 8.433852e-01 8.561570e-01 8.690257e-01 8.820257e-01 8.951921e-01 9.085603e-01 9.221661e-01 9.360462e-01 9.502379e-01 9.647792e-01 9.797093e-01 9.950683e-01 1.010898e+00 1.027239e+00 1.044138e+00 1.061639e+00 1.079788e+00 1.098636e+00 1.118232e+00 1.138630e+00 1.159883e+00 1.182049e+00 1.205189e+00 1.229363e+00 1.254637e+00 1.281079e+00 1.308760e+00 1.337754e+00 1.368139e+00 1.399997e+00 1.433414e+00 1.468479e+00 1.505286e+00 1.543935e+00 1.584530e+00 1.627179e+00 1.671997e+00 1.719104e+00 1.768628e+00 1.820700e+00 1.857060e+00
1.655566e+00 1.689472e+00 1.723883e+00 1.757311e+00 1.789785e+00 1.821330e+00 1.851971e+00 1.881733e+00 1.910640e+00 1.938715e+00 1.965980e+00 1.992458e+00 2.018169e+00 2.043135e+00 2.067374e+00 2.090908e+00 2.113754e+00 2.135931e+00 2.157457e+00 2.178349e+00 2.198624e+00 2.218297e+00 2.237386e+00 2.255904e+00 2.273868e+00 2.291291e+00 2.308187e+00 2.324570e+00 2.340454e+00 2.355850e+00 2.370771e+00 2.385230e+00 2.399237e+00 2.412805e+00 2.425943e+00 2.438662e+00 2.450974e+00 2.462886e+00 2.474410e+00 2.485554e+00 2.496327e+00 2.506739e+00 2.516796e+00 2.526508e+00 2.535882e+00 2.544925e+00 2.553646e+00 2.562050e+00 2.570145e+00 2.577937e+00 2.585432e+00 2.592637e+00 2.599557e+00 2.606197e+00 2.612564e+00 2.618662e+00 2.624496e+00 2.630070e+00 2.635390e+00 2.640459e+00 2.645282e+00 2.649862e+00 2.654203e+00 2.658309e+00 2.662183e+00 2.665827e+00 2.669246e+00 2.674575e+00
1.459036e+00 1.465472e+00 1.472781e+00 1.479846e+00 1.486670e+00 1.493258e+00 1.499614e+00 1.505741e+00 1.511642e+00 1.517323e+00 1.522785e+00 1.528032e+00 1.533067e+00 1.537892e+00 1.542512e+00 1.546928e+00 1.551143e+00 1.555160e+00 1.558980e+00 1.562607e+00 1.566041e+00 1.569287e+00 1.572344e+00 1.575215e+00 1.577902e+00 1.580406e+00 1.582728e+00 1.584871e+00 1.586835e+00 1.588621e+00 1.590231e+00 1.591666e+00 1.592925e+00 1.594011e+00 1.594923e+00 1.595662e+00 1.596229e+00 1.596624e+00 1.596847e+00 1.596899e+00 1.596779e+00 1.596487e+00 1.596023e+00 1.595387e+00 1.594578e+00 1.593596e+00 1.592441e+00 1.591111e+00 1.589607e+00 1.587926e+00 1.586069e+00 1.584033e+00 1.581819e+00 1.579423e+00 1.576846e+00 1.574086e+00 1.571140e+00 1.568008e+00 1.564687e+00 1.561175e+00 1.557471e+00 1.553572e+00 1.549476e+00 1.545181e+00 1.540684e+00 1.535982e+00 1.531072e+00 1.523209e+00
1.647205e+00 1.680804e+00 1.726945e+00 1.770957e+00 1.812912e+00 1.852880e+00 1.890928e+00 1.927119e+00 1.961513e+00 1.994168e+00 2.025137e+00 2.054474e+00 2.082225e+00 2.108439e+00 2.133158e+00 2.156423e+00 2.178273e+00 2.198745e+00 2.217872e+00 2.235688e+00 2.252220e+00 2.267497e+00 2.281544e+00 2.294385e+00 2.306041e+00 2.316531e+00 2.325873e+00 2.334082e+00 2.341173e+00 2.347156e+00 2.352042e+00 2.355840e+00 2.358554e+00 2.360190e+00 2.360751e+00 2.360238e+00 2.358649e+00 2.355982e+00 2.352232e+00 2.347394e+00 2.341459e+00 2.334418e+00 2.326258e+00 2.316966e+00 2.306526e+00 2.294922e+00 2.282134e+00 2.268140e+00 2.252918e+00 2.236441e+00 2.218683e+00 2.199614e+00 2.179202e+00 2.157413e+00 2.134210e+00 2.109557e+00 2.083410e+00 2.055727e+00 2.026461e+00 1.995564e+00 1.962985e+00 1.928668e+00 1.892557e+00 1.854593e+00 1.814710e+00 1.772844e+00 1.728924e+00 1.691578e+00
1.747762e+00 1.689829e+00 1.666481e+00 1.644107e+00 1.622673e+00 1.602146e+00 1.582495e+00 1.563689e+00 1.545700e+00 1.528499e+00 1.512060e+00 1.496359e+00 1.481370e+00 1.467072e+00 1.453441e+00 1.440457e+00 1.428099e+00 1.416350e+00 1.405190e+00 1.394603e+00 1.384573e+00 1.375083e+00 1.366120e+00 1.357669e+00 1.349717e+00 1.342253e+00 1.335265e+00 1.328742e+00 1.322674e+00 1.317052e+00 1.311867e+00 1.307111e+00 1.302776e+00 1.298857e+00 1.295347e+00 1.292241e+00 1.289533e+00 1.287221e+00 1.285299e+00 1.283766e+00 1.282618e+00 1.281855e+00 1.281475e+00 1.281477e+00 1.281861e+00 1.282628e+00 1.283780e+00 1.285317e+00 1.287243e+00 1.289560e+00 1.292272e+00 1.295382e+00 1.298897e+00 1.302820e+00 1.307159e+00 1.311919e+00 1.317109e+00 1.322736e+00 1.328809e+00 1.335337e+00 1.342330e+00 1.349799e+00 1.357756e+00 1.366212e+00 1.375181e+00 1.384676e+00 1.394713e+00 1.433013e+00
4.552935e+00 4.395099e+00 4.181591e+00 3.988970e+00 3.815185e+00 3.658387e+00 3.516908e+00 3.389241e+00 3.274029e+00 3.170046e+00 3.076184e+00 2.991446e+00 2.914929e+00 2.845819e+00 2.783381e+00 2.726950e+00 2.675926e+00 2.629766e+00 2.587978e+00 2.550119e+00 2.515784e+00 2.484609e+00 2.456262e+00 2.430442e+00 2.406873e+00 2.385304e+00 2.365507e+00 2.347271e+00 2.330401e+00 2.314718e+00 2.300055e+00 2.286256e+00 2.273174e+00 2.260670e+00 2.248611e+00 2.236869e+00 2.225318e+00 2.213836e+00 2.202301e+00 2.190590e+00 2.178577e+00 2.166137e+00 2.153135e+00 2.139433e+00 2.124887e+00 2.109340e+00 2.092628e+00 2.074573e+00 2.054983e+00 2.033648e+00 2.010343e+00 1.984819e+00 1.956804e+00 1.926001e+00 1.892082e+00 1.854685e+00 1.813412e+00 1.767825e+00 1.717439e+00 1.661717e+00 1.600066e+00 1.531830e+00 1.456284e+00 1.372622e+00 1.279956e+00 1.177298e+00 1.063557e+00 9.905418e-01
1.397893e+00 1.384946e+00 1.371951e+00 1.359251e+00 1.346840e+00 1.334716e+00 1.322874e+00 1.311310e+00 1.300021e+00 1.289002e+00 1.278251e+00 1.267764e+00 1.257537e+00 1.247566e+00 1.237849e+00 1.228383e+00 1.219164e+00 1.210189e+00 1.201455e+00 1.192960e+00 1.184701e+00 1.176675e+00 1.168878e+00 1.161310e+00 1.153967e+00 1.146847e+00 1.139947e+00 1.133266e+00 1.126800e+00 1.120549e+00 1.114509e+00 1.108680e+00 1.103058e+00 1.097643e+00 1.092431e+00 1.087423e+00 1.082615e+00 1.078007e+00 1.073597e+00 1.069384e+00 1.065365e+00 1.061540e+00 1.057908e+00 1.054467e+00 1.051216e+00 1.048154e+00 1.045281e+00 1.042595e+00 1.040094e+00 1.037780e+00 1.035650e+00 1.033704e+00 1.031942e+00 1.030362e+00 1.028964e+00 1.027749e+00 1.026714e+00 1.025861e+00 1.025189e+00 1.024697e+00 1.024386e+00 1.024255e+00 1.024304e+00 1.024533e+00 1.024943e+00 1.025534e+00 1.026305e+00 1.027633e+00
4.057688e-02 4.088714e-02 4.133575e-02 4.179666e-02 4.227126e-02 4.276097e-02 4.326723e-02 4.379156e-02 4.433554e-02 4.490077e-02 4.548895e-02 4.610183e-02 4.674125e-02 4.740910e-02 4.810739e-02 4.883819e-02 4.960369e-02 5.040617e-02 5.124802e-02 5.213177e-02 5.306004e-02 5.403560e-02 5.506138e-02 5.614042e-02 5.727594e-02 5.847135e-02 5.973020e-02 6.105625e-02 6.245345e-02 6.392599e-02 6.547824e-02 6.711485e-02 6.884069e-02 7.066092e-02 7.258097e-02 7.460657e-02 7.674377e-02 7.899893e-02 8.137880e-02 8.389047e-02 8.654144e-02 8.933961e-02 9.229335e-02 9.541145e-02 9.870324e-02 1.021785e-01 1.058477e-01 1.097217e-01 1.138120e-01 1.181310e-01 1.226914e-01 1.275069e-01 1.325919e-01 1.379615e-01 1.436318e-01 1.496196e-01 1.559429e-01 1.626205e-01 1.696723e-01 1.771194e-01 1.849840e-01 1.932896e-01 2.020609e-01 2.113242e-01 2.211071e-01 2.314387e-01 2.423500e-01 2.505947e-01
1.392825e+00 1.353560e+00 1.313078e+00 1.274699e+00 1.238320e+00 1.203843e+00 1.171175e+00 1.140230e+00 1.110925e+00 1.083181e+00 1.056924e+00 1.032083e+00 1.008592e+00 9.863882e-01 9.654121e-01 9.456073e-01 9.269210e-01 9.093030e-01 8.927062e-01 8.770862e-01 8.624011e-01 8.486116e-01 8.356807e-01 8.235739e-01 8.122587e-01 8.017049e-01 7.918841e-01 7.827701e-01 7.743384e-01 7.665665e-01 7.594336e-01 7.529206e-01 7.470100e-01 7.416859e-01 7.369343e-01 7.327422e-01 7.290986e-01 7.259935e-01 7.234188e-01 7.213676e-01 7.198342e-01 7.188147e-01 7.183063e-01 7.183076e-01 7.188187e-01 7.198409e-01 7.213769e-01 7.234309e-01 7.260083e-01 7.291161e-01 7.327626e-01 7.369576e-01 7.417122e-01 7.470392e-01 7.529529e-01 7.594692e-01 7.666054e-01 7.743806e-01 7.828158e-01 7.919334e-01 8.017580e-01 8.123157e-01 8.236349e-01 8.357459e-01 8.486812e-01 8.624753e-01 8.771651e-01 8.883198e-01
2.352329e+00 2.351987e+00 2.351614e+00 2.351304e+00 2.351058e+00 2.350875e+00 2.350755e+00 2.350697e+00 2.350702e+00 2.350770e+00 2.350901e+00 2.351094e+00 2.351351e+00 2.351671e+00 2.352055e+00 2.352504e+00 2.353017e+00 2.353596e+00 2.354241e+00 2.354954e+00 2.355734e+00 2.356584e+00 2.357503e+00 2.358494e+00 2.359557e+00 2.360694e+00 2.361907e+00 2.363196e+00 2.364563e+00 2.366011e+00 2.367540e+00 2.369153e+00 2.370853e+00 2.372640e+00 2.374517e+00 2.376487e+00 2.378553e+00 2.380716e+00 2.382979e+00 2.385346e+00 2.387818e+00 2.390401e+00 2.393096e+00 2.395906e+00 2.398837e+00 2.401890e+00 2.405071e+00 2.408383e+00 2.411830e+00 2.415416e+00 2.419147e+00 2.423026e+00 2.427059e+00 2.431251e+00 2.435606e+00 2.440131e+00 2.444832e+00 2.449713e+00 2.454781e+00 2.460044e+00 2.465506e+00 2.471175e+00 2.477059e+00 2.483164e+00 2.489499e+00 2.496070e+00 2.502888e+00 2.508535e+00
2.357503e+00 2.368337e+00 2.378014e+00 2.387350e+00 2.396353e+00 2.405035e+00 2.413404e+00 2.421471e+00 2.429242e+00 2.436728e+00 2.443936e+00 2.450874e+00 2.457549e+00 2.463969e+00 2.470141e+00 2.476071e+00 2.481766e+00 2.487232e+00 2.492476e+00 2.497502e+00 2.502316e+00 2.506923e+00 2.511329e+00 2.515538e+00 2.519556e+00 2.523385e+00 2.527030e+00 2.530496e+00 2.533786e+00 2.536904e+00 2.539852e+00 2.542635e+00 2.545255e+00 2.547715e+00 2.550018e+00 2.552167e+00 2.554162e+00 2.556008e+00 2.557706e+00 2.559257e+00 2.560663e+00 2.561927e+00 2.563049e+00 2.564030e+00 2.564871e+00 2.565574e+00 2.566140e+00 2.566568e+00 2.566859e+00 2.567014e+00 2.567033e+00 2.566916e+00 2.566662e+00 2.566272e+00 2.565744e+00 2.565079e+00 2.564276e+00 2.563333e+00 2.562251e+00 2.561026e+00 2.559660e+00 2.558149e+00 2.556492e+00 2.554687e+00 2.552733e+00 2.550627e+00 2.548367e+00 2.543637e+00
2.208217e+00 2.231860e+00 2.258513e+00 2.283870e+00 2.307953e+00 2.330780e+00 2.352369e+00 2.372739e+00 2.391906e+00 2.409884e+00 2.426689e+00 2.442334e+00 2.456832e+00 2.470195e+00 2.482432e+00 2.493555e+00 2.503571e+00 2.512490e+00 2.520318e+00 2.527061e+00 2.532725e+00 2.537315e+00 2.540835e+00 2.543286e+00 2.544671e+00 2.544992e+00 2.544248e+00 2.542438e+00 2.539562e+00 2.535618e+00 2.530601e+00 2.524508e+00 2.517334e+00 2.509073e+00 2.499718e+00 2.489263e+00 2.477697e+00 2.465014e+00 2.451201e+00 2.436248e+00 2.420143e+00 2.402872e+00 2.384423e+00 2.364780e+00 2.343927e+00 2.321847e+00 2.298523e+00 2.273935e+00 2.248065e+00 2.220891e+00 2.192391e+00 2.162543e+00 2.131321e+00 2.098702e+00 2.064659e+00 2.029164e+00 1.992188e+00 1.953703e+00 1.913677e+00 1.872077e+00 1.828870e+00 1.784022e+00 1.737496e+00 1.689255e+00 1.639260e+00 1.587470e+00 1.533844e+00 1.482773e+00
4.508585e+00 4.579850e+00 4.660649e+00 4.738431e+00 4.813214e+00 4.885016e+00 4.953854e+00 5.019744e+00 5.082701e+00 5.142742e+00 5.199879e+00 5.254128e+00 5.305499e+00 5.354007e+00 5.399662e+00 5.442474e+00 5.482456e+00 5.519614e+00 5.553960e+00 5.585500e+00 5.614243e+00 5.640195e+00 5.663362e+00 5.683750e+00 5.701363e+00 5.716206e+00 5.728283e+00 5.737595e+00 5.744147e+00 5.747938e+00 5.748970e+00 5.747243e+00 5.742757e+00 5.735510e+00 5.725502e+00 5.712728e+00 5.697188e+00 5.678876e+00 5.657789e+00 5.633921e+00 5.607267e+00 5.577820e+00 5.545574e+00 5.510521e+00 5.472652e+00 5.431959e+00 5.388431e+00 5.342059e+00 5.292831e+00 5.240736e+00 5.185761e+00 5.127894e+00 5.067120e+00 5.003425e+00 4.936795e+00 4.867212e+00 4.794661e+00 4.719124e+00 4.640584e+00 4.559022e+00 4.474418e+00 4.386752e+00 4.296003e+00 4.202151e+00 4.105172e+00 4.005043e+00 3.901742e+00 3.774573e+00
1.053861e+00 1.052626e+00 1.051621e+00 1.050574e+00 1.049485e+00 1.048353e+00 1.047179e+00 1.045962e+00 1.044702e+00 1.043397e+00 1.042048e+00 1.040655e+00 1.039216e+00 1.037731e+00 1.036200e+00 1.034623e+00 1.032998e+00 1.031326e+00 1.029605e+00 1.027835e+00 1.026016e+00 1.024147e+00 1.022227e+00 1.020255e+00 1.018232e+00 1.016156e+00 1.014027e+00 1.011843e+00 1.009605e+00 1.007311e+00 1.004961e+00 1.002554e+00 1.000089e+00 9.975654e-01 9.949823e-01 9.923387e-01 9.896339e-01 9.868670e-01 9.840370e-01 9.811430e-01 9.781841e-01 9.751592e-01 9.720674e-01 9.689076e-01 9.656788e-01 9.623800e-01 9.590099e-01 9.555676e-01 9.520518e-01 9.484615e-01 9.447953e-01 9.410522e-01 9.372308e-01 9.333299e-01 9.293482e-01 9.252844e-01 9.211372e-01 9.169051e-01 9.125867e-01 9.081807e-01 9.036856e-01 8.990998e-01 8.944219e-01 8.896504e-01 8.847835e-01 8.798198e-01 8.747575e-01 8.677410e-01
6.224247e-01 6.316842e-01 6.411822e-01 6.507905e-01 6.605137e-01 6.703563e-01 6.803231e-01 6.904188e-01 7.006482e-01 7.110161e-01 7.215275e-01 7.321873e-01 7.430006e-01 7.539725e-01 7.651083e-01 7.764131e-01 7.878925e-01 7.995518e-01 8.113965e-01 8.234323e-01 8.356649e-01 8.481002e-01 8.607439e-01 8.736021e-01 8.866809e-01 8.999865e-01 9.135252e-01 9.273035e-01 9.413278e-01 9.556049e-01 9.701415e-01 9.849446e-01 1.000021e+00 1.015378e+00 1.031023e+00 1.046963e+00 1.063206e+00 1.079760e+00 1.096632e+00 1.113830e+00 1.131363e+00 1.149239e+00 1.167467e+00 1.186054e+00 1.205011e+00 1.224345e+00 1.244066e+00 1.264183e+00 1.284707e+00 1.305646e+00 1.327011e+00 1.348811e+00 1.371058e+00 1.393761e+00 1.416932e+00 1.440581e+00 1.464720e+00 1.489360e+00 1.514512e+00 1.540190e+00 1.566404e+00 1.593168e+00 1.620493e+00 1.648394e+00 1.676883e+00 1.705973e+00 1.735680e+00 1.764880e+00
5.939776e-01 5.955997e-01 5.975873e-01 5.994351e-01 6.011497e-01 6.027373e-01 6.042035e-01 6.055537e-01 6.067927e-01 6.079250e-01 6.089545e-01 6.098850e-01 6.107199e-01 6.114622e-01 6.121144e-01 6.126790e-01 6.131580e-01 6.135531e-01 6.138657e-01 6.140970e-01 6.142477e-01 6.143184e-01 6.143094e-01 6.142206e-01 6.140518e-01 6.138022e-01 6.134711e-01 6.130572e-01 6.125590e-01 6.119748e-01 6.113025e-01 6.105395e-01 6.096833e-01 6.087307e-01 6.076783e-01 6.065223e-01 6.052585e-01 6.038826e-01 6.023894e-01 6.007736e-01 5.990295e-01 5.971507e-01 5.951305e-01 5.929617e-01 5.906365e-01 5.881465e-01 5.854828e-01 5.826358e-01 5.795953e-01 5.763504e-01 5.728894e-01 5.691999e-01 5.652686e-01 5.610815e-01 5.566234e-01 5.518785e-01 5.468295e-01 5.414585e-01 5.357461e-01 5.296719e-01 5.232139e-01 5.163490e-01 5.090526e-01 5.012985e-01 4.930587e-01 4.843038e-01 4.750023e-01 4.585697e-01
2.776957e+00 2.836100e+00 2.900147e+00 2.961975e+00 3.021591e+00 3.079002e+00 3.134215e+00 3.187236e+00 3.238071e+00 3.286726e+00 3.333207e+00 3.377519e+00 3.419667e+00 3.459656e+00 3.497490e+00 3.533175e+00 3.566713e+00 3.598110e+00 3.627368e+00 3.654491e+00 3.679482e+00 3.702344e+00 3.723080e+00 3.741691e+00 3.758181e+00 3.772551e+00 3.784802e+00 3.794936e+00 3.802955e+00 3.808859e+00 3.812649e+00 3.814325e+00 3.813887e+00 3.811336e+00 3.806671e+00 3.799892e+00 3.790997e+00 3.779986e+00 3.766858e+00 3.751611e+00 3.734243e+00 3.714752e+00 3.693136e+00 3.669393e+00 3.643520e+00 3.615513e+00 3.585370e+00 3.553087e+00 3.518660e+00 3.482086e+00 3.443360e+00 3.402478e+00 3.359435e+00 3.314225e+00 3.266845e+00 3.217288e+00 3.165548e+00 3.111621e+00 3.055498e+00 2.997175e+00 2.936644e+00 2.873899e+00 2.808931e+00 2.741734e+00 2.672300e+00 2.600621e+00 2.526688e+00 2.437752e+00
2.464583e+00 2.502429e+00 2.539009e+00 2.574369e+00 2.608515e+00 2.641454e+00 2.673191e+00 2.703733e+00 2.733084e+00 2.761250e+00 2.788237e+00 2.814048e+00 2.838688e+00 2.862163e+00 2.884475e+00 2.905630e+00 2.925630e+00 2.944480e+00 2.962183e+00 2.978742e+00 2.994160e+00 3.008439e+00 3.021583e+00 3.033594e+00 3.044473e+00 3.054223e+00 3.062846e+00 3.070342e+00 3.076714e+00 3.081963e+00 3.086088e+00 3.089093e+00 3.090975e+00 3.091737e+00 3.091379e+00 3.089899e+00 3.087298e+00 3.083576e+00 3.078731e+00 3.072764e+00 3.065672e+00 3.057454e+00 3.048110e+00 3.037637e+00 3.026034e+00 3.013298e+00 2.999427e+00 2.984419e+00 2.968271e+00 2.950980e+00 2.932543e+00 2.912957e+00 2.892218e+00 2.870322e+00 2.847266e+00 2.823045e+00 2.797656e+00 2.771093e+00 2.743352e+00 2.714427e+00 2.684314e+00 2.653008e+00 2.620502e+00 2.586790e+00 2.551868e+00 2.515728e+00 2.478364e+00 2.370805e+00
2.421776e+00 2.486780e+00 2.541543e+00 2.594962e+00 2.647054e+00 2.697833e+00 2.747314e+00 2.795512e+00 2.842441e+00 2.888115e+00 2.932547e+00 2.975750e+00 3.017737e+00 3.058519e+00 3.098110e+00 3.136520e+00 3.173761e+00 3.209843e+00 3.244777e+00 3.278574e+00 3.311243e+00 3.342794e+00 3.373236e+00 3.402578e+00 3.430829e+00 3.457996e+00 3.484088e+00 3.509113e+00 3.533077e+00 3.555988e+00 3.577852e+00 3.598676e+00 3.618466e+00 3.637228e+00 3.654967e+00 3.671689e+00 3.687397e+00 3.702098e+00 3.715794e+00 3.728491e+00 3.740192e+00 3.750900e+00 3.760619e+00 3.769350e+00 3.777098e+00 3.783864e+00 3.789649e+00 3.794457e+00 3.798288e+00 3.801143e+00 3.803023e+00 3.803929e+00 3.803861e+00 3.802819e+00 3.800802e+00 3.797811e+00 3.793844e+00 3.788899e+00 3.782977e+00 3.776074e+00 3.768189e+00 3.759319e+00 3.749462e+00 3.738616e+00 3.726776e+00 3.713939e+00 3.700103e+00 3.684111e+00
1.336405e+00 1.295546e+00 1.245979e+00 1.199093e+00 1.154774e+00 1.112915e+00 1.073417e+00 1.036183e+00 1.001125e+00 9.681567e-01 9.372000e-01 9.081801e-01 8.810270e-01 8.556755e-01 8.320643e-01 8.101368e-01 7.898400e-01 7.711252e-01 7.539472e-01 7.382647e-01 7.240399e-01 7.112386e-01 6.998300e-01 6.897865e-01 6.810841e-01 6.737017e-01 6.676215e-01 6.628290e-01 6.593125e-01 6.570637e-01 6.560771e-01 6.563503e-01 6.578841e-01 6.606819e-01 6.647507e-01 6.701003e-01 6.767434e-01 6.846961e-01 6.939775e-01 7.046101e-01 7.166193e-01 7.300341e-01 7.448869e-01 7.612133e-01 7.790527e-01 7.984481e-01 8.194461e-01 8.420973e-01 8.664562e-01 8.925816e-01 9.205362e-01 9.503875e-01 9.822073e-01 1.016072e+00 1.052064e+00 1.090269e+00 1.130779e+00 1.173692e+00 1.219111e+00 1.267146e+00 1.317912e+00 1.371531e+00 1.428133e+00 1.487854e+00 1.550838e+00 1.617236e+00 1.687208e+00 1.744192e+00
5.661197e-01 5.846414e-01 5.939541e-01 6.029474e-01 6.116290e-01 6.200067e-01 6.280876e-01 6.358789e-01 6.433873e-01 6.506193e-01 6.575814e-01 6.642795e-01 6.707194e-01 6.769069e-01 6.828473e-01 6.885458e-01 6.940074e-01 6.992368e-01 7.042385e-01 7.090170e-01 7.135764e-01 7.179207e-01 7.220536e-01 7.259789e-01 7.296998e-01 7.332197e-01 7.365416e-01 7.396684e-01 7.426028e-01 7.453475e-01 7.479047e-01 7.502768e-01 7.524658e-01 7.544735e-01 7.563018e-01 7.579523e-01 7.594263e-01 7.607252e-01 7.618501e-01 7.628020e-01 7.635817e-01 7.641899e-01 7.646272e-01 7.648938e-01 7.649901e-01 7.649161e-01 7.646717e-01 7.642568e-01 7.636710e-01 7.629137e-01 7.619844e-01 7.608822e-01 7.596061e-01 7.581550e-01 7.565277e-01 7.547228e-01 7.527386e-01 7.505734e-01 7.482254e-01 7.456925e-01 7.429725e-01 7.400630e-01 7.369615e-01 7.336653e-01 7.301714e-01 7.264770e-01 7.225786e-01 7.159700e-01
7.050611e+00 7.036071e+00 7.028462e+00 7.019159e+00 7.008160e+00 6.995465e+00 6.981070e+00 6.964972e+00 6.947170e+00 6.927658e+00 6.906435e+00 6.883495e+00 6.858835e+00 6.832450e+00 6.804335e+00 6.774485e+00 6.742895e+00 6.709558e+00 6.674469e+00 6.637621e+00 6.599006e+00 6.558619e+00 6.516451e+00 6.472495e+00 6.426743e+00 6.379185e+00 6.329814e+00 6.278620e+00 6.225594e+00 6.170725e+00 6.114005e+00 6.055421e+00 5.994964e+00 5.932622e+00 5.868384e+00 5.802237e+00 5.734170e+00 5.664170e+00 5.592224e+00 5.518318e+00 5.442439e+00 5.364574e+00 5.284706e+00 5.202823e+00 5.118908e+00 5.032946e+00 4.944921e+00 4.854817e+00 4.762617e+00 4.668304e+00 4.571861e+00 4.473270e+00 4.372512e+00 4.269569e+00 4.164422e+00 4.057051e+00 3.947437e+00 3.835559e+00 3.721396e+00 3.604928e+00 3.486133e+00 3.364988e+00 3.241472e+00 3.115561e+00 2.987233e+00 2.856463e+00 2.723227e+00 2.626171e+00
1.658832e+00 1.678969e+00 1.706553e+00 1.732663e+00 1.757358e+00 1.780695e+00 1.802726e+00 1.823503e+00 1.843072e+00 1.861478e+00 1.878764e+00 1.894968e+00 1.910127e+00 1.924277e+00 1.937450e+00 1.949675e+00 1.960980e+00 1.971392e+00 1.980933e+00 1.989627e+00 1.997492e+00 2.004546e+00 2.010807e+00 2.016287e+00 2.020999e+00 2.024955e+00 2.028163e+00 2.030631e+00 2.032364e+00 2.033366e+00 2.033639e+00 2.033185e+00 2.032001e+00 2.030086e+00 2.027434e+00 2.024041e+00 2.019898e+00 2.014995e+00 2.009322e+00 2.002865e+00 1.995611e+00 1.987541e+00 1.978639e+00 1.968883e+00 1.958251e+00 1.946719e+00 1.934261e+00 1.920848e+00 1.906450e+00 1.891034e+00 1.874564e+00 1.857004e+00 1.838312e+00 1.818447e+00 1.797362e+00 1.775011e+00 1.751341e+00 1.726300e+00 1.699829e+00 1.671868e+00 1.642354e+00 1.611219e+00 1.578392e+00 1.543799e+00 1.507359e+00 1.468991e+00 1.428607e+00 1.399616e+00
2.045274e+00 2.070677e+00 2.101841e+00 2.132171e+00 2.161705e+00 2.190481e+00 2.218536e+00 2.245906e+00 2.272624e+00 2.298726e+00 2.324245e+00 2.349212e+00 2.373660e+00 2.397620e+00 2.421123e+00 2.444198e+00 2.466874e+00 2.489182e+00 2.511148e+00 2.532801e+00 2.554169e+00 2.575278e+00 2.596157e+00 2.616830e+00 2.637325e+00 2.657668e+00 2.677884e+00 2.698000e+00 2.718040e+00 2.738031e+00 2.757998e+00 2.777966e+00 2.797961e+00 2.818008e+00 2.838133e+00 2.858361e+00 2.878718e+00 2.899230e+00 2.919924e+00 2.940825e+00 2.961960e+00 2.983356e+00 3.005040e+00 3.027040e+00 3.049384e+00 3.072101e+00 3.095219e+00 3.118767e+00 3.142776e+00 3.167277e+00 3.192300e+00 3.217877e+00 3.244041e+00 3.270825e+00 3.298264e+00 3.326392e+00 3.355245e+00 3.384860e+00 3.415274e+00 3.446527e+00 3.478658e+00 3.511707e+00 3.545718e+00 3.580733e+00 3.616797e+00 3.653956e+00 3.692257e+00 3.772865e+00
2.333434e+00 2.437871e+00 2.490979e+00 2.542689e+00 2.593012e+00 2.641960e+00 2.689547e+00 2.735783e+00 2.780680e+00 2.824249e+00 2.866501e+00 2.907446e+00 2.947095e+00 2.985457e+00 3.022541e+00 3.058357e+00 3.092914e+00 3.126219e+00 3.158283e+00 3.189111e+00 3.218712e+00 3.247093e+00 3.274261e+00 3.300223e+00 3.324985e+00 3.348554e+00 3.370934e+00 3.392132e+00 3.412153e+00 3.431002e+00 3.448684e+00 3.465202e+00 3.480561e+00 3.494764e+00 3.507816e+00 3.519719e+00 3.530476e+00 3.540091e+00 3.548564e+00 3.555899e+00 3.562098e+00 3.567161e+00 3.571090e+00 3.573886e+00 3.575550e+00 3.576082e+00 3.575482e+00 3.573750e+00 3.570885e+00 3.566888e+00 3.561756e+00 3.555490e+00 3.548086e+00 3.539544e+00 3.529860e+00 3.519034e+00 3.507062e+00 3.493941e+00 3.479668e+00 3.464239e+00 3.447651e+00 3.429899e+00 3.410980e+00 3.390888e+00 3.369619e+00 3.347167e+00 3.323527e+00 3.295564e+00
8.070792e-01 7.919413e-01 7.823857e-01 7.730412e-01 7.639017e-01 7.549611e-01 7.462138e-01 7.376538e-01 7.292757e-01 7.210740e-01 7.130433e-01 7.051783e-01 6.974740e-01 6.899252e-01 6.825270e-01 6.752746e-01 6.681633e-01 6.611884e-01 6.543453e-01 6.476296e-01 6.410368e-01 6.345628e-01 6.282031e-01 6.219538e-01 6.158106e-01 6.097696e-01 6.038268e-01 5.979783e-01 5.922204e-01 5.865491e-01 5.809610e-01 5.754522e-01 5.700192e-01 5.646584e-01 5.593663e-01 5.541395e-01 5.489745e-01 5.438680e-01 5.388167e-01 5.338171e-01 5.288661e-01 5.239604e-01 5.190969e-01 5.142722e-01 5.094834e-01 5.047271e-01 5.000004e-01 4.953002e-01 4.906233e-01 4.859667e-01 4.813274e-01 4.767023e-01 4.720884e-01 4.674828e-01 4.628822e-01 4.582839e-01 4.536847e-01 4.490817e-01 4.444718e-01 4.398521e-01 4.352195e-01 4.305709e-01 4.259034e-01 4.212139e-01 4.164993e-01 4.117565e-01 4.069825e-01 4.019634e-01
2.797073e+00 2.771189e+00 2.745225e+00 2.720470e+00 2.696870e+00 2.674372e+00 2.652927e+00 2.632489e+00 2.613014e+00 2.594457e+00 2.576779e+00 2.559942e+00 2.543907e+00 2.528641e+00 2.514110e+00 2.500282e+00 2.487127e+00 2.474616e+00 2.462722e+00 2.451418e+00 2.440681e+00 2.430486e+00 2.420811e+00 2.411636e+00 2.402940e+00 2.394703e+00 2.386909e+00 2.379540e+00 2.372580e+00 2.366013e+00 2.359826e+00 2.354004e+00 2.348536e+00 2.343409e+00 2.338612e+00 2.334134e+00 2.329966e+00 2.326098e+00 2.322522e+00 2.319231e+00 2.316217e+00 2.313473e+00 2.310994e+00 2.308773e+00 2.306807e+00 2.305091e+00 2.303621e+00 2.302394e+00 2.301407e+00 2.300658e+00 2.300146e+00 2.299869e+00 2.299827e+00 2.300019e+00 2.300447e+00 2.301110e+00 2.302011e+00 2.303151e+00 2.304533e+00 2.306161e+00 2.308036e+00 2.310164e+00 2.312550e+00 2.315198e+00 2.318114e+00 2.321305e+00 2.324777e+00 2.328068e+00
1.596511e+00 1.616994e+00 1.639728e+00 1.661467e+00 1.682229e+00 1.702032e+00 1.720894e+00 1.738831e+00 1.755860e+00 1.771994e+00 1.787249e+00 1.801637e+00 1.815171e+00 1.827864e+00 1.839725e+00 1.850766e+00 1.860996e+00 1.870425e+00 1.879060e+00 1.886910e+00 1.893980e+00 1.900277e+00 1.905807e+00 1.910575e+00 1.914585e+00 1.917839e+00 1.920342e+00 1.922096e+00 1.923101e+00 1.923359e+00 1.922869e+00 1.921633e+00 1.919648e+00 1.916912e+00 1.913424e+00 1.909180e+00 1.904177e+00 1.898410e+00 1.891874e+00 1.884563e+00 1.876471e+00 1.867591e+00 1.857915e+00 1.847435e+00 1.836141e+00 1.824023e+00 1.811071e+00 1.797274e+00 1.782619e+00 1.767094e+00 1.750684e+00 1.733376e+00 1.715154e+00 1.696002e+00 1.675904e+00 1.654842e+00 1.632797e+00 1.609750e+00 1.585681e+00 1.560568e+00 1.534390e+00 1.507124e+00 1.478746e+00 1.449230e+00 1.418552e+00 1.386683e+00 1.353596e+00 1.316570e+00
3.651847e+00 3.651848e+00 3.651549e+00 3.650949e+00 3.650047e+00 3.648843e+00 3.647334e+00 3.645518e+00 3.643392e+00 3.640954e+00 3.638199e+00 3.635123e+00 3.631722e+00 3.627991e+00 3.623923e+00 3.619513e+00 3.614755e+00 3.609640e+00 3.604161e+00 3.598311e+00 3.592080e+00 3.585458e+00 3.578437e+00 3.571004e+00 3.563150e+00 3.554861e+00 3.546127e+00 3.536933e+00 3.527265e+00 3.517110e+00 3.506451e+00 3.495274e+00 3.483560e+00 3.471292e+00 3.458452e+00 3.445020e+00 3.430976e+00 3.416300e+00 3.400968e+00 3.384958e+00 3.368245e+00 3.350805e+00 3.332611e+00 3.313636e+00 3.293850e+00 3.273225e+00 3.251730e+00 3.229330e+00 3.205994e+00 3.181686e+00 3.156369e+00 3.130005e+00 3.102554e+00 3.073975e+00 3.044224e+00 3.013258e+00 2.981029e+00 2.947489e+00 2.912587e+00 2.876271e+00 2.838485e+00 2.799173e+00 2.758276e+00 2.715731e+00 2.671476e+00 2.625443e+00 2.577562e+00 2.529146e+00
2.480090e+00 2.492158e+00 2.497615e+00 2.502496e+00 2.506802e+00 2.510538e+00 2.513704e+00 2.516304e+00 2.518338e+00 2.519808e+00 2.520716e+00 2.521061e+00 2.520843e+00 2.520063e+00 2.518721e+00 2.516814e+00 2.514343e+00 2.511305e+00 2.507699e+00 2.503522e+00 2.498772e+00 2.493446e+00 2.487540e+00 2.481050e+00 2.473974e+00 2.466305e+00 2.458040e+00 2.449173e+00 2.439699e+00 2.429611e+00 2.418903e+00 2.407569e+00 2.395602e+00 2.382994e+00 2.369736e+00 2.355821e+00 2.341240e+00 2.325984e+00 2.310044e+00 2.293408e+00 2.276067e+00 2.258010e+00 2.239226e+00 2.219702e+00 2.199427e+00 2.178387e+00 2.156570e+00 2.133962e+00 2.110548e+00 2.086314e+00 2.061245e+00 2.035325e+00 2.008538e+00 1.980866e+00 1.952293e+00 1.922800e+00 1.892370e+00 1.860982e+00 1.828617e+00 1.795255e+00 1.760875e+00 1.725456e+00 1.688974e+00 1.651407e+00 1.612732e+00 1.572924e+00 1.531959e+00 1.471532e+00
1.606125e+00 1.626935e+00 1.645895e+00 1.664057e+00 1.681443e+00 1.698070e+00 1.713956e+00 1.729119e+00 1.743576e+00 1.757340e+00 1.770429e+00 1.782855e+00 1.794633e+00 1.805775e+00 1.816292e+00 1.826197e+00 1.835501e+00 1.844212e+00 1.852341e+00 1.859897e+00 1.866887e+00 1.873320e+00 1.879201e+00 1.884539e+00 1.889337e+00 1.893602e+00 1.897338e+00 1.900550e+00 1.903240e+00 1.905411e+00 1.907067e+00 1.908208e+00 1.908836e+00 1.908952e+00 1.908555e+00 1.907646e+00 1.906223e+00 1.904285e+00 1.901830e+00 1.898854e+00 1.895356e+00 1.891330e+00 1.886773e+00 1.881680e+00 1.876045e+00 1.869862e+00 1.863125e+00 1.855826e+00 1.847957e+00 1.839510e+00 1.830475e+00 1.820843e+00 1.810603e+00 1.799745e+00 1.788257e+00 1.776125e+00 1.763337e+00 1.749880e+00 1.735738e+00 1.720896e+00 1.705339e+00 1.689048e+00 1.672008e+00 1.654199e+00 1.635602e+00 1.616196e+00 1.595962e+00 1.574951e+00
1.506144e+00 1.505592e+00 1.504673e+00 1.503778e+00 1.502902e+00 1.502045e+00 1.501205e+00 1.500378e+00 1.499563e+00 1.498758e+00 1.497961e+00 1.497170e+00 1.496382e+00 1.495597e+00 1.494811e+00 1.494022e+00 1.493230e+00 1.492431e+00 1.491625e+00 1.490807e+00 1.489978e+00 1.489134e+00 1.488274e+00 1.487394e+00 1.486494e+00 1.485570e+00 1.484621e+00 1.483643e+00 1.482636e+00 1.481595e+00 1.480518e+00 1.479403e+00 1.478246e+00 1.477045e+00 1.475797e+00 1.474499e+00 1.473146e+00 1.471737e+00 1.470267e+00 1.468732e+00 1.467129e+00 1.465454e+00 1.463702e+00 1.461868e+00 1.459949e+00 1.457940e+00 1.455834e+00 1.453627e+00 1.451314e+00 1.448888e+00 1.446344e+00 1.443674e+00 1.440872e+00 1.437931e+00 1.434844e+00 1.431602e+00 1.428198e+00 1.424622e+00 1.420867e+00 1.416921e+00 1.412775e+00 1.408419e+00 1.403842e+00 1.399032e+00 1.393976e+00 1.388663e+00 1.383078e+00 1.379599e+00
1.619799e+00 1.650825e+00 1.699419e+00 1.743399e+00 1.783197e+00 1.819207e+00 1.851783e+00 1.881247e+00 1.907889e+00 1.931972e+00 1.953734e+00 1.973388e+00 1.991129e+00 2.007132e+00 2.021554e+00 2.034539e+00 2.046212e+00 2.056691e+00 2.066078e+00 2.074465e+00 2.081936e+00 2.088564e+00 2.094415e+00 2.099546e+00 2.104007e+00 2.107843e+00 2.111092e+00 2.113785e+00 2.115949e+00 2.117606e+00 2.118772e+00 2.119458e+00 2.119671e+00 2.119413e+00 2.118682e+00 2.117470e+00 2.115766e+00 2.113553e+00 2.110808e+00 2.107505e+00 2.103611e+00 2.099088e+00 2.093892e+00 2.087970e+00 2.081265e+00 2.073710e+00 2.065231e+00 2.055745e+00 2.045158e+00 2.033365e+00 2.020250e+00 2.005684e+00 1.989523e+00 1.971608e+00 1.951762e+00 1.929790e+00 1.905475e+00 1.878576e+00 1.848830e+00 1.815942e+00 1.779589e+00 1.739411e+00 1.695013e+00 1.645957e+00 1.591759e+00 1.531885e+00 1.465744e+00 1.422045e+00
1.653222e+00 1.628588e+00 1.613647e+00 1.599291e+00 1.585493e+00 1.572225e+00 1.559463e+00 1.547181e+00 1.535357e+00 1.523968e+00 1.512992e+00 1.502407e+00 1.492193e+00 1.482332e+00 1.472803e+00 1.463589e+00 1.454672e+00 1.446034e+00 1.437660e+00 1.429533e+00 1.421638e+00 1.413959e+00 1.406481e+00 1.399191e+00 1.392075e+00 1.385118e+00 1.378307e+00 1.371630e+00 1.365073e+00 1.358624e+00 1.352270e+00 1.346000e+00 1.339801e+00 1.333661e+00 1.327569e+00 1.321513e+00 1.315481e+00 1.309462e+00 1.303444e+00 1.297416e+00 1.291365e+00 1.285281e+00 1.279152e+00 1.272966e+00 1.266711e+00 1.260375e+00 1.253946e+00 1.247411e+00 1.240759e+00 1.233976e+00 1.227049e+00 1.219966e+00 1.212711e+00 1.205272e+00 1.197635e+00 1.189784e+00 1.181704e+00 1.173380e+00 1.164797e+00 1.155936e+00 1.146783e+00 1.137318e+00 1.127524e+00 1.117383e+00 1.106873e+00 1.095976e+00 1.084671e+00 1.074930e+00
2.092240e+00 2.107309e+00 2.120728e+00 2.133459e+00 2.145517e+00 2.156913e+00 2.167659e+00 2.177766e+00 2.187244e+00 2.196104e+00 2.204353e+00 2.212001e+00 2.219055e+00 2.225523e+00 2.231412e+00 2.236726e+00 2.241472e+00 2.245654e+00 2.249278e+00 2.252345e+00 2.254861e+00 2.256826e+00 2.258244e+00 2.259116e+00 2.259442e+00 2.259223e+00 2.258459e+00 2.257148e+00 2.255290e+00 2.252883e+00 2.249924e+00 2.246410e+00 2.242338e+00 2.237703e+00 2.232501e+00 2.226726e+00 2.220372e+00 2.213434e+00 2.205903e+00 2.197772e+00 2.189034e+00 2.179678e+00 2.169695e+00 2.159075e+00 2.147808e+00 2.135881e+00 2.123283e+00 2.110000e+00 2.096020e+00 2.081327e+00 2.065906e+00 2.049743e+00 2.032820e+00 2.015119e+00 1.996624e+00 1.977315e+00 1.957172e+00 1.936174e+00 1.914301e+00 1.891530e+00 1.867836e+00 1.843197e+00 1.817588e+00 1.790980e+00 1.763349e+00 1.734664e+00 1.704898e+00 1.667435e+00
5.496079e+00 5.431007e+00 5.411143e+00 5.391749e+00 5.372818e+00 5.354343e+00 5.336314e+00 5.318726e+00 5.301571e+00 5.284842e+00 5.268531e+00 5.252632e+00 5.237139e+00 5.222045e+00 5.207343e+00 5.193029e+00 5.179095e+00 5.165536e+00 5.152347e+00 5.139523e+00 5.127056e+00 5.114944e+00 5.103180e+00 5.091760e+00 5.080679e+00 5.069932e+00 5.059515e+00 5.049424e+00 5.039655e+00 5.030203e+00 5.021065e+00 5.012237e+00 5.003715e+00 4.995495e+00 4.987575e+00 4.979951e+00 4.972620e+00 4.965579e+00 4.958824e+00 4.952354e+00 4.946165e+00 4.940255e+00 4.934622e+00 4.929263e+00 4.924175e+00 4.919358e+00 4.914808e+00 4.910525e+00 4.906505e+00 4.902748e+00 4.899252e+00 4.896016e+00 4.893038e+00 4.890317e+00 4.887852e+00 4.885641e+00 4.883685e+00 4.881981e+00 4.880530e+00 4.879331e+00 4.878383e+00 4.877686e+00 4.877240e+00 4.877044e+00 4.877099e+00 4.877404e+00 4.877959e+00 4.879107e+00
2.023409e+00 2.025734e+00 2.027595e+00 2.029309e+00 2.030877e+00 2.032299e+00 2.033577e+00 2.034712e+00 2.035704e+00 2.036554e+00 2.037263e+00 2.037831e+00 2.038259e+00 2.038546e+00 2.038694e+00 2.038701e+00 2.038568e+00 2.038296e+00 2.037883e+00 2.037330e+00 2.036636e+00 2.035800e+00 2.034823e+00 2.033703e+00 2.032440e+00 2.031033e+00 2.029481e+00 2.027783e+00 2.025937e+00 2.023943e+00 2.021799e+00 2.019504e+00 2.017056e+00 2.014454e+00 2.011695e+00 2.008779e+00 2.005703e+00 2.002464e+00 1.999061e+00 1.995492e+00 1.991754e+00 1.987845e+00 1.983761e+00 1.979501e+00 1.975062e+00 1.970439e+00 1.965631e+00 1.960635e+00 1.955446e+00 1.950061e+00 1.944477e+00 1.938690e+00 1.932696e+00 1.926491e+00 1.920071e+00 1.913432e+00 1.906569e+00 1.899477e+00 1.892152e+00 1.884589e+00 1.876783e+00 1.868728e+00 1.860420e+00 1.851853e+00 1.843020e+00 1.833916e+00 1.824535e+00 1.815000e+00
1.838951e+00 1.823299e+00 1.809752e+00 1.796782e+00 1.784381e+00 1.772542e+00 1.761257e+00 1.750520e+00 1.740325e+00 1.730666e+00 1.721537e+00 1.712932e+00 1.704847e+00 1.697277e+00 1.690217e+00 1.683663e+00 1.677612e+00 1.672059e+00 1.667001e+00 1.662437e+00 1.658361e+00 1.654774e+00 1.651671e+00 1.649052e+00 1.646915e+00 1.645258e+00 1.644081e+00 1.643383e+00 1.643163e+00 1.643422e+00 1.644160e+00 1.645376e+00 1.647072e+00 1.649249e+00 1.651908e+00 1.655050e+00 1.658678e+00 1.662793e+00 1.667398e+00 1.672496e+00 1.678089e+00 1.684182e+00 1.690777e+00 1.697879e+00 1.705491e+00 1.713619e+00 1.722266e+00 1.731439e+00 1.741142e+00 1.751381e+00 1.762162e+00 1.773492e+00 1.785378e+00 1.797825e+00 1.810843e+00 1.824437e+00 1.838617e+00 1.853391e+00 1.868767e+00 1.884754e+00 1.901363e+00 1.918602e+00 1.936482e+00 1.955014e+00 1.974208e+00 1.994075e+00 2.014628e+00 2.028556e+00
2.539092e+00 2.598330e+00 2.666179e+00 2.732302e+00 2.796727e+00 2.859481e+00 2.920592e+00 2.980085e+00 3.037986e+00 3.094320e+00 3.149111e+00 3.202382e+00 3.254156e+00 3.304455e+00 3.353301e+00 3.400714e+00 3.446716e+00 3.491325e+00 3.534561e+00 3.576442e+00 3.616987e+00 3.656211e+00 3.694134e+00 3.730769e+00 3.766134e+00 3.800243e+00 3.833111e+00 3.864753e+00 3.895180e+00 3.924408e+00 3.952447e+00 3.979310e+00 4.005009e+00 4.029555e+00 4.052957e+00 4.075227e+00 4.096373e+00 4.116405e+00 4.135332e+00 4.153160e+00 4.169899e+00 4.185554e+00 4.200134e+00 4.213643e+00 4.226089e+00 4.237476e+00 4.247808e+00 4.257091e+00 4.265329e+00 4.272525e+00 4.278681e+00 4.283802e+00 4.287888e+00 4.290942e+00 4.292965e+00 4.293957e+00 4.293920e+00 4.292853e+00 4.290756e+00 4.287627e+00 4.283467e+00 4.278272e+00 4.272040e+00 4.264769e+00 4.256456e+00 4.247097e+00 4.236689e+00 4.226258e+00
1.255676e+00 1.255064e+00 1.254252e+00 1.253552e+00 1.252962e+00 1.252479e+00 1.252101e+00 1.251827e+00 1.251654e+00 1.251582e+00 1.251610e+00 1.251740e+00 1.251970e+00 1.252304e+00 1.252741e+00 1.253284e+00 1.253936e+00 1.254700e+00 1.255579e+00 1.256577e+00 1.257700e+00 1.258951e+00 1.260338e+00 1.261866e+00 1.263543e+00 1.265377e+00 1.267377e+00 1.269550e+00 1.271909e+00 1.274463e+00 1.277225e+00 1.280208e+00 1.283426e+00 1.286893e+00 1.290627e+00 1.294644e+00 1.298963e+00 1.303604e+00 1.308591e+00 1.313944e+00 1.319690e+00 1.325856e+00 1.332471e+00 1.339565e+00 1.347171e+00 1.355326e+00 1.364067e+00 1.373436e+00 1.383476e+00 1.394234e+00 1.405761e+00 1.418111e+00 1.431341e+00 1.445514e+00 1.460696e+00 1.476957e+00 1.494375e+00 1.513030e+00 1.533010e+00 1.554409e+00 1.577327e+00 1.601870e+00 1.628155e+00 1.656304e+00 1.686449e+00 1.718731e+00 1.753302e+00 1.780155e+00
2.707492e+00 2.620784e+00 2.538016e+00 2.459418e+00 2.384770e+00 2.313868e+00 2.246513e+00 2.182519e+00 2.121709e+00 2.063913e+00 2.008972e+00 1.956734e+00 1.907052e+00 1.859790e+00 1.814816e+00 1.772005e+00 1.731240e+00 1.692406e+00 1.655396e+00 1.620108e+00 1.586443e+00 1.554308e+00 1.523615e+00 1.494277e+00 1.466214e+00 1.439347e+00 1.413603e+00 1.388909e+00 1.365198e+00 1.342403e+00 1.320461e+00 1.299312e+00 1.278896e+00 1.259158e+00 1.240042e+00 1.221495e+00 1.203466e+00 1.185905e+00 1.168763e+00 1.151993e+00 1.135548e+00 1.119382e+00 1.103452e+00 1.087711e+00 1.072118e+00 1.056628e+00 1.041198e+00 1.025787e+00 1.010350e+00 9.948458e-01 9.792307e-01 9.634616e-01 9.474946e-01 9.312856e-01 9.147895e-01 8.979606e-01 8.807522e-01 8.631166e-01 8.450048e-01 8.263667e-01 8.071505e-01 7.873030e-01 7.667690e-01 7.454917e-01 7.234119e-01 7.004685e-01 6.765979e-01 6.611916e-01
9.666909e-01 9.389359e-01 8.944057e-01 8.542193e-01 8.179526e-01 7.852228e-01 7.556843e-01 7.290255e-01 7.049648e-01 6.832483e-01 6.636468e-01 6.459533e-01 6.299812e-01 6.155617e-01 6.025428e-01 5.907869e-01 5.801700e-01 5.705799e-01 5.619156e-01 5.540855e-01 5.470070e-01 5.406053e-01 5.348129e-01 5.295686e-01 5.248171e-01 5.205082e-01 5.165964e-01 5.130405e-01 5.098029e-01 5.068494e-01 5.041489e-01 5.016729e-01 4.993951e-01 4.972917e-01 4.953403e-01 4.935204e-01 4.918127e-01 4.901993e-01 4.886631e-01 4.871878e-01 4.857580e-01 4.843585e-01 4.829746e-01 4.815916e-01 4.801949e-01 4.787699e-01 4.773014e-01 4.757740e-01 4.741715e-01 4.724770e-01 4.706727e-01 4.687394e-01 4.666569e-01 4.644030e-01 4.619540e-01 4.592841e-01 4.563651e-01 4.531661e-01 4.496535e-01 4.457900e-01 4.415350e-01 4.368435e-01 4.316660e-01 4.259478e-01 4.196287e-01 4.126418e-01 4.049134e-01 3.993796e-01
5.770698e-01 5.828901e-01 5.886504e-01 5.945971e-01 6.007334e-01 6.070628e-01 6.135886e-01 6.203145e-01 6.272441e-01 6.343812e-01 6.417297e-01 6.492936e-01 6.570771e-01 6.650844e-01 6.733199e-01 6.817880e-01 6.904935e-01 6.994411e-01 7.086356e-01 7.180822e-01 7.277859e-01 7.377520e-01 7.479861e-01 7.584937e-01 7.692806e-01 7.803526e-01 7.917158e-01 8.033764e-01 8.153408e-01 8.276155e-01 8.402073e-01 8.531230e-01 8.663697e-01 8.799546e-01 8.938852e-01 9.081690e-01 9.228139e-01 9.378279e-01 9.532192e-01 9.689962e-01 9.851676e-01 1.001742e+00 1.018729e+00 1.036137e+00 1.053976e+00 1.072256e+00 1.090987e+00 1.110179e+00 1.129843e+00 1.149988e+00 1.170627e+00 1.191771e+00 1.213430e+00 1.235618e+00 1.258345e+00 1.281626e+00 1.305471e+00 1.329895e+00 1.354910e+00 1.380531e+00 1.406771e+00 1.433644e+00 1.461166e+00 1.489351e+00 1.518215e+00 1.547774e+00 1.578044e+00 1.677174e+00
6.919675e-01 6.962302e-01 7.013855e-01 7.064383e-01 7.113992e-01 7.162786e-01 7.210865e-01 7.258330e-01 7.305280e-01 7.351814e-01 7.398027e-01 7.444017e-01 7.489879e-01 7.535709e-01 7.581603e-01 7.627656e-01 7.673964e-01 7.720624e-01 7.767734e-01 7.815390e-01 7.863694e-01 7.912744e-01 7.962645e-01 8.013500e-01 8.065414e-01 8.118496e-01 8.172858e-01 8.228611e-01 8.285873e-01 8.344763e-01 8.405403e-01 8.467920e-01 8.532445e-01 8.599112e-01 8.668060e-01 8.739433e-01 8.813379e-01 8.890054e-01 8.969616e-01 9.052231e-01 9.138073e-01 9.227319e-01 9.320157e-01 9.416779e-01 9.517387e-01 9.622191e-01 9.731410e-01 9.845271e-01 9.964011e-01 1.008788e+00 1.021713e+00 1.035204e+00 1.049289e+00 1.063996e+00 1.079357e+00 1.095404e+00 1.112170e+00 1.129690e+00 1.148001e+00 1.167141e+00 1.187149e+00 1.208068e+00 1.229941e+00 1.252814e+00 1.276734e+00 1.301752e+00 1.327919e+00 1.355671e+00
1.562914e+00 1.571330e+00 1.578275e+00 1.584947e+00 1.591351e+00 1.597493e+00 1.603378e+00 1.609012e+00 1.614399e+00 1.619544e+00 1.624451e+00 1.629125e+00 1.633570e+00 1.637790e+00 1.641788e+00 1.645568e+00 1.649133e+00 1.652487e+00 1.655631e+00 1.658570e+00 1.661305e+00 1.663839e+00 1.666174e+00 1.668312e+00 1.670255e+00 1.672005e+00 1.673563e+00 1.674930e+00 1.676108e+00 1.677099e+00 1.677901e+00 1.678517e+00 1.678947e+00 1.679191e+00 1.679250e+00 1.679123e+00 1.678811e+00 1.678312e+00 1.677628e+00 1.676756e+00 1.675697e+00 1.674449e+00 1.673011e+00 1.671383e+00 1.669562e+00 1.667548e+00 1.665337e+00 1.662929e+00 1.660322e+00 1.657512e+00 1.654498e+00 1.651277e+00 1.647846e+00 1.644202e+00 1.640342e+00 1.636263e+00 1.631961e+00 1.627432e+00 1.622672e+00 1.617678e+00 1.612444e+00 1.606967e+00 1.601242e+00 1.595263e+00 1.589025e+00 1.582523e+00 1.575751e+00 1.567432e+00
3.961918e+00 4.099525e+00 4.200902e+00 4.298494e+00 4.392326e+00 4.482420e+00 4.568798e+00 4.651480e+00 4.730486e+00 4.805835e+00 4.877545e+00 4.945634e+00 5.010118e+00 5.071012e+00 5.128331e+00 5.182089e+00 5.232299e+00 5.278972e+00 5.322120e+00 5.361754e+00 5.397882e+00 5.430514e+00 5.459657e+00 5.485319e+00 5.507505e+00 5.526221e+00 5.541471e+00 5.553260e+00 5.561589e+00 5.566461e+00 5.567877e+00 5.565838e+00 5.560342e+00 5.551389e+00 5.538976e+00 5.523101e+00 5.503759e+00 5.480947e+00 5.454657e+00 5.424885e+00 5.391623e+00 5.354863e+00 5.314596e+00 5.270813e+00 5.223503e+00 5.172654e+00 5.118255e+00 5.060292e+00 4.998751e+00 4.933618e+00 4.864877e+00 4.792512e+00 4.716504e+00 4.636837e+00 4.553490e+00 4.466443e+00 4.375677e+00 4.281168e+00 4.182894e+00 4.080832e+00 3.974958e+00 3.865244e+00 3.751666e+00 3.634196e+00 3.512806e+00 3.387466e+00 3.258147e+00 3.153391e+00
8.951656e-01 9.477844e-01 1.013254e+00 1.075072e+00 1.133426e+00 1.188495e+00 1.240447e+00 1.289442e+00 1.335628e+00 1.379146e+00 1.420131e+00 1.458706e+00 1.494990e+00 1.529093e+00 1.561120e+00 1.591169e+00 1.619331e+00 1.645692e+00 1.670333e+00 1.693330e+00 1.714751e+00 1.734664e+00 1.753129e+00 1.770201e+00 1.785934e+00 1.800375e+00 1.813569e+00 1.825555e+00 1.836371e+00 1.846049e+00 1.854619e+00 1.862107e+00 1.868536e+00 1.873926e+00 1.878293e+00 1.881651e+00 1.884009e+00 1.885376e+00 1.885754e+00 1.885145e+00 1.883548e+00 1.880958e+00 1.877366e+00 1.872762e+00 1.867131e+00 1.860457e+00 1.852719e+00 1.843893e+00 1.833952e+00 1.822867e+00 1.810603e+00 1.797122e+00 1.782384e+00 1.766343e+00 1.748951e+00 1.730154e+00 1.709895e+00 1.688112e+00 1.664739e+00 1.639704e+00 1.612930e+00 1.584336e+00 1.553835e+00 1.521333e+00 1.486731e+00 1.449923e+00 1.410797e+00 1.379897e+00
2.202578e+00 2.215018e+00 2.226720e+00 2.237957e+00 2.248731e+00 2.259047e+00 2.268907e+00 2.278314e+00 2.287272e+00 2.295782e+00 2.303848e+00 2.311472e+00 2.318656e+00 2.325403e+00 2.331714e+00 2.337592e+00 2.343038e+00 2.348054e+00 2.352641e+00 2.356801e+00 2.360536e+00 2.363845e+00 2.366731e+00 2.369194e+00 2.371235e+00 2.372855e+00 2.374053e+00 2.374831e+00 2.375189e+00 2.375126e+00 2.374643e+00 2.373740e+00 2.372416e+00 2.370670e+00 2.368504e+00 2.365914e+00 2.362902e+00 2.359466e+00 2.355605e+00 2.351317e+00 2.346602e+00 2.341458e+00 2.335883e+00 2.329876e+00 2.323435e+00 2.316558e+00 2.309243e+00 2.301488e+00 2.293290e+00 2.284646e+00 2.275555e+00 2.266013e+00 2.256017e+00 2.245565e+00 2.234653e+00 2.223278e+00 2.211436e+00 2.199124e+00 2.186339e+00 2.173075e+00 2.159329e+00 2.145098e+00 2.130376e+00 2.115159e+00 2.099442e+00 2.083221e+00 2.066491e+00 2.048137e+00
7.805450e-01 8.391388e-01 9.353845e-01 1.026708e+00 1.113327e+00 1.195449e+00 1.273272e+00 1.346981e+00 1.416754e+00 1.482756e+00 1.545147e+00 1.604076e+00 1.659683e+00 1.712102e+00 1.761459e+00 1.807872e+00 1.851452e+00 1.892302e+00 1.930522e+00 1.966203e+00 1.999430e+00 2.030282e+00 2.058834e+00 2.085154e+00 2.109305e+00 2.131345e+00 2.151327e+00 2.169298e+00 2.185301e+00 2.199375e+00 2.211554e+00 2.221867e+00 2.230338e+00 2.236988e+00 2.241832e+00 2.244883e+00 2.246147e+00 2.245628e+00 2.243324e+00 2.239230e+00 2.233336e+00 2.225627e+00 2.216087e+00 2.204690e+00 2.191411e+00 2.176218e+00 2.159074e+00 2.139937e+00 2.118763e+00 2.095501e+00 2.070094e+00 2.042482e+00 2.012599e+00 1.980373e+00 1.945727e+00 1.908578e+00 1.868838e+00 1.826410e+00 1.781194e+00 1.733080e+00 1.681955e+00 1.627695e+00 1.570170e+00 1.509242e+00 1.444767e+00 1.376589e+00 1.304544e+00 1.260490e+00
2.704923e+00 2.680408e+00 2.668450e+00 2.656922e+00 2.645815e+00 2.635121e+00 2.624832e+00 2.614940e+00 2.605437e+00 2.596317e+00 2.587572e+00 2.579196e+00 2.571182e+00 2.563525e+00 2.556219e+00 2.549258e+00 2.542637e+00 2.536350e+00 2.530394e+00 2.524764e+00 2.519455e+00 2.514464e+00 2.509786e+00 2.505418e+00 2.501357e+00 2.497600e+00 2.494144e+00 2.490986e+00 2.488125e+00 2.485557e+00 2.483281e+00 2.481295e+00 2.479597e+00 2.478187e+00 2.477064e+00 2.476225e+00 2.475672e+00 2.475403e+00 2.475418e+00 2.475718e+00 2.476301e+00 2.477170e+00 2.478324e+00 2.479765e+00 2.481493e+00 2.483510e+00 2.485817e+00 2.488417e+00 2.491310e+00 2.494499e+00 2.497987e+00 2.501777e+00 2.505870e+00 2.510271e+00 2.514982e+00 2.520007e+00 2.525350e+00 2.531015e+00 2.537007e+00 2.543328e+00 2.549986e+00 2.556984e+00 2.564327e+00 2.572022e+00 2.580074e+00 2.588489e+00 2.597274e+00 2.608464e+00
2.940720e+00 2.845463e+00 2.808798e+00 2.773438e+00 2.739346e+00 2.706484e+00 2.674815e+00 2.644304e+00 2.614918e+00 2.586625e+00 2.559392e+00 2.533190e+00 2.507990e+00 2.483765e+00 2.460487e+00 2.438130e+00 2.416671e+00 2.396085e+00 2.376350e+00 2.357443e+00 2.339345e+00 2.322034e+00 2.305492e+00 2.289701e+00 2.274644e+00 2.260302e+00 2.246662e+00 2.233707e+00 2.221423e+00 2.209797e+00 2.198817e+00 2.188469e+00 2.178742e+00 2.169626e+00 2.161111e+00 2.153187e+00 2.145845e+00 2.139078e+00 2.132878e+00 2.127237e+00 2.122151e+00 2.117613e+00 2.113617e+00 2.110161e+00 2.107239e+00 2.104850e+00 2.102989e+00 2.101656e+00 2.100847e+00 2.100564e+00 2.100805e+00 2.101571e+00 2.102862e+00 2.104680e+00 2.107027e+00 2.109905e+00 2.113318e+00 2.117269e+00 2.121764e+00 2.126806e+00 2.132401e+00 2.138556e+00 2.145277e+00 2.152572e+00 2.160449e+00 2.168916e+00 2.177983e+00 2.187499e+00
2.275046e+00 2.286064e+00 2.303645e+00 2.320249e+00 2.335895e+00 2.350599e+00 2.364380e+00 2.377251e+00 2.389228e+00 2.400323e+00 2.410549e+00 2.419918e+00 2.428440e+00 2.436124e+00 2.442980e+00 2.449014e+00 2.454234e+00 2.458644e+00 2.462251e+00 2.465059e+00 2.467069e+00 2.468286e+00 2.468709e+00 2.468339e+00 2.467177e+00 2.465220e+00 2.462467e+00 2.458915e+00 2.454558e+00 2.449394e+00 2.443415e+00 2.436616e+00 2.428988e+00 2.420523e+00 2.411212e+00 2.401045e+00 2.390009e+00 2.378092e+00 2.365282e+00 2.351564e+00 2.336922e+00 2.321341e+00 2.304803e+00 2.287289e+00 2.268780e+00 2.249256e+00 2.228693e+00 2.207071e+00 2.184363e+00 2.160546e+00 2.135592e+00 2.109473e+00 2.082161e+00 2.053625e+00 2.023833e+00 1.992752e+00 1.960346e+00 1.926581e+00 1.891418e+00 1.854818e+00 1.816740e+00 1.777141e+00 1.735978e+00 1.693204e+00 1.648772e+00 1.602632e+00 1.554733e+00 1.500571e+00
6.134622e-01 6.299174e-01 6.489227e-01 6.664381e-01 6.825812e-01 6.974603e-01 7.111750e-01 7.238175e-01 7.354724e-01 7.462180e-01 7.561263e-01 7.652638e-01 7.736917e-01 7.814666e-01 7.886407e-01 7.952619e-01 8.013748e-01 8.070204e-01 8.122364e-01 8.170579e-01 8.215173e-01 8.256443e-01 8.294668e-01 8.330103e-01 8.362986e-01 8.393538e-01 8.421963e-01 8.448452e-01 8.473183e-01 8.496322e-01 8.518023e-01 8.538433e-01 8.557688e-01 8.575918e-01 8.593244e-01 8.609783e-01 8.625645e-01 8.640938e-01 8.655764e-01 8.670221e-01 8.684408e-01 8.698419e-01 8.712348e-01 8.726289e-01 8.740335e-01 8.754580e-01 8.769120e-01 8.784053e-01 8.799478e-01 8.815499e-01 8.832224e-01 8.849764e-01 8.868237e-01 8.887767e-01 8.908486e-01 8.930532e-01 8.954052e-01 8.979205e-01 9.006160e-01 9.035096e-01 9.066209e-01 9.099707e-01 9.135814e-01 9.174773e-01 9.216844e-01 9.262311e-01 9.311478e-01 9.342787e-01
2.691044e+00 2.661492e+00 2.635537e+00 2.610668e+00 2.586843e+00 2.564020e+00 2.542157e+00 2.521218e+00 2.501165e+00 2.481963e+00 2.463579e+00 2.445979e+00 2.429133e+00 2.413012e+00 2.397588e+00 2.382832e+00 2.368719e+00 2.355225e+00 2.342326e+00 2.329999e+00 2.318222e+00 2.306975e+00 2.296238e+00 2.285992e+00 2.276219e+00 2.266903e+00 2.258026e+00 2.249572e+00 2.241529e+00 2.233880e+00 2.226613e+00 2.219714e+00 2.213173e+00 2.206977e+00 2.201115e+00 2.195577e+00 2.190354e+00 2.185436e+00 2.180814e+00 2.176481e+00 2.172429e+00 2.168651e+00 2.165139e+00 2.161889e+00 2.158894e+00 2.156149e+00 2.153648e+00 2.151389e+00 2.149367e+00 2.147577e+00 2.146018e+00 2.144686e+00 2.143579e+00 2.142695e+00 2.142033e+00 2.141591e+00 2.141369e+00 2.141366e+00 2.141582e+00 2.142017e+00 2.142673e+00 2.143551e+00 2.144651e+00 2.145977e+00 2.147529e+00 2.149312e+00 2.151328e+00 2.156017e+00
1.418435e+00 1.395287e+00 1.365750e+00 1.337925e+00 1.311738e+00 1.287119e+00 1.264002e+00 1.242324e+00 1.222028e+00 1.203060e+00 1.185368e+00 1.168906e+00 1.153629e+00 1.139496e+00 1.126469e+00 1.114514e+00 1.103598e+00 1.093692e+00 1.084770e+00 1.076808e+00 1.069784e+00 1.063680e+00 1.058479e+00 1.054167e+00 1.050733e+00 1.048168e+00 1.046465e+00 1.045618e+00 1.045627e+00 1.046490e+00 1.048211e+00 1.050793e+00 1.054244e+00 1.058574e+00 1.063792e+00 1.069915e+00 1.076957e+00 1.084938e+00 1.093879e+00 1.103805e+00 1.114741e+00 1.126717e+00 1.139766e+00 1.153921e+00 1.169222e+00 1.185708e+00 1.203425e+00 1.222419e+00 1.242742e+00 1.264447e+00 1.287594e+00 1.312244e+00 1.338462e+00 1.366321e+00 1.395893e+00 1.427258e+00 1.460500e+00 1.495709e+00 1.532979e+00 1.572408e+00 1.614104e+00 1.658177e+00 1.704746e+00 1.753936e+00 1.805878e+00 1.860711e+00 1.918583e+00 1.963083e+00
3.322970e+00 3.392376e+00 3.462895e+00 3.530615e+00 3.595572e+00 3.657798e+00 3.717325e+00 3.774183e+00 3.828400e+00 3.880005e+00 3.929022e+00 3.975477e+00 4.019394e+00 4.060795e+00 4.099700e+00 4.136130e+00 4.170102e+00 4.201634e+00 4.230742e+00 4.257441e+00 4.281744e+00 4.303663e+00 4.323210e+00 4.340394e+00 4.355225e+00 4.367709e+00 4.377853e+00 4.385662e+00 4.391140e+00 4.394290e+00 4.395113e+00 4.393610e+00 4.389780e+00 4.383621e+00 4.375130e+00 4.364303e+00 4.351134e+00 4.335617e+00 4.317743e+00 4.297504e+00 4.274889e+00 4.249888e+00 4.222486e+00 4.192671e+00 4.160428e+00 4.125739e+00 4.088588e+00 4.048956e+00 4.006823e+00 3.962166e+00 3.914965e+00 3.865194e+00 3.812829e+00 3.757843e+00 3.700208e+00 3.639896e+00 3.576875e+00 3.511114e+00 3.442579e+00 3.371236e+00 3.297049e+00 3.219980e+00 3.139991e+00 3.057040e+00 2.971085e+00 2.882084e+00 2.789991e+00 2.724886e+00
2.912561e+00 2.983368e+00 3.062859e+00 3.139744e+00 3.214063e+00 3.285854e+00 3.355152e+00 3.421992e+00 3.486409e+00 3.548436e+00 3.608102e+00 3.665440e+00 3.720478e+00 3.773243e+00 3.823763e+00 3.872064e+00 3.918169e+00 3.962101e+00 4.003884e+00 4.043539e+00 4.081085e+00 4.116542e+00 4.149927e+00 4.181258e+00 4.210550e+00 4.237818e+00 4.263076e+00 4.286337e+00 4.307612e+00 4.326913e+00 4.344249e+00 4.359629e+00 4.373061e+00 4.384551e+00 4.394106e+00 4.401730e+00 4.407427e+00 4.411199e+00 4.413050e+00 4.412979e+00 4.410988e+00 4.407074e+00 4.401236e+00 4.393470e+00 4.383774e+00 4.372141e+00 4.358566e+00 4.343043e+00 4.325563e+00 4.306118e+00 4.284697e+00 4.261290e+00 4.235884e+00 4.208468e+00 4.179027e+00 4.147546e+00 4.114009e+00 4.078400e+00 4.040700e+00 4.000889e+00 3.958949e+00 3.914858e+00 3.868592e+00 3.820130e+00 3.769446e+00 3.716515e+00 3.661309e+00 3.610332e+00
1.038363e+00 1.077504e+00 1.126777e+00 1.174425e+00 1.220479e+00 1.264968e+00 1.307920e+00 1.349360e+00 1.389316e+00 1.427811e+00 1.464871e+00 1.500518e+00 1.534775e+00 1.567663e+00 1.599202e+00 1.629412e+00 1.658313e+00 1.685922e+00 1.712256e+00 1.737333e+00 1.761166e+00 1.783773e+00 1.805166e+00 1.825359e+00 1.844364e+00 1.862194e+00 1.878860e+00 1.894371e+00 1.908739e+00 1.921971e+00 1.934076e+00 1.945061e+00 1.954934e+00 1.963701e+00 1.971367e+00 1.977936e+00 1.983414e+00 1.987803e+00 1.991105e+00 1.993325e+00 1.994461e+00 1.994516e+00 1.993490e+00 1.991381e+00 1.988188e+00 1.983910e+00 1.978543e+00 1.972085e+00 1.964531e+00 1.955876e+00 1.946116e+00 1.935244e+00 1.923253e+00 1.910136e+00 1.895884e+00 1.880490e+00 1.863942e+00 1.846231e+00 1.827345e+00 1.807274e+00 1.786003e+00 1.763521e+00 1.739813e+00 1.714863e+00 1.688658e+00 1.661179e+00 1.632411e+00 1.607084e+00
2.880062e+00 2.892567e+00 2.903506e+00 2.914277e+00 2.924887e+00 2.935346e+00 2.945660e+00 2.955838e+00 2.965887e+00 2.975816e+00 2.985631e+00 2.995341e+00 3.004953e+00 3.014474e+00 3.023912e+00 3.033274e+00 3.042566e+00 3.051797e+00 3.060973e+00 3.070101e+00 3.079188e+00 3.088241e+00 3.097268e+00 3.106275e+00 3.115268e+00 3.124256e+00 3.133244e+00 3.142240e+00 3.151251e+00 3.160283e+00 3.169343e+00 3.178439e+00 3.187578e+00 3.196765e+00 3.206009e+00 3.215317e+00 3.224695e+00 3.234151e+00 3.243692e+00 3.253326e+00 3.263059e+00 3.272900e+00 3.282855e+00 3.292933e+00 3.303141e+00 3.313488e+00 3.323980e+00 3.334626e+00 3.345434e+00 3.356413e+00 3.367571e+00 3.378916e+00 3.390457e+00 3.402204e+00 3.414164e+00 3.426348e+00 3.438764e+00 3.451422e+00 3.464332e+00 3.477504e+00 3.490948e+00 3.504674e+00 3.518692e+00 3.533014e+00 3.547650e+00 3.562612e+00 3.577911e+00 3.596389e+00
1.370063e+00 1.378993e+00 1.389861e+00 1.400159e+00 1.409926e+00 1.419202e+00 1.428022e+00 1.436422e+00 1.444436e+00 1.452095e+00 1.459428e+00 1.466466e+00 1.473236e+00 1.479765e+00 1.486079e+00 1.492202e+00 1.498159e+00 1.503974e+00 1.509669e+00 1.515268e+00 1.520791e+00 1.526262e+00 1.531702e+00 1.537131e+00 1.542573e+00 1.548048e+00 1.553578e+00 1.559184e+00 1.564890e+00 1.570718e+00 1.576690e+00 1.582830e+00 1.589164e+00 1.595715e+00 1.602509e+00 1.609574e+00 1.616938e+00 1.624629e+00 1.632678e+00 1.641118e+00 1.649980e+00 1.659301e+00 1.669118e+00 1.679469e+00 1.690394e+00 1.701938e+00 1.714147e+00 1.727067e+00 1.740752e+00 1.755254e+00 1.770631e+00 1.786944e+00 1.804257e+00 1.822640e+00 1.842164e+00 1.862908e+00 1.884953e+00 1.908386e+00 1.933300e+00 1.959794e+00 1.987973e+00 2.017948e+00 2.049838e+00 2.083770e+00 2.119876e+00 2.158301e+00 2.199196e+00 2.225613e+00
2.596591e+00 2.564539e+00 2.555959e+00 2.547387e+00 2.538816e+00 2.530242e+00 2.521658e+00 2.513058e+00 2.504437e+00 2.495789e+00 2.487108e+00 2.478388e+00 2.469624e+00 2.460808e+00 2.451937e+00 2.443003e+00 2.434000e+00 2.424923e+00 2.415765e+00 2.406520e+00 2.397183e+00 2.387746e+00 2.378203e+00 2.368548e+00 2.358774e+00 2.348876e+00 2.338845e+00 2.328676e+00 2.318361e+00 2.307894e+00 2.297267e+00 2.286474e+00 2.275506e+00 2.264358e+00 2.253021e+00 2.241487e+00 2.229749e+00 2.217799e+00 2.205629e+00 2.193230e+00 2.180595e+00 2.167715e+00 2.154581e+00 2.141184e+00 2.127515e+00 2.113566e+00 2.099326e+00 2.084786e+00 2.069936e+00 2.054767e+00 2.039268e+00 2.023428e+00 2.007238e+00 1.990685e+00 1.973760e+00 1.956450e+00 1.938743e+00 1.920629e+00 1.902095e+00 1.883128e+00 1.863715e+00 1.843844e+00 1.823500e+00 1.802672e+00 1.781343e+00 1.759500e+00 1.737129e+00 1.691467e+00
1.019436e+00 9.971992e-01 9.906144e-01 9.845070e-01 9.788693e-01 9.736944e-01 9.689756e-01 9.647071e-01 9.608835e-01 9.575000e-01 9.545523e-01 9.520368e-01 9.499504e-01 9.482903e-01 9.470545e-01 9.462415e-01 9.458502e-01 9.458802e-01 9.463315e-01 9.472046e-01 9.485006e-01 9.502213e-01 9.523686e-01 9.549454e-01 9.579549e-01 9.614007e-01 9.652874e-01 9.696196e-01 9.744030e-01 9.796434e-01 9.853474e-01 9.915223e-01 9.981757e-01 1.005316e+00 1.012952e+00 1.021094e+00 1.029751e+00 1.038935e+00 1.048657e+00 1.058929e+00 1.069764e+00 1.081176e+00 1.093179e+00 1.105788e+00 1.119018e+00 1.132888e+00 1.147413e+00 1.162613e+00 1.178505e+00 1.195111e+00 1.212451e+00 1.230547e+00 1.249421e+00 1.269097e+00 1.289600e+00 1.310955e+00 1.333190e+00 1.356332e+00 1.380410e+00 1.405455e+00 1.431498e+00 1.458571e+00 1.486709e+00 1.515947e+00 1.546321e+00 1.577869e+00 1.610632e+00 1.661505e+00
1.447632e+00 1.567493e+00 1.767485e+00 1.956038e+00 2.133738e+00 2.301138e+00 2.458759e+00 2.607091e+00 2.746594e+00 2.877703e+00 3.000826e+00 3.116345e+00 3.224619e+00 3.325986e+00 3.420760e+00 3.509236e+00 3.591689e+00 3.668376e+00 3.739534e+00 3.805386e+00 3.866136e+00 3.921973e+00 3.973071e+00 4.019588e+00 4.061669e+00 4.099445e+00 4.133034e+00 4.162539e+00 4.188053e+00 4.209655e+00 4.227413e+00 4.241380e+00 4.251601e+00 4.258108e+00 4.260921e+00 4.260048e+00 4.255487e+00 4.247224e+00 4.235232e+00 4.219476e+00 4.199905e+00 4.176458e+00 4.149064e+00 4.117637e+00 4.082078e+00 4.042278e+00 3.998112e+00 3.949444e+00 3.896122e+00 3.837980e+00 3.774837e+00 3.706498e+00 3.632749e+00 3.553361e+00 3.468088e+00 3.376664e+00 3.278805e+00 3.174206e+00 3.062543e+00 2.943468e+00 2.816611e+00 2.681577e+00 2.537947e+00 2.385274e+00 2.223083e+00 2.050870e+00 1.868099e+00 1.731348e+00
1.438383e+00 1.466155e+00 1.507286e+00 1.546327e+00 1.583344e+00 1.618402e+00 1.651558e+00 1.682872e+00 1.712394e+00 1.740177e+00 1.766268e+00 1.790711e+00 1.813547e+00 1.834817e+00 1.854556e+00 1.872797e+00 1.889573e+00 1.904912e+00 1.918839e+00 1.931379e+00 1.942553e+00 1.952381e+00 1.960878e+00 1.968060e+00 1.973939e+00 1.978524e+00 1.981825e+00 1.983845e+00 1.984589e+00 1.984058e+00 1.982252e+00 1.979166e+00 1.974796e+00 1.969134e+00 1.962171e+00 1.953895e+00 1.944291e+00 1.933343e+00 1.921033e+00 1.907339e+00 1.892238e+00 1.875705e+00 1.857711e+00 1.838225e+00 1.817214e+00 1.794642e+00 1.770471e+00 1.744659e+00 1.717162e+00 1.687934e+00 1.656924e+00 1.624079e+00 1.589344e+00 1.552659e+00 1.513961e+00 1.473185e+00 1.430260e+00 1.385113e+00 1.337668e+00 1.287843e+00 1.235553e+00 1.180709e+00 1.123217e+00 1.062979e+00 9.998918e-01 9.338483e-01 8.647353e-01 8.155820e-01
1.745717e+00 1.762664e+00 1.786621e+00 1.809281e+00 1.830696e+00 1.850917e+00 1.869993e+00 1.887970e+00 1.904890e+00 1.920794e+00 1.935718e+00 1.949700e+00 1.962772e+00 1.974966e+00 1.986310e+00 1.996832e+00 2.006556e+00 2.015507e+00 2.023704e+00 2.031168e+00 2.037917e+00 2.043966e+00 2.049331e+00 2.054023e+00 2.058054e+00 2.061434e+00 2.064170e+00 2.066270e+00 2.067737e+00 2.068577e+00 2.068790e+00 2.068377e+00 2.067338e+00 2.065669e+00 2.063367e+00 2.060426e+00 2.056840e+00 2.052599e+00 2.047694e+00 2.042112e+00 2.035842e+00 2.028867e+00 2.021171e+00 2.012735e+00 2.003540e+00 1.993564e+00 1.982783e+00 1.971171e+00 1.958701e+00 1.945342e+00 1.931063e+00 1.915830e+00 1.899607e+00 1.882354e+00 1.864032e+00 1.844595e+00 1.823998e+00 1.802192e+00 1.779125e+00 1.754741e+00 1.728983e+00 1.701790e+00 1.673095e+00 1.642832e+00 1.610927e+00 1.577306e+00 1.541886e+00 1.503110e+00
1.389478e+00 1.356056e+00 1.321314e+00 1.288570e+00 1.257713e+00 1.228640e+00 1.201253e+00 1.175460e+00 1.151175e+00 1.128316e+00 1.106806e+00 1.086573e+00 1.067550e+00 1.049671e+00 1.032878e+00 1.017114e+00 1.002325e+00 9.884631e-01 9.754805e-01 9.633339e-01 9.519826e-01 9.413884e-01 9.315157e-01 9.223315e-01 9.138048e-01 9.059071e-01 8.986117e-01 8.918943e-01 8.857322e-01 8.801047e-01 8.749931e-01 8.703800e-01 8.662499e-01 8.625892e-01 8.593853e-01 8.566276e-01 8.543069e-01 8.524152e-01 8.509463e-01 8.498953e-01 8.492585e-01 8.490339e-01 8.492207e-01 8.498196e-01 8.508325e-01 8.522629e-01 8.541155e-01 8.563966e-01 8.591138e-01 8.622763e-01 8.658946e-01 8.699810e-01 8.745492e-01 8.796144e-01 8.851938e-01 8.913060e-01 8.979716e-01 9.052129e-01 9.130543e-01 9.215221e-01 9.306447e-01 9.404528e-01 9.509794e-01 9.622596e-01 9.743316e-01 9.872357e-01 1.001015e+00 1.016751e+00
1.636764e+00 1.662852e+00 1.695165e+00 1.726813e+00 1.757808e+00 1.788163e+00 1.817888e+00 1.846996e+00 1.875498e+00 1.903404e+00 1.930727e+00 1.957476e+00 1.983661e+00 2.009293e+00 2.034382e+00 2.058937e+00 2.082968e+00 2.106484e+00 2.129495e+00 2.152009e+00 2.174035e+00 2.195581e+00 2.216657e+00 2.237269e+00 2.257426e+00 2.277137e+00 2.296407e+00 2.315246e+00 2.333660e+00 2.351656e+00 2.369242e+00 2.386424e+00 2.403208e+00 2.419602e+00 2.435612e+00 2.451243e+00 2.466502e+00 2.481396e+00 2.495928e+00 2.510106e+00 2.523935e+00 2.537420e+00 2.550566e+00 2.563379e+00 2.575862e+00 2.588023e+00 2.599864e+00 2.611390e+00 2.622607e+00 2.633517e+00 2.644127e+00 2.654439e+00 2.664457e+00 2.674186e+00 2.683630e+00 2.692791e+00 2.701674e+00 2.710282e+00 2.718618e+00 2.726686e+00 2.734488e+00 2.742028e+00 2.749308e+00 2.756332e+00 2.763102e+00 2.769621e+00 2.775891e+00 2.781105e+00
1.971820e+00 1.927917e+00 1.900067e+00 1.873240e+00 1.847410e+00 1.822550e+00 1.798638e+00 1.775650e+00 1.753564e+00 1.732359e+00 1.712013e+00 1.692507e+00 1.673823e+00 1.655942e+00 1.638847e+00 1.622521e+00 1.606948e+00 1.592114e+00 1.578004e+00 1.564604e+00 1.551902e+00 1.539884e+00 1.528540e+00 1.517858e+00 1.507829e+00 1.498442e+00 1.489687e+00 1.481558e+00 1.474046e+00 1.467143e+00 1.460843e+00 1.455139e+00 1.450028e+00 1.445502e+00 1.441558e+00 1.438193e+00 1.435402e+00 1.433183e+00 1.431535e+00 1.430454e+00 1.429941e+00 1.429995e+00 1.430616e+00 1.431805e+00 1.433562e+00 1.435889e+00 1.438789e+00 1.442264e+00 1.446318e+00 1.450955e+00 1.456179e+00 1.461996e+00 1.468410e+00 1.475428e+00 1.483058e+00 1.491305e+00 1.500179e+00 1.509688e+00 1.519841e+00 1.530648e+00 1.542119e+00 1.554266e+00 1.567101e+00 1.580635e+00 1.594881e+00 1.609855e+00 1.625570e+00 1.638192e+00
2.354568e+00 2.373442e+00 2.398776e+00 2.422770e+00 2.445480e+00 2.466960e+00 2.487259e+00 2.506426e+00 2.524506e+00 2.541541e+00 2.557570e+00 2.572633e+00 2.586764e+00 2.599995e+00 2.612360e+00 2.623886e+00 2.634600e+00 2.644528e+00 2.653692e+00 2.662116e+00 2.669818e+00 2.676816e+00 2.683126e+00 2.688765e+00 2.693744e+00 2.698076e+00 2.701771e+00 2.704837e+00 2.707282e+00 2.709111e+00 2.710329e+00 2.710939e+00 2.710941e+00 2.710337e+00 2.709124e+00 2.707299e+00 2.704860e+00 2.701798e+00 2.698109e+00 2.693782e+00 2.688808e+00 2.683175e+00 2.676869e+00 2.669877e+00 2.662181e+00 2.653763e+00 2.644605e+00 2.634683e+00 2.623975e+00 2.612456e+00 2.600099e+00 2.586874e+00 2.572751e+00 2.557696e+00 2.541674e+00 2.524648e+00 2.506577e+00 2.487418e+00 2.467128e+00 2.445659e+00 2.422959e+00 2.398975e+00 2.373652e+00 2.346930e+00 2.318745e+00 2.289032e+00 2.257722e+00 2.234654e+00
1.338696e+00 1.313646e+00 1.278432e+00 1.246270e+00 1.216901e+00 1.190091e+00 1.165625e+00 1.143308e+00 1.122959e+00 1.104418e+00 1.087535e+00 1.072174e+00 1.058214e+00 1.045542e+00 1.034058e+00 1.023668e+00 1.014290e+00 1.005848e+00 9.982759e-01 9.915122e-01 9.855030e-01 9.802000e-01 9.755608e-01 9.715484e-01 9.681305e-01 9.652799e-01 9.629737e-01 9.611934e-01 9.599248e-01 9.591578e-01 9.588861e-01 9.591077e-01 9.598243e-01 9.610416e-01 9.627693e-01 9.650214e-01 9.678158e-01 9.711750e-01 9.751257e-01 9.796996e-01 9.849334e-01 9.908689e-01 9.975537e-01 1.005041e+00 1.013391e+00 1.022671e+00 1.032955e+00 1.044324e+00 1.056871e+00 1.070696e+00 1.085909e+00 1.102631e+00 1.120998e+00 1.141156e+00 1.163266e+00 1.187505e+00 1.214068e+00 1.243166e+00 1.275034e+00 1.309925e+00 1.348120e+00 1.389924e+00 1.435672e+00 1.485729e+00 1.540498e+00 1.600415e+00 1.665961e+00 1.708683e+00
1.845163e+00 1.799260e+00 1.752043e+00 1.706896e+00 1.663722e+00 1.622424e+00 1.582914e+00 1.545103e+00 1.508909e+00 1.474252e+00 1.441057e+00 1.409251e+00 1.378764e+00 1.349529e+00 1.321481e+00 1.294560e+00 1.268707e+00 1.243864e+00 1.219977e+00 1.196994e+00 1.174864e+00 1.153539e+00 1.132971e+00 1.113117e+00 1.093932e+00 1.075374e+00 1.057402e+00 1.039978e+00 1.023062e+00 1.006618e+00 9.906103e-01 9.750026e-01 9.597612e-01 9.448526e-01 9.302442e-01 9.159039e-01 9.018003e-01 8.879023e-01 8.741796e-01 8.606019e-01 8.471396e-01 8.337631e-01 8.204430e-01 8.071501e-01 7.938553e-01 7.805294e-01 7.671432e-01 7.536673e-01 7.400721e-01 7.263278e-01 7.124042e-01 6.982709e-01 6.838968e-01 6.692504e-01 6.542995e-01 6.390113e-01 6.233524e-01 6.072883e-01 5.907839e-01 5.738028e-01 5.563079e-01 5.382608e-01 5.196218e-01 5.003502e-01 4.804036e-01 4.597382e-01 4.383088e-01 4.214236e-01
2.742319e+00 2.706084e+00 2.690271e+00 2.674694e+00 2.659342e+00 2.644206e+00 2.629278e+00 2.614549e+00 2.600009e+00 2.585649e+00 2.571462e+00 2.557438e+00 2.543569e+00 2.529847e+00 2.516263e+00 2.502810e+00 2.489478e+00 2.476261e+00 2.463149e+00 2.450136e+00 2.437213e+00 2.424373e+00 2.411607e+00 2.398908e+00 2.386269e+00 2.373681e+00 2.361138e+00 2.348631e+00 2.336153e+00 2.323696e+00 2.311254e+00 2.298818e+00 2.286381e+00 2.273936e+00 2.261474e+00 2.248989e+00 2.236473e+00 2.223919e+00 2.211318e+00 2.198663e+00 2.185947e+00 2.173161e+00 2.160299e+00 2.147352e+00 2.134313e+00 2.121174e+00 2.107926e+00 2.094562e+00 2.081074e+00 2.067453e+00 2.053692e+00 2.039782e+00 2.025714e+00 2.011481e+00 1.997073e+00 1.982482e+00 1.967700e+00 1.952716e+00 1.937523e+00 1.922111e+00 1.906470e+00 1.890591e+00 1.874466e+00 1.858083e+00 1.841433e+00 1.824506e+00 1.807292e+00 1.787082e+00
4.275873e+00 4.341943e+00 4.391101e+00 4.438906e+00 4.485417e+00 4.530689e+00 4.574778e+00 4.617737e+00 4.659618e+00 4.700471e+00 4.740346e+00 4.779292e+00 4.817354e+00 4.854580e+00 4.891015e+00 4.926702e+00 4.961685e+00 4.996006e+00 5.029706e+00 5.062827e+00 5.095408e+00 5.127489e+00 5.159109e+00 5.190305e+00 5.221117e+00 5.251580e+00 5.281732e+00 5.311610e+00 5.341249e+00 5.370685e+00 5.399955e+00 5.429092e+00 5.458134e+00 5.487114e+00 5.516068e+00 5.545031e+00 5.574038e+00 5.603124e+00 5.632324e+00 5.661673e+00 5.691208e+00 5.720964e+00 5.750976e+00 5.781282e+00 5.811918e+00 5.842920e+00 5.874327e+00 5.906176e+00 5.938506e+00 5.971356e+00 6.004767e+00 6.038777e+00 6.073429e+00 6.108764e+00 6.144825e+00 6.181656e+00 6.219302e+00 6.257807e+00 6.297219e+00 6.337584e+00 6.378953e+00 6.421375e+00 6.464902e+00 6.509585e+00 6.555480e+00 6.602641e+00 6.651126e+00 6.695953e+00
1.108717e+00 1.151092e+00 1.208078e+00 1.262747e+00 1.315148e+00 1.365328e+00 1.413332e+00 1.459204e+00 1.502984e+00 1.544712e+00 1.584425e+00 1.622158e+00 1.657946e+00 1.691821e+00 1.723813e+00 1.753951e+00 1.782262e+00 1.808771e+00 1.833502e+00 1.856478e+00 1.877718e+00 1.897242e+00 1.915068e+00 1.931211e+00 1.945685e+00 1.958505e+00 1.969682e+00 1.979224e+00 1.987142e+00 1.993442e+00 1.998129e+00 2.001209e+00 2.002683e+00 2.002553e+00 2.000820e+00 1.997480e+00 1.992532e+00 1.985971e+00 1.977791e+00 1.967985e+00 1.956544e+00 1.943457e+00 1.928713e+00 1.912299e+00 1.894200e+00 1.874399e+00 1.852880e+00 1.829622e+00 1.804605e+00 1.777806e+00 1.749201e+00 1.718765e+00 1.686471e+00 1.652288e+00 1.616188e+00 1.578136e+00 1.538100e+00 1.496043e+00 1.451927e+00 1.405714e+00 1.357360e+00 1.306824e+00 1.254060e+00 1.199019e+00 1.141654e+00 1.081912e+00 1.019740e+00 9.592755e-01
1.864701e+00 1.841176e+00 1.827243e+00 1.813787e+00 1.800782e+00 1.788205e+00 1.776031e+00 1.764239e+00 1.752805e+00 1.741709e+00 1.730930e+00 1.720448e+00 1.710243e+00 1.700296e+00 1.690589e+00 1.681103e+00 1.671821e+00 1.662726e+00 1.653800e+00 1.645026e+00 1.636389e+00 1.627872e+00 1.619460e+00 1.611136e+00 1.602886e+00 1.594693e+00 1.586542e+00 1.578419e+00 1.570307e+00 1.562193e+00 1.554060e+00 1.545894e+00 1.537679e+00 1.529400e+00 1.521041e+00 1.512587e+00 1.504022e+00 1.495331e+00 1.486496e+00 1.477501e+00 1.468331e+00 1.458966e+00 1.449391e+00 1.439586e+00 1.429534e+00 1.419217e+00 1.408614e+00 1.397705e+00 1.386472e+00 1.374892e+00 1.362944e+00 1.350605e+00 1.337853e+00 1.324664e+00 1.311013e+00 1.296875e+00 1.282223e+00 1.267030e+00 1.251267e+00 1.234906e+00 1.217915e+00 1.200263e+00 1.181916e+00 1.162842e+00 1.143003e+00 1.122363e+00 1.100884e+00 1.082410e+00
1.865797e+00 1.822977e+00 1.795879e+00 1.770305e+00 1.746176e+00 1.723417e+00 1.701959e+00 1.681737e+00 1.662688e+00 1.644753e+00 1.627879e+00 1.612013e+00 1.597106e+00 1.583114e+00 1.569992e+00 1.557701e+00 1.546204e+00 1.535465e+00 1.525450e+00 1.516130e+00 1.507476e+00 1.499461e+00 1.492061e+00 1.485253e+00 1.479017e+00 1.473332e+00 1.468182e+00 1.463551e+00 1.459425e+00 1.455791e+00 1.452637e+00 1.449955e+00 1.447736e+00 1.445974e+00 1.444662e+00 1.443797e+00 1.443377e+00 1.443399e+00 1.443864e+00 1.444774e+00 1.446131e+00 1.447939e+00 1.450204e+00 1.452933e+00 1.456134e+00 1.459817e+00 1.463993e+00 1.468676e+00 1.473879e+00 1.479618e+00 1.485911e+00 1.492778e+00 1.500238e+00 1.508316e+00 1.517036e+00 1.526425e+00 1.536510e+00 1.547324e+00 1.558900e+00 1.571272e+00 1.584480e+00 1.598562e+00 1.613563e+00 1.629528e+00 1.646507e+00 1.664550e+00 1.683715e+00 1.706700e+00
1.945492e+00 1.885231e+00 1.841635e+00 1.800256e+00 1.761028e+00 1.723889e+00 1.688782e+00 1.655651e+00 1.624444e+00 1.595112e+00 1.567610e+00 1.541893e+00 1.517921e+00 1.495658e+00 1.475067e+00 1.456116e+00 1.438777e+00 1.423021e+00 1.408823e+00 1.396162e+00 1.385018e+00 1.375373e+00 1.367211e+00 1.360521e+00 1.355291e+00 1.351514e+00 1.349183e+00 1.348294e+00 1.348848e+00 1.350843e+00 1.354284e+00 1.359175e+00 1.365525e+00 1.373343e+00 1.382642e+00 1.393437e+00 1.405744e+00 1.419582e+00 1.434973e+00 1.451943e+00 1.470516e+00 1.490723e+00 1.512594e+00 1.536165e+00 1.561473e+00 1.588557e+00 1.617459e+00 1.648226e+00 1.680905e+00 1.715548e+00 1.752209e+00 1.790946e+00 1.831820e+00 1.874895e+00 1.920238e+00 1.967920e+00 2.018018e+00 2.070608e+00 2.125775e+00 2.183604e+00 2.244187e+00 2.307618e+00 2.373997e+00 2.443429e+00 2.516022e+00 2.591891e+00 2.671154e+00 2.734178e+00
2.314597e+00 2.449645e+00 2.588494e+00 2.721221e+00 2.848074e+00 2.969286e+00 3.085083e+00 3.195680e+00 3.301281e+00 3.402083e+00 3.498272e+00 3.590028e+00 3.677519e+00 3.760909e+00 3.840352e+00 3.915996e+00 3.987980e+00 4.056438e+00 4.121498e+00 4.183279e+00 4.241897e+00 4.297460e+00 4.350071e+00 4.399828e+00 4.446823e+00 4.491143e+00 4.532871e+00 4.572083e+00 4.608853e+00 4.643249e+00 4.675335e+00 4.705169e+00 4.732808e+00 4.758302e+00 4.781699e+00 4.803043e+00 4.822373e+00 4.839724e+00 4.855130e+00 4.868617e+00 4.880213e+00 4.889937e+00 4.897809e+00 4.903842e+00 4.908048e+00 4.910435e+00 4.911007e+00 4.909765e+00 4.906707e+00 4.901827e+00 4.895116e+00 4.886562e+00 4.876148e+00 4.863857e+00 4.849663e+00 4.833543e+00 4.815464e+00 4.795395e+00 4.773298e+00 4.749131e+00 4.722850e+00 4.694406e+00 4.663747e+00 4.630815e+00 4.595550e+00 4.557886e+00 4.517753e+00 4.474318e+00
2.139368e+00 2.147211e+00 2.152241e+00 2.157151e+00 2.161944e+00 2.166621e+00 2.171186e+00 2.175641e+00 2.179988e+00 2.184229e+00 2.188368e+00 2.192405e+00 2.196344e+00 2.200185e+00 2.203932e+00 2.207586e+00 2.211150e+00 2.214624e+00 2.218012e+00 2.221314e+00 2.224532e+00 2.227669e+00 2.230725e+00 2.233703e+00 2.236604e+00 2.239430e+00 2.242181e+00 2.244860e+00 2.247468e+00 2.250007e+00 2.252477e+00 2.254880e+00 2.257217e+00 2.259489e+00 2.261699e+00 2.263846e+00 2.265932e+00 2.267959e+00 2.269926e+00 2.271836e+00 2.273689e+00 2.275486e+00 2.277228e+00 2.278917e+00 2.280552e+00 2.282135e+00 2.283667e+00 2.285149e+00 2.286580e+00 2.287963e+00 2.289298e+00 2.290585e+00 2.291825e+00 2.293019e+00 2.294167e+00 2.295271e+00 2.296330e+00 2.297346e+00 2.298318e+00 2.299247e+00 2.300134e+00 2.300980e+00 2.301784e+00 2.302547e+00 2.303270e+00 2.303953e+00 2.304595e+00 2.305476e+00
8.625488e-01 8.517060e-01 8.429186e-01 8.344294e-01 8.262303e-01 8.183137e-01 8.106720e-01 8.032980e-01 7.961847e-01 7.893255e-01 7.827136e-01 7.763431e-01 7.702077e-01 7.643017e-01 7.586196e-01 7.531559e-01 7.479054e-01 7.428632e-01 7.380246e-01 7.333849e-01 7.289397e-01 7.246849e-01 7.206164e-01 7.167303e-01 7.130231e-01 7.094911e-01 7.061310e-01 7.029398e-01 6.999142e-01 6.970515e-01 6.943490e-01 6.918041e-01 6.894144e-01 6.871777e-01 6.850917e-01 6.831546e-01 6.813645e-01 6.797197e-01 6.782187e-01 6.768600e-01 6.756424e-01 6.745647e-01 6.736259e-01 6.728250e-01 6.721614e-01 6.716344e-01 6.712435e-01 6.709884e-01 6.708687e-01 6.708844e-01 6.710356e-01 6.713222e-01 6.717447e-01 6.723034e-01 6.729989e-01 6.738317e-01 6.748027e-01 6.759129e-01 6.771632e-01 6.785548e-01 6.800891e-01 6.817675e-01 6.835916e-01 6.855631e-01 6.876839e-01 6.899560e-01 6.923816e-01 6.959263e-01
2.091350e+00 2.156281e+00 2.257647e+00 2.353720e+00 2.444702e+00 2.530782e+00 2.612141e+00 2.688947e+00 2.761361e+00 2.829535e+00 2.893612e+00 2.953724e+00 3.009997e+00 3.062549e+00 3.111490e+00 3.156922e+00 3.198939e+00 3.237630e+00 3.273076e+00 3.305349e+00 3.334519e+00 3.360645e+00 3.383782e+00 3.403979e+00 3.421278e+00 3.435714e+00 3.447319e+00 3.456116e+00 3.462123e+00 3.465354e+00 3.465814e+00 3.463505e+00 3.458423e+00 3.450556e+00 3.439888e+00 3.426396e+00 3.410053e+00 3.390825e+00 3.368671e+00 3.343545e+00 3.315394e+00 3.284160e+00 3.249778e+00 3.212175e+00 3.171273e+00 3.126987e+00 3.079225e+00 3.027886e+00 2.972863e+00 2.914041e+00 2.851298e+00 2.784502e+00 2.713515e+00 2.638187e+00 2.558361e+00 2.473871e+00 2.384541e+00 2.290182e+00 2.190600e+00 2.085585e+00 1.974918e+00 1.858369e+00 1.735693e+00 1.606634e+00 1.470924e+00 1.328278e+00 1.178399e+00 1.079182e+00
1.077756e+00 1.074400e+00 1.071754e+00 1.069313e+00 1.067073e+00 1.065032e+00 1.063187e+00 1.061536e+00 1.060077e+00 1.058809e+00 1.057730e+00 1.056838e+00 1.056134e+00 1.055616e+00 1.055283e+00 1.055135e+00 1.055172e+00 1.055394e+00 1.055801e+00 1.056394e+00 1.057173e+00 1.058139e+00 1.059294e+00 1.060639e+00 1.062174e+00 1.063903e+00 1.065826e+00 1.067947e+00 1.070267e+00 1.072790e+00 1.075518e+00 1.078454e+00 1.081602e+00 1.084965e+00 1.088547e+00 1.092353e+00 1.096386e+00 1.100652e+00 1.105155e+00 1.109901e+00 1.114894e+00 1.120141e+00 1.125648e+00 1.131420e+00 1.137466e+00 1.143791e+00 1.150403e+00 1.157309e+00 1.164518e+00 1.172038e+00 1.179877e+00 1.188044e+00 1.196549e+00 1.205402e+00 1.214612e+00 1.224191e+00 1.234150e+00 1.244499e+00 1.255251e+00 1.266418e+00 1.278013e+00 1.290050e+00 1.302542e+00 1.315503e+00 1.328949e+00 1.342894e+00 1.357356e+00 1.399553e+00
1.596093e+00 1.621540e+00 1.632815e+00 1.643764e+00 1.654392e+00 1.664704e+00 1.674705e+00 1.684401e+00 1.693797e+00 1.702897e+00 1.711705e+00 1.720227e+00 1.728466e+00 1.736427e+00 1.744114e+00 1.751530e+00 1.758680e+00 1.765566e+00 1.772193e+00 1.778564e+00 1.784681e+00 1.790549e+00 1.796169e+00 1.801546e+00 1.806681e+00 1.811577e+00 1.816237e+00 1.820663e+00 1.824857e+00 1.828821e+00 1.832557e+00 1.836068e+00 1.839355e+00 1.842419e+00 1.845263e+00 1.847887e+00 1.850293e+00 1.852483e+00 1.854456e+00 1.856215e+00 1.857760e+00 1.859092e+00 1.860211e+00 1.861119e+00 1.861815e+00 1.862300e+00 1.862574e+00 1.862638e+00 1.862491e+00 1.862133e+00 1.861565e+00 1.860785e+00 1.859794e+00 1.858591e+00 1.857175e+00 1.855545e+00 1.853702e+00 1.851643e+00 1.849368e+00 1.846876e+00 1.844166e+00 1.841235e+00 1.838083e+00 1.834708e+00 1.831108e+00 1.827282e+00 1.823227e+00 1.816726e+00
2.190532e+00 2.321355e+00 2.527251e+00 2.725513e+00 2.916247e+00 3.099557e+00 3.275540e+00 3.444291e+00 3.605900e+00 3.760453e+00 3.908034e+00 4.048722e+00 4.182592e+00 4.309716e+00 4.430162e+00 4.543994e+00 4.651274e+00 4.752059e+00 4.846403e+00 4.934357e+00 5.015968e+00 5.091279e+00 5.160332e+00 5.223162e+00 5.279804e+00 5.330288e+00 5.374641e+00 5.412887e+00 5.445046e+00 5.471136e+00 5.491170e+00 5.505160e+00 5.513113e+00 5.515032e+00 5.510920e+00 5.500774e+00 5.484588e+00 5.462354e+00 5.434060e+00 5.399690e+00 5.359227e+00 5.312648e+00 5.259929e+00 5.201042e+00 5.135954e+00 5.064631e+00 4.987035e+00 4.903123e+00 4.812852e+00 4.716173e+00 4.613034e+00 4.503379e+00 4.387150e+00 4.264284e+00 4.134716e+00 3.998377e+00 3.855192e+00 3.705086e+00 3.547978e+00 3.383783e+00 3.212414e+00 3.033779e+00 2.847782e+00 2.654323e+00 2.453299e+00 2.244602e+00 2.028120e+00 1.893517e+00
2.197408e+00 2.166245e+00 2.146004e+00 2.126385e+00 2.107367e+00 2.088929e+00 2.071052e+00 2.053717e+00 2.036907e+00 2.020603e+00 2.004788e+00 1.989445e+00 1.974559e+00 1.960113e+00 1.946092e+00 1.932482e+00 1.919269e+00 1.906437e+00 1.893974e+00 1.881867e+00 1.870103e+00 1.858669e+00 1.847554e+00 1.836745e+00 1.826232e+00 1.816002e+00 1.806047e+00 1.796354e+00 1.786913e+00 1.777716e+00 1.768751e+00 1.760010e+00 1.751484e+00 1.743163e+00 1.735038e+00 1.727102e+00 1.719345e+00 1.711760e+00 1.704338e+00 1.697072e+00 1.689954e+00 1.682976e+00 1.676132e+00 1.669413e+00 1.662814e+00 1.656326e+00 1.649944e+00 1.643659e+00 1.637467e+00 1.631359e+00 1.625331e+00 1.619375e+00 1.613484e+00 1.607654e+00 1.601878e+00 1.596149e+00 1.590462e+00 1.584810e+00 1.579188e+00 1.573590e+00 1.568010e+00 1.562442e+00 1.556879e+00 1.551317e+00 1.545750e+00 1.540170e+00 1.534574e+00 1.526638e+00
2.086595e+00 2.077163e+00 2.070259e+00 2.063596e+00 2.057165e+00 2.050960e+00 2.044973e+00 2.039197e+00 2.033627e+00 2.028256e+00 2.023077e+00 2.018086e+00 2.013275e+00 2.008641e+00 2.004178e+00 1.999881e+00 1.995745e+00 1.991765e+00 1.987937e+00 1.984256e+00 1.980719e+00 1.977322e+00 1.974060e+00 1.970930e+00 1.967928e+00 1.965052e+00 1.962298e+00 1.959662e+00 1.957142e+00 1.954736e+00 1.952439e+00 1.950251e+00 1.948167e+00 1.946187e+00 1.944307e+00 1.942526e+00 1.940841e+00 1.939251e+00 1.937754e+00 1.936348e+00 1.935032e+00 1.933804e+00 1.932663e+00 1.931607e+00 1.930636e+00 1.929748e+00 1.928942e+00 1.928217e+00 1.927574e+00 1.927009e+00 1.926524e+00 1.926118e+00 1.925790e+00 1.925539e+00 1.925366e+00 1.925271e+00 1.925252e+00 1.925311e+00 1.925447e+00 1.925661e+00 1.925952e+00 1.926321e+00 1.926769e+00 1.927295e+00 1.927901e+00 1.928587e+00 1.929354e+00 1.930138e+00
9.177302e-01 9.743347e-01 1.061511e+00 1.144675e+00 1.223990e+00 1.299610e+00 1.371684e+00 1.440352e+00 1.505751e+00 1.568007e+00 1.627243e+00 1.683574e+00 1.737112e+00 1.787960e+00 1.836220e+00 1.881984e+00 1.925343e+00 1.966382e+00 2.005181e+00 2.041817e+00 2.076360e+00 2.108879e+00 2.139438e+00 2.168095e+00 2.194908e+00 2.219929e+00 2.243207e+00 2.264788e+00 2.284713e+00 2.303023e+00 2.319752e+00 2.334933e+00 2.348597e+00 2.360770e+00 2.371475e+00 2.380735e+00 2.388567e+00 2.394986e+00 2.400005e+00 2.403633e+00 2.405879e+00 2.406746e+00 2.406235e+00 2.404347e+00 2.401077e+00 2.396419e+00 2.390364e+00 2.382899e+00 2.374011e+00 2.363681e+00 2.351891e+00 2.338615e+00 2.323829e+00 2.307504e+00 2.289607e+00 2.270104e+00 2.248956e+00 2.226122e+00 2.201556e+00 2.175212e+00 2.147037e+00 2.116977e+00 2.084971e+00 2.050958e+00 2.014871e+00 1.976639e+00 1.936188e+00 1.872003e+00
1.519784e+00 1.556032e+00 1.591158e+00 1.624661e+00 1.656608e+00 1.687060e+00 1.716077e+00 1.743717e+00 1.770032e+00 1.795074e+00 1.818892e+00 1.841533e+00 1.863040e+00 1.883456e+00 1.902820e+00 1.921170e+00 1.938542e+00 1.954971e+00 1.970487e+00 1.985121e+00 1.998903e+00 2.011858e+00 2.024011e+00 2.035388e+00 2.046009e+00 2.055896e+00 2.065068e+00 2.073543e+00 2.081337e+00 2.088466e+00 2.094943e+00 2.100781e+00 2.105992e+00 2.110585e+00 2.114570e+00 2.117954e+00 2.120745e+00 2.122946e+00 2.124564e+00 2.125600e+00 2.126058e+00 2.125937e+00 2.125237e+00 2.123958e+00 2.122097e+00 2.119650e+00 2.116612e+00 2.112977e+00 2.108739e+00 2.103888e+00 2.098417e+00 2.092313e+00 2.085565e+00 2.078160e+00 2.070083e+00 2.061319e+00 2.051850e+00 2.041658e+00 2.030724e+00 2.019025e+00 2.006539e+00 1.993241e+00 1.979107e+00 1.964107e+00 1.948213e+00 1.931394e+00 1.913617e+00 1.895702e+00
2.503655e+00 2.474578e+00 2.455196e+00 2.436464e+00 2.418370e+00 2.400904e+00 2.384057e+00 2.367818e+00 2.352178e+00 2.337128e+00 2.322660e+00 2.308765e+00 2.295435e+00 2.282663e+00 2.270441e+00 2.258762e+00 2.247619e+00 2.237006e+00 2.226918e+00 2.217347e+00 2.208289e+00 2.199739e+00 2.191691e+00 2.184141e+00 2.177084e+00 2.170517e+00 2.164435e+00 2.158836e+00 2.153716e+00 2.149072e+00 2.144901e+00 2.141201e+00 2.137970e+00 2.135206e+00 2.132908e+00 2.131073e+00 2.129702e+00 2.128793e+00 2.128345e+00 2.128359e+00 2.128834e+00 2.129772e+00 2.131171e+00 2.133034e+00 2.135360e+00 2.138153e+00 2.141412e+00 2.145140e+00 2.149339e+00 2.154012e+00 2.159161e+00 2.164790e+00 2.170900e+00 2.177497e+00 2.184583e+00 2.192164e+00 2.200242e+00 2.208823e+00 2.217912e+00 2.227513e+00 2.237634e+00 2.248278e+00 2.259453e+00 2.271165e+00 2.283420e+00 2.296226e+00 2.309590e+00 2.326071e+00
2.088354e+00 2.083768e+00 2.079867e+00 2.076043e+00 2.072289e+00 2.068600e+00 2.064968e+00 2.061389e+00 2.057854e+00 2.054359e+00 2.050897e+00 2.047463e+00 2.044050e+00 2.040652e+00 2.037264e+00 2.033880e+00 2.030494e+00 2.027100e+00 2.023692e+00 2.020264e+00 2.016811e+00 2.013327e+00 2.009804e+00 2.006239e+00 2.002623e+00 1.998952e+00 1.995218e+00 1.991416e+00 1.987538e+00 1.983578e+00 1.979529e+00 1.975384e+00 1.971137e+00 1.966779e+00 1.962303e+00 1.957702e+00 1.952967e+00 1.948090e+00 1.943064e+00 1.937878e+00 1.932525e+00 1.926995e+00 1.921279e+00 1.915366e+00 1.909246e+00 1.902909e+00 1.896345e+00 1.889541e+00 1.882485e+00 1.875167e+00 1.867572e+00 1.859689e+00 1.851503e+00 1.843000e+00 1.834165e+00 1.824984e+00 1.815440e+00 1.805517e+00 1.795199e+00 1.784466e+00 1.773301e+00 1.761684e+00 1.749595e+00 1.737013e+00 1.723918e+00 1.710285e+00 1.696092e+00 1.671854e+00
6.502184e-01 6.565855e-01 6.605535e-01 6.644434e-01 6.682610e-01 6.720118e-01 6.757014e-01 6.793352e-01 6.829185e-01 6.864565e-01 6.899544e-01 6.934173e-01 6.968504e-01 7.002587e-01 7.036471e-01 7.070205e-01 7.103841e-01 7.137426e-01 7.171011e-01 7.204643e-01 7.238373e-01 7.272250e-01 7.306324e-01 7.340644e-01 7.375260e-01 7.410225e-01 7.445588e-01 7.481401e-01 7.517718e-01 7.554591e-01 7.592074e-01 7.630222e-01 7.669091e-01 7.708738e-01 7.749222e-01 7.790601e-01 7.832936e-01 7.876288e-01 7.920723e-01 7.966304e-01 8.013099e-01 8.061176e-01 8.110605e-01 8.161460e-01 8.213813e-01 8.267743e-01 8.323328e-01 8.380650e-01 8.439792e-01 8.500841e-01 8.563888e-01 8.629023e-01 8.696343e-01 8.765946e-01 8.837934e-01 8.912412e-01 8.989491e-01 9.069282e-01 9.151903e-01 9.237474e-01 9.326121e-01 9.417975e-01 9.513168e-01 9.611842e-01 9.714140e-01 9.820213e-01 9.930216e-01 1.003396e+00
2.128181e+00 2.151977e+00 2.169319e+00 2.186215e+00 2.202669e+00 2.218685e+00 2.234267e+00 2.249419e+00 2.264145e+00 2.278448e+00 2.292331e+00 2.305800e+00 2.318856e+00 2.331503e+00 2.343744e+00 2.355582e+00 2.367021e+00 2.378063e+00 2.388710e+00 2.398966e+00 2.408833e+00 2.418314e+00 2.427410e+00 2.436125e+00 2.444459e+00 2.452417e+00 2.459998e+00 2.467206e+00 2.474043e+00 2.480509e+00 2.486606e+00 2.492336e+00 2.497701e+00 2.502701e+00 2.507338e+00 2.511614e+00 2.515529e+00 2.519083e+00 2.522279e+00 2.525117e+00 2.527597e+00 2.529721e+00 2.531488e+00 2.532900e+00 2.533955e+00 2.534656e+00 2.535002e+00 2.534992e+00 2.534628e+00 2.533909e+00 2.532834e+00 2.531404e+00 2.529618e+00 2.527476e+00 2.524977e+00 2.522120e+00 2.518905e+00 2.515332e+00 2.511398e+00 2.507104e+00 2.502447e+00 2.497428e+00 2.492044e+00 2.486294e+00 2.480178e+00 2.473692e+00 2.466837e+00 2.453761e+00
