# x=3.3250  x=3.3750  x=3.4250  x=3.4750  x=3.5250  x=3.5750  x=3.6250  x=3.6750  x=3.7250  x=3.7750  x=3.8250  x=3.8750  x=3.9250  x=3.9750  x=4.0250  x=4.0750  x=4.1250  x=4.1750  x=4.2250  x=4.2750  x=4.3250  x=4.3750  x=4.4250  x=4.4750  x=4.5250  x=4.5750  x=4.6250  x=4.6750  x=4.7250  x=4.7750  x=4.8250  x=4.8750  x=4.9250  x=4.9750  x=5.0250  x=5.0750  x=5.1250  x=5.1750  x=5.2250  x=5.2750  x=5.3250  x=5.3750  x=5.4250  x=5.4750  x=5.5250  x=5.5750  x=5.6250  x=5.6750  x=5.7250  x=5.7750  x=5.8250  x=5.8750  x=5.9250  x=5.9750  x=6.0250  x=6.0750  x=6.1250  x=6.1750  x=6.2250  x=6.2750  x=6.3250  x=6.3750  x=6.4250  x=6.4750  x=6.5250  x=6.5750  x=6.6250  x=6.6750
3.465405e+00 3.463553e+00 3.458771e+00 3.451058e+00 3.440409e+00 3.426819e+00 3.410281e+00 3.390787e+00 3.368327e+00 3.342890e+00 3.314463e+00 3.283031e+00 3.248579e+00 3.211090e+00 3.157801e+00 3.095319e+00 3.036152e+00 2.980080e+00 2.926892e+00 2.876391e+00 2.828388e+00 2.782703e+00 2.739166e+00 2.697615e+00 2.657893e+00 2.619853e+00 2.583353e+00 2.548256e+00 2.514431e+00 2.481752e+00 2.450097e+00 2.419347e+00 2.389388e+00 2.360108e+00 2.331397e+00 2.303149e+00 2.275257e+00 2.247618e+00 2.220128e+00 2.192685e+00 2.165186e+00 2.137528e+00 2.109609e+00 2.081323e+00 2.052565e+00 2.023228e+00 1.993203e+00 1.962376e+00 1.930634e+00 1.897856e+00 1.863922e+00 1.828704e+00 1.792071e+00 1.753885e+00 1.725874e+00 1.710358e+00 1.695449e+00 1.681132e+00 1.667390e+00 1.654210e+00 1.641576e+00 1.629475e+00 1.617894e+00 1.606821e+00 1.596243e+00 1.586148e+00 1.576527e+00 1.567369e+00
1.462685e+00 1.447311e+00 1.429810e+00 1.410077e+00 1.387988e+00 1.363410e+00 1.336191e+00 1.306163e+00 1.273143e+00 1.236928e+00 1.197296e+00 1.154004e+00 1.106785e+00 1.055350e+00 1.008150e+00 9.714438e-01 9.363886e-01 9.029114e-01 8.709423e-01 8.404148e-01 8.112651e-01 7.834326e-01 7.568591e-01 7.314893e-01 7.072703e-01 6.841516e-01 6.620849e-01 6.410243e-01 6.209259e-01 6.017477e-01 5.834498e-01 5.659940e-01 5.493439e-01 5.334648e-01 5.183236e-01 5.038888e-01 4.901302e-01 4.770191e-01 4.645283e-01 4.526316e-01 4.413042e-01 4.305227e-01 4.202644e-01 4.105079e-01 4.012330e-01 3.924203e-01 3.840515e-01 3.761090e-01 3.685763e-01 3.614378e-01 3.546784e-01 3.482842e-01 3.422418e-01 3.365386e-01 3.319058e-01 3.281518e-01 3.245308e-01 3.210399e-01 3.176763e-01 3.144374e-01 3.113206e-01 3.083234e-01 3.054435e-01 3.026786e-01 3.000265e-01 2.974851e-01 2.950524e-01 2.927264e-01
6.871795e+00 6.852810e+00 6.832577e+00 6.811093e+00 6.788351e+00 6.764345e+00 6.739068e+00 6.712514e+00 6.684674e+00 6.655542e+00 6.625110e+00 6.593368e+00 6.560309e+00 6.525922e+00 6.494665e+00 6.466100e+00 6.435758e+00 6.403633e+00 6.369718e+00 6.334007e+00 6.296493e+00 6.257169e+00 6.216027e+00 6.173060e+00 6.128258e+00 6.081613e+00 6.033117e+00 5.982760e+00 5.930532e+00 5.876423e+00 5.820422e+00 5.762520e+00 5.702704e+00 5.640963e+00 5.577285e+00 5.511658e+00 5.444069e+00 5.374506e+00 5.302954e+00 5.229399e+00 5.153829e+00 5.076227e+00 4.996580e+00 4.914871e+00 4.831085e+00 4.745206e+00 4.657217e+00 4.567100e+00 4.474840e+00 4.380417e+00 4.283814e+00 4.185012e+00 4.083992e+00 3.980734e+00 3.884173e+00 3.798434e+00 3.714505e+00 3.632332e+00 3.551860e+00 3.473036e+00 3.395809e+00 3.320128e+00 3.245942e+00 3.173204e+00 3.101865e+00 3.031879e+00 2.963199e+00 2.895779e+00
4.251079e-01 4.333351e-01 4.417210e-01 4.502691e-01 4.589833e-01 4.678672e-01 4.769248e-01 4.861601e-01 4.955769e-01 5.051796e-01 5.149721e-01 5.249589e-01 5.351442e-01 5.455325e-01 5.560387e-01 5.661001e-01 5.758142e-01 5.851887e-01 5.942310e-01 6.029481e-01 6.113469e-01 6.194340e-01 6.272157e-01 6.346982e-01 6.418874e-01 6.487889e-01 6.554081e-01 6.617502e-01 6.678202e-01 6.736229e-01 6.791628e-01 6.844443e-01 6.894715e-01 6.942485e-01 6.987789e-01 7.030663e-01 7.071140e-01 7.109253e-01 7.145032e-01 7.178504e-01 7.209697e-01 7.238633e-01 7.265337e-01 7.289829e-01 7.312128e-01 7.332252e-01 7.350217e-01 7.366037e-01 7.379724e-01 7.391289e-01 7.400741e-01 7.408088e-01 7.413335e-01 7.416486e-01 7.417837e-01 7.425445e-01 7.439025e-01 7.458598e-01 7.484189e-01 7.515835e-01 7.553578e-01 7.597470e-01 7.647572e-01 7.703952e-01 7.766689e-01 7.835868e-01 7.911583e-01 7.993941e-01
7.436671e-01 7.561724e-01 7.690390e-01 7.822796e-01 7.959076e-01 8.099365e-01 8.243805e-01 8.392540e-01 8.545719e-01 8.703494e-01 8.866024e-01 9.033473e-01 9.206006e-01 9.383797e-01 9.789253e-01 1.036957e+00 1.090557e+00 1.140007e+00 1.185568e+00 1.227480e+00 1.265962e+00 1.301219e+00 1.333435e+00 1.362779e+00 1.389407e+00 1.413458e+00 1.435059e+00 1.454324e+00 1.471354e+00 1.486239e+00 1.499057e+00 1.509875e+00 1.518751e+00 1.525731e+00 1.530851e+00 1.534140e+00 1.535614e+00 1.535281e+00 1.533139e+00 1.529177e+00 1.523374e+00 1.515699e+00 1.506112e+00 1.494564e+00 1.480992e+00 1.465325e+00 1.447482e+00 1.427367e+00 1.404876e+00 1.379890e+00 1.352277e+00 1.321891e+00 1.288574e+00 1.252150e+00 1.226646e+00 1.215350e+00 1.204036e+00 1.192698e+00 1.181328e+00 1.169919e+00 1.158465e+00 1.146958e+00 1.135392e+00 1.123760e+00 1.112054e+00 1.100268e+00 1.088394e+00 1.076426e+00
2.720344e+00 2.687057e+00 2.653035e+00 2.618257e+00 2.582699e+00 2.546339e+00 2.509152e+00 2.471114e+00 2.432200e+00 2.392385e+00 2.351642e+00 2.309945e+00 2.267266e+00 2.223577e+00 2.155828e+00 2.069965e+00 1.988773e+00 1.912025e+00 1.839508e+00 1.771019e+00 1.706368e+00 1.645375e+00 1.587870e+00 1.533693e+00 1.482693e+00 1.434729e+00 1.389666e+00 1.347379e+00 1.307750e+00 1.270670e+00 1.236035e+00 1.203747e+00 1.173719e+00 1.145865e+00 1.120109e+00 1.096378e+00 1.074607e+00 1.054735e+00 1.036707e+00 1.020472e+00 1.005985e+00 9.932067e-01 9.821003e-01 9.726353e-01 9.647854e-01 9.585287e-01 9.538479e-01 9.507298e-01 9.491657e-01 9.491514e-01 9.506868e-01 9.537762e-01 9.584281e-01 9.646555e-01 9.702426e-01 9.736194e-01 9.770235e-01 9.804590e-01 9.839302e-01 9.874414e-01 9.909969e-01 9.946011e-01 9.982585e-01 1.001974e+00 1.005751e+00 1.009596e+00 1.013512e+00 1.017505e+00
2.023565e+00 2.042125e+00 2.059436e+00 2.075503e+00 2.090336e+00 2.103942e+00 2.116327e+00 2.127497e+00 2.137458e+00 2.146215e+00 2.153771e+00 2.160131e+00 2.165297e+00 2.169273e+00 2.171112e+00 2.171744e+00 2.172117e+00 2.172233e+00 2.172090e+00 2.171690e+00 2.171032e+00 2.170114e+00 2.168936e+00 2.167496e+00 2.165792e+00 2.163822e+00 2.161584e+00 2.159074e+00 2.156290e+00 2.153228e+00 2.149884e+00 2.146253e+00 2.142331e+00 2.138114e+00 2.133595e+00 2.128769e+00 2.123630e+00 2.118171e+00 2.112385e+00 2.106265e+00 2.099803e+00 2.092991e+00 2.085819e+00 2.078280e+00 2.070362e+00 2.062057e+00 2.053353e+00 2.044239e+00 2.034704e+00 2.024736e+00 2.014321e+00 2.003447e+00 1.992100e+00 1.980264e+00 1.966828e+00 1.952587e+00 1.938613e+00 1.924882e+00 1.911373e+00 1.898063e+00 1.884930e+00 1.871951e+00 1.859106e+00 1.846373e+00 1.833730e+00 1.821158e+00 1.808635e+00 1.796140e+00
1.398363e+00 1.385589e+00 1.370907e+00 1.354312e+00 1.335799e+00 1.315362e+00 1.292994e+00 1.268688e+00 1.242436e+00 1.214231e+00 1.184062e+00 1.151919e+00 1.117794e+00 1.081674e+00 1.043936e+00 1.008599e+00 9.751897e-01 9.436276e-01 9.138374e-01 8.857478e-01 8.592917e-01 8.344057e-01 8.110303e-01 7.891095e-01 7.685911e-01 7.494258e-01 7.315678e-01 7.149744e-01 6.996059e-01 6.854255e-01 6.723993e-01 6.604962e-01 6.496877e-01 6.399478e-01 6.312534e-01 6.235836e-01 6.169201e-01 6.112469e-01 6.065504e-01 6.028195e-01 6.000451e-01 5.982207e-01 5.973419e-01 5.974066e-01 5.984149e-01 6.003693e-01 6.032744e-01 6.071372e-01 6.119669e-01 6.177751e-01 6.245757e-01 6.323849e-01 6.412214e-01 6.511064e-01 6.725436e-01 7.024462e-01 7.304675e-01 7.567329e-01 7.813597e-01 8.044580e-01 8.261309e-01 8.464754e-01 8.655823e-01 8.835371e-01 9.004199e-01 9.163063e-01 9.312672e-01 9.453694e-01
2.377215e+00 2.376893e+00 2.377013e+00 2.377575e+00 2.378579e+00 2.380027e+00 2.381921e+00 2.384264e+00 2.387059e+00 2.390311e+00 2.394024e+00 2.398204e+00 2.402858e+00 2.407991e+00 2.414853e+00 2.422067e+00 2.428397e+00 2.433851e+00 2.438433e+00 2.442149e+00 2.445002e+00 2.446995e+00 2.448130e+00 2.448408e+00 2.447829e+00 2.446394e+00 2.444100e+00 2.440945e+00 2.436927e+00 2.432040e+00 2.426280e+00 2.419641e+00 2.412116e+00 2.403698e+00 2.394378e+00 2.384148e+00 2.372995e+00 2.360910e+00 2.347879e+00 2.333890e+00 2.318929e+00 2.302980e+00 2.286027e+00 2.268054e+00 2.249041e+00 2.228969e+00 2.207819e+00 2.185569e+00 2.162195e+00 2.137676e+00 2.111985e+00 2.085097e+00 2.056984e+00 2.027618e+00 1.990033e+00 1.947675e+00 1.907415e+00 1.869188e+00 1.832934e+00 1.798595e+00 1.766116e+00 1.735447e+00 1.706537e+00 1.679341e+00 1.653815e+00 1.629920e+00 1.607617e+00 1.586871e+00
1.890984e+00 1.886618e+00 1.881881e+00 1.876767e+00 1.871266e+00 1.865371e+00 1.859073e+00 1.852361e+00 1.845226e+00 1.837656e+00 1.829640e+00 1.821165e+00 1.812219e+00 1.802786e+00 1.765805e+00 1.707316e+00 1.653951e+00 1.605326e+00 1.561092e+00 1.520932e+00 1.484557e+00 1.451706e+00 1.422145e+00 1.395659e+00 1.372060e+00 1.351179e+00 1.332864e+00 1.316986e+00 1.303429e+00 1.292096e+00 1.282907e+00 1.275795e+00 1.270710e+00 1.267614e+00 1.266486e+00 1.267317e+00 1.270113e+00 1.274895e+00 1.281697e+00 1.290567e+00 1.301570e+00 1.314783e+00 1.330303e+00 1.348240e+00 1.368724e+00 1.391900e+00 1.417936e+00 1.447018e+00 1.479356e+00 1.515180e+00 1.554749e+00 1.598345e+00 1.646283e+00 1.698906e+00 1.730824e+00 1.736916e+00 1.742953e+00 1.748937e+00 1.754871e+00 1.760757e+00 1.766598e+00 1.772396e+00 1.778154e+00 1.783873e+00 1.789557e+00 1.795206e+00 1.800825e+00 1.806415e+00
1.248284e+00 1.258730e+00 1.270139e+00 1.282539e+00 1.295965e+00 1.310452e+00 1.326039e+00 1.342768e+00 1.360683e+00 1.379831e+00 1.400265e+00 1.422039e+00 1.445210e+00 1.469841e+00 1.490775e+00 1.505688e+00 1.519807e+00 1.533133e+00 1.545670e+00 1.557418e+00 1.568380e+00 1.578558e+00 1.587954e+00 1.596569e+00 1.604405e+00 1.611463e+00 1.617745e+00 1.623251e+00 1.627982e+00 1.631939e+00 1.635123e+00 1.637535e+00 1.639174e+00 1.640042e+00 1.640138e+00 1.639462e+00 1.638014e+00 1.635794e+00 1.632801e+00 1.629036e+00 1.624497e+00 1.619184e+00 1.613095e+00 1.606230e+00 1.598587e+00 1.590165e+00 1.580963e+00 1.570979e+00 1.560212e+00 1.548659e+00 1.536318e+00 1.523188e+00 1.509266e+00 1.494550e+00 1.473435e+00 1.447615e+00 1.422636e+00 1.398444e+00 1.374985e+00 1.352208e+00 1.330064e+00 1.308503e+00 1.287480e+00 1.266948e+00 1.246863e+00 1.227179e+00 1.207855e+00 1.188848e+00
1.546611e+00 1.571173e+00 1.596051e+00 1.621268e+00 1.646850e+00 1.672821e+00 1.699207e+00 1.726034e+00 1.753329e+00 1.781117e+00 1.809426e+00 1.838284e+00 1.867720e+00 1.897761e+00 1.919477e+00 1.931950e+00 1.944153e+00 1.956098e+00 1.967796e+00 1.979257e+00 1.990493e+00 2.001514e+00 2.012330e+00 2.022952e+00 2.033389e+00 2.043652e+00 2.053749e+00 2.063691e+00 2.073486e+00 2.083144e+00 2.092674e+00 2.102085e+00 2.111385e+00 2.120584e+00 2.129689e+00 2.138711e+00 2.147656e+00 2.156533e+00 2.165351e+00 2.174118e+00 2.182843e+00 2.191532e+00 2.200195e+00 2.208840e+00 2.217474e+00 2.226106e+00 2.234744e+00 2.243395e+00 2.252069e+00 2.260773e+00 2.269516e+00 2.278305e+00 2.287149e+00 2.296056e+00 2.305436e+00 2.314271e+00 2.322166e+00 2.329127e+00 2.335159e+00 2.340267e+00 2.344454e+00 2.347724e+00 2.350078e+00 2.351519e+00 2.352047e+00 2.351664e+00 2.350369e+00 2.348160e+00
4.152757e+00 4.171096e+00 4.184716e+00 4.193634e+00 4.197861e+00 4.197405e+00 4.192263e+00 4.182430e+00 4.167892e+00 4.148629e+00 4.124617e+00 4.095822e+00 4.062208e+00 4.023728e+00 3.996576e+00 3.984795e+00 3.972136e+00 3.958598e+00 3.944176e+00 3.928866e+00 3.912664e+00 3.895567e+00 3.877569e+00 3.858667e+00 3.838854e+00 3.818126e+00 3.796478e+00 3.773904e+00 3.750397e+00 3.725952e+00 3.700563e+00 3.674222e+00 3.646923e+00 3.618659e+00 3.589422e+00 3.559205e+00 3.527999e+00 3.495798e+00 3.462591e+00 3.428371e+00 3.393129e+00 3.356855e+00 3.319540e+00 3.281174e+00 3.241747e+00 3.201249e+00 3.159669e+00 3.116997e+00 3.073221e+00 3.028329e+00 2.982311e+00 2.935154e+00 2.886845e+00 2.837373e+00 2.787360e+00 2.739664e+00 2.693604e+00 2.649138e+00 2.606223e+00 2.564820e+00 2.524889e+00 2.486393e+00 2.449297e+00 2.413565e+00 2.379164e+00 2.346063e+00 2.314228e+00 2.283632e+00
4.106737e+00 4.096866e+00 4.081230e+00 4.059823e+00 4.032642e+00 3.999678e+00 3.960922e+00 3.916365e+00 3.865995e+00 3.809799e+00 3.747762e+00 3.679868e+00 3.606098e+00 3.526434e+00 3.440782e+00 3.358591e+00 3.279738e+00 3.204038e+00 3.131309e+00 3.061380e+00 2.994085e+00 2.929262e+00 2.866760e+00 2.806428e+00 2.748125e+00 2.691711e+00 2.637052e+00 2.584019e+00 2.532487e+00 2.482331e+00 2.433434e+00 2.385680e+00 2.338954e+00 2.293147e+00 2.248148e+00 2.203852e+00 2.160153e+00 2.116948e+00 2.074133e+00 2.031607e+00 1.989270e+00 1.947021e+00 1.904759e+00 1.862383e+00 1.819795e+00 1.776891e+00 1.733571e+00 1.689732e+00 1.645269e+00 1.600077e+00 1.554048e+00 1.507074e+00 1.459042e+00 1.409840e+00 1.371256e+00 1.346216e+00 1.322770e+00 1.300877e+00 1.280500e+00 1.261604e+00 1.244157e+00 1.228129e+00 1.213491e+00 1.200220e+00 1.188292e+00 1.177687e+00 1.168387e+00 1.160375e+00
8.378284e+00 8.385931e+00 8.391513e+00 8.395031e+00 8.396485e+00 8.395877e+00 8.393204e+00 8.388468e+00 8.381667e+00 8.372802e+00 8.361871e+00 8.348872e+00 8.333806e+00 8.316669e+00 8.277915e+00 8.218453e+00 8.157793e+00 8.095896e+00 8.032722e+00 7.968234e+00 7.902389e+00 7.835147e+00 7.766464e+00 7.696299e+00 7.624607e+00 7.551342e+00 7.476459e+00 7.399910e+00 7.321648e+00 7.241622e+00 7.159784e+00 7.076080e+00 6.990460e+00 6.902868e+00 6.813249e+00 6.721548e+00 6.627707e+00 6.531666e+00 6.433365e+00 6.332742e+00 6.229735e+00 6.124277e+00 6.016304e+00 5.905746e+00 5.792535e+00 5.676598e+00 5.557864e+00 5.436258e+00 5.311702e+00 5.184119e+00 5.053428e+00 4.919548e+00 4.782393e+00 4.641878e+00 4.551758e+00 4.515370e+00 4.478857e+00 4.442205e+00 4.405400e+00 4.368426e+00 4.331269e+00 4.293913e+00 4.256345e+00 4.218549e+00 4.180509e+00 4.142212e+00 4.103640e+00 4.064780e+00
4.903174e+00 4.914212e+00 4.925640e+00 4.937458e+00 4.949671e+00 4.962280e+00 4.975287e+00 4.988694e+00 5.002505e+00 5.016723e+00 5.031348e+00 5.046385e+00 5.061836e+00 5.077704e+00 5.137624e+00 5.233336e+00 5.321340e+00 5.401756e+00 5.474697e+00 5.540261e+00 5.598539e+00 5.649610e+00 5.693546e+00 5.730407e+00 5.760242e+00 5.783094e+00 5.798993e+00 5.807961e+00 5.810011e+00 5.805146e+00 5.793358e+00 5.774632e+00 5.748942e+00 5.716252e+00 5.676518e+00 5.629685e+00 5.575689e+00 5.514456e+00 5.445900e+00 5.369929e+00 5.286438e+00 5.195311e+00 5.096425e+00 4.989642e+00 4.874817e+00 4.751791e+00 4.620395e+00 4.480449e+00 4.331760e+00 4.174125e+00 4.007326e+00 3.831135e+00 3.645309e+00 3.449592e+00 3.266756e+00 3.115363e+00 2.971943e+00 2.836088e+00 2.707409e+00 2.585540e+00 2.470134e+00 2.360863e+00 2.257413e+00 2.159492e+00 2.066819e+00 1.979130e+00 1.896176e+00 1.817720e+00
1.949589e+00 1.985733e+00 2.025272e+00 2.068465e+00 2.115594e+00 2.166970e+00 2.222928e+00 2.283835e+00 2.350092e+00 2.422131e+00 2.500426e+00 2.585489e+00 2.677879e+00 2.778201e+00 2.845085e+00 2.868404e+00 2.890193e+00 2.910457e+00 2.929201e+00 2.946432e+00 2.962153e+00 2.976368e+00 2.989083e+00 3.000300e+00 3.010022e+00 3.018252e+00 3.024993e+00 3.030246e+00 3.034012e+00 3.036293e+00 3.037089e+00 3.036401e+00 3.034228e+00 3.030570e+00 3.025425e+00 3.018793e+00 3.010671e+00 3.001058e+00 2.989950e+00 2.977344e+00 2.963238e+00 2.947627e+00 2.930507e+00 2.911872e+00 2.891719e+00 2.870042e+00 2.846834e+00 2.822089e+00 2.795801e+00 2.767962e+00 2.738564e+00 2.707600e+00 2.675060e+00 2.640937e+00 2.596013e+00 2.544058e+00 2.494156e+00 2.446192e+00 2.400052e+00 2.355629e+00 2.312819e+00 2.271521e+00 2.231640e+00 2.193082e+00 2.155756e+00 2.119575e+00 2.084456e+00 2.050314e+00
2.448838e+00 2.493974e+00 2.543336e+00 2.597201e+00 2.655874e+00 2.719682e+00 2.788985e+00 2.864171e+00 2.945662e+00 3.033918e+00 3.129432e+00 3.232742e+00 3.344427e+00 3.465115e+00 3.545369e+00 3.574310e+00 3.602060e+00 3.628627e+00 3.654018e+00 3.678239e+00 3.701299e+00 3.723202e+00 3.743954e+00 3.763562e+00 3.782030e+00 3.799364e+00 3.815567e+00 3.830646e+00 3.844603e+00 3.857442e+00 3.869167e+00 3.879781e+00 3.889288e+00 3.897688e+00 3.904985e+00 3.911181e+00 3.916278e+00 3.920276e+00 3.923176e+00 3.924981e+00 3.925689e+00 3.925302e+00 3.923819e+00 3.921240e+00 3.917564e+00 3.912790e+00 3.906917e+00 3.899943e+00 3.891866e+00 3.882685e+00 3.872396e+00 3.860997e+00 3.848485e+00 3.834856e+00 3.813432e+00 3.784776e+00 3.755554e+00 3.725757e+00 3.695375e+00 3.664398e+00 3.632814e+00 3.600614e+00 3.567787e+00 3.534321e+00 3.500206e+00 3.465430e+00 3.429981e+00 3.393848e+00
1.399750e+00 1.391970e+00 1.383748e+00 1.375079e+00 1.365959e+00 1.356385e+00 1.346350e+00 1.335852e+00 1.324884e+00 1.313441e+00 1.301519e+00 1.289112e+00 1.276213e+00 1.262817e+00 1.206870e+00 1.117980e+00 1.037379e+00 9.643293e-01 8.981601e-01 8.382657e-01 7.840971e-01 7.351579e-01 6.909997e-01 6.512179e-01 6.154477e-01 5.833615e-01 5.546652e-01 5.290958e-01 5.064190e-01 4.864271e-01 4.689367e-01 4.537877e-01 4.408411e-01 4.299784e-01 4.211000e-01 4.141245e-01 4.089881e-01 4.056436e-01 4.040604e-01 4.042240e-01 4.061359e-01 4.098137e-01 4.152909e-01 4.226178e-01 4.318616e-01 4.431070e-01 4.564569e-01 4.720338e-01 4.899805e-01 5.104612e-01 5.336639e-01 5.598010e-01 5.891121e-01 6.218658e-01 6.437261e-01 6.510922e-01 6.586068e-01 6.662768e-01 6.741093e-01 6.821112e-01 6.902899e-01 6.986529e-01 7.072077e-01 7.159622e-01 7.249242e-01 7.341020e-01 7.435039e-01 7.531385e-01
2.336046e+00 2.339472e+00 2.341958e+00 2.343507e+00 2.344119e+00 2.343794e+00 2.342533e+00 2.340335e+00 2.337198e+00 2.333119e+00 2.328095e+00 2.322123e+00 2.315197e+00 2.307313e+00 2.300021e+00 2.294434e+00 2.288989e+00 2.283682e+00 2.278510e+00 2.273469e+00 2.268557e+00 2.263768e+00 2.259102e+00 2.254553e+00 2.250119e+00 2.245797e+00 2.241585e+00 2.237479e+00 2.233476e+00 2.229574e+00 2.225769e+00 2.222061e+00 2.218445e+00 2.214920e+00 2.211483e+00 2.208132e+00 2.204864e+00 2.201678e+00 2.198571e+00 2.195540e+00 2.192585e+00 2.189703e+00 2.186891e+00 2.184149e+00 2.181474e+00 2.178864e+00 2.176318e+00 2.173834e+00 2.171410e+00 2.169045e+00 2.166737e+00 2.164484e+00 2.162285e+00 2.160138e+00 2.157901e+00 2.154999e+00 2.151571e+00 2.147611e+00 2.143114e+00 2.138072e+00 2.132479e+00 2.126327e+00 2.119606e+00 2.112307e+00 2.104420e+00 2.095932e+00 2.086833e+00 2.077108e+00
1.187109e+00 1.188157e+00 1.188707e+00 1.188761e+00 1.188319e+00 1.187380e+00 1.185943e+00 1.184008e+00 1.181572e+00 1.178634e+00 1.175191e+00 1.171240e+00 1.166777e+00 1.161800e+00 1.152884e+00 1.141753e+00 1.131779e+00 1.122918e+00 1.115132e+00 1.108387e+00 1.102654e+00 1.097908e+00 1.094128e+00 1.091299e+00 1.089407e+00 1.088445e+00 1.088408e+00 1.089297e+00 1.091114e+00 1.093869e+00 1.097572e+00 1.102240e+00 1.107894e+00 1.114558e+00 1.122260e+00 1.131034e+00 1.140918e+00 1.151955e+00 1.164193e+00 1.177685e+00 1.192489e+00 1.208670e+00 1.226298e+00 1.245449e+00 1.266206e+00 1.288660e+00 1.312907e+00 1.339053e+00 1.367212e+00 1.397505e+00 1.430064e+00 1.465029e+00 1.502554e+00 1.542799e+00 1.576444e+00 1.598837e+00 1.619528e+00 1.638563e+00 1.655983e+00 1.671827e+00 1.686132e+00 1.698929e+00 1.710246e+00 1.720110e+00 1.728541e+00 1.735559e+00 1.741179e+00 1.745414e+00
1.979301e+00 1.983568e+00 1.986509e+00 1.988129e+00 1.988429e+00 1.987409e+00 1.985069e+00 1.981405e+00 1.976414e+00 1.970090e+00 1.962427e+00 1.953415e+00 1.943044e+00 1.931304e+00 1.910926e+00 1.884582e+00 1.859456e+00 1.835480e+00 1.812589e+00 1.790723e+00 1.769822e+00 1.749829e+00 1.730692e+00 1.712358e+00 1.694778e+00 1.677905e+00 1.661693e+00 1.646099e+00 1.631081e+00 1.616598e+00 1.602611e+00 1.589083e+00 1.575978e+00 1.563259e+00 1.550892e+00 1.538845e+00 1.527086e+00 1.515581e+00 1.504300e+00 1.493214e+00 1.482292e+00 1.471504e+00 1.460822e+00 1.450216e+00 1.439660e+00 1.429122e+00 1.418577e+00 1.407994e+00 1.397346e+00 1.386605e+00 1.375740e+00 1.364722e+00 1.353523e+00 1.342112e+00 1.332024e+00 1.323650e+00 1.315402e+00 1.307259e+00 1.299200e+00 1.291204e+00 1.283250e+00 1.275318e+00 1.267387e+00 1.259437e+00 1.251447e+00 1.243396e+00 1.235264e+00 1.227030e+00
3.328519e+00 3.319996e+00 3.308660e+00 3.294501e+00 3.277509e+00 3.257670e+00 3.234968e+00 3.209384e+00 3.180899e+00 3.149488e+00 3.115127e+00 3.077789e+00 3.037442e+00 2.994055e+00 2.946001e+00 2.897459e+00 2.849994e+00 2.803576e+00 2.758176e+00 2.713766e+00 2.670319e+00 2.627807e+00 2.586206e+00 2.545488e+00 2.505630e+00 2.466605e+00 2.428391e+00 2.390964e+00 2.354300e+00 2.318377e+00 2.283173e+00 2.248666e+00 2.214835e+00 2.181658e+00 2.149116e+00 2.117188e+00 2.085855e+00 2.055098e+00 2.024896e+00 1.995232e+00 1.966088e+00 1.937445e+00 1.909285e+00 1.881592e+00 1.854348e+00 1.827537e+00 1.801141e+00 1.775145e+00 1.749533e+00 1.724288e+00 1.699396e+00 1.674840e+00 1.650606e+00 1.626679e+00 1.590601e+00 1.545621e+00 1.503945e+00 1.465352e+00 1.429639e+00 1.396619e+00 1.366116e+00 1.337970e+00 1.312033e+00 1.288168e+00 1.266249e+00 1.246161e+00 1.227797e+00 1.211061e+00
3.166108e+00 3.200446e+00 3.235191e+00 3.270355e+00 3.305952e+00 3.341997e+00 3.378502e+00 3.415481e+00 3.452950e+00 3.490923e+00 3.529413e+00 3.568437e+00 3.608008e+00 3.648142e+00 3.686675e+00 3.721637e+00 3.755224e+00 3.787451e+00 3.818334e+00 3.847887e+00 3.876124e+00 3.903058e+00 3.928701e+00 3.953066e+00 3.976163e+00 3.998005e+00 4.018600e+00 4.037958e+00 4.056089e+00 4.073001e+00 4.088702e+00 4.103199e+00 4.116498e+00 4.128607e+00 4.139531e+00 4.149274e+00 4.157842e+00 4.165238e+00 4.171466e+00 4.176529e+00 4.180429e+00 4.183168e+00 4.184747e+00 4.185167e+00 4.184428e+00 4.182530e+00 4.179472e+00 4.175252e+00 4.169869e+00 4.163320e+00 4.155602e+00 4.146711e+00 4.136644e+00 4.125395e+00 4.113282e+00 4.100811e+00 4.087654e+00 4.073806e+00 4.059260e+00 4.044010e+00 4.028051e+00 4.011374e+00 3.993974e+00 3.975843e+00 3.956972e+00 3.937355e+00 3.916982e+00 3.895846e+00
1.165733e+00 1.163504e+00 1.161802e+00 1.160623e+00 1.159964e+00 1.159826e+00 1.160206e+00 1.161106e+00 1.162529e+00 1.164475e+00 1.166950e+00 1.169957e+00 1.173502e+00 1.177591e+00 1.181752e+00 1.186027e+00 1.190903e+00 1.196391e+00 1.202499e+00 1.209238e+00 1.216621e+00 1.224659e+00 1.233368e+00 1.242762e+00 1.252858e+00 1.263674e+00 1.275228e+00 1.287542e+00 1.300636e+00 1.314534e+00 1.329260e+00 1.344840e+00 1.361302e+00 1.378673e+00 1.396986e+00 1.416271e+00 1.436563e+00 1.457898e+00 1.480312e+00 1.503846e+00 1.528541e+00 1.554440e+00 1.581588e+00 1.610034e+00 1.639826e+00 1.671019e+00 1.703666e+00 1.737824e+00 1.773554e+00 1.810919e+00 1.849984e+00 1.890818e+00 1.933493e+00 1.978083e+00 2.052710e+00 2.150058e+00 2.242116e+00 2.328911e+00 2.410468e+00 2.486814e+00 2.557971e+00 2.623961e+00 2.684804e+00 2.740517e+00 2.791120e+00 2.836625e+00 2.877048e+00 2.912401e+00
1.543441e+00 1.561582e+00 1.579499e+00 1.597205e+00 1.614718e+00 1.632053e+00 1.649225e+00 1.666250e+00 1.683142e+00 1.699916e+00 1.716588e+00 1.733172e+00 1.749683e+00 1.766136e+00 1.799050e+00 1.846228e+00 1.891206e+00 1.934025e+00 1.974723e+00 2.013336e+00 2.049898e+00 2.084443e+00 2.117001e+00 2.147601e+00 2.176270e+00 2.203035e+00 2.227919e+00 2.250944e+00 2.272130e+00 2.291497e+00 2.309063e+00 2.324841e+00 2.338848e+00 2.351095e+00 2.361592e+00 2.370351e+00 2.377378e+00 2.382679e+00 2.386260e+00 2.388123e+00 2.388271e+00 2.386703e+00 2.383417e+00 2.378412e+00 2.371683e+00 2.363222e+00 2.353024e+00 2.341079e+00 2.327376e+00 2.311903e+00 2.294646e+00 2.275590e+00 2.254718e+00 2.232010e+00 2.215437e+00 2.207083e+00 2.198955e+00 2.191047e+00 2.183357e+00 2.175878e+00 2.168606e+00 2.161539e+00 2.154670e+00 2.147997e+00 2.141515e+00 2.135221e+00 2.129110e+00 2.123180e+00
1.097226e+00 1.089031e+00 1.080660e+00 1.072107e+00 1.063368e+00 1.054436e+00 1.045306e+00 1.035971e+00 1.026426e+00 1.016663e+00 1.006678e+00 9.964616e-01 9.860089e-01 9.753124e-01 9.630879e-01 9.502056e-01 9.379331e-01 9.262607e-01 9.151795e-01 9.046809e-01 8.947568e-01 8.853995e-01 8.766019e-01 8.683571e-01 8.606587e-01 8.535008e-01 8.468779e-01 8.407849e-01 8.352171e-01 8.301701e-01 8.256400e-01 8.216235e-01 8.181173e-01 8.151187e-01 8.126255e-01 8.106357e-01 8.091478e-01 8.081606e-01 8.076734e-01 8.076858e-01 8.081978e-01 8.092098e-01 8.107225e-01 8.127372e-01 8.152554e-01 8.182790e-01 8.218105e-01 8.258524e-01 8.304080e-01 8.354807e-01 8.410745e-01 8.471936e-01 8.538429e-01 8.610274e-01 8.695287e-01 8.782271e-01 8.863582e-01 8.939333e-01 9.009625e-01 9.074555e-01 9.134211e-01 9.188673e-01 9.238017e-01 9.282310e-01 9.321611e-01 9.355974e-01 9.385446e-01 9.410068e-01
2.814728e+00 2.815224e+00 2.813029e+00 2.808142e+00 2.800561e+00 2.790284e+00 2.777306e+00 2.761622e+00 2.743225e+00 2.722108e+00 2.698263e+00 2.671680e+00 2.642348e+00 2.610256e+00 2.580464e+00 2.557167e+00 2.535221e+00 2.514564e+00 2.495135e+00 2.476877e+00 2.459738e+00 2.443667e+00 2.428619e+00 2.414548e+00 2.401414e+00 2.389179e+00 2.377808e+00 2.367267e+00 2.357525e+00 2.348555e+00 2.340330e+00 2.332825e+00 2.326021e+00 2.319895e+00 2.314432e+00 2.309614e+00 2.305429e+00 2.301863e+00 2.298906e+00 2.296550e+00 2.294787e+00 2.293613e+00 2.293025e+00 2.293020e+00 2.293599e+00 2.294763e+00 2.296516e+00 2.298862e+00 2.301809e+00 2.305365e+00 2.309540e+00 2.314347e+00 2.319800e+00 2.325914e+00 2.334580e+00 2.344109e+00 2.352659e+00 2.360254e+00 2.366917e+00 2.372667e+00 2.377523e+00 2.381498e+00 2.384603e+00 2.386850e+00 2.388243e+00 2.388787e+00 2.388485e+00 2.387334e+00
1.581195e+00 1.611809e+00 1.644649e+00 1.679764e+00 1.717206e+00 1.757031e+00 1.799295e+00 1.844063e+00 1.891400e+00 1.941376e+00 1.994064e+00 2.049542e+00 2.107892e+00 2.169200e+00 2.214045e+00 2.238365e+00 2.261682e+00 2.284008e+00 2.305353e+00 2.325727e+00 2.345141e+00 2.363604e+00 2.381125e+00 2.397711e+00 2.413373e+00 2.428116e+00 2.441948e+00 2.454876e+00 2.466906e+00 2.478044e+00 2.488295e+00 2.497665e+00 2.506157e+00 2.513776e+00 2.520526e+00 2.526410e+00 2.531430e+00 2.535590e+00 2.538891e+00 2.541335e+00 2.542922e+00 2.543655e+00 2.543532e+00 2.542555e+00 2.540722e+00 2.538033e+00 2.534486e+00 2.530080e+00 2.524812e+00 2.518681e+00 2.511682e+00 2.503813e+00 2.495070e+00 2.485448e+00 2.471318e+00 2.453521e+00 2.435659e+00 2.417712e+00 2.399658e+00 2.381473e+00 2.363138e+00 2.344628e+00 2.325922e+00 2.306997e+00 2.287830e+00 2.268397e+00 2.248675e+00 2.228641e+00
1.002561e+00 1.023340e+00 1.045103e+00 1.067874e+00 1.091680e+00 1.116548e+00 1.142506e+00 1.169585e+00 1.197814e+00 1.227226e+00 1.257854e+00 1.289735e+00 1.322903e+00 1.357396e+00 1.432566e+00 1.541573e+00 1.645219e+00 1.743610e+00 1.836846e+00 1.925021e+00 2.008225e+00 2.086543e+00 2.160056e+00 2.228836e+00 2.292955e+00 2.352478e+00 2.407466e+00 2.457974e+00 2.504053e+00 2.545752e+00 2.583111e+00 2.616170e+00 2.644962e+00 2.669515e+00 2.689856e+00 2.706005e+00 2.717978e+00 2.725788e+00 2.729442e+00 2.728944e+00 2.724293e+00 2.715486e+00 2.702512e+00 2.685360e+00 2.664010e+00 2.638442e+00 2.608630e+00 2.574543e+00 2.536146e+00 2.493401e+00 2.446263e+00 2.394685e+00 2.338615e+00 2.277995e+00 2.200359e+00 2.115106e+00 2.034444e+00 1.958188e+00 1.886162e+00 1.818199e+00 1.754143e+00 1.693847e+00 1.637171e+00 1.583984e+00 1.534164e+00 1.487596e+00 1.444173e+00 1.403795e+00
1.058841e+00 1.067282e+00 1.075737e+00 1.084209e+00 1.092698e+00 1.101205e+00 1.109732e+00 1.118280e+00 1.126850e+00 1.135444e+00 1.144063e+00 1.152707e+00 1.161380e+00 1.170081e+00 1.185606e+00 1.206259e+00 1.225279e+00 1.242694e+00 1.258531e+00 1.272815e+00 1.285567e+00 1.296808e+00 1.306553e+00 1.314818e+00 1.321617e+00 1.326958e+00 1.330851e+00 1.333302e+00 1.334313e+00 1.333888e+00 1.332024e+00 1.328720e+00 1.323970e+00 1.317766e+00 1.310100e+00 1.300960e+00 1.290331e+00 1.278198e+00 1.264541e+00 1.249339e+00 1.232571e+00 1.214208e+00 1.194225e+00 1.172589e+00 1.149268e+00 1.124225e+00 1.097423e+00 1.068821e+00 1.038373e+00 1.006035e+00 9.717555e-01 9.354827e-01 8.971608e-01 8.567310e-01 8.216512e-01 7.954817e-01 7.706469e-01 7.470942e-01 7.247735e-01 7.036374e-01 6.836410e-01 6.647419e-01 6.468999e-01 6.300772e-01 6.142381e-01 5.993488e-01 5.853779e-01 5.722955e-01
2.009870e+00 2.009145e+00 2.007189e+00 2.003997e+00 1.999567e+00 1.993892e+00 1.986965e+00 1.978778e+00 1.969321e+00 1.958580e+00 1.946544e+00 1.933196e+00 1.918520e+00 1.902497e+00 1.875572e+00 1.841922e+00 1.810905e+00 1.782361e+00 1.756141e+00 1.732108e+00 1.710138e+00 1.690116e+00 1.671938e+00 1.655509e+00 1.640744e+00 1.627566e+00 1.615907e+00 1.605705e+00 1.596908e+00 1.589470e+00 1.583353e+00 1.578523e+00 1.574957e+00 1.572636e+00 1.571548e+00 1.571686e+00 1.573052e+00 1.575653e+00 1.579503e+00 1.584621e+00 1.591033e+00 1.598775e+00 1.607884e+00 1.618410e+00 1.630407e+00 1.643937e+00 1.659071e+00 1.675887e+00 1.694473e+00 1.714926e+00 1.737351e+00 1.761867e+00 1.788599e+00 1.817688e+00 1.837887e+00 1.846488e+00 1.854900e+00 1.863136e+00 1.871206e+00 1.879122e+00 1.886894e+00 1.894532e+00 1.902047e+00 1.909449e+00 1.916749e+00 1.923955e+00 1.931078e+00 1.938128e+00
1.446769e+00 1.477820e+00 1.510579e+00 1.545125e+00 1.581541e+00 1.619913e+00 1.660332e+00 1.702895e+00 1.747704e+00 1.794865e+00 1.844490e+00 1.896698e+00 1.951614e+00 2.009368e+00 2.053360e+00 2.080117e+00 2.106402e+00 2.132240e+00 2.157655e+00 2.182673e+00 2.207317e+00 2.231611e+00 2.255578e+00 2.279242e+00 2.302626e+00 2.325751e+00 2.348641e+00 2.371317e+00 2.393801e+00 2.416115e+00 2.438280e+00 2.460318e+00 2.482250e+00 2.504097e+00 2.525880e+00 2.547620e+00 2.569338e+00 2.591055e+00 2.612792e+00 2.634570e+00 2.656410e+00 2.678333e+00 2.700359e+00 2.722511e+00 2.744809e+00 2.767276e+00 2.789932e+00 2.812800e+00 2.835901e+00 2.859258e+00 2.882894e+00 2.906830e+00 2.931091e+00 2.955700e+00 2.994181e+00 3.042805e+00 3.088079e+00 3.130014e+00 3.168616e+00 3.203894e+00 3.235854e+00 3.264502e+00 3.289845e+00 3.311886e+00 3.330631e+00 3.346082e+00 3.358244e+00 3.367117e+00
1.563341e+00 1.572332e+00 1.582099e+00 1.592649e+00 1.603993e+00 1.616142e+00 1.629105e+00 1.642896e+00 1.657528e+00 1.673014e+00 1.689368e+00 1.706606e+00 1.724744e+00 1.743798e+00 1.764130e+00 1.784114e+00 1.803433e+00 1.822112e+00 1.840175e+00 1.857645e+00 1.874544e+00 1.890895e+00 1.906718e+00 1.922033e+00 1.936861e+00 1.951221e+00 1.965131e+00 1.978609e+00 1.991672e+00 2.004338e+00 2.016622e+00 2.028540e+00 2.040109e+00 2.051341e+00 2.062253e+00 2.072858e+00 2.083170e+00 2.093202e+00 2.102967e+00 2.112477e+00 2.121746e+00 2.130784e+00 2.139604e+00 2.148216e+00 2.156632e+00 2.164864e+00 2.172920e+00 2.180812e+00 2.188550e+00 2.196144e+00 2.203604e+00 2.210939e+00 2.218158e+00 2.225272e+00 2.236834e+00 2.252119e+00 2.266607e+00 2.280325e+00 2.293299e+00 2.305551e+00 2.317105e+00 2.327980e+00 2.338197e+00 2.347774e+00 2.356728e+00 2.365077e+00 2.372834e+00 2.380015e+00
2.007192e+00 2.005988e+00 2.004068e+00 2.001430e+00 1.998070e+00 1.993986e+00 1.989172e+00 1.983625e+00 1.977338e+00 1.970305e+00 1.962518e+00 1.953970e+00 1.944651e+00 1.934551e+00 1.924648e+00 1.916108e+00 1.907930e+00 1.900101e+00 1.892609e+00 1.885441e+00 1.878587e+00 1.872035e+00 1.865776e+00 1.859800e+00 1.854096e+00 1.848657e+00 1.843473e+00 1.838537e+00 1.833840e+00 1.829376e+00 1.825136e+00 1.821115e+00 1.817306e+00 1.813704e+00 1.810302e+00 1.807094e+00 1.804077e+00 1.801246e+00 1.798595e+00 1.796120e+00 1.793819e+00 1.791687e+00 1.789720e+00 1.787916e+00 1.786272e+00 1.784785e+00 1.783453e+00 1.782274e+00 1.781246e+00 1.780367e+00 1.779636e+00 1.779052e+00 1.778613e+00 1.778320e+00 1.778187e+00 1.778335e+00 1.778748e+00 1.779429e+00 1.780376e+00 1.781592e+00 1.783077e+00 1.784832e+00 1.786860e+00 1.789163e+00 1.791742e+00 1.794601e+00 1.797741e+00 1.801166e+00
1.686633e+00 1.680750e+00 1.674507e+00 1.667883e+00 1.660855e+00 1.653398e+00 1.645487e+00 1.637095e+00 1.628192e+00 1.618747e+00 1.608727e+00 1.598099e+00 1.586825e+00 1.574865e+00 1.566357e+00 1.562499e+00 1.559111e+00 1.556187e+00 1.553724e+00 1.551718e+00 1.550166e+00 1.549066e+00 1.548418e+00 1.548219e+00 1.548470e+00 1.549171e+00 1.550323e+00 1.551927e+00 1.553987e+00 1.556503e+00 1.559481e+00 1.562924e+00 1.566836e+00 1.571223e+00 1.576091e+00 1.581447e+00 1.587298e+00 1.593651e+00 1.600516e+00 1.607902e+00 1.615819e+00 1.624277e+00 1.633288e+00 1.642865e+00 1.653020e+00 1.663767e+00 1.675121e+00 1.687098e+00 1.699713e+00 1.712983e+00 1.726928e+00 1.741565e+00 1.756915e+00 1.772998e+00 1.804331e+00 1.847236e+00 1.887269e+00 1.924479e+00 1.958908e+00 1.990598e+00 2.019587e+00 2.045909e+00 2.069595e+00 2.090673e+00 2.109168e+00 2.125103e+00 2.138495e+00 2.149362e+00
1.349721e+00 1.350455e+00 1.351307e+00 1.352278e+00 1.353370e+00 1.354586e+00 1.355928e+00 1.357397e+00 1.358998e+00 1.360732e+00 1.362603e+00 1.364615e+00 1.366771e+00 1.369074e+00 1.372165e+00 1.375850e+00 1.379500e+00 1.383120e+00 1.386715e+00 1.390291e+00 1.393853e+00 1.397406e+00 1.400955e+00 1.404505e+00 1.408062e+00 1.411630e+00 1.415214e+00 1.418821e+00 1.422454e+00 1.426120e+00 1.429824e+00 1.433571e+00 1.437365e+00 1.441214e+00 1.445123e+00 1.449096e+00 1.453140e+00 1.457261e+00 1.461465e+00 1.465757e+00 1.470144e+00 1.474633e+00 1.479229e+00 1.483940e+00 1.488772e+00 1.493733e+00 1.498828e+00 1.504067e+00 1.509456e+00 1.515003e+00 1.520716e+00 1.526604e+00 1.532674e+00 1.538937e+00 1.543214e+00 1.545035e+00 1.546588e+00 1.547874e+00 1.548896e+00 1.549654e+00 1.550150e+00 1.550384e+00 1.550357e+00 1.550069e+00 1.549519e+00 1.548706e+00 1.547630e+00 1.546288e+00
1.816749e+00 1.850293e+00 1.885345e+00 1.921991e+00 1.960322e+00 2.000435e+00 2.042429e+00 2.086407e+00 2.132480e+00 2.180762e+00 2.231374e+00 2.284439e+00 2.340092e+00 2.398470e+00 2.448972e+00 2.487331e+00 2.524322e+00 2.559971e+00 2.594304e+00 2.627346e+00 2.659121e+00 2.689651e+00 2.718959e+00 2.747066e+00 2.773991e+00 2.799755e+00 2.824375e+00 2.847871e+00 2.870258e+00 2.891552e+00 2.911770e+00 2.930925e+00 2.949032e+00 2.966104e+00 2.982152e+00 2.997188e+00 3.011224e+00 3.024269e+00 3.036333e+00 3.047424e+00 3.057551e+00 3.066720e+00 3.074939e+00 3.082213e+00 3.088547e+00 3.093947e+00 3.098415e+00 3.101956e+00 3.104571e+00 3.106263e+00 3.107033e+00 3.106881e+00 3.105807e+00 3.103811e+00 3.095166e+00 3.081938e+00 3.069834e+00 3.058837e+00 3.048930e+00 3.040098e+00 3.032328e+00 3.025609e+00 3.019930e+00 3.015283e+00 3.011662e+00 3.009060e+00 3.007475e+00 3.006903e+00
1.398135e+00 1.412420e+00 1.426829e+00 1.441386e+00 1.456118e+00 1.471050e+00 1.486209e+00 1.501621e+00 1.517314e+00 1.533315e+00 1.549652e+00 1.566355e+00 1.583452e+00 1.600975e+00 1.617153e+00 1.631465e+00 1.645752e+00 1.660055e+00 1.674416e+00 1.688877e+00 1.703480e+00 1.718269e+00 1.733286e+00 1.748574e+00 1.764180e+00 1.780148e+00 1.796526e+00 1.813360e+00 1.830700e+00 1.848598e+00 1.867104e+00 1.886274e+00 1.906163e+00 1.926830e+00 1.948334e+00 1.970739e+00 1.994110e+00 2.018516e+00 2.044027e+00 2.070719e+00 2.098669e+00 2.127959e+00 2.158675e+00 2.190906e+00 2.224747e+00 2.260296e+00 2.297658e+00 2.336942e+00 2.378262e+00 2.421739e+00 2.467501e+00 2.515681e+00 2.566419e+00 2.619865e+00 2.663987e+00 2.693918e+00 2.721857e+00 2.747817e+00 2.771808e+00 2.793840e+00 2.813922e+00 2.832062e+00 2.848269e+00 2.862548e+00 2.874905e+00 2.885346e+00 2.893875e+00 2.900496e+00
1.191211e+00 1.199229e+00 1.207212e+00 1.215167e+00 1.223096e+00 1.231006e+00 1.238900e+00 1.246782e+00 1.254658e+00 1.262531e+00 1.270406e+00 1.278287e+00 1.286179e+00 1.294087e+00 1.307849e+00 1.326879e+00 1.345393e+00 1.363445e+00 1.381085e+00 1.398362e+00 1.415324e+00 1.432021e+00 1.448497e+00 1.464801e+00 1.480977e+00 1.497071e+00 1.513128e+00 1.529194e+00 1.545313e+00 1.561530e+00 1.577892e+00 1.594444e+00 1.611233e+00 1.628306e+00 1.645710e+00 1.663495e+00 1.681711e+00 1.700409e+00 1.719641e+00 1.739461e+00 1.759925e+00 1.781091e+00 1.803018e+00 1.825768e+00 1.849404e+00 1.873993e+00 1.899604e+00 1.926309e+00 1.954183e+00 1.983304e+00 2.013754e+00 2.045618e+00 2.078987e+00 2.113953e+00 2.139700e+00 2.153805e+00 2.167189e+00 2.179859e+00 2.191819e+00 2.203077e+00 2.213635e+00 2.223501e+00 2.232677e+00 2.241169e+00 2.248979e+00 2.256112e+00 2.262571e+00 2.268358e+00
1.149496e+00 1.127216e+00 1.103876e+00 1.079464e+00 1.053966e+00 1.027367e+00 9.996546e-01 9.708115e-01 9.408224e-01 9.096704e-01 8.773384e-01 8.438085e-01 8.090619e-01 7.730795e-01 7.484197e-01 7.368182e-01 7.256841e-01 7.150051e-01 7.047696e-01 6.949662e-01 6.855841e-01 6.766132e-01 6.680435e-01 6.598657e-01 6.520707e-01 6.446500e-01 6.375955e-01 6.308993e-01 6.245542e-01 6.185532e-01 6.128897e-01 6.075574e-01 6.025505e-01 5.978636e-01 5.934914e-01 5.894292e-01 5.856725e-01 5.822172e-01 5.790595e-01 5.761959e-01 5.736233e-01 5.713388e-01 5.693400e-01 5.676246e-01 5.661907e-01 5.650369e-01 5.641618e-01 5.635645e-01 5.632442e-01 5.632007e-01 5.634340e-01 5.639441e-01 5.647318e-01 5.657979e-01 5.676993e-01 5.704141e-01 5.733922e-01 5.766395e-01 5.801626e-01 5.839686e-01 5.880652e-01 5.924606e-01 5.971636e-01 6.021837e-01 6.075311e-01 6.132165e-01 6.192514e-01 6.256479e-01
6.849436e-01 7.054170e-01 7.272473e-01 7.505319e-01 7.753743e-01 8.018852e-01 8.301826e-01 8.603925e-01 8.926495e-01 9.270971e-01 9.638887e-01 1.003188e+00 1.045170e+00 1.090023e+00 1.121017e+00 1.134845e+00 1.148463e+00 1.161896e+00 1.175172e+00 1.188316e+00 1.201355e+00 1.214315e+00 1.227220e+00 1.240096e+00 1.252968e+00 1.265863e+00 1.278805e+00 1.291820e+00 1.304933e+00 1.318171e+00 1.331559e+00 1.345124e+00 1.358893e+00 1.372892e+00 1.387150e+00 1.401694e+00 1.416553e+00 1.431756e+00 1.447334e+00 1.463317e+00 1.479737e+00 1.496625e+00 1.514016e+00 1.531943e+00 1.550442e+00 1.569549e+00 1.589303e+00 1.609741e+00 1.630904e+00 1.652834e+00 1.675575e+00 1.699170e+00 1.723667e+00 1.749114e+00 1.774756e+00 1.798338e+00 1.820675e+00 1.841775e+00 1.861647e+00 1.880299e+00 1.897739e+00 1.913972e+00 1.929007e+00 1.942849e+00 1.955503e+00 1.966975e+00 1.977269e+00 1.986390e+00
2.540469e+00 2.536490e+00 2.531128e+00 2.524379e+00 2.516234e+00 2.506686e+00 2.495724e+00 2.483336e+00 2.469510e+00 2.454232e+00 2.437484e+00 2.419250e+00 2.399511e+00 2.378244e+00 2.324090e+00 2.244073e+00 2.169286e+00 2.099497e+00 2.034492e+00 1.974069e+00 1.918042e+00 1.866238e+00 1.818497e+00 1.774673e+00 1.734629e+00 1.698242e+00 1.665399e+00 1.636000e+00 1.609953e+00 1.587179e+00 1.567606e+00 1.551175e+00 1.537835e+00 1.527544e+00 1.520270e+00 1.515993e+00 1.514697e+00 1.516379e+00 1.521045e+00 1.528708e+00 1.539393e+00 1.553132e+00 1.569968e+00 1.589953e+00 1.613148e+00 1.639625e+00 1.669466e+00 1.702762e+00 1.739617e+00 1.780145e+00 1.824470e+00 1.872729e+00 1.925072e+00 1.981660e+00 2.017820e+00 2.028080e+00 2.037290e+00 2.045453e+00 2.052573e+00 2.058651e+00 2.063691e+00 2.067694e+00 2.070661e+00 2.072594e+00 2.073493e+00 2.073359e+00 2.072191e+00 2.069989e+00
9.907648e-01 9.848359e-01 9.787063e-01 9.723650e-01 9.658007e-01 9.590014e-01 9.519551e-01 9.446490e-01 9.370702e-01 9.292049e-01 9.210390e-01 9.125579e-01 9.037464e-01 8.945886e-01 8.865367e-01 8.800362e-01 8.736109e-01 8.672534e-01 8.609563e-01 8.547123e-01 8.485141e-01 8.423547e-01 8.362268e-01 8.301234e-01 8.240374e-01 8.179617e-01 8.118893e-01 8.058133e-01 7.997264e-01 7.936217e-01 7.874922e-01 7.813307e-01 7.751300e-01 7.688830e-01 7.625825e-01 7.562212e-01 7.497917e-01 7.432864e-01 7.366981e-01 7.300188e-01 7.232411e-01 7.163569e-01 7.093583e-01 7.022372e-01 6.949855e-01 6.875945e-01 6.800559e-01 6.723608e-01 6.645004e-01 6.564655e-01 6.482469e-01 6.398350e-01 6.312201e-01 6.223922e-01 6.132312e-01 6.040769e-01 5.950345e-01 5.860993e-01 5.772668e-01 5.685325e-01 5.598918e-01 5.513404e-01 5.428738e-01 5.344877e-01 5.261779e-01 5.179400e-01 5.097698e-01 5.016632e-01
2.092635e+00 2.102934e+00 2.113910e+00 2.125632e+00 2.138174e+00 2.151618e+00 2.166048e+00 2.181558e+00 2.198245e+00 2.216218e+00 2.235590e+00 2.256486e+00 2.279038e+00 2.303392e+00 2.321760e+00 2.331277e+00 2.339890e+00 2.347603e+00 2.354419e+00 2.360341e+00 2.365372e+00 2.369513e+00 2.372767e+00 2.375134e+00 2.376617e+00 2.377215e+00 2.376929e+00 2.375759e+00 2.373704e+00 2.370764e+00 2.366936e+00 2.362220e+00 2.356613e+00 2.350114e+00 2.342718e+00 2.334423e+00 2.325226e+00 2.315122e+00 2.304107e+00 2.292176e+00 2.279324e+00 2.265546e+00 2.250835e+00 2.235186e+00 2.218591e+00 2.201043e+00 2.182535e+00 2.163058e+00 2.142605e+00 2.121166e+00 2.098731e+00 2.075293e+00 2.050839e+00 2.025361e+00 1.979982e+00 1.920167e+00 1.864460e+00 1.812558e+00 1.764183e+00 1.719075e+00 1.676990e+00 1.637701e+00 1.600997e+00 1.566680e+00 1.534565e+00 1.504480e+00 1.476262e+00 1.449759e+00
1.626727e+00 1.626672e+00 1.625898e+00 1.624406e+00 1.622192e+00 1.619253e+00 1.615583e+00 1.611177e+00 1.606025e+00 1.600120e+00 1.593450e+00 1.586005e+00 1.577770e+00 1.568732e+00 1.555568e+00 1.539857e+00 1.524874e+00 1.510589e+00 1.496976e+00 1.484006e+00 1.471656e+00 1.459899e+00 1.448714e+00 1.438079e+00 1.427972e+00 1.418374e+00 1.409265e+00 1.400629e+00 1.392448e+00 1.384706e+00 1.377387e+00 1.370479e+00 1.363966e+00 1.357837e+00 1.352078e+00 1.346680e+00 1.341631e+00 1.336921e+00 1.332541e+00 1.328483e+00 1.324739e+00 1.321301e+00 1.318162e+00 1.315317e+00 1.312759e+00 1.310485e+00 1.308488e+00 1.306766e+00 1.305315e+00 1.304132e+00 1.303215e+00 1.302562e+00 1.302172e+00 1.302044e+00 1.302148e+00 1.301702e+00 1.300733e+00 1.299241e+00 1.297226e+00 1.294687e+00 1.291621e+00 1.288027e+00 1.283904e+00 1.279249e+00 1.274060e+00 1.268333e+00 1.262066e+00 1.255255e+00
2.440152e+00 2.438025e+00 2.435678e+00 2.433107e+00 2.430310e+00 2.427284e+00 2.424026e+00 2.420531e+00 2.416796e+00 2.412818e+00 2.408590e+00 2.404110e+00 2.399372e+00 2.394370e+00 2.387236e+00 2.378327e+00 2.369482e+00 2.360675e+00 2.351881e+00 2.343076e+00 2.334234e+00 2.325331e+00 2.316341e+00 2.307240e+00 2.298002e+00 2.288600e+00 2.279008e+00 2.269199e+00 2.259145e+00 2.248819e+00 2.238190e+00 2.227229e+00 2.215904e+00 2.204185e+00 2.192038e+00 2.179428e+00 2.166320e+00 2.152678e+00 2.138462e+00 2.123633e+00 2.108148e+00 2.091964e+00 2.075036e+00 2.057315e+00 2.038752e+00 2.019294e+00 1.998887e+00 1.977472e+00 1.954990e+00 1.931377e+00 1.906566e+00 1.880488e+00 1.853068e+00 1.824230e+00 1.795893e+00 1.770792e+00 1.746900e+00 1.724190e+00 1.702638e+00 1.682221e+00 1.662917e+00 1.644705e+00 1.627565e+00 1.611479e+00 1.596430e+00 1.582401e+00 1.569378e+00 1.557345e+00
8.868918e-01 9.057947e-01 9.252050e-01 9.451851e-01 9.657991e-01 9.871133e-01 1.009196e+00 1.032119e+00 1.055954e+00 1.080780e+00 1.106675e+00 1.133722e+00 1.162010e+00 1.191627e+00 1.212916e+00 1.224111e+00 1.234982e+00 1.245544e+00 1.255812e+00 1.265799e+00 1.275519e+00 1.284984e+00 1.294209e+00 1.303204e+00 1.311983e+00 1.320556e+00 1.328937e+00 1.337135e+00 1.345162e+00 1.353030e+00 1.360747e+00 1.368326e+00 1.375776e+00 1.383108e+00 1.390330e+00 1.397453e+00 1.404487e+00 1.411441e+00 1.418325e+00 1.425147e+00 1.431917e+00 1.438644e+00 1.445337e+00 1.452006e+00 1.458658e+00 1.465304e+00 1.471952e+00 1.478612e+00 1.485291e+00 1.492000e+00 1.498747e+00 1.505541e+00 1.512391e+00 1.519308e+00 1.526861e+00 1.534136e+00 1.540578e+00 1.546194e+00 1.550990e+00 1.554973e+00 1.558147e+00 1.560515e+00 1.562079e+00 1.562842e+00 1.562805e+00 1.561966e+00 1.560327e+00 1.557884e+00
2.954750e+00 2.999558e+00 3.044384e+00 3.089294e+00 3.134353e+00 3.179627e+00 3.225184e+00 3.271090e+00 3.317413e+00 3.364220e+00 3.411581e+00 3.459566e+00 3.508244e+00 3.557687e+00 3.604559e+00 3.645547e+00 3.684067e+00 3.720128e+00 3.753733e+00 3.784889e+00 3.813601e+00 3.839874e+00 3.863713e+00 3.885120e+00 3.904100e+00 3.920656e+00 3.934791e+00 3.946506e+00 3.955805e+00 3.962688e+00 3.967156e+00 3.969211e+00 3.968853e+00 3.966081e+00 3.960896e+00 3.953296e+00 3.943280e+00 3.930846e+00 3.915993e+00 3.898717e+00 3.879017e+00 3.856888e+00 3.832327e+00 3.805331e+00 3.775893e+00 3.744010e+00 3.709677e+00 3.672887e+00 3.633634e+00 3.591912e+00 3.547714e+00 3.501032e+00 3.451860e+00 3.400187e+00 3.280825e+00 3.110543e+00 2.953447e+00 2.808541e+00 2.674907e+00 2.551700e+00 2.438138e+00 2.333502e+00 2.237131e+00 2.148413e+00 2.066788e+00 1.991736e+00 1.922785e+00 1.859496e+00
1.452602e+00 1.449969e+00 1.446911e+00 1.443423e+00 1.439498e+00 1.435130e+00 1.430311e+00 1.425031e+00 1.419283e+00 1.413054e+00 1.406334e+00 1.399111e+00 1.391372e+00 1.383103e+00 1.373435e+00 1.363764e+00 1.354915e+00 1.346867e+00 1.339597e+00 1.333088e+00 1.327322e+00 1.322284e+00 1.317962e+00 1.314343e+00 1.311419e+00 1.309182e+00 1.307625e+00 1.306746e+00 1.306542e+00 1.307012e+00 1.308157e+00 1.309981e+00 1.312488e+00 1.315684e+00 1.319579e+00 1.324182e+00 1.329504e+00 1.335561e+00 1.342368e+00 1.349941e+00 1.358302e+00 1.367472e+00 1.377474e+00 1.388335e+00 1.400083e+00 1.412749e+00 1.426365e+00 1.440966e+00 1.456591e+00 1.473281e+00 1.491079e+00 1.510030e+00 1.530185e+00 1.551596e+00 1.576790e+00 1.602715e+00 1.626964e+00 1.649598e+00 1.670672e+00 1.690239e+00 1.708348e+00 1.725045e+00 1.740370e+00 1.754362e+00 1.767057e+00 1.778485e+00 1.788675e+00 1.797653e+00
2.201662e+00 2.234434e+00 2.268809e+00 2.304872e+00 2.342713e+00 2.382424e+00 2.424103e+00 2.467854e+00 2.513784e+00 2.562006e+00 2.612640e+00 2.665810e+00 2.721648e+00 2.780291e+00 2.840080e+00 2.895080e+00 2.947116e+00 2.996203e+00 3.042359e+00 3.085600e+00 3.125940e+00 3.163393e+00 3.197972e+00 3.229688e+00 3.258553e+00 3.284576e+00 3.307766e+00 3.328130e+00 3.345677e+00 3.360411e+00 3.372338e+00 3.381462e+00 3.387786e+00 3.391313e+00 3.392042e+00 3.389975e+00 3.385111e+00 3.377448e+00 3.366984e+00 3.353714e+00 3.337636e+00 3.318742e+00 3.297027e+00 3.272483e+00 3.245102e+00 3.214875e+00 3.181791e+00 3.145839e+00 3.107006e+00 3.065281e+00 3.020647e+00 2.973091e+00 2.922596e+00 2.869145e+00 2.805440e+00 2.736771e+00 2.670327e+00 2.606021e+00 2.543770e+00 2.483492e+00 2.425108e+00 2.368543e+00 2.313722e+00 2.260575e+00 2.209031e+00 2.159025e+00 2.110490e+00 2.063363e+00
2.311701e+00 2.355123e+00 2.402116e+00 2.453030e+00 2.508245e+00 2.568173e+00 2.633262e+00 2.703998e+00 2.780907e+00 2.864566e+00 2.955597e+00 3.054681e+00 3.162558e+00 3.280031e+00 3.355840e+00 3.378395e+00 3.399847e+00 3.420211e+00 3.439496e+00 3.457716e+00 3.474881e+00 3.491001e+00 3.506086e+00 3.520144e+00 3.533184e+00 3.545215e+00 3.556242e+00 3.566272e+00 3.575312e+00 3.583367e+00 3.590442e+00 3.596540e+00 3.601666e+00 3.605822e+00 3.609011e+00 3.611235e+00 3.612495e+00 3.612792e+00 3.612126e+00 3.610496e+00 3.607903e+00 3.604343e+00 3.599816e+00 3.594318e+00 3.587846e+00 3.580397e+00 3.571965e+00 3.562546e+00 3.552134e+00 3.540723e+00 3.528307e+00 3.514877e+00 3.500427e+00 3.484946e+00 3.435152e+00 3.354490e+00 3.276167e+00 3.200120e+00 3.126285e+00 3.054603e+00 2.985015e+00 2.917462e+00 2.851891e+00 2.788245e+00 2.726475e+00 2.666527e+00 2.608355e+00 2.551908e+00
1.878749e+00 1.861570e+00 1.843203e+00 1.823634e+00 1.802849e+00 1.780833e+00 1.757568e+00 1.733037e+00 1.707222e+00 1.680104e+00 1.651663e+00 1.621876e+00 1.590723e+00 1.558180e+00 1.533562e+00 1.518982e+00 1.505087e+00 1.491866e+00 1.479308e+00 1.467402e+00 1.456141e+00 1.445513e+00 1.435512e+00 1.426128e+00 1.417355e+00 1.409185e+00 1.401612e+00 1.394630e+00 1.388232e+00 1.382415e+00 1.377173e+00 1.372502e+00 1.368399e+00 1.364860e+00 1.361881e+00 1.359462e+00 1.357600e+00 1.356293e+00 1.355540e+00 1.355342e+00 1.355696e+00 1.356605e+00 1.358069e+00 1.360088e+00 1.362664e+00 1.365800e+00 1.369498e+00 1.373761e+00 1.378593e+00 1.383996e+00 1.389977e+00 1.396538e+00 1.403687e+00 1.411427e+00 1.420703e+00 1.430271e+00 1.439206e+00 1.447523e+00 1.455231e+00 1.462342e+00 1.468865e+00 1.474810e+00 1.480184e+00 1.484996e+00 1.489251e+00 1.492955e+00 1.496114e+00 1.498732e+00
4.148353e+00 4.215188e+00 4.282913e+00 4.351622e+00 4.421407e+00 4.492364e+00 4.564591e+00 4.638186e+00 4.713250e+00 4.789885e+00 4.868196e+00 4.948291e+00 5.030278e+00 5.114270e+00 5.190888e+00 5.255659e+00 5.318085e+00 5.378175e+00 5.435936e+00 5.491375e+00 5.544499e+00 5.595315e+00 5.643829e+00 5.690049e+00 5.733978e+00 5.775623e+00 5.814990e+00 5.852083e+00 5.886906e+00 5.919465e+00 5.949764e+00 5.977805e+00 6.003594e+00 6.027132e+00 6.048423e+00 6.067470e+00 6.084276e+00 6.098841e+00 6.111168e+00 6.121259e+00 6.129115e+00 6.134737e+00 6.138126e+00 6.139281e+00 6.138204e+00 6.134894e+00 6.129350e+00 6.121573e+00 6.111560e+00 6.099311e+00 6.084824e+00 6.068098e+00 6.049129e+00 6.027917e+00 5.996516e+00 5.955023e+00 5.911367e+00 5.865535e+00 5.817511e+00 5.767281e+00 5.714828e+00 5.660137e+00 5.603189e+00 5.543967e+00 5.482452e+00 5.418625e+00 5.352465e+00 5.283952e+00
1.162711e+00 1.164994e+00 1.167362e+00 1.169816e+00 1.172356e+00 1.174984e+00 1.177702e+00 1.180511e+00 1.183412e+00 1.186407e+00 1.189497e+00 1.192685e+00 1.195971e+00 1.199358e+00 1.216760e+00 1.245284e+00 1.271268e+00 1.294941e+00 1.316509e+00 1.336161e+00 1.354070e+00 1.370393e+00 1.385273e+00 1.398840e+00 1.411214e+00 1.422502e+00 1.432804e+00 1.442209e+00 1.450801e+00 1.458655e+00 1.465840e+00 1.472418e+00 1.478447e+00 1.483981e+00 1.489067e+00 1.493750e+00 1.498071e+00 1.502069e+00 1.505777e+00 1.509230e+00 1.512456e+00 1.515484e+00 1.518342e+00 1.521053e+00 1.523641e+00 1.526130e+00 1.528541e+00 1.530895e+00 1.533213e+00 1.535516e+00 1.537822e+00 1.540153e+00 1.542529e+00 1.544971e+00 1.546932e+00 1.548550e+00 1.550396e+00 1.552473e+00 1.554785e+00 1.557336e+00 1.560129e+00 1.563171e+00 1.566465e+00 1.570019e+00 1.573837e+00 1.577926e+00 1.582294e+00 1.586948e+00
1.393991e+00 1.401485e+00 1.410760e+00 1.421832e+00 1.434716e+00 1.449436e+00 1.466013e+00 1.484476e+00 1.504852e+00 1.527176e+00 1.551482e+00 1.577811e+00 1.606204e+00 1.636706e+00 1.678797e+00 1.726544e+00 1.770678e+00 1.811350e+00 1.848695e+00 1.882840e+00 1.913899e+00 1.941977e+00 1.967168e+00 1.989558e+00 2.009222e+00 2.026225e+00 2.040626e+00 2.052473e+00 2.061805e+00 2.068654e+00 2.073043e+00 2.074987e+00 2.074493e+00 2.071558e+00 2.066173e+00 2.058320e+00 2.047973e+00 2.035095e+00 2.019645e+00 2.001570e+00 1.980809e+00 1.957293e+00 1.930941e+00 1.901666e+00 1.869369e+00 1.833940e+00 1.795262e+00 1.753202e+00 1.707621e+00 1.658364e+00 1.605266e+00 1.548147e+00 1.486816e+00 1.421065e+00 1.379108e+00 1.365968e+00 1.353203e+00 1.340803e+00 1.328761e+00 1.317068e+00 1.305716e+00 1.294698e+00 1.284005e+00 1.273632e+00 1.263569e+00 1.253812e+00 1.244353e+00 1.235185e+00
1.827125e+00 1.836530e+00 1.844986e+00 1.852501e+00 1.859083e+00 1.864739e+00 1.869473e+00 1.873292e+00 1.876198e+00 1.878194e+00 1.879282e+00 1.879464e+00 1.878740e+00 1.877108e+00 1.875161e+00 1.873712e+00 1.872167e+00 1.870524e+00 1.868782e+00 1.866939e+00 1.864995e+00 1.862948e+00 1.860795e+00 1.858537e+00 1.856171e+00 1.853695e+00 1.851107e+00 1.848406e+00 1.845589e+00 1.842655e+00 1.839601e+00 1.836424e+00 1.833123e+00 1.829695e+00 1.826138e+00 1.822448e+00 1.818623e+00 1.814661e+00 1.810557e+00 1.806310e+00 1.801916e+00 1.797371e+00 1.792672e+00 1.787816e+00 1.782800e+00 1.777618e+00 1.772268e+00 1.766746e+00 1.761046e+00 1.755166e+00 1.749101e+00 1.742845e+00 1.736395e+00 1.729745e+00 1.722779e+00 1.715646e+00 1.708452e+00 1.701188e+00 1.693846e+00 1.686416e+00 1.678890e+00 1.671259e+00 1.663514e+00 1.655646e+00 1.647646e+00 1.639503e+00 1.631210e+00 1.622755e+00
1.245410e+00 1.249205e+00 1.253048e+00 1.256938e+00 1.260877e+00 1.264865e+00 1.268902e+00 1.272988e+00 1.277125e+00 1.281312e+00 1.285550e+00 1.289839e+00 1.294180e+00 1.298573e+00 1.317571e+00 1.348298e+00 1.376418e+00 1.402132e+00 1.425621e+00 1.447051e+00 1.466575e+00 1.484330e+00 1.500443e+00 1.515027e+00 1.528186e+00 1.540012e+00 1.550591e+00 1.559996e+00 1.568294e+00 1.575544e+00 1.581798e+00 1.587100e+00 1.591486e+00 1.594989e+00 1.597634e+00 1.599437e+00 1.600414e+00 1.600570e+00 1.599907e+00 1.598420e+00 1.596098e+00 1.592925e+00 1.588878e+00 1.583930e+00 1.578044e+00 1.571179e+00 1.563287e+00 1.554311e+00 1.544189e+00 1.532847e+00 1.520207e+00 1.506178e+00 1.490661e+00 1.473547e+00 1.461651e+00 1.456031e+00 1.449746e+00 1.442792e+00 1.435167e+00 1.426867e+00 1.417888e+00 1.408225e+00 1.397874e+00 1.386830e+00 1.375087e+00 1.362641e+00 1.349484e+00 1.335611e+00
2.395466e+00 2.399546e+00 2.403850e+00 2.408384e+00 2.413151e+00 2.418158e+00 2.423410e+00 2.428914e+00 2.434676e+00 2.440702e+00 2.446999e+00 2.453576e+00 2.460439e+00 2.467596e+00 2.484614e+00 2.510183e+00 2.534779e+00 2.558435e+00 2.581182e+00 2.603051e+00 2.624071e+00 2.644271e+00 2.663676e+00 2.682313e+00 2.700208e+00 2.717383e+00 2.733861e+00 2.749666e+00 2.764817e+00 2.779336e+00 2.793240e+00 2.806550e+00 2.819283e+00 2.831455e+00 2.843084e+00 2.854184e+00 2.864770e+00 2.874857e+00 2.884458e+00 2.893586e+00 2.902253e+00 2.910470e+00 2.918249e+00 2.925600e+00 2.932533e+00 2.939057e+00 2.945180e+00 2.950912e+00 2.956259e+00 2.961229e+00 2.965828e+00 2.970062e+00 2.973938e+00 2.977460e+00 2.979631e+00 2.979592e+00 2.978349e+00 2.975899e+00 2.972241e+00 2.967373e+00 2.961292e+00 2.953995e+00 2.945477e+00 2.935734e+00 2.924758e+00 2.912545e+00 2.899086e+00 2.884374e+00
1.004387e+00 9.984436e-01 9.922847e-01 9.859017e-01 9.792856e-01 9.724270e-01 9.653162e-01 9.579432e-01 9.502975e-01 9.423683e-01 9.341444e-01 9.256142e-01 9.167656e-01 9.075861e-01 8.972898e-01 8.871186e-01 8.778350e-01 8.694293e-01 8.618927e-01 8.552173e-01 8.493963e-01 8.444235e-01 8.402938e-01 8.370028e-01 8.345471e-01 8.329242e-01 8.321324e-01 8.321707e-01 8.330394e-01 8.347393e-01 8.372721e-01 8.406405e-01 8.448480e-01 8.498990e-01 8.557987e-01 8.625534e-01 8.701700e-01 8.786566e-01 8.880218e-01 8.982756e-01 9.094286e-01 9.214924e-01 9.344796e-01 9.484038e-01 9.632795e-01 9.791221e-01 9.959482e-01 1.013775e+00 1.032622e+00 1.052508e+00 1.073454e+00 1.095482e+00 1.118615e+00 1.142876e+00 1.175866e+00 1.214069e+00 1.250009e+00 1.283774e+00 1.315446e+00 1.345106e+00 1.372825e+00 1.398673e+00 1.422713e+00 1.445005e+00 1.465603e+00 1.484559e+00 1.501920e+00 1.517729e+00
2.913783e+00 2.918358e+00 2.921381e+00 2.922854e+00 2.922775e+00 2.921147e+00 2.917967e+00 2.913236e+00 2.906953e+00 2.899116e+00 2.889724e+00 2.878775e+00 2.866267e+00 2.852198e+00 2.814446e+00 2.759115e+00 2.708090e+00 2.661153e+00 2.618106e+00 2.578767e+00 2.542968e+00 2.510557e+00 2.481397e+00 2.455364e+00 2.432347e+00 2.412250e+00 2.394986e+00 2.380483e+00 2.368678e+00 2.359523e+00 2.352977e+00 2.349013e+00 2.347615e+00 2.348776e+00 2.352502e+00 2.358808e+00 2.367720e+00 2.379278e+00 2.393529e+00 2.410534e+00 2.430366e+00 2.453108e+00 2.478858e+00 2.507723e+00 2.539828e+00 2.575307e+00 2.614312e+00 2.657008e+00 2.703577e+00 2.754215e+00 2.809138e+00 2.868578e+00 2.932789e+00 3.002042e+00 3.067943e+00 3.121348e+00 3.171014e+00 3.217010e+00 3.259395e+00 3.298228e+00 3.333559e+00 3.365436e+00 3.393901e+00 3.418993e+00 3.440745e+00 3.459186e+00 3.474341e+00 3.486230e+00
1.291173e+00 1.297690e+00 1.303986e+00 1.310063e+00 1.315925e+00 1.321574e+00 1.327012e+00 1.332242e+00 1.337267e+00 1.342088e+00 1.346707e+00 1.351127e+00 1.355349e+00 1.359376e+00 1.362848e+00 1.365803e+00 1.368605e+00 1.371259e+00 1.373766e+00 1.376132e+00 1.378359e+00 1.380449e+00 1.382406e+00 1.384231e+00 1.385928e+00 1.387498e+00 1.388944e+00 1.390267e+00 1.391469e+00 1.392552e+00 1.393517e+00 1.394365e+00 1.395097e+00 1.395715e+00 1.396218e+00 1.396609e+00 1.396886e+00 1.397051e+00 1.397104e+00 1.397045e+00 1.396874e+00 1.396590e+00 1.396193e+00 1.395683e+00 1.395059e+00 1.394320e+00 1.393465e+00 1.392494e+00 1.391404e+00 1.390195e+00 1.388865e+00 1.387413e+00 1.385835e+00 1.384131e+00 1.375540e+00 1.361524e+00 1.348686e+00 1.336885e+00 1.325990e+00 1.315879e+00 1.306441e+00 1.297570e+00 1.289169e+00 1.281145e+00 1.273407e+00 1.265871e+00 1.258454e+00 1.251072e+00
2.601561e+00 2.635766e+00 2.669274e+00 2.702117e+00 2.734325e+00 2.765927e+00 2.796955e+00 2.827435e+00 2.857397e+00 2.886869e+00 2.915878e+00 2.944451e+00 2.972614e+00 3.000394e+00 3.019679e+00 3.030203e+00 3.040109e+00 3.049401e+00 3.058083e+00 3.066160e+00 3.073634e+00 3.080509e+00 3.086788e+00 3.092474e+00 3.097569e+00 3.102076e+00 3.105997e+00 3.109333e+00 3.112086e+00 3.114257e+00 3.115848e+00 3.116858e+00 3.117288e+00 3.117138e+00 3.116409e+00 3.115101e+00 3.113211e+00 3.110740e+00 3.107687e+00 3.104050e+00 3.099827e+00 3.095017e+00 3.089617e+00 3.083626e+00 3.077040e+00 3.069857e+00 3.062073e+00 3.053685e+00 3.044689e+00 3.035081e+00 3.024857e+00 3.014012e+00 3.002542e+00 2.990442e+00 2.938178e+00 2.853575e+00 2.775532e+00 2.703469e+00 2.636852e+00 2.575187e+00 2.518016e+00 2.464916e+00 2.415492e+00 2.369377e+00 2.326231e+00 2.285732e+00 2.247581e+00 2.211494e+00
1.183015e+00 1.213512e+00 1.247103e+00 1.284073e+00 1.324733e+00 1.369430e+00 1.418542e+00 1.472485e+00 1.531716e+00 1.596737e+00 1.668099e+00 1.746406e+00 1.832323e+00 1.926577e+00 1.991384e+00 2.016139e+00 2.039462e+00 2.061386e+00 2.081943e+00 2.101162e+00 2.119071e+00 2.135696e+00 2.151060e+00 2.165187e+00 2.178095e+00 2.189803e+00 2.200329e+00 2.209687e+00 2.217892e+00 2.224954e+00 2.230883e+00 2.235690e+00 2.239379e+00 2.241957e+00 2.243427e+00 2.243792e+00 2.243052e+00 2.241205e+00 2.238250e+00 2.234182e+00 2.228994e+00 2.222681e+00 2.215232e+00 2.206637e+00 2.196883e+00 2.185957e+00 2.173843e+00 2.160523e+00 2.145978e+00 2.130188e+00 2.113130e+00 2.094778e+00 2.075108e+00 2.054089e+00 2.026476e+00 1.995042e+00 1.964975e+00 1.936246e+00 1.908827e+00 1.882691e+00 1.857812e+00 1.834168e+00 1.811734e+00 1.790488e+00 1.770411e+00 1.751482e+00 1.733683e+00 1.716997e+00
6.311094e+00 6.486463e+00 6.666964e+00 6.853055e+00 7.045212e+00 7.243924e+00 7.449698e+00 7.663060e+00 7.884552e+00 8.114739e+00 8.354210e+00 8.603574e+00 8.863467e+00 9.134553e+00 9.301005e+00 9.349243e+00 9.395786e+00 9.440639e+00 9.483804e+00 9.525285e+00 9.565086e+00 9.603208e+00 9.639655e+00 9.674430e+00 9.707536e+00 9.738974e+00 9.768748e+00 9.796859e+00 9.823310e+00 9.848102e+00 9.871238e+00 9.892719e+00 9.912548e+00 9.930724e+00 9.947251e+00 9.962128e+00 9.975358e+00 9.986941e+00 9.996878e+00 1.000517e+01 1.001182e+01 1.001682e+01 1.002018e+01 1.002190e+01 1.002197e+01 1.002040e+01 1.001719e+01 1.001233e+01 1.000583e+01 9.997681e+00 9.987890e+00 9.976454e+00 9.963370e+00 9.948639e+00 9.915476e+00 9.861310e+00 9.802906e+00 9.740241e+00 9.673294e+00 9.602040e+00 9.526454e+00 9.446509e+00 9.362175e+00 9.273422e+00 9.180219e+00 9.082531e+00 8.980324e+00 8.873561e+00
1.295601e+00 1.316399e+00 1.337942e+00 1.360269e+00 1.383420e+00 1.407438e+00 1.432366e+00 1.458249e+00 1.485135e+00 1.513072e+00 1.542110e+00 1.572303e+00 1.603706e+00 1.636374e+00 1.658335e+00 1.667878e+00 1.677043e+00 1.685837e+00 1.694267e+00 1.702339e+00 1.710059e+00 1.717432e+00 1.724465e+00 1.731162e+00 1.737529e+00 1.743569e+00 1.749288e+00 1.754690e+00 1.759778e+00 1.764557e+00 1.769031e+00 1.773201e+00 1.777072e+00 1.780646e+00 1.783927e+00 1.786916e+00 1.789615e+00 1.792027e+00 1.794154e+00 1.795996e+00 1.797556e+00 1.798834e+00 1.799832e+00 1.800550e+00 1.800989e+00 1.801149e+00 1.801030e+00 1.800632e+00 1.799955e+00 1.798999e+00 1.797762e+00 1.796243e+00 1.794442e+00 1.792358e+00 1.789877e+00 1.787244e+00 1.784570e+00 1.781855e+00 1.779098e+00 1.776298e+00 1.773456e+00 1.770571e+00 1.767643e+00 1.764670e+00 1.761653e+00 1.758591e+00 1.755484e+00 1.752331e+00
1.548349e+00 1.543412e+00 1.537929e+00 1.531898e+00 1.525317e+00 1.518183e+00 1.510494e+00 1.502247e+00 1.493439e+00 1.484067e+00 1.474126e+00 1.463614e+00 1.452526e+00 1.440858e+00 1.404603e+00 1.349425e+00 1.299063e+00 1.253278e+00 1.211852e+00 1.174588e+00 1.141310e+00 1.111858e+00 1.086093e+00 1.063892e+00 1.045150e+00 1.029777e+00 1.017701e+00 1.008863e+00 1.003223e+00 1.000752e+00 1.001440e+00 1.005290e+00 1.012319e+00 1.022562e+00 1.036066e+00 1.052897e+00 1.073135e+00 1.096874e+00 1.124230e+00 1.155331e+00 1.190325e+00 1.229379e+00 1.272679e+00 1.320430e+00 1.372860e+00 1.430218e+00 1.492777e+00 1.560834e+00 1.634712e+00 1.714764e+00 1.801370e+00 1.894942e+00 1.995925e+00 2.104798e+00 2.189112e+00 2.237746e+00 2.283715e+00 2.327063e+00 2.367832e+00 2.406062e+00 2.441788e+00 2.475045e+00 2.505864e+00 2.534277e+00 2.560309e+00 2.583985e+00 2.605329e+00 2.624361e+00
1.726961e+00 1.763062e+00 1.800107e+00 1.838132e+00 1.877174e+00 1.917271e+00 1.958461e+00 2.000785e+00 2.044283e+00 2.088998e+00 2.134974e+00 2.182254e+00 2.230885e+00 2.280913e+00 2.340790e+00 2.407207e+00 2.471782e+00 2.534534e+00 2.595483e+00 2.654647e+00 2.712043e+00 2.767689e+00 2.821603e+00 2.873799e+00 2.924294e+00 2.973103e+00 3.020241e+00 3.065722e+00 3.109559e+00 3.151767e+00 3.192357e+00 3.231342e+00 3.268734e+00 3.304544e+00 3.338782e+00 3.371460e+00 3.402587e+00 3.432172e+00 3.460224e+00 3.486752e+00 3.511764e+00 3.535268e+00 3.557269e+00 3.577776e+00 3.596794e+00 3.614329e+00 3.630386e+00 3.644970e+00 3.658086e+00 3.669738e+00 3.679928e+00 3.688660e+00 3.695937e+00 3.701761e+00 3.705628e+00 3.708157e+00 3.709855e+00 3.710721e+00 3.710757e+00 3.709961e+00 3.708334e+00 3.705876e+00 3.702585e+00 3.698462e+00 3.693504e+00 3.687711e+00 3.681082e+00 3.673614e+00
3.860864e+00 3.875691e+00 3.889848e+00 3.903343e+00 3.916182e+00 3.928372e+00 3.939921e+00 3.950834e+00 3.961117e+00 3.970776e+00 3.979816e+00 3.988241e+00 3.996057e+00 4.003268e+00 4.013994e+00 4.026001e+00 4.035191e+00 4.041582e+00 4.045183e+00 4.046001e+00 4.044037e+00 4.039288e+00 4.031745e+00 4.021396e+00 4.008224e+00 3.992205e+00 3.973312e+00 3.951514e+00 3.926773e+00 3.899046e+00 3.868287e+00 3.834443e+00 3.797456e+00 3.757263e+00 3.713796e+00 3.666980e+00 3.616736e+00 3.562978e+00 3.505614e+00 3.444547e+00 3.379671e+00 3.310878e+00 3.238048e+00 3.161058e+00 3.079777e+00 2.994066e+00 2.903779e+00 2.808762e+00 2.708852e+00 2.603879e+00 2.493665e+00 2.378021e+00 2.256750e+00 2.129645e+00 2.009319e+00 1.908844e+00 1.814960e+00 1.727265e+00 1.645384e+00 1.568968e+00 1.497691e+00 1.431246e+00 1.369352e+00 1.311742e+00 1.258170e+00 1.208409e+00 1.162244e+00 1.119479e+00
8.573305e-01 8.503565e-01 8.434166e-01 8.365023e-01 8.296054e-01 8.227176e-01 8.158305e-01 8.089359e-01 8.020255e-01 7.950910e-01 7.881241e-01 7.811163e-01 7.740593e-01 7.669446e-01 7.612055e-01 7.574288e-01 7.541687e-01 7.514212e-01 7.491834e-01 7.474525e-01 7.462266e-01 7.455044e-01 7.452850e-01 7.455681e-01 7.463541e-01 7.476438e-01 7.494388e-01 7.517411e-01 7.545534e-01 7.578787e-01 7.617211e-01 7.660848e-01 7.709748e-01 7.763968e-01 7.823570e-01 7.888621e-01 7.959197e-01 8.035377e-01 8.117250e-01 8.204908e-01 8.298453e-01 8.397990e-01 8.503635e-01 8.615508e-01 8.733738e-01 8.858458e-01 8.989813e-01 9.127952e-01 9.273034e-01 9.425224e-01 9.584698e-01 9.751636e-01 9.926231e-01 1.010868e+00 1.028807e+00 1.044478e+00 1.059013e+00 1.072431e+00 1.084749e+00 1.095981e+00 1.106144e+00 1.115249e+00 1.123308e+00 1.130331e+00 1.136328e+00 1.141305e+00 1.145269e+00 1.148226e+00
1.703569e+00 1.690904e+00 1.677298e+00 1.662732e+00 1.647191e+00 1.630656e+00 1.613107e+00 1.594523e+00 1.574882e+00 1.554161e+00 1.532335e+00 1.509378e+00 1.485263e+00 1.459961e+00 1.437602e+00 1.419883e+00 1.402619e+00 1.385784e+00 1.369353e+00 1.353304e+00 1.337611e+00 1.322252e+00 1.307205e+00 1.292447e+00 1.277957e+00 1.263714e+00 1.249696e+00 1.235883e+00 1.222255e+00 1.208792e+00 1.195475e+00 1.182282e+00 1.169196e+00 1.156197e+00 1.143266e+00 1.130384e+00 1.117532e+00 1.104691e+00 1.091843e+00 1.078968e+00 1.066048e+00 1.053064e+00 1.039996e+00 1.026827e+00 1.013535e+00 1.000102e+00 9.865081e-01 9.727334e-01 9.587576e-01 9.445602e-01 9.301204e-01 9.154170e-01 9.004285e-01 8.851328e-01 8.664488e-01 8.461896e-01 8.273644e-01 8.099275e-01 7.938364e-01 7.790517e-01 7.655375e-01 7.532608e-01 7.421917e-01 7.323032e-01 7.235712e-01 7.159743e-01 7.094942e-01 7.041150e-01
1.444742e+00 1.414881e+00 1.381740e+00 1.345289e+00 1.305497e+00 1.262330e+00 1.215748e+00 1.165713e+00 1.112179e+00 1.055100e+00 9.944267e-01 9.301057e-01 8.620808e-01 7.902926e-01 7.386785e-01 7.122249e-01 6.868894e-01 6.626311e-01 6.394110e-01 6.171919e-01 5.959379e-01 5.756150e-01 5.561904e-01 5.376330e-01 5.199128e-01 5.030014e-01 4.868716e-01 4.714975e-01 4.568544e-01 4.429186e-01 4.296679e-01 4.170808e-01 4.051373e-01 3.938180e-01 3.831048e-01 3.729804e-01 3.634285e-01 3.544339e-01 3.459821e-01 3.380594e-01 3.306531e-01 3.237513e-01 3.173430e-01 3.114177e-01 3.059661e-01 3.009792e-01 2.964492e-01 2.923687e-01 2.887312e-01 2.855308e-01 2.827624e-01 2.804214e-01 2.785043e-01 2.770078e-01 2.735496e-01 2.683386e-01 2.637081e-01 2.596162e-01 2.560261e-01 2.529056e-01 2.502264e-01 2.479646e-01 2.460997e-01 2.446149e-01 2.434969e-01 2.427355e-01 2.423241e-01 2.422588e-01
7.853679e-01 7.810190e-01 7.762135e-01 7.709432e-01 7.651992e-01 7.589718e-01 7.522505e-01 7.450239e-01 7.372797e-01 7.290050e-01 7.201856e-01 7.108067e-01 7.008524e-01 6.903059e-01 6.716495e-01 6.472052e-01 6.243696e-01 6.030465e-01 5.831459e-01 5.645838e-01 5.472820e-01 5.311674e-01 5.161722e-01 5.022329e-01 4.892909e-01 4.772916e-01 4.661842e-01 4.559221e-01 4.464618e-01 4.377634e-01 4.297904e-01 4.225090e-01 4.158885e-01 4.099011e-01 4.045214e-01 3.997267e-01 3.954969e-01 3.918140e-01 3.886627e-01 3.860294e-01 3.839032e-01 3.822751e-01 3.811382e-01 3.804878e-01 3.803210e-01 3.806371e-01 3.814376e-01 3.827258e-01 3.845070e-01 3.867889e-01 3.895811e-01 3.928952e-01 3.967454e-01 4.011479e-01 4.049263e-01 4.072490e-01 4.093141e-01 4.111249e-01 4.126839e-01 4.139935e-01 4.150557e-01 4.158720e-01 4.164437e-01 4.167716e-01 4.168562e-01 4.166976e-01 4.162957e-01 4.156497e-01
1.751734e+00 1.766705e+00 1.781118e+00 1.794984e+00 1.808312e+00 1.821108e+00 1.833382e+00 1.845140e+00 1.856390e+00 1.867139e+00 1.877393e+00 1.887159e+00 1.896443e+00 1.905251e+00 1.915768e+00 1.927564e+00 1.938479e+00 1.948534e+00 1.957746e+00 1.966133e+00 1.973709e+00 1.980489e+00 1.986484e+00 1.991707e+00 1.996166e+00 1.999869e+00 2.002823e+00 2.005034e+00 2.006505e+00 2.007240e+00 2.007240e+00 2.006503e+00 2.005031e+00 2.002818e+00 1.999863e+00 1.996158e+00 1.991698e+00 1.986474e+00 1.980477e+00 1.973696e+00 1.966118e+00 1.957730e+00 1.948516e+00 1.938460e+00 1.927543e+00 1.915746e+00 1.903046e+00 1.889421e+00 1.874846e+00 1.859295e+00 1.842738e+00 1.825146e+00 1.806487e+00 1.786727e+00 1.748834e+00 1.697605e+00 1.649734e+00 1.604943e+00 1.562970e+00 1.523569e+00 1.486511e+00 1.451578e+00 1.418567e+00 1.387284e+00 1.357547e+00 1.329182e+00 1.302023e+00 1.275911e+00
9.700651e-01 9.641080e-01 9.590193e-01 9.547901e-01 9.514130e-01 9.488823e-01 9.471933e-01 9.463433e-01 9.463306e-01 9.471554e-01 9.488190e-01 9.513243e-01 9.546757e-01 9.588791e-01 9.650557e-01 9.718635e-01 9.782194e-01 9.841522e-01 9.896888e-01 9.948543e-01 9.996724e-01 1.004165e+00 1.008352e+00 1.012253e+00 1.015885e+00 1.019265e+00 1.022408e+00 1.025329e+00 1.028041e+00 1.030556e+00 1.032885e+00 1.035040e+00 1.037029e+00 1.038863e+00 1.040548e+00 1.042094e+00 1.043507e+00 1.044792e+00 1.045958e+00 1.047007e+00 1.047946e+00 1.048778e+00 1.049508e+00 1.050138e+00 1.050671e+00 1.051111e+00 1.051458e+00 1.051715e+00 1.051883e+00 1.051961e+00 1.051952e+00 1.051854e+00 1.051668e+00 1.051392e+00 1.051149e+00 1.051450e+00 1.052170e+00 1.053310e+00 1.054869e+00 1.056848e+00 1.059250e+00 1.062075e+00 1.065324e+00 1.069000e+00 1.073104e+00 1.077639e+00 1.082608e+00 1.088012e+00
1.726577e+00 1.719955e+00 1.712702e+00 1.704812e+00 1.696277e+00 1.687088e+00 1.677237e+00 1.666712e+00 1.655503e+00 1.643600e+00 1.630990e+00 1.617661e+00 1.603598e+00 1.588789e+00 1.564711e+00 1.533619e+00 1.503972e+00 1.475722e+00 1.448826e+00 1.423243e+00 1.398931e+00 1.375854e+00 1.353975e+00 1.333260e+00 1.313677e+00 1.295195e+00 1.277785e+00 1.261420e+00 1.246076e+00 1.231727e+00 1.218351e+00 1.205928e+00 1.194438e+00 1.183864e+00 1.174188e+00 1.165395e+00 1.157473e+00 1.150408e+00 1.144190e+00 1.138809e+00 1.134256e+00 1.130525e+00 1.127609e+00 1.125504e+00 1.124207e+00 1.123715e+00 1.124028e+00 1.125147e+00 1.127073e+00 1.129809e+00 1.133360e+00 1.137730e+00 1.142928e+00 1.148960e+00 1.154375e+00 1.157708e+00 1.160423e+00 1.162525e+00 1.164014e+00 1.164893e+00 1.165163e+00 1.164824e+00 1.163876e+00 1.162318e+00 1.160147e+00 1.157362e+00 1.153959e+00 1.149935e+00
1.011147e+00 1.017214e+00 1.023446e+00 1.029857e+00 1.036465e+00 1.043286e+00 1.050336e+00 1.057633e+00 1.065197e+00 1.073045e+00 1.081197e+00 1.089674e+00 1.098497e+00 1.107687e+00 1.114562e+00 1.118916e+00 1.123464e+00 1.128213e+00 1.133172e+00 1.138347e+00 1.143748e+00 1.149382e+00 1.155259e+00 1.161388e+00 1.167778e+00 1.174441e+00 1.181386e+00 1.188624e+00 1.196167e+00 1.204027e+00 1.212216e+00 1.220748e+00 1.229636e+00 1.238894e+00 1.248536e+00 1.258579e+00 1.269038e+00 1.279929e+00 1.291270e+00 1.303080e+00 1.315376e+00 1.328178e+00 1.341506e+00 1.355383e+00 1.369829e+00 1.384868e+00 1.400523e+00 1.416820e+00 1.433784e+00 1.451443e+00 1.469823e+00 1.488956e+00 1.508870e+00 1.529597e+00 1.548000e+00 1.562354e+00 1.575836e+00 1.588451e+00 1.600203e+00 1.611097e+00 1.621135e+00 1.630322e+00 1.638661e+00 1.646154e+00 1.652804e+00 1.658614e+00 1.663586e+00 1.667720e+00
2.008861e+00 2.026022e+00 2.043441e+00 2.061133e+00 2.079113e+00 2.097398e+00 2.116003e+00 2.134945e+00 2.154241e+00 2.173906e+00 2.193959e+00 2.214418e+00 2.235299e+00 2.256623e+00 2.286980e+00 2.323264e+00 2.356943e+00 2.388052e+00 2.416628e+00 2.442701e+00 2.466301e+00 2.487454e+00 2.506184e+00 2.522511e+00 2.536454e+00 2.548028e+00 2.557246e+00 2.564119e+00 2.568654e+00 2.570856e+00 2.570727e+00 2.568268e+00 2.563476e+00 2.556344e+00 2.546867e+00 2.535032e+00 2.520827e+00 2.504235e+00 2.485239e+00 2.463817e+00 2.439946e+00 2.413598e+00 2.384744e+00 2.353353e+00 2.319389e+00 2.282815e+00 2.243589e+00 2.201668e+00 2.157005e+00 2.109551e+00 2.059253e+00 2.006055e+00 1.949896e+00 1.890716e+00 1.844836e+00 1.815783e+00 1.787159e+00 1.758956e+00 1.731167e+00 1.703783e+00 1.676797e+00 1.650201e+00 1.623987e+00 1.598150e+00 1.572680e+00 1.547571e+00 1.522816e+00 1.498407e+00
2.090973e+00 2.078704e+00 2.066803e+00 2.055257e+00 2.044053e+00 2.033177e+00 2.022619e+00 2.012365e+00 2.002404e+00 1.992724e+00 1.983316e+00 1.974167e+00 1.965267e+00 1.956607e+00 1.920172e+00 1.861109e+00 1.807086e+00 1.757794e+00 1.712950e+00 1.672299e+00 1.635607e+00 1.602665e+00 1.573284e+00 1.547297e+00 1.524554e+00 1.504925e+00 1.488299e+00 1.474579e+00 1.463688e+00 1.455564e+00 1.450159e+00 1.447442e+00 1.447399e+00 1.450029e+00 1.455348e+00 1.463384e+00 1.474185e+00 1.487813e+00 1.504344e+00 1.523875e+00 1.546515e+00 1.572396e+00 1.601665e+00 1.634490e+00 1.671058e+00 1.711578e+00 1.756283e+00 1.805428e+00 1.859294e+00 1.918190e+00 1.982452e+00 2.052448e+00 2.128578e+00 2.211278e+00 2.264928e+00 2.280921e+00 2.295352e+00 2.308225e+00 2.319542e+00 2.329305e+00 2.337516e+00 2.344176e+00 2.349287e+00 2.352849e+00 2.354863e+00 2.355330e+00 2.354250e+00 2.351621e+00
7.280215e-01 7.381808e-01 7.485341e-01 7.591016e-01 7.699038e-01 7.809620e-01 7.922976e-01 8.039328e-01 8.158903e-01 8.281935e-01 8.408663e-01 8.539335e-01 8.674205e-01 8.813538e-01 8.938661e-01 9.036483e-01 9.126160e-01 9.207891e-01 9.281857e-01 9.348219e-01 9.407123e-01 9.458700e-01 9.503064e-01 9.540311e-01 9.570523e-01 9.593768e-01 9.610096e-01 9.619544e-01 9.622132e-01 9.617865e-01 9.606735e-01 9.588717e-01 9.563772e-01 9.531843e-01 9.492862e-01 9.446742e-01 9.393382e-01 9.332663e-01 9.264454e-01 9.188603e-01 9.104943e-01 9.013290e-01 8.913443e-01 8.805181e-01 8.688267e-01 8.562442e-01 8.427430e-01 8.282933e-01 8.128634e-01 7.964193e-01 7.789247e-01 7.603411e-01 7.406277e-01 7.197411e-01 6.988527e-01 6.802737e-01 6.627467e-01 6.462346e-01 6.307019e-01 6.161157e-01 6.024448e-01 5.896600e-01 5.777342e-01 5.666419e-01 5.563595e-01 5.468650e-01 5.381381e-01 5.301603e-01
1.425576e+00 1.435739e+00 1.445920e+00 1.456125e+00 1.466359e+00 1.476626e+00 1.486932e+00 1.497283e+00 1.507683e+00 1.518137e+00 1.528651e+00 1.539230e+00 1.549880e+00 1.560605e+00 1.569873e+00 1.577187e+00 1.584094e+00 1.590606e+00 1.596733e+00 1.602485e+00 1.607869e+00 1.612896e+00 1.617572e+00 1.621905e+00 1.625902e+00 1.629569e+00 1.632911e+00 1.635935e+00 1.638643e+00 1.641042e+00 1.643134e+00 1.644923e+00 1.646411e+00 1.647602e+00 1.648496e+00 1.649095e+00 1.649401e+00 1.649413e+00 1.649131e+00 1.648556e+00 1.647686e+00 1.646520e+00 1.645056e+00 1.643292e+00 1.641224e+00 1.638851e+00 1.636168e+00 1.633170e+00 1.629854e+00 1.626214e+00 1.622244e+00 1.617939e+00 1.613291e+00 1.608293e+00 1.602126e+00 1.595392e+00 1.588892e+00 1.582616e+00 1.576552e+00 1.570693e+00 1.565029e+00 1.559550e+00 1.554249e+00 1.549117e+00 1.544145e+00 1.539326e+00 1.534652e+00 1.530116e+00
3.401289e+00 3.344961e+00 3.281852e+00 3.211858e+00 3.134862e+00 3.050736e+00 2.959339e+00 2.860519e+00 2.754112e+00 2.639939e+00 2.517812e+00 2.387526e+00 2.248864e+00 2.101596e+00 1.997256e+00 1.948042e+00 1.902085e+00 1.859302e+00 1.819615e+00 1.782954e+00 1.749252e+00 1.718448e+00 1.690488e+00 1.665320e+00 1.642900e+00 1.623187e+00 1.606145e+00 1.591744e+00 1.579958e+00 1.570766e+00 1.564151e+00 1.560101e+00 1.558609e+00 1.559672e+00 1.563293e+00 1.569477e+00 1.578236e+00 1.589586e+00 1.603546e+00 1.620143e+00 1.639406e+00 1.661370e+00 1.686073e+00 1.713562e+00 1.743885e+00 1.777097e+00 1.813258e+00 1.852432e+00 1.894691e+00 1.940110e+00 1.988771e+00 2.040763e+00 2.096178e+00 2.155116e+00 2.222383e+00 2.291134e+00 2.356681e+00 2.419034e+00 2.478201e+00 2.534191e+00 2.587014e+00 2.636676e+00 2.683186e+00 2.726551e+00 2.766776e+00 2.803869e+00 2.837834e+00 2.868677e+00
7.370456e-01 7.455875e-01 7.545878e-01 7.641003e-01 7.741820e-01 7.848930e-01 7.962975e-01 8.084637e-01 8.214643e-01 8.353770e-01 8.502851e-01 8.662778e-01 8.834506e-01 9.019063e-01 9.144108e-01 9.195155e-01 9.245744e-01 9.295972e-01 9.345932e-01 9.395718e-01 9.445423e-01 9.495142e-01 9.544967e-01 9.594992e-01 9.645310e-01 9.696017e-01 9.747207e-01 9.798977e-01 9.851425e-01 9.904647e-01 9.958745e-01 1.001382e+00 1.006997e+00 1.012732e+00 1.018595e+00 1.024599e+00 1.030754e+00 1.037073e+00 1.043567e+00 1.050248e+00 1.057128e+00 1.064222e+00 1.071542e+00 1.079101e+00 1.086914e+00 1.094996e+00 1.103362e+00 1.112028e+00 1.121009e+00 1.130323e+00 1.139987e+00 1.150020e+00 1.160439e+00 1.171266e+00 1.180635e+00 1.187438e+00 1.193566e+00 1.199024e+00 1.203817e+00 1.207948e+00 1.211422e+00 1.214240e+00 1.216406e+00 1.217921e+00 1.218787e+00 1.219005e+00 1.218573e+00 1.217493e+00
2.999485e+00 2.999941e+00 2.998510e+00 2.995192e+00 2.989985e+00 2.982887e+00 2.973894e+00 2.963004e+00 2.950210e+00 2.935509e+00 2.918892e+00 2.900354e+00 2.879885e+00 2.857478e+00 2.793358e+00 2.695572e+00 2.603646e+00 2.517360e+00 2.436509e+00 2.360897e+00 2.290345e+00 2.224682e+00 2.163751e+00 2.107406e+00 2.055513e+00 2.007946e+00 1.964592e+00 1.925347e+00 1.890117e+00 1.858817e+00 1.831372e+00 1.807717e+00 1.787794e+00 1.771557e+00 1.758966e+00 1.749990e+00 1.744609e+00 1.742810e+00 1.744587e+00 1.749947e+00 1.758900e+00 1.771469e+00 1.787684e+00 1.807584e+00 1.831217e+00 1.858638e+00 1.889915e+00 1.925121e+00 1.964341e+00 2.007670e+00 2.055211e+00 2.107077e+00 2.163394e+00 2.224297e+00 2.264072e+00 2.277404e+00 2.290162e+00 2.302354e+00 2.313989e+00 2.325077e+00 2.335625e+00 2.345641e+00 2.355133e+00 2.364107e+00 2.372569e+00 2.380527e+00 2.387985e+00 2.394950e+00
2.106132e+00 2.112396e+00 2.117116e+00 2.120296e+00 2.121936e+00 2.122039e+00 2.120604e+00 2.117631e+00 2.113117e+00 2.107060e+00 2.099456e+00 2.090300e+00 2.079586e+00 2.067308e+00 2.052408e+00 2.036567e+00 2.020821e+00 2.005157e+00 1.989562e+00 1.974021e+00 1.958522e+00 1.943051e+00 1.927594e+00 1.912139e+00 1.896672e+00 1.881179e+00 1.865647e+00 1.850064e+00 1.834414e+00 1.818685e+00 1.802864e+00 1.786935e+00 1.770887e+00 1.754704e+00 1.738374e+00 1.721880e+00 1.705211e+00 1.688350e+00 1.671284e+00 1.653998e+00 1.636476e+00 1.618704e+00 1.600667e+00 1.582348e+00 1.563731e+00 1.544802e+00 1.525543e+00 1.505938e+00 1.485969e+00 1.465620e+00 1.444873e+00 1.423710e+00 1.402113e+00 1.380063e+00 1.358524e+00 1.338785e+00 1.319843e+00 1.301679e+00 1.284273e+00 1.267608e+00 1.251668e+00 1.236435e+00 1.221895e+00 1.208032e+00 1.194833e+00 1.182283e+00 1.170371e+00 1.159084e+00
2.898039e+00 2.871910e+00 2.842770e+00 2.810585e+00 2.775317e+00 2.736922e+00 2.695355e+00 2.650566e+00 2.602502e+00 2.551105e+00 2.496313e+00 2.438061e+00 2.376278e+00 2.310892e+00 2.263333e+00 2.238111e+00 2.213694e+00 2.190061e+00 2.167192e+00 2.145067e+00 2.123666e+00 2.102971e+00 2.082964e+00 2.063628e+00 2.044945e+00 2.026900e+00 2.009476e+00 1.992660e+00 1.976435e+00 1.960788e+00 1.945706e+00 1.931175e+00 1.917183e+00 1.903717e+00 1.890766e+00 1.878318e+00 1.866364e+00 1.854891e+00 1.843891e+00 1.833354e+00 1.823270e+00 1.813632e+00 1.804430e+00 1.795656e+00 1.787303e+00 1.779364e+00 1.771832e+00 1.764700e+00 1.757962e+00 1.751612e+00 1.745644e+00 1.740055e+00 1.734837e+00 1.729988e+00 1.718567e+00 1.701670e+00 1.686144e+00 1.671907e+00 1.658881e+00 1.646999e+00 1.636196e+00 1.626415e+00 1.617604e+00 1.609715e+00 1.602707e+00 1.596541e+00 1.591187e+00 1.586614e+00
1.765930e+00 1.764678e+00 1.762319e+00 1.758843e+00 1.754235e+00 1.748474e+00 1.741537e+00 1.733392e+00 1.724006e+00 1.713338e+00 1.701342e+00 1.687965e+00 1.673152e+00 1.656836e+00 1.645052e+00 1.639511e+00 1.634100e+00 1.628811e+00 1.623634e+00 1.618561e+00 1.613583e+00 1.608692e+00 1.603880e+00 1.599137e+00 1.594457e+00 1.589831e+00 1.585251e+00 1.580710e+00 1.576200e+00 1.571712e+00 1.567241e+00 1.562777e+00 1.558313e+00 1.553843e+00 1.549357e+00 1.544849e+00 1.540311e+00 1.535736e+00 1.531114e+00 1.526439e+00 1.521703e+00 1.516897e+00 1.512014e+00 1.507044e+00 1.501981e+00 1.496814e+00 1.491536e+00 1.486137e+00 1.480608e+00 1.474939e+00 1.469122e+00 1.463146e+00 1.457001e+00 1.450677e+00 1.444043e+00 1.437311e+00 1.430591e+00 1.423876e+00 1.417160e+00 1.410434e+00 1.403692e+00 1.396927e+00 1.390130e+00 1.383295e+00 1.376415e+00 1.369481e+00 1.362487e+00 1.355424e+00
4.064125e+00 4.101953e+00 4.136823e+00 4.168755e+00 4.197768e+00 4.223877e+00 4.247097e+00 4.267441e+00 4.284921e+00 4.299547e+00 4.311326e+00 4.320266e+00 4.326371e+00 4.329645e+00 4.330004e+00 4.329560e+00 4.328398e+00 4.326518e+00 4.323918e+00 4.320599e+00 4.316557e+00 4.311793e+00 4.306302e+00 4.300084e+00 4.293135e+00 4.285453e+00 4.277034e+00 4.267874e+00 4.257969e+00 4.247315e+00 4.235908e+00 4.223743e+00 4.210814e+00 4.197115e+00 4.182641e+00 4.167385e+00 4.151341e+00 4.134502e+00 4.116860e+00 4.098408e+00 4.079138e+00 4.059041e+00 4.038109e+00 4.016333e+00 3.993702e+00 3.970208e+00 3.945840e+00 3.920587e+00 3.894439e+00 3.867384e+00 3.839410e+00 3.810506e+00 3.780658e+00 3.749854e+00 3.707297e+00 3.656300e+00 3.607542e+00 3.560925e+00 3.516354e+00 3.473737e+00 3.432988e+00 3.394025e+00 3.356768e+00 3.321141e+00 3.287072e+00 3.254491e+00 3.223333e+00 3.193533e+00
1.212721e+00 1.222249e+00 1.232630e+00 1.243885e+00 1.256037e+00 1.269111e+00 1.283133e+00 1.298132e+00 1.314138e+00 1.331183e+00 1.349301e+00 1.368531e+00 1.388910e+00 1.410479e+00 1.433260e+00 1.455126e+00 1.476135e+00 1.496317e+00 1.515704e+00 1.534325e+00 1.552207e+00 1.569379e+00 1.585866e+00 1.601693e+00 1.616884e+00 1.631462e+00 1.645449e+00 1.658866e+00 1.671733e+00 1.684070e+00 1.695896e+00 1.707229e+00 1.718085e+00 1.728481e+00 1.738433e+00 1.747955e+00 1.757063e+00 1.765770e+00 1.774089e+00 1.782033e+00 1.789613e+00 1.796842e+00 1.803730e+00 1.810288e+00 1.816525e+00 1.822451e+00 1.828075e+00 1.833406e+00 1.838451e+00 1.843218e+00 1.847714e+00 1.851947e+00 1.855922e+00 1.859646e+00 1.862445e+00 1.864670e+00 1.867005e+00 1.869449e+00 1.872004e+00 1.874673e+00 1.877457e+00 1.880358e+00 1.883378e+00 1.886519e+00 1.889784e+00 1.893174e+00 1.896693e+00 1.900341e+00
2.996600e+00 2.996930e+00 2.997033e+00 2.996907e+00 2.996554e+00 2.995973e+00 2.995164e+00 2.994127e+00 2.992861e+00 2.991366e+00 2.989642e+00 2.987689e+00 2.985505e+00 2.983090e+00 2.980221e+00 2.977968e+00 2.976553e+00 2.975976e+00 2.976235e+00 2.977332e+00 2.979267e+00 2.982041e+00 2.985656e+00 2.990115e+00 2.995419e+00 3.001572e+00 3.008579e+00 3.016444e+00 3.025171e+00 3.034766e+00 3.045236e+00 3.056586e+00 3.068825e+00 3.081959e+00 3.095998e+00 3.110949e+00 3.126823e+00 3.143629e+00 3.161378e+00 3.180082e+00 3.199751e+00 3.220400e+00 3.242040e+00 3.264685e+00 3.288350e+00 3.313049e+00 3.338799e+00 3.365615e+00 3.393514e+00 3.422515e+00 3.452635e+00 3.483893e+00 3.516310e+00 3.549906e+00 3.600332e+00 3.662140e+00 3.719723e+00 3.773105e+00 3.822306e+00 3.867346e+00 3.908243e+00 3.945013e+00 3.977670e+00 4.006228e+00 4.030697e+00 4.051088e+00 4.067409e+00 4.079665e+00
1.813830e+00 1.809593e+00 1.804978e+00 1.799979e+00 1.794593e+00 1.788814e+00 1.782635e+00 1.776051e+00 1.769056e+00 1.761641e+00 1.753801e+00 1.745526e+00 1.736809e+00 1.727641e+00 1.703782e+00 1.668593e+00 1.636105e+00 1.606134e+00 1.578509e+00 1.553076e+00 1.529689e+00 1.508217e+00 1.488537e+00 1.470538e+00 1.454119e+00 1.439186e+00 1.425655e+00 1.413449e+00 1.402500e+00 1.392744e+00 1.384127e+00 1.376600e+00 1.370121e+00 1.364652e+00 1.360163e+00 1.356628e+00 1.354028e+00 1.352347e+00 1.351577e+00 1.351712e+00 1.352753e+00 1.354707e+00 1.357585e+00 1.361402e+00 1.366180e+00 1.371947e+00 1.378735e+00 1.386582e+00 1.395534e+00 1.405640e+00 1.416958e+00 1.429552e+00 1.443493e+00 1.458860e+00 1.469322e+00 1.472837e+00 1.475825e+00 1.478288e+00 1.480227e+00 1.481642e+00 1.482534e+00 1.482905e+00 1.482753e+00 1.482078e+00 1.480881e+00 1.479162e+00 1.476918e+00 1.474149e+00
1.464494e+00 1.466135e+00 1.467863e+00 1.469679e+00 1.471582e+00 1.473572e+00 1.475651e+00 1.477818e+00 1.480074e+00 1.482419e+00 1.484853e+00 1.487377e+00 1.489991e+00 1.492695e+00 1.496001e+00 1.499378e+00 1.502318e+00 1.504823e+00 1.506897e+00 1.508541e+00 1.509758e+00 1.510550e+00 1.510916e+00 1.510858e+00 1.510376e+00 1.509468e+00 1.508135e+00 1.506373e+00 1.504182e+00 1.501559e+00 1.498500e+00 1.495003e+00 1.491063e+00 1.486676e+00 1.481836e+00 1.476539e+00 1.470778e+00 1.464547e+00 1.457838e+00 1.450644e+00 1.442957e+00 1.434767e+00 1.426066e+00 1.416843e+00 1.407089e+00 1.396791e+00 1.385938e+00 1.374517e+00 1.362517e+00 1.349922e+00 1.336718e+00 1.322891e+00 1.308424e+00 1.293301e+00 1.266521e+00 1.230514e+00 1.196204e+00 1.163534e+00 1.132449e+00 1.102897e+00 1.074830e+00 1.048201e+00 1.022964e+00 9.990795e-01 9.765060e-01 9.552064e-01 9.351453e-01 9.162891e-01
3.191774e+00 3.191826e+00 3.188413e+00 3.181531e+00 3.171178e+00 3.157348e+00 3.140033e+00 3.119224e+00 3.094909e+00 3.067075e+00 3.035706e+00 3.000785e+00 2.962294e+00 2.920210e+00 2.863727e+00 2.799017e+00 2.736748e+00 2.676809e+00 2.619093e+00 2.563499e+00 2.509926e+00 2.458279e+00 2.408468e+00 2.360402e+00 2.313997e+00 2.269170e+00 2.225842e+00 2.183934e+00 2.143373e+00 2.104087e+00 2.066005e+00 2.029060e+00 1.993186e+00 1.958320e+00 1.924398e+00 1.891362e+00 1.859152e+00 1.827710e+00 1.796982e+00 1.766912e+00 1.737446e+00 1.708533e+00 1.680120e+00 1.652158e+00 1.624597e+00 1.597387e+00 1.570480e+00 1.543829e+00 1.517385e+00 1.491103e+00 1.464934e+00 1.438833e+00 1.412753e+00 1.386647e+00 1.365324e+00 1.349242e+00 1.333509e+00 1.318091e+00 1.302950e+00 1.288054e+00 1.273367e+00 1.258856e+00 1.244488e+00 1.230229e+00 1.216048e+00 1.201911e+00 1.187787e+00 1.173642e+00
6.453354e-01 6.282702e-01 6.112482e-01 5.942593e-01 5.772929e-01 5.603388e-01 5.433866e-01 5.264260e-01 5.094467e-01 4.924382e-01 4.753902e-01 4.582924e-01 4.411342e-01 4.239053e-01 4.140614e-01 4.117084e-01 4.093770e-01 4.070645e-01 4.047679e-01 4.024845e-01 4.002113e-01 3.979457e-01 3.956848e-01 3.934258e-01 3.911659e-01 3.889024e-01 3.866324e-01 3.843531e-01 3.820618e-01 3.797556e-01 3.774316e-01 3.750869e-01 3.727188e-01 3.703242e-01 3.679002e-01 3.654438e-01 3.629520e-01 3.604217e-01 3.578497e-01 3.552329e-01 3.525681e-01 3.498520e-01 3.470812e-01 3.442523e-01 3.413618e-01 3.384061e-01 3.353816e-01 3.322845e-01 3.291111e-01 3.258573e-01 3.225193e-01 3.190928e-01 3.155737e-01 3.119575e-01 3.033736e-01 2.907071e-01 2.787916e-01 2.675962e-01 2.570917e-01 2.472509e-01 2.380483e-01 2.294600e-01 2.214637e-01 2.140386e-01 2.071655e-01 2.008265e-01 1.950052e-01 1.896865e-01
1.588072e+00 1.568443e+00 1.546387e+00 1.521860e+00 1.494811e+00 1.465189e+00 1.432932e+00 1.397978e+00 1.360256e+00 1.319691e+00 1.276201e+00 1.229701e+00 1.180097e+00 1.127291e+00 1.082457e+00 1.050138e+00 1.019012e+00 9.890434e-01 9.601938e-01 9.324282e-01 9.057127e-01 8.800145e-01 8.553022e-01 8.315455e-01 8.087154e-01 7.867838e-01 7.657239e-01 7.455099e-01 7.261171e-01 7.075217e-01 6.897009e-01 6.726329e-01 6.562968e-01 6.406726e-01 6.257412e-01 6.114842e-01 5.978843e-01 5.849247e-01 5.725896e-01 5.608639e-01 5.497331e-01 5.391838e-01 5.292030e-01 5.197784e-01 5.108985e-01 5.025524e-01 4.947300e-01 4.874215e-01 4.806182e-01 4.743115e-01 4.684939e-01 4.631582e-01 4.582979e-01 4.539070e-01 4.474819e-01 4.391295e-01 4.313350e-01 4.240864e-01 4.173724e-01 4.111826e-01 4.055072e-01 4.003376e-01 3.956657e-01 3.914842e-01 3.877867e-01 3.845673e-01 3.818212e-01 3.795440e-01
6.670087e-01 6.714857e-01 6.760043e-01 6.805722e-01 6.851973e-01 6.898875e-01 6.946508e-01 6.994955e-01 7.044299e-01 7.094623e-01 7.146015e-01 7.198563e-01 7.252356e-01 7.307488e-01 7.405207e-01 7.534898e-01 7.655850e-01 7.768475e-01 7.873158e-01 7.970257e-01 8.060104e-01 8.143006e-01 8.219247e-01 8.289086e-01 8.352763e-01 8.410496e-01 8.462481e-01 8.508896e-01 8.549900e-01 8.585633e-01 8.616217e-01 8.641757e-01 8.662340e-01 8.678036e-01 8.688899e-01 8.694966e-01 8.696258e-01 8.692780e-01 8.684518e-01 8.671446e-01 8.653518e-01 8.630674e-01 8.602834e-01 8.569905e-01 8.531772e-01 8.488307e-01 8.439361e-01 8.384765e-01 8.324334e-01 8.257862e-01 8.185120e-01 8.105861e-01 8.019813e-01 7.926682e-01 7.818604e-01 7.715343e-01 7.624157e-01 7.544790e-01 7.477019e-01 7.420655e-01 7.375540e-01 7.341546e-01 7.318579e-01 7.306574e-01 7.305497e-01 7.315346e-01 7.336148e-01 7.367962e-01
2.361844e+00 2.368982e+00 2.375274e+00 2.380720e+00 2.385322e+00 2.389082e+00 2.392000e+00 2.394078e+00 2.395316e+00 2.395714e+00 2.395273e+00 2.393992e+00 2.391871e+00 2.388909e+00 2.379488e+00 2.364885e+00 2.350702e+00 2.336925e+00 2.323539e+00 2.310532e+00 2.297890e+00 2.285601e+00 2.273652e+00 2.262032e+00 2.250728e+00 2.239729e+00 2.229024e+00 2.218604e+00 2.208456e+00 2.198571e+00 2.188938e+00 2.179549e+00 2.170394e+00 2.161464e+00 2.152749e+00 2.144241e+00 2.135931e+00 2.127812e+00 2.119874e+00 2.112110e+00 2.104512e+00 2.097073e+00 2.089784e+00 2.082640e+00 2.075631e+00 2.068753e+00 2.061996e+00 2.055356e+00 2.048825e+00 2.042396e+00 2.036063e+00 2.029820e+00 2.023660e+00 2.017578e+00 2.013680e+00 2.011804e+00 2.009833e+00 2.007763e+00 2.005592e+00 2.003315e+00 2.000929e+00 1.998431e+00 1.995816e+00 1.993080e+00 1.990219e+00 1.987228e+00 1.984102e+00 1.980836e+00
3.082776e+00 3.045580e+00 3.001028e+00 2.949038e+00 2.889517e+00 2.822357e+00 2.747435e+00 2.664618e+00 2.573753e+00 2.474678e+00 2.367211e+00 2.251159e+00 2.126312e+00 1.992442e+00 1.909974e+00 1.889060e+00 1.869009e+00 1.849794e+00 1.831390e+00 1.813773e+00 1.796920e+00 1.780807e+00 1.765416e+00 1.750724e+00 1.736712e+00 1.723363e+00 1.710659e+00 1.698583e+00 1.687119e+00 1.676252e+00 1.665967e+00 1.656252e+00 1.647094e+00 1.638479e+00 1.630398e+00 1.622839e+00 1.615793e+00 1.609250e+00 1.603202e+00 1.597641e+00 1.592559e+00 1.587949e+00 1.583806e+00 1.580125e+00 1.576899e+00 1.574126e+00 1.571802e+00 1.569923e+00 1.568486e+00 1.567491e+00 1.566936e+00 1.566819e+00 1.567142e+00 1.567903e+00 1.571212e+00 1.576151e+00 1.580639e+00 1.584702e+00 1.588361e+00 1.591636e+00 1.594546e+00 1.597106e+00 1.599330e+00 1.601230e+00 1.602816e+00 1.604098e+00 1.605082e+00 1.605774e+00
2.330910e+00 2.326784e+00 2.321383e+00 2.314704e+00 2.306744e+00 2.297499e+00 2.286964e+00 2.275135e+00 2.262004e+00 2.247567e+00 2.231814e+00 2.214739e+00 2.196332e+00 2.176585e+00 2.145474e+00 2.106107e+00 2.068424e+00 2.032354e+00 1.997828e+00 1.964781e+00 1.933149e+00 1.902872e+00 1.873893e+00 1.846158e+00 1.819612e+00 1.794206e+00 1.769891e+00 1.746622e+00 1.724353e+00 1.703043e+00 1.682651e+00 1.663138e+00 1.644468e+00 1.626604e+00 1.609514e+00 1.593163e+00 1.577522e+00 1.562560e+00 1.548249e+00 1.534563e+00 1.521474e+00 1.508958e+00 1.496991e+00 1.485551e+00 1.474615e+00 1.464163e+00 1.454175e+00 1.444633e+00 1.435517e+00 1.426811e+00 1.418498e+00 1.410562e+00 1.402988e+00 1.395762e+00 1.385614e+00 1.373228e+00 1.361808e+00 1.351310e+00 1.341692e+00 1.332913e+00 1.324941e+00 1.317741e+00 1.311286e+00 1.305550e+00 1.300509e+00 1.296143e+00 1.292435e+00 1.289369e+00
9.854258e-01 9.998322e-01 1.015009e+00 1.030974e+00 1.047746e+00 1.065345e+00 1.083791e+00 1.103107e+00 1.123314e+00 1.144436e+00 1.166498e+00 1.189527e+00 1.213549e+00 1.238592e+00 1.263994e+00 1.287996e+00 1.311334e+00 1.334057e+00 1.356208e+00 1.377832e+00 1.398971e+00 1.419667e+00 1.439962e+00 1.459895e+00 1.479505e+00 1.498833e+00 1.517915e+00 1.536790e+00 1.555495e+00 1.574068e+00 1.592544e+00 1.610961e+00 1.629354e+00 1.647761e+00 1.666218e+00 1.684761e+00 1.703428e+00 1.722254e+00 1.741278e+00 1.760537e+00 1.780069e+00 1.799912e+00 1.820107e+00 1.840693e+00 1.861711e+00 1.883202e+00 1.905209e+00 1.927776e+00 1.950947e+00 1.974768e+00 1.999286e+00 2.024551e+00 2.050611e+00 2.077519e+00 2.107332e+00 2.137824e+00 2.167031e+00 2.194992e+00 2.221745e+00 2.247323e+00 2.271763e+00 2.295095e+00 2.317352e+00 2.338563e+00 2.358756e+00 2.377958e+00 2.396195e+00 2.413490e+00
2.028716e+00 2.026978e+00 2.024772e+00 2.022098e+00 2.018954e+00 2.015339e+00 2.011252e+00 2.006690e+00 2.001653e+00 1.996138e+00 1.990142e+00 1.983665e+00 1.976702e+00 1.969251e+00 1.955165e+00 1.935960e+00 1.917731e+00 1.900426e+00 1.884000e+00 1.868408e+00 1.853607e+00 1.839558e+00 1.826223e+00 1.813565e+00 1.801550e+00 1.790146e+00 1.779322e+00 1.769048e+00 1.759297e+00 1.750042e+00 1.741259e+00 1.732922e+00 1.725011e+00 1.717503e+00 1.710377e+00 1.703616e+00 1.697200e+00 1.691112e+00 1.685336e+00 1.679856e+00 1.674657e+00 1.669725e+00 1.665046e+00 1.660609e+00 1.656400e+00 1.652409e+00 1.648625e+00 1.645038e+00 1.641637e+00 1.638414e+00 1.635359e+00 1.632466e+00 1.629725e+00 1.627129e+00 1.625132e+00 1.623050e+00 1.620419e+00 1.617236e+00 1.613496e+00 1.609194e+00 1.604324e+00 1.598879e+00 1.592853e+00 1.586236e+00 1.579019e+00 1.571193e+00 1.562747e+00 1.553669e+00
2.080912e+00 2.064482e+00 2.048248e+00 2.032200e+00 2.016330e+00 2.000629e+00 1.985091e+00 1.969705e+00 1.954466e+00 1.939364e+00 1.924391e+00 1.909540e+00 1.894804e+00 1.880174e+00 1.866813e+00 1.855183e+00 1.844094e+00 1.833526e+00 1.823461e+00 1.813884e+00 1.804778e+00 1.796126e+00 1.787916e+00 1.780133e+00 1.772763e+00 1.765795e+00 1.759216e+00 1.753016e+00 1.747185e+00 1.741711e+00 1.736587e+00 1.731803e+00 1.727351e+00 1.723224e+00 1.719415e+00 1.715918e+00 1.712726e+00 1.709834e+00 1.707238e+00 1.704932e+00 1.702914e+00 1.701179e+00 1.699725e+00 1.698550e+00 1.697650e+00 1.697026e+00 1.696675e+00 1.696597e+00 1.696792e+00 1.697261e+00 1.698003e+00 1.699022e+00 1.700317e+00 1.701891e+00 1.703592e+00 1.705558e+00 1.707947e+00 1.710762e+00 1.714008e+00 1.717687e+00 1.721806e+00 1.726369e+00 1.731383e+00 1.736855e+00 1.742790e+00 1.749198e+00 1.756087e+00 1.763466e+00
1.186285e+00 1.229128e+00 1.273534e+00 1.319561e+00 1.367268e+00 1.416718e+00 1.467975e+00 1.521104e+00 1.576176e+00 1.633260e+00 1.692431e+00 1.753766e+00 1.817344e+00 1.883247e+00 1.947496e+00 2.005104e+00 2.060144e+00 2.112621e+00 2.162544e+00 2.209917e+00 2.254747e+00 2.297039e+00 2.336799e+00 2.374031e+00 2.408739e+00 2.440929e+00 2.470604e+00 2.497767e+00 2.522423e+00 2.544574e+00 2.564222e+00 2.581371e+00 2.596023e+00 2.608178e+00 2.617839e+00 2.625007e+00 2.629683e+00 2.631867e+00 2.631559e+00 2.628761e+00 2.623470e+00 2.615687e+00 2.605411e+00 2.592639e+00 2.577372e+00 2.559607e+00 2.539341e+00 2.516572e+00 2.491298e+00 2.463515e+00 2.433220e+00 2.400409e+00 2.365079e+00 2.327224e+00 2.281196e+00 2.231530e+00 2.183789e+00 2.137901e+00 2.093792e+00 2.051395e+00 2.010643e+00 1.971472e+00 1.933822e+00 1.897632e+00 1.862848e+00 1.829414e+00 1.797278e+00 1.766390e+00
1.287110e+00 1.275020e+00 1.261820e+00 1.247482e+00 1.231975e+00 1.215265e+00 1.197316e+00 1.178090e+00 1.157544e+00 1.135635e+00 1.112316e+00 1.087536e+00 1.061241e+00 1.033375e+00 1.009907e+00 9.943224e-01 9.805588e-01 9.685873e-01 9.583825e-01 9.499229e-01 9.431905e-01 9.381711e-01 9.348539e-01 9.332320e-01 9.333019e-01 9.350638e-01 9.385215e-01 9.436821e-01 9.505568e-01 9.591600e-01 9.695099e-01 9.816286e-01 9.955417e-01 1.011279e+00 1.028873e+00 1.048362e+00 1.069786e+00 1.093192e+00 1.118629e+00 1.146150e+00 1.175814e+00 1.207685e+00 1.241829e+00 1.278319e+00 1.317232e+00 1.358650e+00 1.402662e+00 1.449361e+00 1.498846e+00 1.551221e+00 1.606597e+00 1.665093e+00 1.726831e+00 1.791944e+00 1.844968e+00 1.880910e+00 1.915385e+00 1.948406e+00 1.979988e+00 2.010142e+00 2.038882e+00 2.066220e+00 2.092166e+00 2.116731e+00 2.139926e+00 2.161759e+00 2.182241e+00 2.201379e+00
1.594822e+00 1.574175e+00 1.552343e+00 1.529217e+00 1.504681e+00 1.478612e+00 1.450879e+00 1.421345e+00 1.389861e+00 1.356270e+00 1.320403e+00 1.282082e+00 1.241114e+00 1.197294e+00 1.167492e+00 1.155053e+00 1.142880e+00 1.130961e+00 1.119287e+00 1.107846e+00 1.096630e+00 1.085627e+00 1.074828e+00 1.064225e+00 1.053806e+00 1.043564e+00 1.033489e+00 1.023573e+00 1.013806e+00 1.004180e+00 9.946861e-01 9.853165e-01 9.760628e-01 9.669168e-01 9.578704e-01 9.489157e-01 9.400447e-01 9.312496e-01 9.225228e-01 9.138564e-01 9.052429e-01 8.966746e-01 8.881441e-01 8.796437e-01 8.711661e-01 8.627036e-01 8.542490e-01 8.457946e-01 8.373332e-01 8.288571e-01 8.203589e-01 8.118313e-01 8.032665e-01 7.946571e-01 7.813408e-01 7.647994e-01 7.496561e-01 7.358816e-01 7.234495e-01 7.123360e-01 7.025197e-01 6.939816e-01 6.867055e-01 6.806774e-01 6.758856e-01 6.723210e-01 6.699766e-01 6.688481e-01
1.034810e+00 1.031938e+00 1.029462e+00 1.027382e+00 1.025696e+00 1.024402e+00 1.023501e+00 1.022990e+00 1.022871e+00 1.023143e+00 1.023806e+00 1.024860e+00 1.026307e+00 1.028147e+00 1.029858e+00 1.031741e+00 1.034321e+00 1.037600e+00 1.041579e+00 1.046262e+00 1.051651e+00 1.057752e+00 1.064567e+00 1.072101e+00 1.080361e+00 1.089351e+00 1.099077e+00 1.109548e+00 1.120769e+00 1.132748e+00 1.145495e+00 1.159018e+00 1.173326e+00 1.188428e+00 1.204337e+00 1.221063e+00 1.238617e+00 1.257011e+00 1.276259e+00 1.296374e+00 1.317369e+00 1.339260e+00 1.362061e+00 1.385789e+00 1.410460e+00 1.436092e+00 1.462701e+00 1.490306e+00 1.518927e+00 1.548584e+00 1.579297e+00 1.611088e+00 1.643978e+00 1.677991e+00 1.745357e+00 1.839723e+00 1.928926e+00 2.013005e+00 2.092000e+00 2.165944e+00 2.234873e+00 2.298816e+00 2.357803e+00 2.411861e+00 2.461013e+00 2.505281e+00 2.544687e+00 2.579247e+00
7.337362e-01 7.345467e-01 7.353498e-01 7.361456e-01 7.369342e-01 7.377159e-01 7.384907e-01 7.392587e-01 7.400202e-01 7.407751e-01 7.415236e-01 7.422660e-01 7.430021e-01 7.437323e-01 7.454034e-01 7.481090e-01 7.509255e-01 7.538769e-01 7.569882e-01 7.602860e-01 7.637983e-01 7.675551e-01 7.715882e-01 7.759320e-01 7.806236e-01 7.857027e-01 7.912128e-01 7.972005e-01 8.037170e-01 8.108176e-01 8.185629e-01 8.270187e-01 8.362570e-01 8.463564e-01 8.574029e-01 8.694906e-01 8.827222e-01 8.972104e-01 9.130786e-01 9.304617e-01 9.495078e-01 9.703789e-01 9.932526e-01 1.018324e+00 1.045806e+00 1.075932e+00 1.108960e+00 1.145170e+00 1.184870e+00 1.228398e+00 1.276125e+00 1.328457e+00 1.385840e+00 1.448761e+00 1.490331e+00 1.503617e+00 1.516058e+00 1.527668e+00 1.538459e+00 1.548443e+00 1.557631e+00 1.566032e+00 1.573657e+00 1.580512e+00 1.586607e+00 1.591946e+00 1.596536e+00 1.600382e+00
2.403227e+00 2.412667e+00 2.421896e+00 2.430915e+00 2.439724e+00 2.448327e+00 2.456723e+00 2.464915e+00 2.472903e+00 2.480688e+00 2.488273e+00 2.495657e+00 2.502843e+00 2.509831e+00 2.517626e+00 2.526839e+00 2.536477e+00 2.546550e+00 2.557068e+00 2.568042e+00 2.579483e+00 2.591405e+00 2.603819e+00 2.616738e+00 2.630177e+00 2.644148e+00 2.658667e+00 2.673749e+00 2.689410e+00 2.705667e+00 2.722536e+00 2.740035e+00 2.758182e+00 2.776997e+00 2.796500e+00 2.816710e+00 2.837650e+00 2.859340e+00 2.881805e+00 2.905067e+00 2.929151e+00 2.954082e+00 2.979887e+00 3.006592e+00 3.034226e+00 3.062818e+00 3.092398e+00 3.122996e+00 3.154645e+00 3.187379e+00 3.221231e+00 3.256238e+00 3.292436e+00 3.329862e+00 3.367932e+00 3.403868e+00 3.438299e+00 3.471229e+00 3.502664e+00 3.532606e+00 3.561060e+00 3.588030e+00 3.613519e+00 3.637530e+00 3.660067e+00 3.681133e+00 3.700730e+00 3.718860e+00
1.868775e+00 1.867406e+00 1.865503e+00 1.863066e+00 1.860091e+00 1.856575e+00 1.852513e+00 1.847903e+00 1.842738e+00 1.837014e+00 1.830723e+00 1.823860e+00 1.816416e+00 1.808384e+00 1.796895e+00 1.782772e+00 1.768863e+00 1.755155e+00 1.741639e+00 1.728302e+00 1.715133e+00 1.702121e+00 1.689255e+00 1.676524e+00 1.663918e+00 1.651425e+00 1.639037e+00 1.626741e+00 1.614528e+00 1.602388e+00 1.590310e+00 1.578284e+00 1.566300e+00 1.554348e+00 1.542419e+00 1.530501e+00 1.518585e+00 1.506661e+00 1.494719e+00 1.482749e+00 1.470741e+00 1.458684e+00 1.446569e+00 1.434386e+00 1.422124e+00 1.409773e+00 1.397322e+00 1.384761e+00 1.372081e+00 1.359269e+00 1.346315e+00 1.333208e+00 1.319938e+00 1.306493e+00 1.291360e+00 1.275939e+00 1.261694e+00 1.248590e+00 1.236595e+00 1.225679e+00 1.215815e+00 1.206979e+00 1.199149e+00 1.192306e+00 1.186433e+00 1.181515e+00 1.177541e+00 1.174500e+00
3.487631e+00 3.489215e+00 3.489224e+00 3.487658e+00 3.484517e+00 3.479800e+00 3.473505e+00 3.465631e+00 3.456175e+00 3.445134e+00 3.432504e+00 3.418282e+00 3.402464e+00 3.385044e+00 3.363584e+00 3.339045e+00 3.313849e+00 3.287987e+00 3.261446e+00 3.234215e+00 3.206283e+00 3.177636e+00 3.148264e+00 3.118152e+00 3.087287e+00 3.055657e+00 3.023248e+00 2.990044e+00 2.956033e+00 2.921199e+00 2.885526e+00 2.849000e+00 2.811604e+00 2.773323e+00 2.734139e+00 2.694035e+00 2.652995e+00 2.610999e+00 2.568030e+00 2.524069e+00 2.479097e+00 2.433095e+00 2.386041e+00 2.337917e+00 2.288700e+00 2.238369e+00 2.186903e+00 2.134280e+00 2.080475e+00 2.025466e+00 1.969228e+00 1.911738e+00 1.852970e+00 1.792898e+00 1.742548e+00 1.704671e+00 1.668161e+00 1.632967e+00 1.599040e+00 1.566331e+00 1.534794e+00 1.504385e+00 1.475060e+00 1.446779e+00 1.419502e+00 1.393189e+00 1.367804e+00 1.343311e+00
3.426741e+00 3.365313e+00 3.295945e+00 3.218557e+00 3.133061e+00 3.039358e+00 2.937339e+00 2.826888e+00 2.707876e+00 2.580168e+00 2.443616e+00 2.298062e+00 2.143340e+00 1.979270e+00 1.870565e+00 1.828614e+00 1.788462e+00 1.750057e+00 1.713350e+00 1.678293e+00 1.644841e+00 1.612951e+00 1.582582e+00 1.553694e+00 1.526250e+00 1.500216e+00 1.475556e+00 1.452240e+00 1.430238e+00 1.409520e+00 1.390061e+00 1.371835e+00 1.354818e+00 1.338989e+00 1.324328e+00 1.310814e+00 1.298432e+00 1.287164e+00 1.276997e+00 1.267918e+00 1.259913e+00 1.252974e+00 1.247092e+00 1.242258e+00 1.238466e+00 1.235712e+00 1.233992e+00 1.233304e+00 1.233647e+00 1.235021e+00 1.237428e+00 1.240872e+00 1.245356e+00 1.250886e+00 1.264826e+00 1.284930e+00 1.303875e+00 1.321694e+00 1.338416e+00 1.354070e+00 1.368682e+00 1.382276e+00 1.394874e+00 1.406499e+00 1.417168e+00 1.426901e+00 1.435714e+00 1.443621e+00
4.102265e+00 4.121024e+00 4.136640e+00 4.149114e+00 4.158449e+00 4.164646e+00 4.167706e+00 4.167630e+00 4.164417e+00 4.158066e+00 4.148578e+00 4.135950e+00 4.120182e+00 4.101269e+00 4.037979e+00 3.941368e+00 3.851940e+00 3.769017e+00 3.691972e+00 3.620225e+00 3.553231e+00 3.490484e+00 3.431511e+00 3.375864e+00 3.323125e+00 3.272893e+00 3.224789e+00 3.178449e+00 3.133523e+00 3.089672e+00 3.046563e+00 3.003871e+00 2.961273e+00 2.918448e+00 2.875071e+00 2.830814e+00 2.785343e+00 2.738314e+00 2.689371e+00 2.638145e+00 2.584247e+00 2.527272e+00 2.466788e+00 2.402337e+00 2.333432e+00 2.259553e+00 2.180141e+00 2.094595e+00 2.002270e+00 1.902466e+00 1.794429e+00 1.677343e+00 1.550322e+00 1.412405e+00 1.324012e+00 1.298150e+00 1.273327e+00 1.249511e+00 1.226671e+00 1.204778e+00 1.183805e+00 1.163724e+00 1.144510e+00 1.126139e+00 1.108586e+00 1.091830e+00 1.075848e+00 1.060622e+00
1.845808e+00 1.848701e+00 1.850498e+00 1.851201e+00 1.850811e+00 1.849327e+00 1.846747e+00 1.843071e+00 1.838296e+00 1.832418e+00 1.825433e+00 1.817337e+00 1.808123e+00 1.797786e+00 1.764049e+00 1.712155e+00 1.664145e+00 1.619806e+00 1.578942e+00 1.541375e+00 1.506936e+00 1.475476e+00 1.446854e+00 1.420946e+00 1.397635e+00 1.376820e+00 1.358408e+00 1.342319e+00 1.328481e+00 1.316834e+00 1.307325e+00 1.299913e+00 1.294566e+00 1.291259e+00 1.289978e+00 1.290717e+00 1.293480e+00 1.298279e+00 1.305135e+00 1.314079e+00 1.325149e+00 1.338394e+00 1.353874e+00 1.371656e+00 1.391818e+00 1.414451e+00 1.439653e+00 1.467536e+00 1.498223e+00 1.531849e+00 1.568563e+00 1.608526e+00 1.651916e+00 1.698923e+00 1.728786e+00 1.737176e+00 1.745072e+00 1.752483e+00 1.759418e+00 1.765884e+00 1.771890e+00 1.777443e+00 1.782549e+00 1.787213e+00 1.791443e+00 1.795241e+00 1.798614e+00 1.801565e+00
2.492518e+00 2.509598e+00 2.524710e+00 2.537859e+00 2.549051e+00 2.558292e+00 2.565585e+00 2.570935e+00 2.574343e+00 2.575812e+00 2.575341e+00 2.572931e+00 2.568580e+00 2.562287e+00 2.556908e+00 2.554206e+00 2.551321e+00 2.548253e+00 2.544998e+00 2.541557e+00 2.537928e+00 2.534108e+00 2.530096e+00 2.525891e+00 2.521489e+00 2.516891e+00 2.512092e+00 2.507092e+00 2.501887e+00 2.496476e+00 2.490856e+00 2.485024e+00 2.478978e+00 2.472715e+00 2.466233e+00 2.459527e+00 2.452596e+00 2.445436e+00 2.438044e+00 2.430416e+00 2.422549e+00 2.414440e+00 2.406084e+00 2.397478e+00 2.388619e+00 2.379501e+00 2.370121e+00 2.360475e+00 2.350558e+00 2.340366e+00 2.329894e+00 2.319137e+00 2.308091e+00 2.296750e+00 2.248168e+00 2.170274e+00 2.099480e+00 2.035306e+00 1.977315e+00 1.925113e+00 1.878346e+00 1.836696e+00 1.799879e+00 1.767645e+00 1.739776e+00 1.716082e+00 1.696402e+00 1.680603e+00
1.002284e+00 9.914468e-01 9.801862e-01 9.684868e-01 9.563327e-01 9.437073e-01 9.305936e-01 9.169736e-01 9.028289e-01 8.881403e-01 8.728878e-01 8.570506e-01 8.406074e-01 8.235356e-01 8.022426e-01 7.787557e-01 7.566035e-01 7.357477e-01 7.161519e-01 6.977821e-01 6.806064e-01 6.645950e-01 6.497201e-01 6.359557e-01 6.232781e-01 6.116652e-01 6.010967e-01 5.915544e-01 5.830217e-01 5.754837e-01 5.689274e-01 5.633413e-01 5.587158e-01 5.550428e-01 5.523159e-01 5.505304e-01 5.496833e-01 5.497729e-01 5.507996e-01 5.527650e-01 5.556726e-01 5.595274e-01 5.643362e-01 5.701073e-01 5.768506e-01 5.845780e-01 5.933028e-01 6.030403e-01 6.138072e-01 6.256224e-01 6.385063e-01 6.524814e-01 6.675719e-01 6.838040e-01 7.259564e-01 7.878483e-01 8.450032e-01 8.976745e-01 9.460955e-01 9.904808e-01 1.031027e+00 1.067914e+00 1.101305e+00 1.131347e+00 1.158175e+00 1.181907e+00 1.202648e+00 1.220490e+00
8.453362e-01 8.499495e-01 8.551851e-01 8.610521e-01 8.675606e-01 8.747218e-01 8.825480e-01 8.910528e-01 9.002506e-01 9.101574e-01 9.207903e-01 9.321675e-01 9.443086e-01 9.572346e-01 9.711963e-01 9.849579e-01 9.983126e-01 1.011282e+00 1.023887e+00 1.036147e+00 1.048083e+00 1.059713e+00 1.071056e+00 1.082130e+00 1.092954e+00 1.103544e+00 1.113918e+00 1.124092e+00 1.134082e+00 1.143904e+00 1.153575e+00 1.163110e+00 1.172524e+00 1.181831e+00 1.191048e+00 1.200189e+00 1.209269e+00 1.218301e+00 1.227302e+00 1.236284e+00 1.245263e+00 1.254252e+00 1.263267e+00 1.272322e+00 1.281431e+00 1.290610e+00 1.299871e+00 1.309232e+00 1.318706e+00 1.328308e+00 1.338055e+00 1.347962e+00 1.358044e+00 1.368319e+00 1.382884e+00 1.400435e+00 1.416907e+00 1.432318e+00 1.446680e+00 1.460010e+00 1.472320e+00 1.483622e+00 1.493927e+00 1.503245e+00 1.511586e+00 1.518957e+00 1.525366e+00 1.530820e+00
1.297949e+00 1.292843e+00 1.286432e+00 1.278683e+00 1.269557e+00 1.259009e+00 1.246985e+00 1.233425e+00 1.218261e+00 1.201418e+00 1.182809e+00 1.162343e+00 1.139916e+00 1.115415e+00 1.095495e+00 1.083004e+00 1.071145e+00 1.059894e+00 1.049232e+00 1.039137e+00 1.029592e+00 1.020578e+00 1.012078e+00 1.004078e+00 9.965613e-01 9.895148e-01 9.829251e-01 9.767801e-01 9.710682e-01 9.657789e-01 9.609022e-01 9.564292e-01 9.523514e-01 9.486613e-01 9.453521e-01 9.424175e-01 9.398521e-01 9.376512e-01 9.358106e-01 9.343269e-01 9.331973e-01 9.324198e-01 9.319929e-01 9.319158e-01 9.321883e-01 9.328110e-01 9.337850e-01 9.351122e-01 9.367950e-01 9.388365e-01 9.412406e-01 9.440117e-01 9.471549e-01 9.506762e-01 9.538227e-01 9.562730e-01 9.587891e-01 9.613737e-01 9.640299e-01 9.667606e-01 9.695689e-01 9.724579e-01 9.754308e-01 9.784911e-01 9.816420e-01 9.848873e-01 9.882305e-01 9.916754e-01
2.498090e+00 2.517367e+00 2.534962e+00 2.550954e+00 2.565412e+00 2.578398e+00 2.589970e+00 2.600179e+00 2.609068e+00 2.616676e+00 2.623038e+00 2.628180e+00 2.632125e+00 2.634890e+00 2.635892e+00 2.637191e+00 2.639384e+00 2.642471e+00 2.646456e+00 2.651338e+00 2.657122e+00 2.663808e+00 2.671402e+00 2.679907e+00 2.689326e+00 2.699664e+00 2.710928e+00 2.723121e+00 2.736250e+00 2.750321e+00 2.765342e+00 2.781319e+00 2.798261e+00 2.816176e+00 2.835072e+00 2.854960e+00 2.875848e+00 2.897747e+00 2.920667e+00 2.944621e+00 2.969619e+00 2.995674e+00 3.022799e+00 3.051006e+00 3.080311e+00 3.110727e+00 3.142269e+00 3.174952e+00 3.208793e+00 3.243809e+00 3.280016e+00 3.317432e+00 3.356076e+00 3.395966e+00 3.428806e+00 3.451991e+00 3.473842e+00 3.494366e+00 3.513568e+00 3.531454e+00 3.548029e+00 3.563297e+00 3.577263e+00 3.589930e+00 3.601302e+00 3.611383e+00 3.620174e+00 3.627678e+00
2.391384e+00 2.392178e+00 2.391262e+00 2.388628e+00 2.384255e+00 2.378107e+00 2.370136e+00 2.360276e+00 2.348448e+00 2.334556e+00 2.318488e+00 2.300114e+00 2.279286e+00 2.255834e+00 2.235477e+00 2.221109e+00 2.206778e+00 2.192438e+00 2.178042e+00 2.163543e+00 2.148894e+00 2.134048e+00 2.118957e+00 2.103571e+00 2.087841e+00 2.071716e+00 2.055143e+00 2.038068e+00 2.020436e+00 2.002190e+00 1.983270e+00 1.963615e+00 1.943162e+00 1.921844e+00 1.899592e+00 1.876333e+00 1.851992e+00 1.826490e+00 1.799744e+00 1.771667e+00 1.742169e+00 1.711154e+00 1.678520e+00 1.644162e+00 1.607969e+00 1.569822e+00 1.529599e+00 1.487168e+00 1.442392e+00 1.395126e+00 1.345215e+00 1.292499e+00 1.236805e+00 1.177954e+00 1.139610e+00 1.125855e+00 1.112812e+00 1.100465e+00 1.088798e+00 1.077795e+00 1.067443e+00 1.057727e+00 1.048635e+00 1.040155e+00 1.032276e+00 1.024988e+00 1.018281e+00 1.012147e+00
1.570271e+00 1.595308e+00 1.620869e+00 1.646971e+00 1.673634e+00 1.700879e+00 1.728724e+00 1.757191e+00 1.786301e+00 1.816074e+00 1.846534e+00 1.877703e+00 1.909602e+00 1.942258e+00 1.977707e+00 2.014059e+00 2.049332e+00 2.083560e+00 2.116773e+00 2.149002e+00 2.180278e+00 2.210629e+00 2.240084e+00 2.268670e+00 2.296413e+00 2.323339e+00 2.349473e+00 2.374840e+00 2.399462e+00 2.423363e+00 2.446565e+00 2.469089e+00 2.490956e+00 2.512187e+00 2.532801e+00 2.552817e+00 2.572254e+00 2.591130e+00 2.609462e+00 2.627267e+00 2.644563e+00 2.661364e+00 2.677687e+00 2.693546e+00 2.708957e+00 2.723933e+00 2.738489e+00 2.752638e+00 2.766393e+00 2.779767e+00 2.792772e+00 2.805421e+00 2.817724e+00 2.829694e+00 2.841393e+00 2.851680e+00 2.860506e+00 2.867872e+00 2.873781e+00 2.878233e+00 2.881229e+00 2.882771e+00 2.882858e+00 2.881490e+00 2.878668e+00 2.874390e+00 2.868656e+00 2.861465e+00
9.806966e-01 9.803063e-01 9.799729e-01 9.796958e-01 9.794748e-01 9.793096e-01 9.792000e-01 9.791459e-01 9.791472e-01 9.792039e-01 9.793161e-01 9.794839e-01 9.797075e-01 9.799872e-01 9.803378e-01 9.811062e-01 9.822793e-01 9.838591e-01 9.858481e-01 9.882496e-01 9.910675e-01 9.943063e-01 9.979715e-01 1.002069e+00 1.006605e+00 1.011588e+00 1.017025e+00 1.022925e+00 1.029299e+00 1.036155e+00 1.043507e+00 1.051364e+00 1.059742e+00 1.068652e+00 1.078109e+00 1.088130e+00 1.098730e+00 1.109927e+00 1.121738e+00 1.134184e+00 1.147284e+00 1.161060e+00 1.175535e+00 1.190731e+00 1.206674e+00 1.223390e+00 1.240906e+00 1.259250e+00 1.278453e+00 1.298546e+00 1.319561e+00 1.341533e+00 1.364498e+00 1.388493e+00 1.411552e+00 1.431474e+00 1.450288e+00 1.468015e+00 1.484677e+00 1.500293e+00 1.514880e+00 1.528457e+00 1.541038e+00 1.552638e+00 1.563270e+00 1.572948e+00 1.581681e+00 1.589481e+00
1.840674e+00 1.879950e+00 1.920436e+00 1.962170e+00 2.005191e+00 2.049540e+00 2.095258e+00 2.142389e+00 2.190976e+00 2.241066e+00 2.292705e+00 2.345943e+00 2.400830e+00 2.457417e+00 2.517471e+00 2.576593e+00 2.633086e+00 2.686967e+00 2.738250e+00 2.786951e+00 2.833084e+00 2.876661e+00 2.917696e+00 2.956199e+00 2.992183e+00 3.025658e+00 3.056632e+00 3.085116e+00 3.111117e+00 3.134642e+00 3.155699e+00 3.174294e+00 3.190431e+00 3.204116e+00 3.215352e+00 3.224143e+00 3.230491e+00 3.234399e+00 3.235866e+00 3.234894e+00 3.231482e+00 3.225629e+00 3.217334e+00 3.206594e+00 3.193407e+00 3.177768e+00 3.159672e+00 3.139115e+00 3.116091e+00 3.090594e+00 3.062614e+00 3.032146e+00 2.999180e+00 2.963706e+00 2.934911e+00 2.915591e+00 2.896531e+00 2.877715e+00 2.859125e+00 2.840744e+00 2.822554e+00 2.804539e+00 2.786682e+00 2.768967e+00 2.751378e+00 2.733897e+00 2.716509e+00 2.699198e+00
1.582001e+00 1.576214e+00 1.569102e+00 1.560643e+00 1.550809e+00 1.539569e+00 1.526887e+00 1.512723e+00 1.497030e+00 1.479759e+00 1.460853e+00 1.440254e+00 1.417894e+00 1.393701e+00 1.369030e+00 1.346892e+00 1.325812e+00 1.305751e+00 1.286670e+00 1.268533e+00 1.251304e+00 1.234952e+00 1.219444e+00 1.204752e+00 1.190846e+00 1.177702e+00 1.165292e+00 1.153595e+00 1.142587e+00 1.132247e+00 1.122556e+00 1.113496e+00 1.105048e+00 1.097196e+00 1.089927e+00 1.083225e+00 1.077079e+00 1.071475e+00 1.066404e+00 1.061856e+00 1.057823e+00 1.054296e+00 1.051268e+00 1.048735e+00 1.046691e+00 1.045131e+00 1.044055e+00 1.043458e+00 1.043341e+00 1.043702e+00 1.044543e+00 1.045865e+00 1.047671e+00 1.049964e+00 1.051992e+00 1.053044e+00 1.053876e+00 1.054488e+00 1.054880e+00 1.055053e+00 1.055005e+00 1.054738e+00 1.054251e+00 1.053544e+00 1.052616e+00 1.051469e+00 1.050102e+00 1.048515e+00
3.346561e+00 3.342160e+00 3.335454e+00 3.326427e+00 3.315060e+00 3.301326e+00 3.285194e+00 3.266630e+00 3.245590e+00 3.222027e+00 3.195889e+00 3.167117e+00 3.135645e+00 3.101404e+00 3.075545e+00 3.060908e+00 3.046243e+00 3.031530e+00 3.016749e+00 3.001878e+00 2.986897e+00 2.971785e+00 2.956521e+00 2.941082e+00 2.925448e+00 2.909597e+00 2.893506e+00 2.877153e+00 2.860515e+00 2.843569e+00 2.826290e+00 2.808655e+00 2.790639e+00 2.772216e+00 2.753361e+00 2.734048e+00 2.714248e+00 2.693935e+00 2.673080e+00 2.651654e+00 2.629627e+00 2.606967e+00 2.583644e+00 2.559623e+00 2.534873e+00 2.509357e+00 2.483040e+00 2.455886e+00 2.427856e+00 2.398911e+00 2.369010e+00 2.338112e+00 2.306172e+00 2.273147e+00 2.239460e+00 2.207967e+00 2.178114e+00 2.149819e+00 2.123005e+00 2.097601e+00 2.073538e+00 2.050750e+00 2.029175e+00 2.008756e+00 1.989437e+00 1.971165e+00 1.953892e+00 1.937570e+00
2.708759e+00 2.704357e+00 2.699897e+00 2.695368e+00 2.690756e+00 2.686049e+00 2.681233e+00 2.676297e+00 2.671225e+00 2.666003e+00 2.660618e+00 2.655054e+00 2.649296e+00 2.643328e+00 2.634458e+00 2.623209e+00 2.612215e+00 2.601433e+00 2.590820e+00 2.580336e+00 2.569939e+00 2.559589e+00 2.549246e+00 2.538869e+00 2.528418e+00 2.517853e+00 2.507132e+00 2.496214e+00 2.485055e+00 2.473613e+00 2.461843e+00 2.449700e+00 2.437135e+00 2.424100e+00 2.410545e+00 2.396415e+00 2.381658e+00 2.366214e+00 2.350025e+00 2.333026e+00 2.315152e+00 2.296333e+00 2.276495e+00 2.255563e+00 2.233453e+00 2.210081e+00 2.185354e+00 2.159178e+00 2.131449e+00 2.102060e+00 2.070896e+00 2.037837e+00 2.002753e+00 1.965508e+00 1.941780e+00 1.934061e+00 1.926518e+00 1.919141e+00 1.911922e+00 1.904850e+00 1.897918e+00 1.891116e+00 1.884436e+00 1.877869e+00 1.871408e+00 1.865043e+00 1.858768e+00 1.852574e+00
1.838763e+00 1.856686e+00 1.874707e+00 1.892852e+00 1.911148e+00 1.929622e+00 1.948301e+00 1.967212e+00 1.986382e+00 2.005841e+00 2.025616e+00 2.045736e+00 2.066231e+00 2.087131e+00 2.113918e+00 2.143894e+00 2.171634e+00 2.197164e+00 2.220506e+00 2.241683e+00 2.260714e+00 2.277616e+00 2.292405e+00 2.305095e+00 2.315697e+00 2.324220e+00 2.330674e+00 2.335063e+00 2.337392e+00 2.337663e+00 2.335876e+00 2.332030e+00 2.326120e+00 2.318142e+00 2.308089e+00 2.295950e+00 2.281715e+00 2.265370e+00 2.246902e+00 2.226292e+00 2.203522e+00 2.178570e+00 2.151415e+00 2.122030e+00 2.090389e+00 2.056463e+00 2.020220e+00 1.981628e+00 1.940650e+00 1.897250e+00 1.851386e+00 1.803018e+00 1.752100e+00 1.698586e+00 1.637768e+00 1.575657e+00 1.516717e+00 1.460765e+00 1.407627e+00 1.357136e+00 1.309137e+00 1.263478e+00 1.220019e+00 1.178624e+00 1.139163e+00 1.101514e+00 1.065560e+00 1.031188e+00
1.368392e+00 1.385952e+00 1.404027e+00 1.422654e+00 1.441868e+00 1.461708e+00 1.482213e+00 1.503424e+00 1.525383e+00 1.548133e+00 1.571720e+00 1.596189e+00 1.621591e+00 1.647974e+00 1.679079e+00 1.711956e+00 1.742937e+00 1.772037e+00 1.799272e+00 1.824655e+00 1.848200e+00 1.869920e+00 1.889825e+00 1.907925e+00 1.924231e+00 1.938751e+00 1.951492e+00 1.962461e+00 1.971664e+00 1.979105e+00 1.984789e+00 1.988718e+00 1.990894e+00 1.991319e+00 1.989992e+00 1.986913e+00 1.982081e+00 1.975493e+00 1.967145e+00 1.957033e+00 1.945152e+00 1.931496e+00 1.916057e+00 1.898828e+00 1.879799e+00 1.858961e+00 1.836303e+00 1.811813e+00 1.785477e+00 1.757284e+00 1.727217e+00 1.695262e+00 1.661401e+00 1.625617e+00 1.589812e+00 1.557042e+00 1.525343e+00 1.494674e+00 1.464998e+00 1.436276e+00 1.408473e+00 1.381552e+00 1.355481e+00 1.330225e+00 1.305753e+00 1.282034e+00 1.259038e+00 1.236735e+00
7.835704e-01 7.827576e-01 7.825282e-01 7.828820e-01 7.838195e-01 7.853417e-01 7.874503e-01 7.901480e-01 7.934378e-01 7.973236e-01 8.018100e-01 8.069022e-01 8.126063e-01 8.189289e-01 8.345495e-01 8.582306e-01 8.814140e-01 9.042113e-01 9.267323e-01 9.490852e-01 9.713776e-01 9.937168e-01 1.016210e+00 1.038966e+00 1.062094e+00 1.085705e+00 1.109913e+00 1.134835e+00 1.160589e+00 1.187301e+00 1.215098e+00 1.244115e+00 1.274491e+00 1.306373e+00 1.339912e+00 1.375272e+00 1.412622e+00 1.452142e+00 1.494022e+00 1.538463e+00 1.585680e+00 1.635899e+00 1.689362e+00 1.746327e+00 1.807067e+00 1.871875e+00 1.941063e+00 2.014963e+00 2.093931e+00 2.178347e+00 2.268617e+00 2.365176e+00 2.468488e+00 2.579050e+00 2.673934e+00 2.740895e+00 2.803421e+00 2.861535e+00 2.915262e+00 2.964624e+00 3.009641e+00 3.050330e+00 3.086709e+00 3.118792e+00 3.146593e+00 3.170122e+00 3.189389e+00 3.204402e+00
3.364876e+00 3.406775e+00 3.448282e+00 3.489463e+00 3.530385e+00 3.571112e+00 3.611712e+00 3.652248e+00 3.692787e+00 3.733393e+00 3.774131e+00 3.815067e+00 3.856267e+00 3.897797e+00 3.967367e+00 4.059689e+00 4.147186e+00 4.229923e+00 4.307957e+00 4.381347e+00 4.450145e+00 4.514401e+00 4.574160e+00 4.629467e+00 4.680361e+00 4.726879e+00 4.769055e+00 4.806919e+00 4.840498e+00 4.869816e+00 4.894896e+00 4.915754e+00 4.932407e+00 4.944865e+00 4.953138e+00 4.957233e+00 4.957151e+00 4.952893e+00 4.944456e+00 4.931834e+00 4.915017e+00 4.893994e+00 4.868749e+00 4.839264e+00 4.805518e+00 4.767486e+00 4.725141e+00 4.678452e+00 4.627386e+00 4.571906e+00 4.511971e+00 4.447538e+00 4.378562e+00 4.304991e+00 4.247154e+00 4.208970e+00 4.170007e+00 4.130211e+00 4.089526e+00 4.047896e+00 4.005263e+00 3.961569e+00 3.916752e+00 3.870751e+00 3.823502e+00 3.774939e+00 3.724995e+00 3.673601e+00
1.018809e+00 1.010235e+00 1.001929e+00 9.938833e-01 9.860892e-01 9.785382e-01 9.712223e-01 9.641335e-01 9.572643e-01 9.506073e-01 9.441555e-01 9.379018e-01 9.318396e-01 9.259623e-01 9.217882e-01 9.195218e-01 9.176362e-01 9.161291e-01 9.149990e-01 9.142443e-01 9.138643e-01 9.138585e-01 9.142270e-01 9.149701e-01 9.160887e-01 9.175841e-01 9.194580e-01 9.217126e-01 9.243505e-01 9.273747e-01 9.307887e-01 9.345964e-01 9.388022e-01 9.434111e-01 9.484282e-01 9.538594e-01 9.597109e-01 9.659895e-01 9.727024e-01 9.798573e-01 9.874625e-01 9.955269e-01 1.004060e+00 1.013070e+00 1.022570e+00 1.032569e+00 1.043079e+00 1.054112e+00 1.065681e+00 1.077800e+00 1.090481e+00 1.103740e+00 1.117593e+00 1.132054e+00 1.198548e+00 1.308008e+00 1.409555e+00 1.503681e+00 1.590840e+00 1.671453e+00 1.745911e+00 1.814572e+00 1.877768e+00 1.935806e+00 1.988965e+00 2.037502e+00 2.081652e+00 2.121628e+00
7.730119e-01 7.728939e-01 7.732312e-01 7.740239e-01 7.752726e-01 7.769781e-01 7.791412e-01 7.817634e-01 7.848463e-01 7.883915e-01 7.924014e-01 7.968783e-01 8.018248e-01 8.072440e-01 8.128835e-01 8.183583e-01 8.239260e-01 8.295883e-01 8.353472e-01 8.412046e-01 8.471624e-01 8.532225e-01 8.593870e-01 8.656579e-01 8.720372e-01 8.785271e-01 8.851297e-01 8.918472e-01 8.986818e-01 9.056358e-01 9.127115e-01 9.199111e-01 9.272371e-01 9.346919e-01 9.422779e-01 9.499977e-01 9.578538e-01 9.658488e-01 9.739854e-01 9.822661e-01 9.906938e-01 9.992713e-01 1.008001e+00 1.016887e+00 1.025931e+00 1.035136e+00 1.044505e+00 1.054043e+00 1.063750e+00 1.073632e+00 1.083691e+00 1.093930e+00 1.104353e+00 1.114963e+00 1.128066e+00 1.142730e+00 1.156662e+00 1.169869e+00 1.182356e+00 1.194131e+00 1.205199e+00 1.215567e+00 1.225238e+00 1.234220e+00 1.242515e+00 1.250128e+00 1.257063e+00 1.263324e+00
1.416266e+00 1.439744e+00 1.464241e+00 1.489798e+00 1.516464e+00 1.544285e+00 1.573312e+00 1.603598e+00 1.635196e+00 1.668164e+00 1.702562e+00 1.738450e+00 1.775895e+00 1.814962e+00 1.850720e+00 1.880009e+00 1.907852e+00 1.934270e+00 1.959281e+00 1.982901e+00 2.005148e+00 2.026036e+00 2.045580e+00 2.063794e+00 2.080689e+00 2.096279e+00 2.110573e+00 2.123581e+00 2.135313e+00 2.145777e+00 2.154979e+00 2.162926e+00 2.169624e+00 2.175077e+00 2.179289e+00 2.182263e+00 2.184001e+00 2.184504e+00 2.183773e+00 2.181807e+00 2.178604e+00 2.174163e+00 2.168480e+00 2.161551e+00 2.153373e+00 2.143938e+00 2.133241e+00 2.121273e+00 2.108028e+00 2.093495e+00 2.077665e+00 2.060527e+00 2.042068e+00 2.022277e+00 1.987364e+00 1.941609e+00 1.898595e+00 1.858144e+00 1.820086e+00 1.784265e+00 1.750530e+00 1.718743e+00 1.688770e+00 1.660487e+00 1.633777e+00 1.608529e+00 1.584637e+00 1.562002e+00
1.499031e+00 1.491813e+00 1.482563e+00 1.471249e+00 1.457831e+00 1.442260e+00 1.424483e+00 1.404436e+00 1.382048e+00 1.357241e+00 1.329927e+00 1.300010e+00 1.267383e+00 1.231932e+00 1.198169e+00 1.171012e+00 1.145748e+00 1.122309e+00 1.100631e+00 1.080653e+00 1.062323e+00 1.045589e+00 1.030406e+00 1.016733e+00 1.004533e+00 9.937709e-01 9.844188e-01 9.764508e-01 9.698451e-01 9.645837e-01 9.606523e-01 9.580401e-01 9.567399e-01 9.567483e-01 9.580653e-01 9.606944e-01 9.646428e-01 9.699213e-01 9.765444e-01 9.845300e-01 9.939000e-01 1.004680e+00 1.016899e+00 1.030592e+00 1.045794e+00 1.062548e+00 1.080899e+00 1.100898e+00 1.122599e+00 1.146061e+00 1.171348e+00 1.198530e+00 1.227680e+00 1.258879e+00 1.291406e+00 1.321672e+00 1.350561e+00 1.378147e+00 1.404504e+00 1.429699e+00 1.453799e+00 1.476866e+00 1.498962e+00 1.520143e+00 1.540465e+00 1.559981e+00 1.578743e+00 1.596798e+00
1.938673e+00 1.965738e+00 1.993305e+00 2.021421e+00 2.050134e+00 2.079494e+00 2.109549e+00 2.140350e+00 2.171950e+00 2.204402e+00 2.237761e+00 2.272084e+00 2.307430e+00 2.343857e+00 2.372862e+00 2.392357e+00 2.410912e+00 2.428532e+00 2.445221e+00 2.460983e+00 2.475822e+00 2.489741e+00 2.502745e+00 2.514835e+00 2.526016e+00 2.536290e+00 2.545659e+00 2.554126e+00 2.561693e+00 2.568361e+00 2.574133e+00 2.579009e+00 2.582991e+00 2.586080e+00 2.588277e+00 2.589582e+00 2.589995e+00 2.589517e+00 2.588148e+00 2.585886e+00 2.582732e+00 2.578685e+00 2.573744e+00 2.567907e+00 2.561174e+00 2.553542e+00 2.545010e+00 2.535575e+00 2.525235e+00 2.513989e+00 2.501832e+00 2.488762e+00 2.474776e+00 2.459870e+00 2.436673e+00 2.406856e+00 2.377718e+00 2.349194e+00 2.321218e+00 2.293727e+00 2.266658e+00 2.239950e+00 2.213542e+00 2.187374e+00 2.161388e+00 2.135522e+00 2.109720e+00 2.083922e+00
3.595818e+00 3.508922e+00 3.414327e+00 3.311817e+00 3.201158e+00 3.082097e+00 2.954361e+00 2.817658e+00 2.671676e+00 2.516081e+00 2.350518e+00 2.174607e+00 1.987947e+00 1.790111e+00 1.657665e+00 1.604316e+00 1.552971e+00 1.503559e+00 1.456014e+00 1.410270e+00 1.366265e+00 1.323937e+00 1.283231e+00 1.244089e+00 1.206458e+00 1.170288e+00 1.135527e+00 1.102130e+00 1.070050e+00 1.039243e+00 1.009667e+00 9.812814e-01 9.540480e-01 9.279292e-01 9.028893e-01 8.788940e-01 8.559106e-01 8.339075e-01 8.128548e-01 7.927235e-01 7.734862e-01 7.551166e-01 7.375895e-01 7.208810e-01 7.049681e-01 6.898293e-01 6.754436e-01 6.617915e-01 6.488544e-01 6.366144e-01 6.250549e-01 6.141600e-01 6.039149e-01 5.943055e-01 5.829339e-01 5.699256e-01 5.576347e-01 5.460325e-01 5.350917e-01 5.247866e-01 5.150930e-01 5.059883e-01 4.974510e-01 4.894611e-01 4.819999e-01 4.750498e-01 4.685947e-01 4.626192e-01
1.908712e+00 1.928531e+00 1.948495e+00 1.968629e+00 1.988959e+00 2.009511e+00 2.030311e+00 2.051386e+00 2.072761e+00 2.094464e+00 2.116523e+00 2.138965e+00 2.161820e+00 2.185115e+00 2.205617e+00 2.222230e+00 2.238226e+00 2.253613e+00 2.268398e+00 2.282588e+00 2.296190e+00 2.309210e+00 2.321656e+00 2.333532e+00 2.344845e+00 2.355600e+00 2.365803e+00 2.375457e+00 2.384568e+00 2.393140e+00 2.401178e+00 2.408684e+00 2.415664e+00 2.422119e+00 2.428054e+00 2.433471e+00 2.438372e+00 2.442761e+00 2.446638e+00 2.450007e+00 2.452868e+00 2.455224e+00 2.457074e+00 2.458421e+00 2.459264e+00 2.459605e+00 2.459442e+00 2.458777e+00 2.457609e+00 2.455937e+00 2.453761e+00 2.451079e+00 2.447890e+00 2.444192e+00 2.439483e+00 2.433437e+00 2.426554e+00 2.418832e+00 2.410266e+00 2.400853e+00 2.390587e+00 2.379463e+00 2.367477e+00 2.354622e+00 2.340892e+00 2.326280e+00 2.310779e+00 2.294382e+00
5.218143e-01 5.420230e-01 5.638768e-01 5.874665e-01 6.128903e-01 6.402538e-01 6.696707e-01 7.012634e-01 7.351633e-01 7.715113e-01 8.104584e-01 8.521667e-01 8.968095e-01 9.445725e-01 1.000954e+00 1.058454e+00 1.112015e+00 1.161864e+00 1.208210e+00 1.251249e+00 1.291163e+00 1.328119e+00 1.362273e+00 1.393771e+00 1.422743e+00 1.449314e+00 1.473593e+00 1.495685e+00 1.515682e+00 1.533669e+00 1.549721e+00 1.563906e+00 1.576283e+00 1.586906e+00 1.595819e+00 1.603059e+00 1.608657e+00 1.612637e+00 1.615015e+00 1.615802e+00 1.615000e+00 1.612607e+00 1.608612e+00 1.602998e+00 1.595742e+00 1.586813e+00 1.576173e+00 1.563778e+00 1.549576e+00 1.533506e+00 1.515500e+00 1.495484e+00 1.473371e+00 1.449070e+00 1.430775e+00 1.421033e+00 1.411536e+00 1.402272e+00 1.393231e+00 1.384401e+00 1.375771e+00 1.367331e+00 1.359071e+00 1.350981e+00 1.343051e+00 1.335271e+00 1.327632e+00 1.320125e+00
2.128273e+00 2.155970e+00 2.183354e+00 2.210477e+00 2.237388e+00 2.264139e+00 2.290777e+00 2.317353e+00 2.343916e+00 2.370514e+00 2.397198e+00 2.424016e+00 2.451019e+00 2.478256e+00 2.539576e+00 2.628922e+00 2.712592e+00 2.790673e+00 2.863251e+00 2.930401e+00 2.992195e+00 3.048699e+00 3.099974e+00 3.146074e+00 3.187048e+00 3.222939e+00 3.253787e+00 3.279623e+00 3.300476e+00 3.316368e+00 3.327315e+00 3.333329e+00 3.334417e+00 3.330580e+00 3.321813e+00 3.308108e+00 3.289450e+00 3.265818e+00 3.237188e+00 3.203529e+00 3.164806e+00 3.120977e+00 3.071995e+00 3.017808e+00 2.958358e+00 2.893583e+00 2.823413e+00 2.747773e+00 2.666583e+00 2.579756e+00 2.487200e+00 2.388816e+00 2.284499e+00 2.174139e+00 2.109432e+00 2.096640e+00 2.083936e+00 2.071311e+00 2.058756e+00 2.046259e+00 2.033812e+00 2.021405e+00 2.009028e+00 1.996672e+00 1.984326e+00 1.971982e+00 1.959630e+00 1.947260e+00
3.837359e+00 3.871994e+00 3.906108e+00 3.939710e+00 3.972810e+00 4.005417e+00 4.037539e+00 4.069185e+00 4.100363e+00 4.131083e+00 4.161352e+00 4.191179e+00 4.220572e+00 4.249538e+00 4.289567e+00 4.338475e+00 4.384791e+00 4.428522e+00 4.469674e+00 4.508255e+00 4.544269e+00 4.577724e+00 4.608624e+00 4.636974e+00 4.662779e+00 4.686042e+00 4.706768e+00 4.724960e+00 4.740620e+00 4.753751e+00 4.764356e+00 4.772435e+00 4.777990e+00 4.781022e+00 4.781532e+00 4.779519e+00 4.774984e+00 4.767925e+00 4.758341e+00 4.746231e+00 4.731594e+00 4.714425e+00 4.694724e+00 4.672487e+00 4.647710e+00 4.620389e+00 4.590520e+00 4.558098e+00 4.523119e+00 4.485576e+00 4.445464e+00 4.402776e+00 4.357506e+00 4.309646e+00 4.273599e+00 4.251546e+00 4.229075e+00 4.206185e+00 4.182874e+00 4.159140e+00 4.134982e+00 4.110398e+00 4.085386e+00 4.059945e+00 4.034072e+00 4.007766e+00 3.981024e+00 3.953846e+00
1.776992e+00 1.760798e+00 1.742815e+00 1.723030e+00 1.701426e+00 1.677985e+00 1.652691e+00 1.625521e+00 1.596456e+00 1.565471e+00 1.532543e+00 1.497645e+00 1.460749e+00 1.421826e+00 1.384904e+00 1.353219e+00 1.322686e+00 1.293276e+00 1.264963e+00 1.237722e+00 1.211529e+00 1.186358e+00 1.162189e+00 1.138999e+00 1.116767e+00 1.095474e+00 1.075099e+00 1.055626e+00 1.037035e+00 1.019311e+00 1.002437e+00 9.863988e-01 9.711813e-01 9.567709e-01 9.431546e-01 9.303203e-01 9.182562e-01 9.069517e-01 8.963964e-01 8.865809e-01 8.774964e-01 8.691346e-01 8.614880e-01 8.545498e-01 8.483137e-01 8.427741e-01 8.379259e-01 8.337649e-01 8.302872e-01 8.274898e-01 8.253702e-01 8.239263e-01 8.231569e-01 8.230614e-01 8.239662e-01 8.251762e-01 8.263658e-01 8.275365e-01 8.286895e-01 8.298260e-01 8.309472e-01 8.320543e-01 8.331485e-01 8.342309e-01 8.353028e-01 8.363652e-01 8.374193e-01 8.384662e-01
1.715028e+00 1.697892e+00 1.678525e+00 1.656737e+00 1.632309e+00 1.605001e+00 1.574540e+00 1.540624e+00 1.502917e+00 1.461044e+00 1.414589e+00 1.363091e+00 1.306039e+00 1.242865e+00 1.199505e+00 1.183358e+00 1.167833e+00 1.152899e+00 1.138525e+00 1.124683e+00 1.111344e+00 1.098483e+00 1.086073e+00 1.074089e+00 1.062508e+00 1.051306e+00 1.040461e+00 1.029952e+00 1.019756e+00 1.009854e+00 1.000225e+00 9.908509e-01 9.817125e-01 9.727914e-01 9.640697e-01 9.555300e-01 9.471552e-01 9.389284e-01 9.308332e-01 9.228534e-01 9.149729e-01 9.071760e-01 8.994471e-01 8.917706e-01 8.841311e-01 8.765134e-01 8.689022e-01 8.612822e-01 8.536382e-01 8.459548e-01 8.382166e-01 8.304082e-01 8.225139e-01 8.145178e-01 8.065858e-01 7.989808e-01 7.915153e-01 7.841838e-01 7.769809e-01 7.699014e-01 7.629400e-01 7.560917e-01 7.493514e-01 7.427142e-01 7.361752e-01 7.297295e-01 7.233726e-01 7.170997e-01
4.340589e-01 4.365630e-01 4.403890e-01 4.455577e-01 4.520974e-01 4.600435e-01 4.694394e-01 4.803361e-01 4.927929e-01 5.068777e-01 5.226670e-01 5.402469e-01 5.597128e-01 5.811709e-01 5.951968e-01 5.996568e-01 6.040941e-01 6.085106e-01 6.129087e-01 6.172903e-01 6.216576e-01 6.260129e-01 6.303580e-01 6.346952e-01 6.390266e-01 6.433543e-01 6.476803e-01 6.520067e-01 6.563357e-01 6.606694e-01 6.650098e-01 6.693591e-01 6.737193e-01 6.780926e-01 6.824811e-01 6.868869e-01 6.913122e-01 6.957591e-01 7.002297e-01 7.047263e-01 7.092509e-01 7.138059e-01 7.183933e-01 7.230155e-01 7.276746e-01 7.323730e-01 7.371129e-01 7.418965e-01 7.467263e-01 7.516045e-01 7.565336e-01 7.615159e-01 7.665537e-01 7.716497e-01 7.827612e-01 7.993052e-01 8.153949e-01 8.310967e-01 8.464752e-01 8.615941e-01 8.765155e-01 8.913010e-01 9.060116e-01 9.207079e-01 9.354506e-01 9.503004e-01 9.653187e-01 9.805672e-01
1.908925e+00 1.890797e+00 1.871910e+00 1.852210e+00 1.831640e+00 1.810143e+00 1.787657e+00 1.764117e+00 1.739458e+00 1.713608e+00 1.686493e+00 1.658038e+00 1.628160e+00 1.596774e+00 1.575897e+00 1.567773e+00 1.560286e+00 1.553426e+00 1.547184e+00 1.541552e+00 1.536523e+00 1.532089e+00 1.528244e+00 1.524985e+00 1.522306e+00 1.520204e+00 1.518677e+00 1.517721e+00 1.517337e+00 1.517522e+00 1.518279e+00 1.519607e+00 1.521508e+00 1.523985e+00 1.527042e+00 1.530681e+00 1.534909e+00 1.539730e+00 1.545151e+00 1.551180e+00 1.557823e+00 1.565090e+00 1.572991e+00 1.581536e+00 1.590735e+00 1.600603e+00 1.611150e+00 1.622392e+00 1.634343e+00 1.647019e+00 1.660437e+00 1.674614e+00 1.689570e+00 1.705323e+00 1.728514e+00 1.756964e+00 1.784087e+00 1.809914e+00 1.834474e+00 1.857796e+00 1.879907e+00 1.900830e+00 1.920590e+00 1.939211e+00 1.956712e+00 1.973114e+00 1.988436e+00 2.002695e+00
1.389172e+00 1.386567e+00 1.384569e+00 1.383176e+00 1.382384e+00 1.382192e+00 1.382601e+00 1.383610e+00 1.385222e+00 1.387439e+00 1.390265e+00 1.393704e+00 1.397763e+00 1.402448e+00 1.407188e+00 1.411102e+00 1.414769e+00 1.418190e+00 1.421366e+00 1.424297e+00 1.426985e+00 1.429430e+00 1.431632e+00 1.433593e+00 1.435312e+00 1.436790e+00 1.438027e+00 1.439024e+00 1.439780e+00 1.440297e+00 1.440574e+00 1.440611e+00 1.440409e+00 1.439966e+00 1.439284e+00 1.438361e+00 1.437199e+00 1.435795e+00 1.434151e+00 1.432266e+00 1.430138e+00 1.427769e+00 1.425156e+00 1.422300e+00 1.419200e+00 1.415855e+00 1.412264e+00 1.408427e+00 1.404342e+00 1.400009e+00 1.395426e+00 1.390592e+00 1.385507e+00 1.380169e+00 1.374541e+00 1.369255e+00 1.364341e+00 1.359792e+00 1.355604e+00 1.351771e+00 1.348291e+00 1.345158e+00 1.342370e+00 1.339923e+00 1.337814e+00 1.336042e+00 1.334603e+00 1.333498e+00
1.705138e+00 1.674642e+00 1.641445e+00 1.605518e+00 1.566831e+00 1.525350e+00 1.481041e+00 1.433865e+00 1.383782e+00 1.330749e+00 1.274722e+00 1.215652e+00 1.153489e+00 1.088180e+00 1.031624e+00 9.893079e-01 9.491695e-01 9.111086e-01 8.750298e-01 8.408427e-01 8.084616e-01 7.778055e-01 7.487974e-01 7.213648e-01 6.954388e-01 6.709546e-01 6.478508e-01 6.260694e-01 6.055560e-01 5.862591e-01 5.681304e-01 5.511244e-01 5.351986e-01 5.203130e-01 5.064303e-01 4.935159e-01 4.815372e-01 4.704643e-01 4.602694e-01 4.509270e-01 4.424137e-01 4.347082e-01 4.277912e-01 4.216452e-01 4.162550e-01 4.116070e-01 4.076896e-01 4.044929e-01 4.020090e-01 4.002316e-01 3.991563e-01 3.987803e-01 3.991028e-01 4.001246e-01 4.028510e-01 4.063588e-01 4.096631e-01 4.127810e-01 4.157285e-01 4.185208e-01 4.211722e-01 4.236965e-01 4.261066e-01 4.284149e-01 4.306334e-01 4.327734e-01 4.348459e-01 4.368617e-01
1.841149e+00 1.870074e+00 1.900488e+00 1.932565e+00 1.966489e+00 2.002453e+00 2.040661e+00 2.081334e+00 2.124701e+00 2.171012e+00 2.220530e+00 2.273538e+00 2.330339e+00 2.391256e+00 2.429749e+00 2.441077e+00 2.452133e+00 2.462916e+00 2.473430e+00 2.483675e+00 2.493652e+00 2.503364e+00 2.512811e+00 2.521994e+00 2.530914e+00 2.539574e+00 2.547973e+00 2.556114e+00 2.563996e+00 2.571622e+00 2.578992e+00 2.586107e+00 2.592968e+00 2.599576e+00 2.605932e+00 2.612037e+00 2.617891e+00 2.623495e+00 2.628851e+00 2.633958e+00 2.638817e+00 2.643429e+00 2.647795e+00 2.651915e+00 2.655790e+00 2.659420e+00 2.662806e+00 2.665948e+00 2.668846e+00 2.671502e+00 2.673915e+00 2.676085e+00 2.678013e+00 2.679699e+00 2.681471e+00 2.682735e+00 2.683166e+00 2.682765e+00 2.681530e+00 2.679461e+00 2.676554e+00 2.672807e+00 2.668215e+00 2.662771e+00 2.656470e+00 2.649303e+00 2.641262e+00 2.632337e+00
2.133116e-01 2.164904e-01 2.196649e-01 2.228370e-01 2.260084e-01 2.291809e-01 2.323563e-01 2.355364e-01 2.387229e-01 2.419177e-01 2.451226e-01 2.483393e-01 2.515697e-01 2.548155e-01 2.596821e-01 2.667301e-01 2.743724e-01 2.826265e-01 2.915112e-01 3.010470e-01 3.112556e-01 3.221606e-01 3.337869e-01 3.461611e-01 3.593117e-01 3.732687e-01 3.880642e-01 4.037320e-01 4.203082e-01 4.378306e-01 4.563395e-01 4.758773e-01 4.964888e-01 5.182212e-01 5.411244e-01 5.652508e-01 5.906557e-01 6.173974e-01 6.455373e-01 6.751397e-01 7.062726e-01 7.390073e-01 7.734189e-01 8.095863e-01 8.475923e-01 8.875241e-01 9.294732e-01 9.735358e-01 1.019813e+00 1.068411e+00 1.119440e+00 1.173019e+00 1.229269e+00 1.288320e+00 1.331898e+00 1.355937e+00 1.378850e+00 1.400643e+00 1.421323e+00 1.440894e+00 1.459360e+00 1.476727e+00 1.492999e+00 1.508179e+00 1.522272e+00 1.535281e+00 1.547209e+00 1.558059e+00
2.057230e+00 2.079784e+00 2.102886e+00 2.126555e+00 2.150812e+00 2.175676e+00 2.201168e+00 2.227310e+00 2.254123e+00 2.281631e+00 2.309856e+00 2.338822e+00 2.368553e+00 2.399074e+00 2.440621e+00 2.490059e+00 2.537214e+00 2.582124e+00 2.624823e+00 2.665344e+00 2.703718e+00 2.739975e+00 2.774143e+00 2.806247e+00 2.836314e+00 2.864366e+00 2.890425e+00 2.914510e+00 2.936641e+00 2.956835e+00 2.975106e+00 2.991470e+00 3.005939e+00 3.018524e+00 3.029234e+00 3.038078e+00 3.045063e+00 3.050194e+00 3.053476e+00 3.054910e+00 3.054497e+00 3.052239e+00 3.048131e+00 3.042173e+00 3.034358e+00 3.024681e+00 3.013135e+00 2.999710e+00 2.984397e+00 2.967183e+00 2.948054e+00 2.926998e+00 2.903996e+00 2.879032e+00 2.841763e+00 2.795717e+00 2.751123e+00 2.707891e+00 2.665934e+00 2.625167e+00 2.585508e+00 2.546878e+00 2.509197e+00 2.472390e+00 2.436384e+00 2.401105e+00 2.366482e+00 2.332446e+00
1.377648e+00 1.391066e+00 1.406252e+00 1.423323e+00 1.442411e+00 1.463664e+00 1.487245e+00 1.513336e+00 1.542138e+00 1.573874e+00 1.608787e+00 1.647149e+00 1.689254e+00 1.735427e+00 1.769269e+00 1.785818e+00 1.801867e+00 1.817457e+00 1.832625e+00 1.847406e+00 1.861837e+00 1.875951e+00 1.889784e+00 1.903368e+00 1.916735e+00 1.929919e+00 1.942950e+00 1.955860e+00 1.968680e+00 1.981440e+00 1.994172e+00 2.006906e+00 2.019672e+00 2.032501e+00 2.045424e+00 2.058473e+00 2.071677e+00 2.085070e+00 2.098682e+00 2.112548e+00 2.126700e+00 2.141172e+00 2.155999e+00 2.171216e+00 2.186861e+00 2.202970e+00 2.219583e+00 2.236739e+00 2.254479e+00 2.272847e+00 2.291885e+00 2.311641e+00 2.332161e+00 2.353494e+00 2.369974e+00 2.379769e+00 2.388607e+00 2.396493e+00 2.403434e+00 2.409433e+00 2.414496e+00 2.418626e+00 2.421826e+00 2.424098e+00 2.425443e+00 2.425863e+00 2.425358e+00 2.423927e+00
1.068228e+00 1.074956e+00 1.081906e+00 1.089087e+00 1.096509e+00 1.104182e+00 1.112114e+00 1.120317e+00 1.128800e+00 1.137576e+00 1.146655e+00 1.156048e+00 1.165769e+00 1.175830e+00 1.194723e+00 1.221844e+00 1.248720e+00 1.275358e+00 1.301763e+00 1.327943e+00 1.353902e+00 1.379648e+00 1.405188e+00 1.430525e+00 1.455668e+00 1.480622e+00 1.505393e+00 1.529986e+00 1.554409e+00 1.578666e+00 1.602764e+00 1.626707e+00 1.650503e+00 1.674157e+00 1.697673e+00 1.721059e+00 1.744320e+00 1.767460e+00 1.790487e+00 1.813404e+00 1.836219e+00 1.858935e+00 1.881559e+00 1.904097e+00 1.926552e+00 1.948932e+00 1.971241e+00 1.993485e+00 2.015668e+00 2.037797e+00 2.059876e+00 2.081911e+00 2.103907e+00 2.125870e+00 2.141233e+00 2.149039e+00 2.155862e+00 2.161705e+00 2.166570e+00 2.170459e+00 2.173372e+00 2.175311e+00 2.176276e+00 2.176268e+00 2.175287e+00 2.173333e+00 2.170404e+00 2.166500e+00
3.064898e+00 3.069556e+00 3.073770e+00 3.077540e+00 3.080869e+00 3.083756e+00 3.086201e+00 3.088207e+00 3.089772e+00 3.090897e+00 3.091583e+00 3.091829e+00 3.091636e+00 3.091003e+00 3.089477e+00 3.086159e+00 3.081498e+00 3.075485e+00 3.068110e+00 3.059362e+00 3.049225e+00 3.037682e+00 3.024715e+00 3.010300e+00 2.994415e+00 2.977032e+00 2.958122e+00 2.937654e+00 2.915592e+00 2.891901e+00 2.866539e+00 2.839466e+00 2.810634e+00 2.779997e+00 2.747501e+00 2.713094e+00 2.676716e+00 2.638307e+00 2.597803e+00 2.555135e+00 2.510233e+00 2.463019e+00 2.413415e+00 2.361339e+00 2.306702e+00 2.249412e+00 2.189374e+00 2.126487e+00 2.060645e+00 1.991737e+00 1.919648e+00 1.844257e+00 1.765437e+00 1.683056e+00 1.612728e+00 1.560481e+00 1.510454e+00 1.462542e+00 1.416645e+00 1.372666e+00 1.330514e+00 1.290100e+00 1.251341e+00 1.214154e+00 1.178463e+00 1.144191e+00 1.111269e+00 1.079626e+00
1.935051e+00 1.947813e+00 1.960180e+00 1.972167e+00 1.983786e+00 1.995050e+00 2.005970e+00 2.016558e+00 2.026826e+00 2.036784e+00 2.046443e+00 2.055813e+00 2.064905e+00 2.073728e+00 2.099377e+00 2.139180e+00 2.176222e+00 2.210663e+00 2.242653e+00 2.272331e+00 2.299825e+00 2.325253e+00 2.348727e+00 2.370347e+00 2.390208e+00 2.408395e+00 2.424988e+00 2.440057e+00 2.453669e+00 2.465882e+00 2.476749e+00 2.486317e+00 2.494627e+00 2.501717e+00 2.507615e+00 2.512349e+00 2.515938e+00 2.518397e+00 2.519739e+00 2.519967e+00 2.519084e+00 2.517085e+00 2.513963e+00 2.509702e+00 2.504286e+00 2.497690e+00 2.489886e+00 2.480839e+00 2.470512e+00 2.458859e+00 2.445830e+00 2.431367e+00 2.415410e+00 2.397888e+00 2.386827e+00 2.383777e+00 2.380633e+00 2.377396e+00 2.374064e+00 2.370636e+00 2.367111e+00 2.363488e+00 2.359766e+00 2.355943e+00 2.352019e+00 2.347991e+00 2.343860e+00 2.339623e+00
2.196830e+00 2.174175e+00 2.147572e+00 2.116951e+00 2.082229e+00 2.043315e+00 2.000104e+00 1.952482e+00 1.900320e+00 1.843481e+00 1.781811e+00 1.715147e+00 1.643311e+00 1.566112e+00 1.501747e+00 1.457477e+00 1.414842e+00 1.373785e+00 1.334254e+00 1.296196e+00 1.259562e+00 1.224305e+00 1.190379e+00 1.157739e+00 1.126344e+00 1.096152e+00 1.067124e+00 1.039223e+00 1.012412e+00 9.866560e-01 9.619221e-01 9.381778e-01 9.153923e-01 8.935360e-01 8.725805e-01 8.524986e-01 8.332640e-01 8.148519e-01 7.972382e-01 7.804002e-01 7.643158e-01 7.489642e-01 7.343255e-01 7.203805e-01 7.071112e-01 6.945004e-01 6.825315e-01 6.711891e-01 6.604585e-01 6.503255e-01 6.407772e-01 6.318011e-01 6.233855e-01 6.155194e-01 6.099939e-01 6.064427e-01 6.030590e-01 5.998377e-01 5.967739e-01 5.938628e-01 5.911000e-01 5.884812e-01 5.860025e-01 5.836600e-01 5.814502e-01 5.793696e-01 5.774152e-01 5.755838e-01
1.121434e+00 1.135261e+00 1.149658e+00 1.164644e+00 1.180237e+00 1.196456e+00 1.213322e+00 1.230855e+00 1.249079e+00 1.268014e+00 1.287685e+00 1.308117e+00 1.329334e+00 1.351364e+00 1.387761e+00 1.434956e+00 1.479466e+00 1.521336e+00 1.560611e+00 1.597328e+00 1.631525e+00 1.663238e+00 1.692497e+00 1.719332e+00 1.743772e+00 1.765840e+00 1.785558e+00 1.802948e+00 1.818025e+00 1.830807e+00 1.841304e+00 1.849529e+00 1.855490e+00 1.859191e+00 1.860639e+00 1.859833e+00 1.856772e+00 1.851455e+00 1.843875e+00 1.834025e+00 1.821894e+00 1.807471e+00 1.790741e+00 1.771687e+00 1.750290e+00 1.726527e+00 1.700376e+00 1.671809e+00 1.640798e+00 1.607311e+00 1.571314e+00 1.532771e+00 1.491643e+00 1.447888e+00 1.409256e+00 1.379252e+00 1.350060e+00 1.321660e+00 1.294031e+00 1.267154e+00 1.241009e+00 1.215577e+00 1.190842e+00 1.166784e+00 1.143386e+00 1.120633e+00 1.098507e+00 1.076994e+00
3.678239e+00 3.713849e+00 3.749679e+00 3.785757e+00 3.822110e+00 3.858767e+00 3.895756e+00 3.933105e+00 3.970843e+00 4.008999e+00 4.047603e+00 4.086683e+00 4.126270e+00 4.166395e+00 4.215695e+00 4.270087e+00 4.321014e+00 4.368520e+00 4.412648e+00 4.453439e+00 4.490928e+00 4.525148e+00 4.556131e+00 4.583905e+00 4.608493e+00 4.629919e+00 4.648201e+00 4.663355e+00 4.675396e+00 4.684334e+00 4.690176e+00 4.692929e+00 4.692595e+00 4.689173e+00 4.682660e+00 4.673051e+00 4.660337e+00 4.644506e+00 4.625544e+00 4.603435e+00 4.578159e+00 4.549692e+00 4.518010e+00 4.483084e+00 4.444883e+00 4.403373e+00 4.358516e+00 4.310272e+00 4.258599e+00 4.203450e+00 4.144775e+00 4.082522e+00 4.016636e+00 3.947057e+00 3.816421e+00 3.642304e+00 3.480887e+00 3.331131e+00 3.192075e+00 3.062823e+00 2.942544e+00 2.830466e+00 2.725867e+00 2.628075e+00 2.536461e+00 2.450435e+00 2.369445e+00 2.292969e+00
2.066564e+00 2.082823e+00 2.099308e+00 2.116060e+00 2.133120e+00 2.150529e+00 2.168330e+00 2.186565e+00 2.205279e+00 2.224517e+00 2.244326e+00 2.264755e+00 2.285852e+00 2.307670e+00 2.329476e+00 2.349655e+00 2.369025e+00 2.387615e+00 2.405457e+00 2.422577e+00 2.439005e+00 2.454764e+00 2.469882e+00 2.484382e+00 2.498287e+00 2.511619e+00 2.524400e+00 2.536650e+00 2.548388e+00 2.559633e+00 2.570404e+00 2.580716e+00 2.590588e+00 2.600034e+00 2.609069e+00 2.617709e+00 2.625966e+00 2.633854e+00 2.641386e+00 2.648573e+00 2.655427e+00 2.661958e+00 2.668178e+00 2.674097e+00 2.679723e+00 2.685065e+00 2.690133e+00 2.694934e+00 2.699476e+00 2.703766e+00 2.707810e+00 2.711617e+00 2.715190e+00 2.718537e+00 2.721011e+00 2.721877e+00 2.721786e+00 2.720740e+00 2.718738e+00 2.715778e+00 2.711860e+00 2.706981e+00 2.701139e+00 2.694330e+00 2.686553e+00 2.677803e+00 2.668075e+00 2.657366e+00
1.411220e+00 1.429593e+00 1.449806e+00 1.472007e+00 1.496358e+00 1.523038e+00 1.552243e+00 1.584184e+00 1.619097e+00 1.657237e+00 1.698883e+00 1.744339e+00 1.793938e+00 1.848043e+00 1.882510e+00 1.891766e+00 1.900354e+00 1.908276e+00 1.915537e+00 1.922137e+00 1.928081e+00 1.933370e+00 1.938006e+00 1.941990e+00 1.945324e+00 1.948010e+00 1.950048e+00 1.951439e+00 1.952184e+00 1.952282e+00 1.951734e+00 1.950540e+00 1.948698e+00 1.946210e+00 1.943073e+00 1.939286e+00 1.934849e+00 1.929759e+00 1.924014e+00 1.917614e+00 1.910554e+00 1.902833e+00 1.894448e+00 1.885396e+00 1.875673e+00 1.865277e+00 1.854202e+00 1.842446e+00 1.830004e+00 1.816871e+00 1.803043e+00 1.788515e+00 1.773281e+00 1.757336e+00 1.742745e+00 1.730152e+00 1.717475e+00 1.704702e+00 1.691824e+00 1.678830e+00 1.665708e+00 1.652448e+00 1.639039e+00 1.625470e+00 1.611729e+00 1.597805e+00 1.583687e+00 1.569362e+00
1.550116e+00 1.576046e+00 1.603618e+00 1.632984e+00 1.664305e+00 1.697753e+00 1.733512e+00 1.771779e+00 1.812764e+00 1.856692e+00 1.903805e+00 1.954362e+00 2.008640e+00 2.066938e+00 2.104827e+00 2.117616e+00 2.130057e+00 2.142158e+00 2.153922e+00 2.165357e+00 2.176466e+00 2.187255e+00 2.197728e+00 2.207891e+00 2.217747e+00 2.227302e+00 2.236559e+00 2.245523e+00 2.254198e+00 2.262587e+00 2.270695e+00 2.278525e+00 2.286080e+00 2.293364e+00 2.300380e+00 2.307132e+00 2.313622e+00 2.319853e+00 2.325829e+00 2.331551e+00 2.337022e+00 2.342245e+00 2.347222e+00 2.351956e+00 2.356448e+00 2.360700e+00 2.364715e+00 2.368494e+00 2.372039e+00 2.375351e+00 2.378432e+00 2.381284e+00 2.383907e+00 2.386303e+00 2.389706e+00 2.393446e+00 2.396299e+00 2.398270e+00 2.399363e+00 2.399580e+00 2.398921e+00 2.397385e+00 2.394970e+00 2.391670e+00 2.387480e+00 2.382391e+00 2.376394e+00 2.369478e+00
2.106034e+00 2.122941e+00 2.140180e+00 2.157768e+00 2.175721e+00 2.194057e+00 2.212794e+00 2.231950e+00 2.251544e+00 2.271595e+00 2.292122e+00 2.313146e+00 2.334688e+00 2.356768e+00 2.376758e+00 2.393109e+00 2.408474e+00 2.422853e+00 2.436249e+00 2.448664e+00 2.460100e+00 2.470557e+00 2.480038e+00 2.488544e+00 2.496076e+00 2.502635e+00 2.508222e+00 2.512837e+00 2.516481e+00 2.519156e+00 2.520860e+00 2.521595e+00 2.521361e+00 2.520157e+00 2.517983e+00 2.514839e+00 2.510725e+00 2.505639e+00 2.499582e+00 2.492553e+00 2.484549e+00 2.475572e+00 2.465618e+00 2.454688e+00 2.442778e+00 2.429889e+00 2.416017e+00 2.401161e+00 2.385319e+00 2.368489e+00 2.350669e+00 2.331856e+00 2.312047e+00 2.291240e+00 2.266077e+00 2.238998e+00 2.213320e+00 2.189007e+00 2.166028e+00 2.144350e+00 2.123944e+00 2.104783e+00 2.086840e+00 2.070092e+00 2.054515e+00 2.040088e+00 2.026792e+00 2.014608e+00
2.650137e+00 2.686657e+00 2.724346e+00 2.763355e+00 2.803836e+00 2.845951e+00 2.889865e+00 2.935752e+00 2.983795e+00 3.034181e+00 3.087112e+00 3.142796e+00 3.201453e+00 3.263315e+00 3.360447e+00 3.480442e+00 3.591941e+00 3.695372e+00 3.791130e+00 3.879582e+00 3.961068e+00 4.035899e+00 4.104362e+00 4.166720e+00 4.223211e+00 4.274053e+00 4.319439e+00 4.359544e+00 4.394522e+00 4.424506e+00 4.449611e+00 4.469934e+00 4.485552e+00 4.496525e+00 4.502896e+00 4.504688e+00 4.501909e+00 4.494548e+00 4.482576e+00 4.465948e+00 4.444601e+00 4.418452e+00 4.387401e+00 4.351329e+00 4.310097e+00 4.263549e+00 4.211506e+00 4.153767e+00 4.090113e+00 4.020298e+00 3.944056e+00 3.861095e+00 3.771096e+00 3.673714e+00 3.609736e+00 3.586137e+00 3.561741e+00 3.536528e+00 3.510478e+00 3.483569e+00 3.455782e+00 3.427093e+00 3.397480e+00 3.366919e+00 3.335386e+00 3.302856e+00 3.269304e+00 3.234702e+00
5.050636e-01 5.029508e-01 5.007697e-01 4.985139e-01 4.961767e-01 4.937510e-01 4.912297e-01 4.886053e-01 4.858699e-01 4.830153e-01 4.800332e-01 4.769145e-01 4.736500e-01 4.702299e-01 4.627475e-01 4.525930e-01 4.435597e-01 4.355554e-01 4.284985e-01 4.223168e-01 4.169474e-01 4.123355e-01 4.084340e-01 4.052031e-01 4.026099e-01 4.006278e-01 3.992367e-01 3.984224e-01 3.981766e-01 3.984967e-01 3.993861e-01 4.008537e-01 4.029147e-01 4.055899e-01 4.089067e-01 4.128990e-01 4.176074e-01 4.230801e-01 4.293727e-01 4.365497e-01 4.446841e-01 4.538589e-01 4.641678e-01 4.757160e-01 4.886213e-01 5.030152e-01 5.190448e-01 5.368736e-01 5.566833e-01 5.786763e-01 6.030767e-01 6.301337e-01 6.601232e-01 6.933513e-01 7.160194e-01 7.243246e-01 7.324181e-01 7.403136e-01 7.480241e-01 7.555625e-01 7.629413e-01 7.701728e-01 7.772691e-01 7.842421e-01 7.911033e-01 7.978641e-01 8.045359e-01 8.111297e-01
5.006166e+00 5.013693e+00 5.020119e+00 5.025444e+00 5.029668e+00 5.032793e+00 5.034818e+00 5.035744e+00 5.035571e+00 5.034298e+00 5.031927e+00 5.028456e+00 5.023885e+00 5.018214e+00 4.996788e+00 4.960886e+00 4.925095e+00 4.889352e+00 4.853594e+00 4.817758e+00 4.781779e+00 4.745596e+00 4.709142e+00 4.672355e+00 4.635168e+00 4.597515e+00 4.559331e+00 4.520548e+00 4.481096e+00 4.440906e+00 4.399907e+00 4.358026e+00 4.315189e+00 4.271321e+00 4.226342e+00 4.180175e+00 4.132737e+00 4.083943e+00 4.033709e+00 3.981944e+00 3.928557e+00 3.873453e+00 3.816536e+00 3.757703e+00 3.696852e+00 3.633873e+00 3.568656e+00 3.501086e+00 3.431042e+00 3.358400e+00 3.283032e+00 3.204805e+00 3.123579e+00 3.039212e+00 2.946424e+00 2.854557e+00 2.768350e+00 2.687435e+00 2.611470e+00 2.540129e+00 2.473111e+00 2.410130e+00 2.350917e+00 2.295222e+00 2.242807e+00 2.193450e+00 2.146940e+00 2.103079e+00
2.270471e-01 2.292826e-01 2.315081e-01 2.337297e-01 2.359536e-01 2.381858e-01 2.404326e-01 2.427000e-01 2.449943e-01 2.473219e-01 2.496891e-01 2.521024e-01 2.545685e-01 2.570942e-01 2.586714e-01 2.594831e-01 2.605454e-01 2.618596e-01 2.634274e-01 2.652507e-01 2.673317e-01 2.696732e-01 2.722780e-01 2.751494e-01 2.782910e-01 2.817068e-01 2.854009e-01 2.893781e-01 2.936433e-01 2.982018e-01 3.030594e-01 3.082221e-01 3.136965e-01 3.194893e-01 3.256079e-01 3.320598e-01 3.388532e-01 3.459965e-01 3.534988e-01 3.613694e-01 3.696182e-01 3.782554e-01 3.872920e-01 3.967392e-01 4.066089e-01 4.169133e-01 4.276655e-01 4.388790e-01 4.505676e-01 4.627461e-01 4.754297e-01 4.886344e-01 5.023766e-01 5.166735e-01 5.374513e-01 5.634629e-01 5.888279e-01 6.135730e-01 6.377246e-01 6.613084e-01 6.843494e-01 7.068722e-01 7.289006e-01 7.504581e-01 7.715676e-01 7.922515e-01 8.125318e-01 8.324301e-01
1.851209e+00 1.847734e+00 1.843273e+00 1.837814e+00 1.831338e+00 1.823826e+00 1.815252e+00 1.805591e+00 1.794810e+00 1.782877e+00 1.769752e+00 1.755394e+00 1.739757e+00 1.722792e+00 1.687606e+00 1.640643e+00 1.598316e+00 1.560242e+00 1.526075e+00 1.495504e+00 1.468253e+00 1.444075e+00 1.422749e+00 1.404083e+00 1.387908e+00 1.374075e+00 1.362461e+00 1.352959e+00 1.345484e+00 1.339967e+00 1.336358e+00 1.334625e+00 1.334753e+00 1.336741e+00 1.340609e+00 1.346391e+00 1.354139e+00 1.363925e+00 1.375837e+00 1.389982e+00 1.406490e+00 1.425510e+00 1.447215e+00 1.471800e+00 1.499491e+00 1.530537e+00 1.565221e+00 1.603856e+00 1.646794e+00 1.694425e+00 1.747180e+00 1.805537e+00 1.870027e+00 1.941234e+00 1.985969e+00 1.996815e+00 2.007618e+00 2.018384e+00 2.029120e+00 2.039833e+00 2.050531e+00 2.061221e+00 2.071909e+00 2.082603e+00 2.093309e+00 2.104035e+00 2.114788e+00 2.125575e+00
1.647658e+00 1.642025e+00 1.635972e+00 1.629495e+00 1.622588e+00 1.615245e+00 1.607462e+00 1.599232e+00 1.590549e+00 1.581407e+00 1.571797e+00 1.561713e+00 1.551146e+00 1.540089e+00 1.527401e+00 1.514450e+00 1.502352e+00 1.491092e+00 1.480655e+00 1.471029e+00 1.462201e+00 1.454160e+00 1.446896e+00 1.440400e+00 1.434663e+00 1.429678e+00 1.425439e+00 1.421940e+00 1.419178e+00 1.417148e+00 1.415848e+00 1.415276e+00 1.415432e+00 1.416315e+00 1.417928e+00 1.420271e+00 1.423349e+00 1.427164e+00 1.431722e+00 1.437028e+00 1.443090e+00 1.449914e+00 1.457510e+00 1.465887e+00 1.475055e+00 1.485027e+00 1.495815e+00 1.507432e+00 1.519894e+00 1.533215e+00 1.547414e+00 1.562507e+00 1.578514e+00 1.595456e+00 1.620638e+00 1.651390e+00 1.680471e+00 1.707917e+00 1.733764e+00 1.758048e+00 1.780800e+00 1.802051e+00 1.821827e+00 1.840156e+00 1.857061e+00 1.872565e+00 1.886688e+00 1.899449e+00
2.886489e+00 2.894743e+00 2.900630e+00 2.904150e+00 2.905303e+00 2.904089e+00 2.900509e+00 2.894562e+00 2.886248e+00 2.875564e+00 2.862510e+00 2.847085e+00 2.829286e+00 2.809112e+00 2.743022e+00 2.644186e+00 2.555120e+00 2.474900e+00 2.402696e+00 2.337761e+00 2.279421e+00 2.227073e+00 2.180175e+00 2.138241e+00 2.100837e+00 2.067575e+00 2.038112e+00 2.012141e+00 1.989394e+00 1.969636e+00 1.952662e+00 1.938296e+00 1.926389e+00 1.916818e+00 1.909484e+00 1.904312e+00 1.901246e+00 1.900257e+00 1.901333e+00 1.904485e+00 1.909747e+00 1.917172e+00 1.926838e+00 1.938845e+00 1.953317e+00 1.970404e+00 1.990282e+00 2.013158e+00 2.039269e+00 2.068885e+00 2.102312e+00 2.139897e+00 2.182030e+00 2.229145e+00 2.259308e+00 2.265890e+00 2.271320e+00 2.275599e+00 2.278732e+00 2.280719e+00 2.281562e+00 2.281261e+00 2.279817e+00 2.277228e+00 2.273493e+00 2.268610e+00 2.262575e+00 2.255386e+00
1.864138e+00 1.864413e+00 1.864536e+00 1.864510e+00 1.864334e+00 1.864007e+00 1.863529e+00 1.862899e+00 1.862115e+00 1.861175e+00 1.860077e+00 1.858819e+00 1.857398e+00 1.855811e+00 1.854569e+00 1.853967e+00 1.853488e+00 1.853132e+00 1.852898e+00 1.852787e+00 1.852797e+00 1.852931e+00 1.853186e+00 1.853564e+00 1.854065e+00 1.854689e+00 1.855436e+00 1.856306e+00 1.857301e+00 1.858420e+00 1.859663e+00 1.861033e+00 1.862528e+00 1.864150e+00 1.865900e+00 1.867777e+00 1.869784e+00 1.871922e+00 1.874190e+00 1.876590e+00 1.879123e+00 1.881791e+00 1.884594e+00 1.887534e+00 1.890612e+00 1.893829e+00 1.897188e+00 1.900689e+00 1.904334e+00 1.908125e+00 1.912064e+00 1.916151e+00 1.920390e+00 1.924782e+00 1.935263e+00 1.950447e+00 1.964422e+00 1.977209e+00 1.988826e+00 1.999291e+00 2.008619e+00 2.016823e+00 2.023916e+00 2.029908e+00 2.034807e+00 2.038622e+00 2.041358e+00 2.043018e+00
2.269941e+00 2.280143e+00 2.288764e+00 2.295816e+00 2.301312e+00 2.305259e+00 2.307664e+00 2.308530e+00 2.307859e+00 2.305650e+00 2.301898e+00 2.296600e+00 2.289745e+00 2.281324e+00 2.271223e+00 2.261509e+00 2.252257e+00 2.243443e+00 2.235043e+00 2.227035e+00 2.219399e+00 2.212113e+00 2.205159e+00 2.198517e+00 2.192171e+00 2.186104e+00 2.180299e+00 2.174740e+00 2.169414e+00 2.164307e+00 2.159403e+00 2.154692e+00 2.150159e+00 2.145794e+00 2.141584e+00 2.137518e+00 2.133586e+00 2.129777e+00 2.126081e+00 2.122488e+00 2.118989e+00 2.115574e+00 2.112235e+00 2.108962e+00 2.105747e+00 2.102581e+00 2.099456e+00 2.096364e+00 2.093296e+00 2.090244e+00 2.087200e+00 2.084157e+00 2.081105e+00 2.078038e+00 2.075789e+00 2.074125e+00 2.072202e+00 2.070016e+00 2.067564e+00 2.064844e+00 2.061850e+00 2.058578e+00 2.055023e+00 2.051181e+00 2.047045e+00 2.042610e+00 2.037869e+00 2.032815e+00
2.754713e+00 2.733394e+00 2.706939e+00 2.675196e+00 2.637983e+00 2.595090e+00 2.546270e+00 2.491245e+00 2.429702e+00 2.361289e+00 2.285617e+00 2.202253e+00 2.110721e+00 2.010500e+00 1.903174e+00 1.807139e+00 1.719508e+00 1.639615e+00 1.566854e+00 1.500671e+00 1.440563e+00 1.386074e+00 1.336789e+00 1.292334e+00 1.252371e+00 1.216597e+00 1.184739e+00 1.156555e+00 1.131832e+00 1.110380e+00 1.092039e+00 1.076666e+00 1.064147e+00 1.054386e+00 1.047309e+00 1.042861e+00 1.041010e+00 1.041741e+00 1.045059e+00 1.050991e+00 1.059580e+00 1.070892e+00 1.085014e+00 1.102052e+00 1.122136e+00 1.145418e+00 1.172076e+00 1.202313e+00 1.236357e+00 1.274468e+00 1.316935e+00 1.364081e+00 1.416264e+00 1.473881e+00 1.528617e+00 1.570748e+00 1.609310e+00 1.644561e+00 1.676739e+00 1.706061e+00 1.732723e+00 1.756904e+00 1.778767e+00 1.798460e+00 1.816113e+00 1.831846e+00 1.845766e+00 1.857964e+00
1.299456e+00 1.320443e+00 1.342091e+00 1.364444e+00 1.387551e+00 1.411461e+00 1.436224e+00 1.461892e+00 1.488521e+00 1.516166e+00 1.544886e+00 1.574742e+00 1.605798e+00 1.638119e+00 1.671300e+00 1.701740e+00 1.729978e+00 1.756070e+00 1.780071e+00 1.802029e+00 1.821990e+00 1.839994e+00 1.856077e+00 1.870274e+00 1.882613e+00 1.893118e+00 1.901813e+00 1.908714e+00 1.913835e+00 1.917188e+00 1.918779e+00 1.918610e+00 1.916683e+00 1.912992e+00 1.907531e+00 1.900288e+00 1.891249e+00 1.880394e+00 1.867702e+00 1.853147e+00 1.836698e+00 1.818323e+00 1.797983e+00 1.775638e+00 1.751241e+00 1.724742e+00 1.696087e+00 1.665218e+00 1.632072e+00 1.596580e+00 1.558670e+00 1.518265e+00 1.475281e+00 1.429631e+00 1.393058e+00 1.368945e+00 1.345439e+00 1.322528e+00 1.300198e+00 1.278435e+00 1.257226e+00 1.236559e+00 1.216422e+00 1.196802e+00 1.177688e+00 1.159068e+00 1.140931e+00 1.123267e+00
1.575591e+00 1.604689e+00 1.634728e+00 1.665763e+00 1.697848e+00 1.731039e+00 1.765395e+00 1.800976e+00 1.837847e+00 1.876070e+00 1.915716e+00 1.956852e+00 1.999552e+00 2.043892e+00 2.080973e+00 2.107593e+00 2.132729e+00 2.156384e+00 2.178560e+00 2.199259e+00 2.218482e+00 2.236230e+00 2.252507e+00 2.267313e+00 2.280648e+00 2.292516e+00 2.302915e+00 2.311848e+00 2.319315e+00 2.325317e+00 2.329854e+00 2.332926e+00 2.334534e+00 2.334679e+00 2.333359e+00 2.330575e+00 2.326327e+00 2.320615e+00 2.313437e+00 2.304793e+00 2.294683e+00 2.283105e+00 2.270059e+00 2.255543e+00 2.239557e+00 2.222098e+00 2.203166e+00 2.182759e+00 2.160874e+00 2.137511e+00 2.112667e+00 2.086340e+00 2.058528e+00 2.029228e+00 1.991593e+00 1.948554e+00 1.906890e+00 1.866544e+00 1.827456e+00 1.789571e+00 1.752834e+00 1.717192e+00 1.682594e+00 1.648990e+00 1.616332e+00 1.584573e+00 1.553667e+00 1.523570e+00
1.880454e+00 1.925084e+00 1.971004e+00 2.018273e+00 2.066952e+00 2.117104e+00 2.168794e+00 2.222088e+00 2.277055e+00 2.333765e+00 2.392291e+00 2.452710e+00 2.515099e+00 2.579537e+00 2.648635e+00 2.717208e+00 2.782827e+00 2.845589e+00 2.905583e+00 2.962897e+00 3.017612e+00 3.069807e+00 3.119559e+00 3.166938e+00 3.212014e+00 3.254850e+00 3.295509e+00 3.334050e+00 3.370528e+00 3.404995e+00 3.437502e+00 3.468095e+00 3.496819e+00 3.523714e+00 3.548820e+00 3.572173e+00 3.593806e+00 3.613751e+00 3.632037e+00 3.648689e+00 3.663733e+00 3.677189e+00 3.689077e+00 3.699414e+00 3.708215e+00 3.715493e+00 3.721258e+00 3.725519e+00 3.728281e+00 3.729549e+00 3.729325e+00 3.727608e+00 3.724395e+00 3.719683e+00 3.715372e+00 3.712608e+00 3.709481e+00 3.705988e+00 3.702128e+00 3.697897e+00 3.693293e+00 3.688313e+00 3.682953e+00 3.677211e+00 3.671082e+00 3.664562e+00 3.657647e+00 3.650332e+00
1.669678e+00 1.685267e+00 1.701067e+00 1.717105e+00 1.733411e+00 1.750011e+00 1.766937e+00 1.784217e+00 1.801882e+00 1.819963e+00 1.838491e+00 1.857499e+00 1.877022e+00 1.897092e+00 1.917019e+00 1.934840e+00 1.951294e+00 1.966393e+00 1.980147e+00 1.992564e+00 2.003654e+00 2.013423e+00 2.021879e+00 2.029027e+00 2.034872e+00 2.039418e+00 2.042668e+00 2.044624e+00 2.045287e+00 2.044659e+00 2.042737e+00 2.039522e+00 2.035011e+00 2.029201e+00 2.022088e+00 2.013668e+00 2.003933e+00 1.992879e+00 1.980497e+00 1.966780e+00 1.951717e+00 1.935299e+00 1.917515e+00 1.898352e+00 1.877798e+00 1.855839e+00 1.832459e+00 1.807644e+00 1.781377e+00 1.753639e+00 1.724411e+00 1.693675e+00 1.661410e+00 1.627593e+00 1.577191e+00 1.516073e+00 1.459013e+00 1.405792e+00 1.356205e+00 1.310059e+00 1.267178e+00 1.227395e+00 1.190558e+00 1.156524e+00 1.125163e+00 1.096352e+00 1.069981e+00 1.045949e+00
1.920671e+00 1.920482e+00 1.919578e+00 1.917959e+00 1.915624e+00 1.912573e+00 1.908805e+00 1.904318e+00 1.899112e+00 1.893184e+00 1.886533e+00 1.879155e+00 1.871050e+00 1.862215e+00 1.848705e+00 1.832048e+00 1.816144e+00 1.800955e+00 1.786442e+00 1.772570e+00 1.759302e+00 1.746608e+00 1.734455e+00 1.722812e+00 1.711651e+00 1.700944e+00 1.690665e+00 1.680788e+00 1.671288e+00 1.662141e+00 1.653325e+00 1.644819e+00 1.636600e+00 1.628649e+00 1.620945e+00 1.613469e+00 1.606204e+00 1.599130e+00 1.592230e+00 1.585487e+00 1.578885e+00 1.572406e+00 1.566035e+00 1.559755e+00 1.553552e+00 1.547410e+00 1.541313e+00 1.535246e+00 1.529194e+00 1.523143e+00 1.517077e+00 1.510981e+00 1.504839e+00 1.498637e+00 1.492338e+00 1.486474e+00 1.481060e+00 1.476089e+00 1.471556e+00 1.467455e+00 1.463781e+00 1.460530e+00 1.457698e+00 1.455281e+00 1.453277e+00 1.451684e+00 1.450499e+00 1.449721e+00
3.144232e+00 3.126487e+00 3.104178e+00 3.077272e+00 3.045728e+00 3.009496e+00 2.968521e+00 2.922740e+00 2.872083e+00 2.816472e+00 2.755821e+00 2.690037e+00 2.619019e+00 2.542657e+00 2.487794e+00 2.462357e+00 2.439355e+00 2.418757e+00 2.400536e+00 2.384667e+00 2.371130e+00 2.359906e+00 2.350981e+00 2.344343e+00 2.339984e+00 2.337896e+00 2.338078e+00 2.340530e+00 2.345255e+00 2.352260e+00 2.361553e+00 2.373147e+00 2.387057e+00 2.403302e+00 2.421903e+00 2.442885e+00 2.466276e+00 2.492106e+00 2.520411e+00 2.551226e+00 2.584594e+00 2.620558e+00 2.659166e+00 2.700470e+00 2.744523e+00 2.791384e+00 2.841116e+00 2.893784e+00 2.949457e+00 3.008211e+00 3.070122e+00 3.135272e+00 3.203748e+00 3.275641e+00 3.340461e+00 3.392570e+00 3.442559e+00 3.490429e+00 3.536187e+00 3.579834e+00 3.621376e+00 3.660814e+00 3.698153e+00 3.733395e+00 3.766543e+00 3.797601e+00 3.826569e+00 3.853452e+00
1.641154e+00 1.634989e+00 1.627716e+00 1.619328e+00 1.609817e+00 1.599172e+00 1.587380e+00 1.574430e+00 1.560306e+00 1.544995e+00 1.528478e+00 1.510738e+00 1.491756e+00 1.471510e+00 1.448842e+00 1.425865e+00 1.403682e+00 1.382260e+00 1.361566e+00 1.341571e+00 1.322242e+00 1.303553e+00 1.285475e+00 1.267981e+00 1.251044e+00 1.234640e+00 1.218743e+00 1.203331e+00 1.188380e+00 1.173868e+00 1.159773e+00 1.146073e+00 1.132749e+00 1.119781e+00 1.107149e+00 1.094834e+00 1.082818e+00 1.071083e+00 1.059611e+00 1.048385e+00 1.037389e+00 1.026606e+00 1.016019e+00 1.005614e+00 9.953740e-01 9.852841e-01 9.753294e-01 9.654947e-01 9.557656e-01 9.461274e-01 9.365656e-01 9.270661e-01 9.176146e-01 9.081970e-01 8.994149e-01 8.918497e-01 8.848776e-01 8.784908e-01 8.726825e-01 8.674463e-01 8.627766e-01 8.586682e-01 8.551167e-01 8.521182e-01 8.496695e-01 8.477679e-01 8.464113e-01 8.455983e-01
5.226917e+00 5.265304e+00 5.298906e+00 5.327760e+00 5.351897e+00 5.371341e+00 5.386114e+00 5.396231e+00 5.401704e+00 5.402538e+00 5.398734e+00 5.390288e+00 5.377191e+00 5.359429e+00 5.340289e+00 5.323437e+00 5.305558e+00 5.286640e+00 5.266674e+00 5.245645e+00 5.223543e+00 5.200353e+00 5.176063e+00 5.150656e+00 5.124119e+00 5.096436e+00 5.067589e+00 5.037561e+00 5.006336e+00 4.973893e+00 4.940214e+00 4.905278e+00 4.869064e+00 4.831552e+00 4.792718e+00 4.752539e+00 4.710992e+00 4.668051e+00 4.623690e+00 4.577884e+00 4.530605e+00 4.481824e+00 4.431513e+00 4.379641e+00 4.326177e+00 4.271090e+00 4.214346e+00 4.155912e+00 4.095752e+00 4.033831e+00 3.970111e+00 3.904555e+00 3.837123e+00 3.767776e+00 3.714420e+00 3.678668e+00 3.642555e+00 3.606070e+00 3.569200e+00 3.531932e+00 3.494255e+00 3.456153e+00 3.417616e+00 3.378629e+00 3.339179e+00 3.299253e+00 3.258837e+00 3.217916e+00
2.028217e+00 2.035248e+00 2.041616e+00 2.047374e+00 2.052565e+00 2.057232e+00 2.061410e+00 2.065132e+00 2.068429e+00 2.071326e+00 2.073845e+00 2.076007e+00 2.077829e+00 2.079325e+00 2.080057e+00 2.080603e+00 2.081414e+00 2.082492e+00 2.083836e+00 2.085450e+00 2.087333e+00 2.089489e+00 2.091920e+00 2.094627e+00 2.097614e+00 2.100884e+00 2.104441e+00 2.108287e+00 2.112427e+00 2.116865e+00 2.121606e+00 2.126654e+00 2.132015e+00 2.137695e+00 2.143698e+00 2.150032e+00 2.156703e+00 2.163718e+00 2.171083e+00 2.178808e+00 2.186898e+00 2.195364e+00 2.204213e+00 2.213455e+00 2.223099e+00 2.233155e+00 2.243634e+00 2.254546e+00 2.265903e+00 2.277716e+00 2.289998e+00 2.302760e+00 2.316017e+00 2.329782e+00 2.349287e+00 2.371816e+00 2.392178e+00 2.410396e+00 2.426491e+00 2.440480e+00 2.452381e+00 2.462205e+00 2.469964e+00 2.475668e+00 2.479322e+00 2.480931e+00 2.480496e+00 2.478017e+00
1.505770e+00 1.499268e+00 1.492497e+00 1.485451e+00 1.478125e+00 1.470511e+00 1.462603e+00 1.454394e+00 1.445877e+00 1.437044e+00 1.427888e+00 1.418401e+00 1.408573e+00 1.398397e+00 1.374313e+00 1.339698e+00 1.307933e+00 1.278864e+00 1.252347e+00 1.228253e+00 1.206463e+00 1.186872e+00 1.169383e+00 1.153909e+00 1.140377e+00 1.128718e+00 1.118877e+00 1.110804e+00 1.104461e+00 1.099816e+00 1.096846e+00 1.095538e+00 1.095883e+00 1.097885e+00 1.101554e+00 1.106906e+00 1.113968e+00 1.122775e+00 1.133370e+00 1.145805e+00 1.160140e+00 1.176447e+00 1.194805e+00 1.215303e+00 1.238043e+00 1.263135e+00 1.290703e+00 1.320881e+00 1.353818e+00 1.389675e+00 1.428628e+00 1.470867e+00 1.516599e+00 1.566048e+00 1.641308e+00 1.730736e+00 1.812927e+00 1.888292e+00 1.957208e+00 2.020020e+00 2.077040e+00 2.128554e+00 2.174818e+00 2.216065e+00 2.252501e+00 2.284306e+00 2.311641e+00 2.334641e+00
6.400683e-01 6.464563e-01 6.530600e-01 6.598837e-01 6.669319e-01 6.742095e-01 6.817213e-01 6.894724e-01 6.974679e-01 7.057133e-01 7.142140e-01 7.229758e-01 7.320046e-01 7.413063e-01 7.548821e-01 7.718023e-01 7.880934e-01 8.037758e-01 8.188694e-01 8.333929e-01 8.473647e-01 8.608023e-01 8.737226e-01 8.861417e-01 8.980753e-01 9.095383e-01 9.205452e-01 9.311098e-01 9.412453e-01 9.509644e-01 9.602794e-01 9.692019e-01 9.777432e-01 9.859139e-01 9.937244e-01 1.001184e+00 1.008303e+00 1.015090e+00 1.021553e+00 1.027701e+00 1.033540e+00 1.039080e+00 1.044325e+00 1.049284e+00 1.053962e+00 1.058365e+00 1.062499e+00 1.066369e+00 1.069979e+00 1.073335e+00 1.076440e+00 1.079299e+00 1.081914e+00 1.084290e+00 1.086205e+00 1.087650e+00 1.088854e+00 1.089819e+00 1.090546e+00 1.091037e+00 1.091294e+00 1.091316e+00 1.091103e+00 1.090656e+00 1.089972e+00 1.089052e+00 1.087893e+00 1.086493e+00
3.362133e+00 3.382804e+00 3.403226e+00 3.423414e+00 3.443383e+00 3.463148e+00 3.482726e+00 3.502130e+00 3.521376e+00 3.540479e+00 3.559452e+00 3.578312e+00 3.597071e+00 3.615746e+00 3.665375e+00 3.740140e+00 3.809122e+00 3.872419e+00 3.930122e+00 3.982311e+00 4.029062e+00 4.070442e+00 4.106509e+00 4.137314e+00 4.162902e+00 4.183309e+00 4.198563e+00 4.208688e+00 4.213697e+00 4.213597e+00 4.208388e+00 4.198063e+00 4.182606e+00 4.161997e+00 4.136206e+00 4.105195e+00 4.068921e+00 4.027333e+00 3.980370e+00 3.927966e+00 3.870046e+00 3.806528e+00 3.737321e+00 3.662327e+00 3.581439e+00 3.494541e+00 3.401511e+00 3.302215e+00 3.196511e+00 3.084250e+00 2.965271e+00 2.839406e+00 2.706474e+00 2.566286e+00 2.451684e+00 2.372933e+00 2.296894e+00 2.223473e+00 2.152578e+00 2.084121e+00 2.018017e+00 1.954183e+00 1.892541e+00 1.833014e+00 1.775528e+00 1.720011e+00 1.666395e+00 1.614612e+00
8.119961e-01 8.081510e-01 8.048000e-01 8.019382e-01 7.995611e-01 7.976653e-01 7.962477e-01 7.953062e-01 7.948395e-01 7.948468e-01 7.953281e-01 7.962841e-01 7.977164e-01 7.996270e-01 8.017054e-01 8.035802e-01 8.055656e-01 8.076627e-01 8.098724e-01 8.121959e-01 8.146343e-01 8.171887e-01 8.198605e-01 8.226508e-01 8.255612e-01 8.285929e-01 8.317474e-01 8.350264e-01 8.384313e-01 8.419639e-01 8.456258e-01 8.494189e-01 8.533449e-01 8.574059e-01 8.616037e-01 8.659405e-01 8.704182e-01 8.750392e-01 8.798056e-01 8.847198e-01 8.897841e-01 8.950010e-01 9.003732e-01 9.059030e-01 9.115934e-01 9.174470e-01 9.234666e-01 9.296553e-01 9.360159e-01 9.425517e-01 9.492658e-01 9.561614e-01 9.632419e-01 9.705108e-01 9.807607e-01 9.931973e-01 1.005059e+00 1.016373e+00 1.027162e+00 1.037453e+00 1.047266e+00 1.056625e+00 1.065549e+00 1.074058e+00 1.082172e+00 1.089908e+00 1.097283e+00 1.104314e+00
2.642571e+00 2.634476e+00 2.625125e+00 2.614513e+00 2.602634e+00 2.589480e+00 2.575044e+00 2.559317e+00 2.542289e+00 2.523950e+00 2.504289e+00 2.483295e+00 2.460954e+00 2.437254e+00 2.414003e+00 2.393671e+00 2.374416e+00 2.356224e+00 2.339080e+00 2.322969e+00 2.307879e+00 2.293797e+00 2.280713e+00 2.268615e+00 2.257493e+00 2.247339e+00 2.238145e+00 2.229902e+00 2.222605e+00 2.216246e+00 2.210822e+00 2.206328e+00 2.202760e+00 2.200115e+00 2.198391e+00 2.197586e+00 2.197701e+00 2.198735e+00 2.200689e+00 2.203564e+00 2.207363e+00 2.212089e+00 2.217745e+00 2.224338e+00 2.231870e+00 2.240350e+00 2.249783e+00 2.260178e+00 2.271542e+00 2.283885e+00 2.297218e+00 2.311550e+00 2.326893e+00 2.343261e+00 2.383034e+00 2.440661e+00 2.493834e+00 2.542612e+00 2.587046e+00 2.627183e+00 2.663068e+00 2.694738e+00 2.722227e+00 2.745565e+00 2.764777e+00 2.779884e+00 2.790901e+00 2.797841e+00
2.747109e+00 2.775375e+00 2.802579e+00 2.828791e+00 2.854078e+00 2.878503e+00 2.902130e+00 2.925018e+00 2.947226e+00 2.968811e+00 2.989827e+00 3.010329e+00 3.030368e+00 3.049995e+00 3.061130e+00 3.064213e+00 3.067377e+00 3.070625e+00 3.073959e+00 3.077381e+00 3.080895e+00 3.084502e+00 3.088205e+00 3.092007e+00 3.095911e+00 3.099919e+00 3.104035e+00 3.108261e+00 3.112600e+00 3.117056e+00 3.121632e+00 3.126331e+00 3.131157e+00 3.136112e+00 3.141201e+00 3.146427e+00 3.151795e+00 3.157307e+00 3.162969e+00 3.168783e+00 3.174755e+00 3.180888e+00 3.187188e+00 3.193658e+00 3.200303e+00 3.207129e+00 3.214139e+00 3.221340e+00 3.228736e+00 3.236333e+00 3.244136e+00 3.252151e+00 3.260384e+00 3.268841e+00 3.278305e+00 3.286821e+00 3.293612e+00 3.298680e+00 3.302027e+00 3.303654e+00 3.303561e+00 3.301748e+00 3.298214e+00 3.292960e+00 3.285982e+00 3.277279e+00 3.266849e+00 3.254688e+00
3.159956e+00 3.169089e+00 3.176185e+00 3.181255e+00 3.184311e+00 3.185357e+00 3.184395e+00 3.181425e+00 3.176439e+00 3.169430e+00 3.160382e+00 3.149280e+00 3.136103e+00 3.120824e+00 3.109683e+00 3.103831e+00 3.096993e+00 3.089162e+00 3.080331e+00 3.070489e+00 3.059627e+00 3.047732e+00 3.034791e+00 3.020792e+00 3.005718e+00 2.989555e+00 2.972284e+00 2.953887e+00 2.934345e+00 2.913637e+00 2.891740e+00 2.868631e+00 2.844286e+00 2.818678e+00 2.791781e+00 2.763564e+00 2.733999e+00 2.703054e+00 2.670696e+00 2.636889e+00 2.601598e+00 2.564786e+00 2.526413e+00 2.486437e+00 2.444817e+00 2.401508e+00 2.356463e+00 2.309635e+00 2.260973e+00 2.210426e+00 2.157939e+00 2.103456e+00 2.046920e+00 1.988270e+00 1.936960e+00 1.896144e+00 1.856267e+00 1.817294e+00 1.779188e+00 1.741917e+00 1.705445e+00 1.669739e+00 1.634768e+00 1.600499e+00 1.566902e+00 1.533945e+00 1.501600e+00 1.469836e+00
2.030844e+00 2.033516e+00 2.035068e+00 2.035499e+00 2.034809e+00 2.032998e+00 2.030066e+00 2.026013e+00 2.020838e+00 2.014541e+00 2.007120e+00 1.998575e+00 1.988905e+00 1.978109e+00 1.954027e+00 1.919867e+00 1.887656e+00 1.857272e+00 1.828601e+00 1.801534e+00 1.775969e+00 1.751809e+00 1.728963e+00 1.707343e+00 1.686869e+00 1.667462e+00 1.649050e+00 1.631563e+00 1.614934e+00 1.599101e+00 1.584004e+00 1.569585e+00 1.555791e+00 1.542568e+00 1.529867e+00 1.517640e+00 1.505840e+00 1.494424e+00 1.483346e+00 1.472567e+00 1.462045e+00 1.451740e+00 1.441612e+00 1.431625e+00 1.421740e+00 1.411920e+00 1.402127e+00 1.392324e+00 1.382475e+00 1.372542e+00 1.362487e+00 1.352273e+00 1.341861e+00 1.331211e+00 1.319299e+00 1.307018e+00 1.295301e+00 1.284103e+00 1.273377e+00 1.263079e+00 1.253169e+00 1.243606e+00 1.234351e+00 1.225367e+00 1.216618e+00 1.208067e+00 1.199681e+00 1.191426e+00
8.917817e-01 8.964241e-01 9.014598e-01 9.068956e-01 9.127386e-01 9.189965e-01 9.256776e-01 9.327908e-01 9.403454e-01 9.483514e-01 9.568195e-01 9.657607e-01 9.751870e-01 9.851107e-01 9.949023e-01 1.003543e+00 1.011681e+00 1.019323e+00 1.026471e+00 1.033132e+00 1.039310e+00 1.045008e+00 1.050231e+00 1.054981e+00 1.059261e+00 1.063075e+00 1.066425e+00 1.069313e+00 1.071740e+00 1.073709e+00 1.075221e+00 1.076276e+00 1.076876e+00 1.077020e+00 1.076709e+00 1.075943e+00 1.074721e+00 1.073042e+00 1.070906e+00 1.068310e+00 1.065253e+00 1.061734e+00 1.057750e+00 1.053298e+00 1.048376e+00 1.042980e+00 1.037106e+00 1.030752e+00 1.023914e+00 1.016585e+00 1.008763e+00 1.000441e+00 9.916154e-01 9.822793e-01 9.608043e-01 9.299879e-01 9.013625e-01 8.748442e-01 8.503550e-01 8.278233e-01 8.071830e-01 7.883736e-01 7.713399e-01 7.560319e-01 7.424047e-01 7.304185e-01 7.200380e-01 7.112328e-01
2.444543e+00 2.461294e+00 2.478025e+00 2.494745e+00 2.511459e+00 2.528172e+00 2.544892e+00 2.561625e+00 2.578376e+00 2.595152e+00 2.611959e+00 2.628803e+00 2.645690e+00 2.662628e+00 2.678953e+00 2.694534e+00 2.710041e+00 2.725477e+00 2.740844e+00 2.756144e+00 2.771381e+00 2.786556e+00 2.801673e+00 2.816732e+00 2.831738e+00 2.846693e+00 2.861598e+00 2.876456e+00 2.891270e+00 2.906043e+00 2.920776e+00 2.935472e+00 2.950133e+00 2.964762e+00 2.979361e+00 2.993933e+00 3.008479e+00 3.023003e+00 3.037506e+00 3.051992e+00 3.066461e+00 3.080918e+00 3.095363e+00 3.109800e+00 3.124231e+00 3.138658e+00 3.153083e+00 3.167509e+00 3.181939e+00 3.196374e+00 3.210817e+00 3.225270e+00 3.239735e+00 3.254216e+00 3.284729e+00 3.326579e+00 3.363792e+00 3.396403e+00 3.424445e+00 3.447946e+00 3.466929e+00 3.481413e+00 3.491411e+00 3.496933e+00 3.497986e+00 3.494570e+00 3.486681e+00 3.474312e+00
1.874896e+00 1.890685e+00 1.906091e+00 1.921130e+00 1.935820e+00 1.950176e+00 1.964214e+00 1.977950e+00 1.991400e+00 2.004577e+00 2.017497e+00 2.030173e+00 2.042621e+00 2.054852e+00 2.066293e+00 2.076487e+00 2.086034e+00 2.094940e+00 2.103215e+00 2.110863e+00 2.117893e+00 2.124309e+00 2.130117e+00 2.135322e+00 2.139928e+00 2.143939e+00 2.147358e+00 2.150188e+00 2.152432e+00 2.154090e+00 2.155166e+00 2.155659e+00 2.155570e+00 2.154899e+00 2.153645e+00 2.151808e+00 2.149385e+00 2.146375e+00 2.142776e+00 2.138583e+00 2.133795e+00 2.128406e+00 2.122412e+00 2.115809e+00 2.108591e+00 2.100752e+00 2.092285e+00 2.083183e+00 2.073440e+00 2.063046e+00 2.051993e+00 2.040272e+00 2.027873e+00 2.014786e+00 2.000846e+00 1.986824e+00 1.972850e+00 1.958899e+00 1.944948e+00 1.930976e+00 1.916957e+00 1.902870e+00 1.888690e+00 1.874395e+00 1.859960e+00 1.845362e+00 1.830575e+00 1.815577e+00
1.254073e+00 1.260785e+00 1.266640e+00 1.271677e+00 1.275930e+00 1.279428e+00 1.282193e+00 1.284244e+00 1.285594e+00 1.286254e+00 1.286226e+00 1.285512e+00 1.284105e+00 1.281998e+00 1.280374e+00 1.280309e+00 1.280603e+00 1.281256e+00 1.282268e+00 1.283641e+00 1.285375e+00 1.287472e+00 1.289934e+00 1.292762e+00 1.295959e+00 1.299527e+00 1.303469e+00 1.307789e+00 1.312489e+00 1.317574e+00 1.323046e+00 1.328912e+00 1.335175e+00 1.341840e+00 1.348913e+00 1.356399e+00 1.364305e+00 1.372635e+00 1.381398e+00 1.390599e+00 1.400247e+00 1.410349e+00 1.420912e+00 1.431946e+00 1.443459e+00 1.455460e+00 1.467958e+00 1.480964e+00 1.494488e+00 1.508540e+00 1.523132e+00 1.538275e+00 1.553982e+00 1.570264e+00 1.586446e+00 1.601102e+00 1.614935e+00 1.627960e+00 1.640192e+00 1.651645e+00 1.662330e+00 1.672259e+00 1.681445e+00 1.689895e+00 1.697621e+00 1.704630e+00 1.710930e+00 1.716528e+00
2.903094e+00 2.908639e+00 2.911582e+00 2.911928e+00 2.909676e+00 2.904824e+00 2.897366e+00 2.887293e+00 2.874593e+00 2.859252e+00 2.841250e+00 2.820568e+00 2.797179e+00 2.771056e+00 2.741109e+00 2.711348e+00 2.682748e+00 2.655224e+00 2.628697e+00 2.603089e+00 2.578324e+00 2.554329e+00 2.531035e+00 2.508372e+00 2.486275e+00 2.464679e+00 2.443520e+00 2.422736e+00 2.402266e+00 2.382050e+00 2.362029e+00 2.342145e+00 2.322338e+00 2.302551e+00 2.282726e+00 2.262804e+00 2.242727e+00 2.222436e+00 2.201872e+00 2.180975e+00 2.159682e+00 2.137932e+00 2.115661e+00 2.092803e+00 2.069292e+00 2.045058e+00 2.020030e+00 1.994135e+00 1.967298e+00 1.939438e+00 1.910475e+00 1.880323e+00 1.848895e+00 1.816098e+00 1.792786e+00 1.780416e+00 1.768026e+00 1.755606e+00 1.743147e+00 1.730639e+00 1.718071e+00 1.705436e+00 1.692722e+00 1.679919e+00 1.667019e+00 1.654010e+00 1.640883e+00 1.627627e+00
1.127532e+00 1.147331e+00 1.167331e+00 1.187546e+00 1.207992e+00 1.228684e+00 1.249636e+00 1.270865e+00 1.292386e+00 1.314215e+00 1.336369e+00 1.358863e+00 1.381714e+00 1.404939e+00 1.424782e+00 1.440558e+00 1.456045e+00 1.471247e+00 1.486165e+00 1.500803e+00 1.515165e+00 1.529252e+00 1.543068e+00 1.556615e+00 1.569897e+00 1.582916e+00 1.595674e+00 1.608174e+00 1.620418e+00 1.632410e+00 1.644151e+00 1.655644e+00 1.666890e+00 1.677894e+00 1.688655e+00 1.699178e+00 1.709463e+00 1.719513e+00 1.729330e+00 1.738915e+00 1.748272e+00 1.757401e+00 1.766305e+00 1.774984e+00 1.783442e+00 1.791680e+00 1.799699e+00 1.807501e+00 1.815087e+00 1.822460e+00 1.829620e+00 1.836569e+00 1.843308e+00 1.849839e+00 1.875386e+00 1.917076e+00 1.955768e+00 1.991540e+00 2.024463e+00 2.054603e+00 2.082022e+00 2.106773e+00 2.128907e+00 2.148468e+00 2.165494e+00 2.180021e+00 2.192077e+00 2.201686e+00
1.658306e+00 1.652489e+00 1.645908e+00 1.638550e+00 1.630400e+00 1.621443e+00 1.611660e+00 1.601033e+00 1.589540e+00 1.577159e+00 1.563865e+00 1.549632e+00 1.534432e+00 1.518234e+00 1.502812e+00 1.489180e+00 1.475527e+00 1.461846e+00 1.448127e+00 1.434364e+00 1.420547e+00 1.406670e+00 1.392722e+00 1.378697e+00 1.364585e+00 1.350380e+00 1.336071e+00 1.321651e+00 1.307111e+00 1.292442e+00 1.277637e+00 1.262685e+00 1.247579e+00 1.232309e+00 1.216867e+00 1.201242e+00 1.185426e+00 1.169410e+00 1.153184e+00 1.136738e+00 1.120063e+00 1.103149e+00 1.085986e+00 1.068563e+00 1.050871e+00 1.032899e+00 1.014635e+00 9.960708e-01 9.771936e-01 9.579927e-01 9.384567e-01 9.185741e-01 8.983331e-01 8.777217e-01 8.585967e-01 8.419849e-01 8.259909e-01 8.105890e-01 7.957548e-01 7.814645e-01 7.676951e-01 7.544248e-01 7.416322e-01 7.292969e-01 7.173993e-01 7.059202e-01 6.948413e-01 6.841450e-01
1.283777e+00 1.279876e+00 1.274997e+00 1.269136e+00 1.262284e+00 1.254432e+00 1.245571e+00 1.235688e+00 1.224771e+00 1.212805e+00 1.199775e+00 1.185664e+00 1.170453e+00 1.154122e+00 1.135643e+00 1.116815e+00 1.098634e+00 1.081088e+00 1.064167e+00 1.047862e+00 1.032160e+00 1.017054e+00 1.002533e+00 9.885887e-01 9.752127e-01 9.623964e-01 9.501322e-01 9.384123e-01 9.272296e-01 9.165773e-01 9.064487e-01 8.968376e-01 8.877381e-01 8.791446e-01 8.710519e-01 8.634548e-01 8.563488e-01 8.497295e-01 8.435927e-01 8.379348e-01 8.327522e-01 8.280418e-01 8.238006e-01 8.200261e-01 8.167158e-01 8.138678e-01 8.114804e-01 8.095520e-01 8.080815e-01 8.070679e-01 8.065107e-01 8.064094e-01 8.067641e-01 8.075749e-01 8.087058e-01 8.102138e-01 8.122369e-01 8.147773e-01 8.178376e-01 8.214209e-01 8.255309e-01 8.301718e-01 8.353485e-01 8.410662e-01 8.473308e-01 8.541489e-01 8.615273e-01 8.694738e-01
2.478313e+00 2.489508e+00 2.500699e+00 2.511900e+00 2.523123e+00 2.534381e+00 2.545687e+00 2.557053e+00 2.568494e+00 2.580021e+00 2.591649e+00 2.603390e+00 2.615258e+00 2.627266e+00 2.637368e+00 2.644653e+00 2.651189e+00 2.656980e+00 2.662032e+00 2.666349e+00 2.669934e+00 2.672790e+00 2.674920e+00 2.676326e+00 2.677008e+00 2.676967e+00 2.676203e+00 2.674716e+00 2.672504e+00 2.669565e+00 2.665898e+00 2.661498e+00 2.656363e+00 2.650488e+00 2.643868e+00 2.636498e+00 2.628371e+00 2.619482e+00 2.609822e+00 2.599384e+00 2.588159e+00 2.576138e+00 2.563310e+00 2.549666e+00 2.535194e+00 2.519883e+00 2.503718e+00 2.486688e+00 2.468778e+00 2.449973e+00 2.430257e+00 2.409616e+00 2.388031e+00 2.365484e+00 2.312988e+00 2.235760e+00 2.162511e+00 2.092994e+00 2.026976e+00 1.964233e+00 1.904554e+00 1.847739e+00 1.793596e+00 1.741943e+00 1.692605e+00 1.645417e+00 1.600220e+00 1.556862e+00
5.582267e-01 5.915018e-01 6.268610e-01 6.644404e-01 7.043843e-01 7.468462e-01 7.919892e-01 8.399869e-01 8.910236e-01 9.452956e-01 1.003011e+00 1.064392e+00 1.129675e+00 1.199110e+00 1.279136e+00 1.360297e+00 1.436668e+00 1.508482e+00 1.575957e+00 1.639298e+00 1.698698e+00 1.754338e+00 1.806386e+00 1.855003e+00 1.900334e+00 1.942519e+00 1.981686e+00 2.017953e+00 2.051432e+00 2.082223e+00 2.110422e+00 2.136113e+00 2.159374e+00 2.180277e+00 2.198886e+00 2.215256e+00 2.229438e+00 2.241474e+00 2.251402e+00 2.259251e+00 2.265046e+00 2.268803e+00 2.270536e+00 2.270248e+00 2.267939e+00 2.263601e+00 2.257223e+00 2.248784e+00 2.238258e+00 2.225614e+00 2.210813e+00 2.193810e+00 2.174553e+00 2.152984e+00 2.136976e+00 2.129209e+00 2.121736e+00 2.114546e+00 2.107628e+00 2.100974e+00 2.094572e+00 2.088416e+00 2.082496e+00 2.076803e+00 2.071331e+00 2.066070e+00 2.061015e+00 2.056157e+00
1.692054e+00 1.707939e+00 1.724405e+00 1.741484e+00 1.759211e+00 1.777621e+00 1.796750e+00 1.816638e+00 1.837325e+00 1.858850e+00 1.881259e+00 1.904595e+00 1.928906e+00 1.954240e+00 1.984386e+00 2.016653e+00 2.047366e+00 2.076587e+00 2.104376e+00 2.130790e+00 2.155880e+00 2.179699e+00 2.202294e+00 2.223710e+00 2.243992e+00 2.263180e+00 2.281313e+00 2.298428e+00 2.314559e+00 2.329739e+00 2.343998e+00 2.357366e+00 2.369869e+00 2.381532e+00 2.392380e+00 2.402434e+00 2.411715e+00 2.420241e+00 2.428029e+00 2.435095e+00 2.441454e+00 2.447119e+00 2.452100e+00 2.456408e+00 2.460051e+00 2.463038e+00 2.465374e+00 2.467063e+00 2.468109e+00 2.468515e+00 2.468281e+00 2.467406e+00 2.465889e+00 2.463727e+00 2.460341e+00 2.456474e+00 2.452687e+00 2.448963e+00 2.445288e+00 2.441648e+00 2.438027e+00 2.434412e+00 2.430788e+00 2.427140e+00 2.423454e+00 2.419715e+00 2.415908e+00 2.412019e+00
2.533265e+00 2.526467e+00 2.517934e+00 2.507661e+00 2.495644e+00 2.481875e+00 2.466348e+00 2.449054e+00 2.429986e+00 2.409133e+00 2.386485e+00 2.362029e+00 2.335755e+00 2.307647e+00 2.248785e+00 2.166785e+00 2.090176e+00 2.018605e+00 1.951740e+00 1.889274e+00 1.830916e+00 1.776398e+00 1.725468e+00 1.677890e+00 1.633445e+00 1.591928e+00 1.553146e+00 1.516921e+00 1.483085e+00 1.451481e+00 1.421965e+00 1.394399e+00 1.368656e+00 1.344617e+00 1.322172e+00 1.301216e+00 1.281653e+00 1.263392e+00 1.246349e+00 1.230446e+00 1.215608e+00 1.201767e+00 1.188860e+00 1.176826e+00 1.165611e+00 1.155162e+00 1.145431e+00 1.136372e+00 1.127946e+00 1.120111e+00 1.112832e+00 1.106076e+00 1.099812e+00 1.094009e+00 1.090278e+00 1.088566e+00 1.087234e+00 1.086283e+00 1.085710e+00 1.085517e+00 1.085702e+00 1.086266e+00 1.087209e+00 1.088532e+00 1.090236e+00 1.092323e+00 1.094793e+00 1.097650e+00
2.305614e+00 2.314298e+00 2.322334e+00 2.329727e+00 2.336484e+00 2.342609e+00 2.348107e+00 2.352983e+00 2.357239e+00 2.360879e+00 2.363907e+00 2.366324e+00 2.368132e+00 2.369332e+00 2.369974e+00 2.370573e+00 2.371081e+00 2.371501e+00 2.371831e+00 2.372072e+00 2.372224e+00 2.372288e+00 2.372264e+00 2.372151e+00 2.371949e+00 2.371659e+00 2.371280e+00 2.370811e+00 2.370253e+00 2.369604e+00 2.368864e+00 2.368032e+00 2.367107e+00 2.366089e+00 2.364976e+00 2.363768e+00 2.362463e+00 2.361060e+00 2.359557e+00 2.357953e+00 2.356246e+00 2.354435e+00 2.352518e+00 2.350493e+00 2.348358e+00 2.346111e+00 2.343750e+00 2.341272e+00 2.338674e+00 2.335955e+00 2.333112e+00 2.330141e+00 2.327040e+00 2.323806e+00 2.320230e+00 2.315721e+00 2.310480e+00 2.304500e+00 2.297776e+00 2.290299e+00 2.282062e+00 2.273055e+00 2.263269e+00 2.252693e+00 2.241314e+00 2.229121e+00 2.216099e+00 2.202235e+00
3.294565e+00 3.325478e+00 3.355109e+00 3.383477e+00 3.410600e+00 3.436495e+00 3.461177e+00 3.484663e+00 3.506966e+00 3.528101e+00 3.548082e+00 3.566920e+00 3.584627e+00 3.601215e+00 3.617862e+00 3.635547e+00 3.653122e+00 3.670603e+00 3.688009e+00 3.705358e+00 3.722667e+00 3.739954e+00 3.757237e+00 3.774533e+00 3.791860e+00 3.809237e+00 3.826680e+00 3.844207e+00 3.861837e+00 3.879588e+00 3.897477e+00 3.915523e+00 3.933745e+00 3.952161e+00 3.970790e+00 3.989651e+00 4.008763e+00 4.028146e+00 4.047820e+00 4.067805e+00 4.088122e+00 4.108790e+00 4.129832e+00 4.151269e+00 4.173122e+00 4.195415e+00 4.218170e+00 4.241410e+00 4.265160e+00 4.289442e+00 4.314284e+00 4.339708e+00 4.365743e+00 4.392414e+00 4.416993e+00 4.436820e+00 4.454653e+00 4.470495e+00 4.484349e+00 4.496218e+00 4.506105e+00 4.514011e+00 4.519938e+00 4.523886e+00 4.525858e+00 4.525852e+00 4.523869e+00 4.519909e+00
2.429689e+00 2.418763e+00 2.404467e+00 2.386766e+00 2.365613e+00 2.340952e+00 2.312719e+00 2.280841e+00 2.245236e+00 2.205809e+00 2.162459e+00 2.115072e+00 2.063526e+00 2.007686e+00 1.968233e+00 1.950298e+00 1.933042e+00 1.916452e+00 1.900518e+00 1.885230e+00 1.870577e+00 1.856549e+00 1.843138e+00 1.830333e+00 1.818127e+00 1.806512e+00 1.795480e+00 1.785023e+00 1.775135e+00 1.765809e+00 1.757039e+00 1.748819e+00 1.741144e+00 1.734007e+00 1.727406e+00 1.721335e+00 1.715790e+00 1.710768e+00 1.706265e+00 1.702279e+00 1.698806e+00 1.695844e+00 1.693392e+00 1.691448e+00 1.690010e+00 1.689077e+00 1.688649e+00 1.688726e+00 1.689308e+00 1.690394e+00 1.691987e+00 1.694086e+00 1.696693e+00 1.699811e+00 1.704259e+00 1.708392e+00 1.711393e+00 1.713266e+00 1.714011e+00 1.713629e+00 1.712120e+00 1.709482e+00 1.705714e+00 1.700813e+00 1.694774e+00 1.687593e+00 1.679264e+00 1.669781e+00
1.713646e+00 1.702219e+00 1.691166e+00 1.680471e+00 1.670119e+00 1.660096e+00 1.650389e+00 1.640983e+00 1.631866e+00 1.623025e+00 1.614448e+00 1.606123e+00 1.598038e+00 1.590183e+00 1.579777e+00 1.566931e+00 1.554379e+00 1.542088e+00 1.530026e+00 1.518162e+00 1.506464e+00 1.494902e+00 1.483446e+00 1.472065e+00 1.460729e+00 1.449410e+00 1.438077e+00 1.426701e+00 1.415252e+00 1.403700e+00 1.392015e+00 1.380166e+00 1.368122e+00 1.355852e+00 1.343323e+00 1.330503e+00 1.317358e+00 1.303853e+00 1.289955e+00 1.275625e+00 1.260826e+00 1.245520e+00 1.229667e+00 1.213225e+00 1.196152e+00 1.178401e+00 1.159928e+00 1.140683e+00 1.120616e+00 1.099675e+00 1.077805e+00 1.054948e+00 1.031045e+00 1.006033e+00 9.868491e-01 9.751774e-01 9.640022e-01 9.533102e-01 9.430885e-01 9.333248e-01 9.240074e-01 9.151251e-01 9.066671e-01 8.986234e-01 8.909843e-01 8.837405e-01 8.768834e-01 8.704047e-01
4.654180e+00 4.674524e+00 4.694309e+00 4.713540e+00 4.732221e+00 4.750357e+00 4.767951e+00 4.785008e+00 4.801531e+00 4.817524e+00 4.832991e+00 4.847936e+00 4.862361e+00 4.876271e+00 4.891911e+00 4.908309e+00 4.923228e+00 4.936673e+00 4.948649e+00 4.959159e+00 4.968209e+00 4.975801e+00 4.981937e+00 4.986620e+00 4.989852e+00 4.991633e+00 4.991965e+00 4.990848e+00 4.988280e+00 4.984262e+00 4.978791e+00 4.971866e+00 4.963485e+00 4.953643e+00 4.942339e+00 4.929567e+00 4.915324e+00 4.899604e+00 4.882402e+00 4.863711e+00 4.843525e+00 4.821836e+00 4.798638e+00 4.773922e+00 4.747678e+00 4.719898e+00 4.690572e+00 4.659689e+00 4.627238e+00 4.593208e+00 4.557587e+00 4.520362e+00 4.481520e+00 4.441047e+00 4.323658e+00 4.144926e+00 3.979153e+00 3.825438e+00 3.682948e+00 3.550910e+00 3.428607e+00 3.315376e+00 3.210603e+00 3.113718e+00 3.024198e+00 2.941555e+00 2.865342e+00 2.795145e+00
2.005446e+00 2.005837e+00 2.005705e+00 2.005049e+00 2.003868e+00 2.002163e+00 1.999931e+00 1.997169e+00 1.993876e+00 1.990047e+00 1.985680e+00 1.980770e+00 1.975312e+00 1.969301e+00 1.950873e+00 1.922551e+00 1.896116e+00 1.871498e+00 1.848628e+00 1.827445e+00 1.807892e+00 1.789916e+00 1.773468e+00 1.758503e+00 1.744982e+00 1.732866e+00 1.722124e+00 1.712726e+00 1.704646e+00 1.697864e+00 1.692360e+00 1.688120e+00 1.685132e+00 1.683388e+00 1.682883e+00 1.683616e+00 1.685589e+00 1.688807e+00 1.693280e+00 1.699018e+00 1.706038e+00 1.714358e+00 1.724002e+00 1.734995e+00 1.747368e+00 1.761153e+00 1.776388e+00 1.793114e+00 1.811377e+00 1.831227e+00 1.852716e+00 1.875903e+00 1.900852e+00 1.927629e+00 1.953627e+00 1.974925e+00 1.994249e+00 2.011640e+00 2.027135e+00 2.040766e+00 2.052562e+00 2.062548e+00 2.070745e+00 2.077170e+00 2.081838e+00 2.084757e+00 2.085935e+00 2.085372e+00
2.919626e+00 2.918752e+00 2.916852e+00 2.913923e+00 2.909963e+00 2.904966e+00 2.898928e+00 2.891843e+00 2.883702e+00 2.874498e+00 2.864220e+00 2.852858e+00 2.840401e+00 2.826834e+00 2.814144e+00 2.803339e+00 2.792407e+00 2.781338e+00 2.770122e+00 2.758749e+00 2.747206e+00 2.735484e+00 2.723571e+00 2.711456e+00 2.699126e+00 2.686572e+00 2.673780e+00 2.660738e+00 2.647434e+00 2.633856e+00 2.619989e+00 2.605822e+00 2.591340e+00 2.576531e+00 2.561379e+00 2.545870e+00 2.529990e+00 2.513723e+00 2.497054e+00 2.479967e+00 2.462445e+00 2.444473e+00 2.426033e+00 2.407107e+00 2.387678e+00 2.367726e+00 2.347233e+00 2.326180e+00 2.304546e+00 2.282310e+00 2.259452e+00 2.235950e+00 2.211781e+00 2.186922e+00 2.157421e+00 2.124446e+00 2.091900e+00 2.059755e+00 2.027986e+00 1.996567e+00 1.965474e+00 1.934679e+00 1.904160e+00 1.873891e+00 1.843847e+00 1.814005e+00 1.784340e+00 1.754828e+00
1.486445e+00 1.496611e+00 1.507059e+00 1.517796e+00 1.528833e+00 1.540177e+00 1.551839e+00 1.563827e+00 1.576151e+00 1.588823e+00 1.601851e+00 1.615247e+00 1.629021e+00 1.643185e+00 1.676476e+00 1.725843e+00 1.772673e+00 1.817072e+00 1.859141e+00 1.898975e+00 1.936665e+00 1.972295e+00 2.005946e+00 2.037695e+00 2.067614e+00 2.095770e+00 2.122228e+00 2.147047e+00 2.170283e+00 2.191989e+00 2.212214e+00 2.231005e+00 2.248403e+00 2.264448e+00 2.279177e+00 2.292622e+00 2.304815e+00 2.315783e+00 2.325550e+00 2.334139e+00 2.341570e+00 2.347859e+00 2.353020e+00 2.357065e+00 2.360003e+00 2.361842e+00 2.362585e+00 2.362233e+00 2.360786e+00 2.358241e+00 2.354592e+00 2.349831e+00 2.343947e+00 2.336926e+00 2.330533e+00 2.325671e+00 2.320556e+00 2.315179e+00 2.309533e+00 2.303610e+00 2.297401e+00 2.290898e+00 2.284092e+00 2.276974e+00 2.269532e+00 2.261757e+00 2.253638e+00 2.245164e+00
7.991585e-01 7.911729e-01 7.828214e-01 7.741010e-01 7.650088e-01 7.555415e-01 7.456958e-01 7.354682e-01 7.248551e-01 7.138528e-01 7.024574e-01 6.906649e-01 6.784712e-01 6.658719e-01 6.544445e-01 6.450785e-01 6.361795e-01 6.277355e-01 6.197355e-01 6.121689e-01 6.050256e-01 5.982961e-01 5.919716e-01 5.860437e-01 5.805045e-01 5.753466e-01 5.705632e-01 5.661481e-01 5.620953e-01 5.583995e-01 5.550557e-01 5.520596e-01 5.494071e-01 5.470949e-01 5.451197e-01 5.434790e-01 5.421706e-01 5.411928e-01 5.405442e-01 5.402241e-01 5.402319e-01 5.405678e-01 5.412321e-01 5.422257e-01 5.435500e-01 5.452066e-01 5.471979e-01 5.495264e-01 5.521952e-01 5.552078e-01 5.585684e-01 5.622812e-01 5.663512e-01 5.707838e-01 5.816345e-01 5.973870e-01 6.120077e-01 6.255116e-01 6.379125e-01 6.492233e-01 6.594553e-01 6.686191e-01 6.767240e-01 6.837785e-01 6.897896e-01 6.947635e-01 6.987053e-01 7.016191e-01
1.517390e+00 1.525784e+00 1.535219e+00 1.545718e+00 1.557302e+00 1.569999e+00 1.583835e+00 1.598842e+00 1.615052e+00 1.632501e+00 1.651228e+00 1.671273e+00 1.692682e+00 1.715501e+00 1.736440e+00 1.753298e+00 1.769432e+00 1.784858e+00 1.799592e+00 1.813649e+00 1.827044e+00 1.839789e+00 1.851899e+00 1.863385e+00 1.874259e+00 1.884532e+00 1.894215e+00 1.903317e+00 1.911848e+00 1.919817e+00 1.927231e+00 1.934098e+00 1.940425e+00 1.946218e+00 1.951484e+00 1.956228e+00 1.960454e+00 1.964168e+00 1.967372e+00 1.970070e+00 1.972265e+00 1.973958e+00 1.975153e+00 1.975849e+00 1.976048e+00 1.975749e+00 1.974953e+00 1.973659e+00 1.971865e+00 1.969570e+00 1.966771e+00 1.963465e+00 1.959650e+00 1.955320e+00 1.951349e+00 1.947999e+00 1.944392e+00 1.940525e+00 1.936394e+00 1.931997e+00 1.927329e+00 1.922388e+00 1.917168e+00 1.911667e+00 1.905879e+00 1.899801e+00 1.893426e+00 1.886751e+00
3.317192e+00 3.359235e+00 3.402417e+00 3.446780e+00 3.492368e+00 3.539225e+00 3.587396e+00 3.636930e+00 3.687874e+00 3.740278e+00 3.794194e+00 3.849674e+00 3.906773e+00 3.965546e+00 4.009735e+00 4.036443e+00 4.062000e+00 4.086418e+00 4.109709e+00 4.131885e+00 4.152955e+00 4.172931e+00 4.191821e+00 4.209636e+00 4.226382e+00 4.242069e+00 4.256705e+00 4.270295e+00 4.282847e+00 4.294367e+00 4.304859e+00 4.314331e+00 4.322785e+00 4.330226e+00 4.336658e+00 4.342084e+00 4.346505e+00 4.349925e+00 4.352346e+00 4.353767e+00 4.354191e+00 4.353616e+00 4.352043e+00 4.349472e+00 4.345900e+00 4.341327e+00 4.335749e+00 4.329165e+00 4.321570e+00 4.312962e+00 4.303337e+00 4.292688e+00 4.281013e+00 4.268304e+00 4.229381e+00 4.167514e+00 4.107687e+00 4.049716e+00 3.993423e+00 3.938636e+00 3.885186e+00 3.832910e+00 3.781646e+00 3.731237e+00 3.681529e+00 3.632369e+00 3.583605e+00 3.535089e+00
2.064742e+00 2.057735e+00 2.050333e+00 2.042527e+00 2.034308e+00 2.025665e+00 2.016589e+00 2.007069e+00 1.997093e+00 1.986651e+00 1.975728e+00 1.964314e+00 1.952393e+00 1.939952e+00 1.920603e+00 1.895865e+00 1.872060e+00 1.849139e+00 1.827057e+00 1.805769e+00 1.785232e+00 1.765403e+00 1.746243e+00 1.727714e+00 1.709776e+00 1.692395e+00 1.675535e+00 1.659161e+00 1.643241e+00 1.627743e+00 1.612634e+00 1.597885e+00 1.583465e+00 1.569345e+00 1.555497e+00 1.541892e+00 1.528504e+00 1.515304e+00 1.502266e+00 1.489365e+00 1.476572e+00 1.463864e+00 1.451213e+00 1.438594e+00 1.425983e+00 1.413352e+00 1.400677e+00 1.387932e+00 1.375091e+00 1.362128e+00 1.349017e+00 1.335731e+00 1.322243e+00 1.308527e+00 1.297319e+00 1.289369e+00 1.281896e+00 1.274890e+00 1.268337e+00 1.262227e+00 1.256551e+00 1.251298e+00 1.246461e+00 1.242031e+00 1.238001e+00 1.234364e+00 1.231114e+00 1.228247e+00
2.413200e+00 2.411625e+00 2.409939e+00 2.408138e+00 2.406216e+00 2.404169e+00 2.401991e+00 2.399676e+00 2.397216e+00 2.394606e+00 2.391838e+00 2.388904e+00 2.385796e+00 2.382506e+00 2.379462e+00 2.376323e+00 2.372643e+00 2.368413e+00 2.363621e+00 2.358254e+00 2.352298e+00 2.345739e+00 2.338557e+00 2.330736e+00 2.322253e+00 2.313087e+00 2.303214e+00 2.292608e+00 2.281240e+00 2.269081e+00 2.256099e+00 2.242260e+00 2.227527e+00 2.211862e+00 2.195223e+00 2.177567e+00 2.158847e+00 2.139014e+00 2.118016e+00 2.095797e+00 2.072300e+00 2.047462e+00 2.021219e+00 1.993500e+00 1.964234e+00 1.933343e+00 1.900745e+00 1.866356e+00 1.830085e+00 1.791837e+00 1.751510e+00 1.708999e+00 1.664192e+00 1.616972e+00 1.577268e+00 1.548561e+00 1.520754e+00 1.493807e+00 1.467678e+00 1.442330e+00 1.417725e+00 1.393825e+00 1.370596e+00 1.348003e+00 1.326013e+00 1.304593e+00 1.283711e+00 1.263336e+00
1.070325e+00 1.078890e+00 1.086780e+00 1.094001e+00 1.100558e+00 1.106454e+00 1.111692e+00 1.116276e+00 1.120208e+00 1.123491e+00 1.126126e+00 1.128116e+00 1.129461e+00 1.130162e+00 1.130221e+00 1.130281e+00 1.130340e+00 1.130399e+00 1.130456e+00 1.130514e+00 1.130571e+00 1.130629e+00 1.130687e+00 1.130747e+00 1.130807e+00 1.130868e+00 1.130932e+00 1.130997e+00 1.131064e+00 1.131134e+00 1.131207e+00 1.131283e+00 1.131363e+00 1.131446e+00 1.131534e+00 1.131627e+00 1.131724e+00 1.131828e+00 1.131937e+00 1.132053e+00 1.132176e+00 1.132307e+00 1.132445e+00 1.132593e+00 1.132751e+00 1.132918e+00 1.133097e+00 1.133288e+00 1.133492e+00 1.133709e+00 1.133941e+00 1.134189e+00 1.134453e+00 1.134736e+00 1.135080e+00 1.135128e+00 1.134840e+00 1.134214e+00 1.133248e+00 1.131937e+00 1.130278e+00 1.128262e+00 1.125883e+00 1.123129e+00 1.119991e+00 1.116456e+00 1.112509e+00 1.108135e+00
1.060054e+00 1.057432e+00 1.054276e+00 1.050583e+00 1.046349e+00 1.041569e+00 1.036238e+00 1.030348e+00 1.023894e+00 1.016869e+00 1.009263e+00 1.001068e+00 9.922752e-01 9.828741e-01 9.671274e-01 9.465805e-01 9.269181e-01 9.080999e-01 8.900876e-01 8.728445e-01 8.563353e-01 8.405264e-01 8.253855e-01 8.108818e-01 7.969856e-01 7.836685e-01 7.709035e-01 7.586645e-01 7.469264e-01 7.356654e-01 7.248585e-01 7.144836e-01 7.045196e-01 6.949460e-01 6.857435e-01 6.768932e-01 6.683770e-01 6.601776e-01 6.522783e-01 6.446629e-01 6.373158e-01 6.302222e-01 6.233675e-01 6.167378e-01 6.103195e-01 6.040995e-01 5.980651e-01 5.922040e-01 5.865043e-01 5.809544e-01 5.755428e-01 5.702586e-01 5.650910e-01 5.600295e-01 5.561098e-01 5.536300e-01 5.515412e-01 5.498410e-01 5.485274e-01 5.475990e-01 5.470547e-01 5.468939e-01 5.471164e-01 5.477225e-01 5.487128e-01 5.500886e-01 5.518512e-01 5.540028e-01
2.159092e+00 2.155688e+00 2.152048e+00 2.148153e+00 2.143986e+00 2.139526e+00 2.134752e+00 2.129641e+00 2.124170e+00 2.118312e+00 2.112039e+00 2.105322e+00 2.098129e+00 2.090425e+00 2.084993e+00 2.083498e+00 2.083121e+00 2.083859e+00 2.085715e+00 2.088691e+00 2.092792e+00 2.098023e+00 2.104392e+00 2.111909e+00 2.120585e+00 2.130434e+00 2.141469e+00 2.153707e+00 2.167167e+00 2.181868e+00 2.197833e+00 2.215085e+00 2.233650e+00 2.253556e+00 2.274833e+00 2.297511e+00 2.321626e+00 2.347212e+00 2.374309e+00 2.402957e+00 2.433198e+00 2.465077e+00 2.498642e+00 2.533944e+00 2.571034e+00 2.609969e+00 2.650805e+00 2.693605e+00 2.738432e+00 2.785353e+00 2.834438e+00 2.885760e+00 2.939396e+00 2.995425e+00 3.049397e+00 3.096274e+00 3.140596e+00 3.182367e+00 3.221592e+00 3.258274e+00 3.292418e+00 3.324026e+00 3.353102e+00 3.379649e+00 3.403670e+00 3.425166e+00 3.444141e+00 3.460595e+00
9.229795e-01 9.601955e-01 1.000522e+00 1.044150e+00 1.091285e+00 1.142148e+00 1.196979e+00 1.256037e+00 1.319601e+00 1.387968e+00 1.461462e+00 1.540429e+00 1.625242e+00 1.716298e+00 1.779125e+00 1.805916e+00 1.831597e+00 1.856189e+00 1.879714e+00 1.902192e+00 1.923640e+00 1.944078e+00 1.963523e+00 1.981991e+00 1.999497e+00 2.016057e+00 2.031684e+00 2.046391e+00 2.060191e+00 2.073096e+00 2.085117e+00 2.096263e+00 2.106543e+00 2.115968e+00 2.124544e+00 2.132279e+00 2.139179e+00 2.145251e+00 2.150499e+00 2.154927e+00 2.158540e+00 2.161341e+00 2.163331e+00 2.164513e+00 2.164888e+00 2.164455e+00 2.163215e+00 2.161166e+00 2.158307e+00 2.154635e+00 2.150148e+00 2.144841e+00 2.138710e+00 2.131750e+00 2.122629e+00 2.111950e+00 2.101028e+00 2.089853e+00 2.078414e+00 2.066701e+00 2.054703e+00 2.042409e+00 2.029809e+00 2.016889e+00 2.003639e+00 1.990046e+00 1.976098e+00 1.961782e+00
9.686918e-01 9.727060e-01 9.770219e-01 9.816475e-01 9.865909e-01 9.918613e-01 9.974681e-01 1.003422e+00 1.009732e+00 1.016412e+00 1.023473e+00 1.030927e+00 1.038788e+00 1.047071e+00 1.053978e+00 1.059306e+00 1.064873e+00 1.070682e+00 1.076738e+00 1.083044e+00 1.089606e+00 1.096428e+00 1.103515e+00 1.110872e+00 1.118505e+00 1.126419e+00 1.134619e+00 1.143113e+00 1.151905e+00 1.161003e+00 1.170412e+00 1.180140e+00 1.190193e+00 1.200580e+00 1.211307e+00 1.222382e+00 1.233813e+00 1.245609e+00 1.257777e+00 1.270328e+00 1.283269e+00 1.296611e+00 1.310362e+00 1.324534e+00 1.339135e+00 1.354177e+00 1.369671e+00 1.385627e+00 1.402058e+00 1.418975e+00 1.436390e+00 1.454316e+00 1.472766e+00 1.491753e+00 1.547477e+00 1.632319e+00 1.710471e+00 1.782284e+00 1.848078e+00 1.908148e+00 1.962761e+00 2.012162e+00 2.056572e+00 2.096189e+00 2.131190e+00 2.161733e+00 2.187952e+00 2.209966e+00
2.245822e+00 2.234196e+00 2.222152e+00 2.209680e+00 2.196772e+00 2.183418e+00 2.169610e+00 2.155337e+00 2.140589e+00 2.125357e+00 2.109628e+00 2.093393e+00 2.076639e+00 2.059355e+00 2.037695e+00 2.013950e+00 1.991927e+00 1.971604e+00 1.952961e+00 1.935978e+00 1.920638e+00 1.906927e+00 1.894829e+00 1.884332e+00 1.875426e+00 1.868102e+00 1.862352e+00 1.858171e+00 1.855554e+00 1.854498e+00 1.855002e+00 1.857068e+00 1.860697e+00 1.865892e+00 1.872659e+00 1.881005e+00 1.890939e+00 1.902470e+00 1.915610e+00 1.930373e+00 1.946773e+00 1.964828e+00 1.984555e+00 2.005975e+00 2.029110e+00 2.053982e+00 2.080618e+00 2.109044e+00 2.139289e+00 2.171385e+00 2.205363e+00 2.241258e+00 2.279107e+00 2.318949e+00 2.359522e+00 2.397678e+00 2.434756e+00 2.470795e+00 2.505830e+00 2.539900e+00 2.573038e+00 2.605279e+00 2.636656e+00 2.667202e+00 2.696949e+00 2.725926e+00 2.754163e+00 2.781691e+00
2.788755e+00 2.784983e+00 2.780445e+00 2.775137e+00 2.769058e+00 2.762202e+00 2.754565e+00 2.746142e+00 2.736929e+00 2.726918e+00 2.716104e+00 2.704479e+00 2.692036e+00 2.678768e+00 2.662504e+00 2.643943e+00 2.625237e+00 2.606380e+00 2.587363e+00 2.568180e+00 2.548825e+00 2.529290e+00 2.509567e+00 2.489650e+00 2.469531e+00 2.449202e+00 2.428657e+00 2.407887e+00 2.386885e+00 2.365643e+00 2.344153e+00 2.322408e+00 2.300399e+00 2.278118e+00 2.255557e+00 2.232708e+00 2.209562e+00 2.186110e+00 2.162345e+00 2.138256e+00 2.113836e+00 2.089075e+00 2.063964e+00 2.038494e+00 2.012655e+00 1.986438e+00 1.959833e+00 1.932830e+00 1.905420e+00 1.877592e+00 1.849336e+00 1.820642e+00 1.791498e+00 1.761895e+00 1.702650e+00 1.619724e+00 1.541981e+00 1.469135e+00 1.400917e+00 1.337078e+00 1.277381e+00 1.221607e+00 1.169552e+00 1.121022e+00 1.075841e+00 1.033840e+00 9.948671e-01 9.587772e-01
8.042504e-01 8.153574e-01 8.267294e-01 8.383767e-01 8.503100e-01 8.625402e-01 8.750787e-01 8.879368e-01 9.011263e-01 9.146593e-01 9.285483e-01 9.428059e-01 9.574453e-01 9.724798e-01 1.009472e+00 1.063944e+00 1.114584e+00 1.161609e+00 1.205225e+00 1.245619e+00 1.282966e+00 1.317427e+00 1.349153e+00 1.378279e+00 1.404933e+00 1.429229e+00 1.451272e+00 1.471159e+00 1.488974e+00 1.504795e+00 1.518691e+00 1.530721e+00 1.540937e+00 1.549385e+00 1.556100e+00 1.561111e+00 1.564440e+00 1.566102e+00 1.566103e+00 1.564444e+00 1.561117e+00 1.556109e+00 1.549396e+00 1.540952e+00 1.530738e+00 1.518710e+00 1.504818e+00 1.488999e+00 1.471187e+00 1.451304e+00 1.429264e+00 1.404971e+00 1.378321e+00 1.349199e+00 1.328384e+00 1.318804e+00 1.309544e+00 1.300593e+00 1.291943e+00 1.283585e+00 1.275511e+00 1.267712e+00 1.260180e+00 1.252908e+00 1.245888e+00 1.239113e+00 1.232577e+00 1.226272e+00
3.848660e+00 3.846723e+00 3.842910e+00 3.837218e+00 3.829645e+00 3.820188e+00 3.808841e+00 3.795600e+00 3.780459e+00 3.763410e+00 3.744446e+00 3.723557e+00 3.700733e+00 3.675965e+00 3.651426e+00 3.629846e+00 3.609017e+00 3.588916e+00 3.569522e+00 3.550815e+00 3.532775e+00 3.515383e+00 3.498621e+00 3.482472e+00 3.466917e+00 3.451941e+00 3.437528e+00 3.423663e+00 3.410331e+00 3.397518e+00 3.385210e+00 3.373396e+00 3.362061e+00 3.351195e+00 3.340785e+00 3.330822e+00 3.321293e+00 3.312190e+00 3.303503e+00 3.295222e+00 3.287339e+00 3.279846e+00 3.272734e+00 3.265996e+00 3.259625e+00 3.253615e+00 3.247958e+00 3.242650e+00 3.237684e+00 3.233055e+00 3.228759e+00 3.224790e+00 3.221145e+00 3.217820e+00 3.215230e+00 3.212556e+00 3.209379e+00 3.205699e+00 3.201514e+00 3.196824e+00 3.191628e+00 3.185924e+00 3.179711e+00 3.172987e+00 3.165752e+00 3.158003e+00 3.149739e+00 3.140957e+00
1.199045e+00 1.213576e+00 1.228638e+00 1.244254e+00 1.260446e+00 1.277237e+00 1.294654e+00 1.312721e+00 1.331465e+00 1.350914e+00 1.371096e+00 1.392041e+00 1.413779e+00 1.436344e+00 1.457248e+00 1.475267e+00 1.492944e+00 1.510300e+00 1.527357e+00 1.544136e+00 1.560656e+00 1.576939e+00 1.593005e+00 1.608872e+00 1.624560e+00 1.640089e+00 1.655477e+00 1.670744e+00 1.685908e+00 1.700987e+00 1.716000e+00 1.730966e+00 1.745903e+00 1.760828e+00 1.775761e+00 1.790719e+00 1.805721e+00 1.820786e+00 1.835931e+00 1.851175e+00 1.866537e+00 1.882036e+00 1.897691e+00 1.913520e+00 1.929543e+00 1.945780e+00 1.962251e+00 1.978976e+00 1.995974e+00 2.013268e+00 2.030878e+00 2.048826e+00 2.067134e+00 2.085824e+00 2.104404e+00 2.121433e+00 2.137425e+00 2.152384e+00 2.166313e+00 2.179212e+00 2.191085e+00 2.201933e+00 2.211758e+00 2.220562e+00 2.228345e+00 2.235110e+00 2.240856e+00 2.245585e+00
1.686403e+00 1.712207e+00 1.739150e+00 1.767287e+00 1.796672e+00 1.827363e+00 1.859422e+00 1.892911e+00 1.927897e+00 1.964448e+00 2.002637e+00 2.042540e+00 2.084234e+00 2.127802e+00 2.160384e+00 2.179440e+00 2.197932e+00 2.215871e+00 2.233271e+00 2.250142e+00 2.266498e+00 2.282349e+00 2.297705e+00 2.312578e+00 2.326978e+00 2.340915e+00 2.354398e+00 2.367436e+00 2.380039e+00 2.392215e+00 2.403972e+00 2.415319e+00 2.426264e+00 2.436813e+00 2.446975e+00 2.456756e+00 2.466162e+00 2.475201e+00 2.483879e+00 2.492201e+00 2.500174e+00 2.507802e+00 2.515091e+00 2.522047e+00 2.528673e+00 2.534974e+00 2.540955e+00 2.546620e+00 2.551973e+00 2.557017e+00 2.561756e+00 2.566193e+00 2.570332e+00 2.574174e+00 2.577392e+00 2.579830e+00 2.581823e+00 2.583370e+00 2.584474e+00 2.585134e+00 2.585351e+00 2.585126e+00 2.584457e+00 2.583345e+00 2.581790e+00 2.579789e+00 2.577342e+00 2.574447e+00
1.753583e+00 1.792173e+00 1.831799e+00 1.872496e+00 1.914304e+00 1.957263e+00 2.001413e+00 2.046797e+00 2.093458e+00 2.141439e+00 2.190788e+00 2.241549e+00 2.293773e+00 2.347508e+00 2.415532e+00 2.493706e+00 2.569350e+00 2.642509e+00 2.713226e+00 2.781543e+00 2.847502e+00 2.911140e+00 2.972496e+00 3.031607e+00 3.088506e+00 3.143229e+00 3.195807e+00 3.246273e+00 3.294654e+00 3.340982e+00 3.385282e+00 3.427582e+00 3.467906e+00 3.506278e+00 3.542721e+00 3.577257e+00 3.609906e+00 3.640688e+00 3.669621e+00 3.696722e+00 3.722006e+00 3.745490e+00 3.767187e+00 3.787111e+00 3.805271e+00 3.821681e+00 3.836348e+00 3.849283e+00 3.860492e+00 3.869983e+00 3.877761e+00 3.883830e+00 3.888195e+00 3.890857e+00 3.892007e+00 3.890976e+00 3.887574e+00 3.881799e+00 3.873647e+00 3.863112e+00 3.850185e+00 3.834858e+00 3.817120e+00 3.796958e+00 3.774356e+00 3.749299e+00 3.721768e+00 3.691743e+00
1.497196e+00 1.560636e+00 1.628535e+00 1.701119e+00 1.778630e+00 1.861327e+00 1.949485e+00 2.043399e+00 2.143382e+00 2.249768e+00 2.362912e+00 2.483191e+00 2.611006e+00 2.746784e+00 2.856693e+00 2.928877e+00 2.997632e+00 3.062969e+00 3.124899e+00 3.183433e+00 3.238579e+00 3.290347e+00 3.338745e+00 3.383781e+00 3.425463e+00 3.463798e+00 3.498790e+00 3.530448e+00 3.558774e+00 3.583775e+00 3.605455e+00 3.623816e+00 3.638861e+00 3.650595e+00 3.659017e+00 3.664130e+00 3.665934e+00 3.664430e+00 3.659617e+00 3.651495e+00 3.640063e+00 3.625318e+00 3.607258e+00 3.585880e+00 3.561181e+00 3.533156e+00 3.501801e+00 3.467111e+00 3.429080e+00 3.387703e+00 3.342971e+00 3.294878e+00 3.243416e+00 3.188577e+00 3.105281e+00 3.003399e+00 2.907641e+00 2.817666e+00 2.733151e+00 2.653796e+00 2.579319e+00 2.509453e+00 2.443950e+00 2.382577e+00 2.325114e+00 2.271356e+00 2.221113e+00 2.174205e+00
1.534919e+00 1.541117e+00 1.546588e+00 1.551334e+00 1.555355e+00 1.558652e+00 1.561226e+00 1.563077e+00 1.564206e+00 1.564613e+00 1.564298e+00 1.563261e+00 1.561501e+00 1.559019e+00 1.553487e+00 1.547258e+00 1.542648e+00 1.539648e+00 1.538253e+00 1.538461e+00 1.540270e+00 1.543686e+00 1.548713e+00 1.555363e+00 1.563648e+00 1.573584e+00 1.585189e+00 1.598486e+00 1.613501e+00 1.630263e+00 1.648803e+00 1.669157e+00 1.691364e+00 1.715468e+00 1.741513e+00 1.769551e+00 1.799635e+00 1.831822e+00 1.866175e+00 1.902759e+00 1.941645e+00 1.982908e+00 2.026625e+00 2.072883e+00 2.121768e+00 2.173376e+00 2.227804e+00 2.285158e+00 2.345548e+00 2.409090e+00 2.475905e+00 2.546122e+00 2.619875e+00 2.697307e+00 2.749838e+00 2.772417e+00 2.793777e+00 2.813925e+00 2.832865e+00 2.850603e+00 2.867144e+00 2.882492e+00 2.896652e+00 2.909627e+00 2.921421e+00 2.932037e+00 2.941478e+00 2.949746e+00
1.462946e+00 1.490465e+00 1.518223e+00 1.546249e+00 1.574573e+00 1.603224e+00 1.632230e+00 1.661624e+00 1.691434e+00 1.721691e+00 1.752427e+00 1.783673e+00 1.815463e+00 1.847828e+00 1.889306e+00 1.936403e+00 1.980634e+00 2.022018e+00 2.060573e+00 2.096314e+00 2.129258e+00 2.159417e+00 2.186805e+00 2.211434e+00 2.233314e+00 2.252453e+00 2.268861e+00 2.282544e+00 2.293508e+00 2.301758e+00 2.307297e+00 2.310127e+00 2.310250e+00 2.307666e+00 2.302373e+00 2.294370e+00 2.283653e+00 2.270217e+00 2.254057e+00 2.235166e+00 2.213536e+00 2.189158e+00 2.162021e+00 2.132114e+00 2.099424e+00 2.063937e+00 2.025639e+00 1.984513e+00 1.940542e+00 1.893706e+00 1.843987e+00 1.791362e+00 1.735811e+00 1.677308e+00 1.633764e+00 1.609014e+00 1.585101e+00 1.561998e+00 1.539684e+00 1.518135e+00 1.497330e+00 1.477247e+00 1.457866e+00 1.439168e+00 1.421133e+00 1.403743e+00 1.386981e+00 1.370829e+00
4.581208e+00 4.559954e+00 4.536658e+00 4.511318e+00 4.483932e+00 4.454494e+00 4.423003e+00 4.389454e+00 4.353843e+00 4.316166e+00 4.276418e+00 4.234595e+00 4.190691e+00 4.144701e+00 4.062295e+00 3.952023e+00 3.847808e+00 3.749269e+00 3.656046e+00 3.567798e+00 3.484202e+00 3.404953e+00 3.329760e+00 3.258349e+00 3.190459e+00 3.125841e+00 3.064259e+00 3.005489e+00 2.949314e+00 2.895531e+00 2.843941e+00 2.794357e+00 2.746597e+00 2.700487e+00 2.655857e+00 2.612546e+00 2.570393e+00 2.529246e+00 2.488954e+00 2.449369e+00 2.410347e+00 2.371746e+00 2.333423e+00 2.295239e+00 2.257054e+00 2.218728e+00 2.180122e+00 2.141095e+00 2.101503e+00 2.061201e+00 2.020044e+00 1.977879e+00 1.934553e+00 1.889907e+00 1.854601e+00 1.830896e+00 1.807912e+00 1.785589e+00 1.763870e+00 1.742700e+00 1.722025e+00 1.701791e+00 1.681948e+00 1.662443e+00 1.643228e+00 1.624254e+00 1.605470e+00 1.586831e+00
1.125805e+00 1.136931e+00 1.147864e+00 1.158612e+00 1.169184e+00 1.179589e+00 1.189834e+00 1.199927e+00 1.209876e+00 1.219690e+00 1.229376e+00 1.238941e+00 1.248393e+00 1.257739e+00 1.266029e+00 1.273053e+00 1.279772e+00 1.286191e+00 1.292312e+00 1.298139e+00 1.303674e+00 1.308921e+00 1.313881e+00 1.318559e+00 1.322956e+00 1.327074e+00 1.330916e+00 1.334483e+00 1.337777e+00 1.340801e+00 1.343555e+00 1.346041e+00 1.348261e+00 1.350214e+00 1.351904e+00 1.353330e+00 1.354492e+00 1.355393e+00 1.356031e+00 1.356408e+00 1.356524e+00 1.356378e+00 1.355971e+00 1.355303e+00 1.354372e+00 1.353179e+00 1.351723e+00 1.350003e+00 1.348019e+00 1.345769e+00 1.343252e+00 1.340467e+00 1.337412e+00 1.334087e+00 1.330556e+00 1.326951e+00 1.323197e+00 1.319290e+00 1.315224e+00 1.310994e+00 1.306594e+00 1.302018e+00 1.297261e+00 1.292315e+00 1.287173e+00 1.281830e+00 1.276277e+00 1.270507e+00
2.377792e+00 2.372145e+00 2.364763e+00 2.355643e+00 2.344777e+00 2.332159e+00 2.317780e+00 2.301632e+00 2.283702e+00 2.263981e+00 2.242455e+00 2.219109e+00 2.193929e+00 2.166898e+00 2.106877e+00 2.022692e+00 1.944977e+00 1.873282e+00 1.807191e+00 1.746322e+00 1.690323e+00 1.638870e+00 1.591664e+00 1.548432e+00 1.508925e+00 1.472913e+00 1.440188e+00 1.410560e+00 1.383858e+00 1.359928e+00 1.338631e+00 1.319843e+00 1.303456e+00 1.289375e+00 1.277518e+00 1.267817e+00 1.260216e+00 1.254670e+00 1.251148e+00 1.249629e+00 1.250104e+00 1.252576e+00 1.257060e+00 1.263581e+00 1.272178e+00 1.282899e+00 1.295807e+00 1.310976e+00 1.328495e+00 1.348466e+00 1.371002e+00 1.396236e+00 1.424312e+00 1.455394e+00 1.478304e+00 1.488948e+00 1.498687e+00 1.507524e+00 1.515464e+00 1.522507e+00 1.528658e+00 1.533918e+00 1.538288e+00 1.541771e+00 1.544367e+00 1.546077e+00 1.546902e+00 1.546843e+00
2.005738e+00 1.995252e+00 1.984142e+00 1.972404e+00 1.960029e+00 1.947012e+00 1.933344e+00 1.919017e+00 1.904025e+00 1.888357e+00 1.872006e+00 1.854961e+00 1.837214e+00 1.818753e+00 1.800402e+00 1.783804e+00 1.768109e+00 1.753301e+00 1.739365e+00 1.726288e+00 1.714057e+00 1.702660e+00 1.692086e+00 1.682323e+00 1.673364e+00 1.665197e+00 1.657817e+00 1.651214e+00 1.645384e+00 1.640319e+00 1.636016e+00 1.632469e+00 1.629675e+00 1.627632e+00 1.626337e+00 1.625790e+00 1.625989e+00 1.626935e+00 1.628629e+00 1.631072e+00 1.634267e+00 1.638218e+00 1.642927e+00 1.648399e+00 1.654641e+00 1.661658e+00 1.669457e+00 1.678045e+00 1.687432e+00 1.697627e+00 1.708639e+00 1.720479e+00 1.733160e+00 1.746693e+00 1.768350e+00 1.795069e+00 1.819641e+00 1.842108e+00 1.862509e+00 1.880879e+00 1.897249e+00 1.911647e+00 1.924099e+00 1.934625e+00 1.943245e+00 1.949971e+00 1.954817e+00 1.957791e+00
7.353643e-01 7.318567e-01 7.299864e-01 7.297491e-01 7.311441e-01 7.341748e-01 7.388483e-01 7.451758e-01 7.531723e-01 7.628567e-01 7.742521e-01 7.873856e-01 8.022882e-01 8.189954e-01 8.300859e-01 8.335659e-01 8.368980e-01 8.400840e-01 8.431256e-01 8.460244e-01 8.487819e-01 8.513997e-01 8.538791e-01 8.562214e-01 8.584279e-01 8.604998e-01 8.624381e-01 8.642439e-01 8.659182e-01 8.674619e-01 8.688757e-01 8.701605e-01 8.713169e-01 8.723455e-01 8.732469e-01 8.740216e-01 8.746699e-01 8.751923e-01 8.755889e-01 8.758601e-01 8.760059e-01 8.760265e-01 8.759218e-01 8.756918e-01 8.753364e-01 8.748553e-01 8.742484e-01 8.735152e-01 8.726555e-01 8.716687e-01 8.705543e-01 8.693118e-01 8.679404e-01 8.664394e-01 8.643511e-01 8.618943e-01 8.595232e-01 8.572349e-01 8.550269e-01 8.528965e-01 8.508413e-01 8.488589e-01 8.469470e-01 8.451033e-01 8.433257e-01 8.416121e-01 8.399606e-01 8.383692e-01
9.456414e-01 9.657268e-01 9.871199e-01 1.009864e+00 1.034007e+00 1.059596e+00 1.086685e+00 1.115328e+00 1.145585e+00 1.177517e+00 1.211189e+00 1.246671e+00 1.284033e+00 1.323354e+00 1.363602e+00 1.402565e+00 1.441374e+00 1.480050e+00 1.518613e+00 1.557081e+00 1.595476e+00 1.633816e+00 1.672122e+00 1.710412e+00 1.748708e+00 1.787028e+00 1.825392e+00 1.863819e+00 1.902331e+00 1.940946e+00 1.979684e+00 2.018565e+00 2.057609e+00 2.096836e+00 2.136267e+00 2.175921e+00 2.215820e+00 2.255982e+00 2.296430e+00 2.337184e+00 2.378265e+00 2.419694e+00 2.461492e+00 2.503680e+00 2.546281e+00 2.589317e+00 2.632809e+00 2.676779e+00 2.721251e+00 2.766248e+00 2.811791e+00 2.857906e+00 2.904615e+00 2.951942e+00 2.992356e+00 3.023179e+00 3.051971e+00 3.078740e+00 3.103491e+00 3.126231e+00 3.146963e+00 3.165692e+00 3.182423e+00 3.197159e+00 3.209904e+00 3.220660e+00 3.229430e+00 3.236215e+00
1.165851e+00 1.172309e+00 1.178546e+00 1.184566e+00 1.190379e+00 1.195988e+00 1.201401e+00 1.206624e+00 1.211661e+00 1.216518e+00 1.221201e+00 1.225714e+00 1.230062e+00 1.234250e+00 1.238432e+00 1.242914e+00 1.247550e+00 1.252343e+00 1.257297e+00 1.262414e+00 1.267697e+00 1.273151e+00 1.278779e+00 1.284584e+00 1.290570e+00 1.296742e+00 1.303103e+00 1.309658e+00 1.316410e+00 1.323364e+00 1.330525e+00 1.337897e+00 1.345486e+00 1.353296e+00 1.361332e+00 1.369600e+00 1.378104e+00 1.386852e+00 1.395847e+00 1.405097e+00 1.414607e+00 1.424383e+00 1.434432e+00 1.444761e+00 1.455376e+00 1.466284e+00 1.477492e+00 1.489008e+00 1.500839e+00 1.512993e+00 1.525478e+00 1.538302e+00 1.551473e+00 1.565001e+00 1.577859e+00 1.588988e+00 1.599427e+00 1.609179e+00 1.618247e+00 1.626636e+00 1.634348e+00 1.641385e+00 1.647750e+00 1.653446e+00 1.658475e+00 1.662838e+00 1.666536e+00 1.669572e+00
1.680363e+00 1.708397e+00 1.737533e+00 1.767813e+00 1.799280e+00 1.831980e+00 1.865958e+00 1.901263e+00 1.937945e+00 1.976056e+00 2.015651e+00 2.056786e+00 2.099519e+00 2.143911e+00 2.204648e+00 2.276367e+00 2.344472e+00 2.408992e+00 2.469952e+00 2.527374e+00 2.581283e+00 2.631699e+00 2.678641e+00 2.722129e+00 2.762180e+00 2.798808e+00 2.832029e+00 2.861855e+00 2.888299e+00 2.911370e+00 2.931078e+00 2.947431e+00 2.960434e+00 2.970093e+00 2.976412e+00 2.979393e+00 2.979037e+00 2.975345e+00 2.968314e+00 2.957942e+00 2.944226e+00 2.927159e+00 2.906735e+00 2.882945e+00 2.855781e+00 2.825232e+00 2.791286e+00 2.753929e+00 2.713148e+00 2.668925e+00 2.621243e+00 2.570085e+00 2.515429e+00 2.457254e+00 2.393799e+00 2.331076e+00 2.270688e+00 2.212504e+00 2.156397e+00 2.102247e+00 2.049936e+00 1.999351e+00 1.950383e+00 1.902925e+00 1.856874e+00 1.812132e+00 1.768600e+00 1.726185e+00
1.094869e+00 1.108962e+00 1.123556e+00 1.138665e+00 1.154302e+00 1.170482e+00 1.187219e+00 1.204528e+00 1.222426e+00 1.240928e+00 1.260051e+00 1.279814e+00 1.300233e+00 1.321327e+00 1.357012e+00 1.404215e+00 1.449129e+00 1.491838e+00 1.532421e+00 1.570954e+00 1.607507e+00 1.642150e+00 1.674945e+00 1.705955e+00 1.735237e+00 1.762846e+00 1.788831e+00 1.813243e+00 1.836126e+00 1.857523e+00 1.877474e+00 1.896015e+00 1.913181e+00 1.929004e+00 1.943514e+00 1.956737e+00 1.968698e+00 1.979419e+00 1.988920e+00 1.997219e+00 2.004331e+00 2.010269e+00 2.015045e+00 2.018667e+00 2.021143e+00 2.022475e+00 2.022668e+00 2.021722e+00 2.019634e+00 2.016401e+00 2.012017e+00 2.006473e+00 1.999760e+00 1.991864e+00 1.984471e+00 1.978231e+00 1.971440e+00 1.964094e+00 1.956186e+00 1.947711e+00 1.938661e+00 1.929030e+00 1.918811e+00 1.907996e+00 1.896575e+00 1.884541e+00 1.871884e+00 1.858594e+00
7.202634e-01 7.271879e-01 7.357664e-01 7.460406e-01 7.580601e-01 7.718833e-01 7.875771e-01 8.052176e-01 8.248903e-01 8.466905e-01 8.707239e-01 8.971070e-01 9.259676e-01 9.574456e-01 9.806832e-01 9.924606e-01 1.003807e+00 1.014742e+00 1.025283e+00 1.035447e+00 1.045251e+00 1.054711e+00 1.063843e+00 1.072661e+00 1.081179e+00 1.089413e+00 1.097375e+00 1.105079e+00 1.112536e+00 1.119760e+00 1.126762e+00 1.133554e+00 1.140146e+00 1.146550e+00 1.152777e+00 1.158835e+00 1.164735e+00 1.170488e+00 1.176101e+00 1.181585e+00 1.186949e+00 1.192201e+00 1.197350e+00 1.202404e+00 1.207372e+00 1.212261e+00 1.217081e+00 1.221838e+00 1.226540e+00 1.231196e+00 1.235812e+00 1.240397e+00 1.244958e+00 1.249502e+00 1.253615e+00 1.256878e+00 1.259719e+00 1.262141e+00 1.264147e+00 1.265741e+00 1.266925e+00 1.267700e+00 1.268068e+00 1.268030e+00 1.267584e+00 1.266732e+00 1.265470e+00 1.263798e+00
2.117489e+00 2.101533e+00 2.084115e+00 2.065225e+00 2.044851e+00 2.022982e+00 1.999604e+00 1.974703e+00 1.948264e+00 1.920270e+00 1.890705e+00 1.859551e+00 1.826790e+00 1.792401e+00 1.705606e+00 1.579254e+00 1.463223e+00 1.356707e+00 1.258966e+00 1.169322e+00 1.087151e+00 1.011883e+00 9.429952e-01 8.800086e-01 8.224859e-01 7.700274e-01 7.222689e-01 6.788784e-01 6.395547e-01 6.040245e-01 5.720411e-01 5.433822e-01 5.178489e-01 4.952636e-01 4.754696e-01 4.583293e-01 4.437237e-01 4.315512e-01 4.217274e-01 4.141841e-01 4.088687e-01 4.057445e-01 4.047896e-01 4.059974e-01 4.093764e-01 4.149500e-01 4.227570e-01 4.328515e-01 4.453037e-01 4.602001e-01 4.776441e-01 4.977570e-01 5.206784e-01 5.465676e-01 5.643107e-01 5.707257e-01 5.771120e-01 5.834754e-01 5.898214e-01 5.961557e-01 6.024840e-01 6.088118e-01 6.151447e-01 6.214884e-01 6.278485e-01 6.342307e-01 6.406406e-01 6.470840e-01
2.907580e+00 2.944956e+00 2.981942e+00 3.018603e+00 3.055004e+00 3.091211e+00 3.127287e+00 3.163296e+00 3.199303e+00 3.235371e+00 3.271564e+00 3.307948e+00 3.344586e+00 3.381543e+00 3.408172e+00 3.423785e+00 3.439100e+00 3.454119e+00 3.468845e+00 3.483282e+00 3.497434e+00 3.511302e+00 3.524890e+00 3.538201e+00 3.551238e+00 3.564003e+00 3.576500e+00 3.588730e+00 3.600698e+00 3.612404e+00 3.623852e+00 3.635044e+00 3.645983e+00 3.656671e+00 3.667109e+00 3.677302e+00 3.687250e+00 3.696956e+00 3.706421e+00 3.715649e+00 3.724641e+00 3.733398e+00 3.741923e+00 3.750218e+00 3.758284e+00 3.766123e+00 3.773737e+00 3.781127e+00 3.788295e+00 3.795243e+00 3.801972e+00 3.808483e+00 3.814778e+00 3.820859e+00 3.829992e+00 3.839420e+00 3.845881e+00 3.849374e+00 3.849903e+00 3.847467e+00 3.842065e+00 3.833695e+00 3.822355e+00 3.808042e+00 3.790750e+00 3.770475e+00 3.747210e+00 3.720948e+00
1.357011e+00 1.369507e+00 1.381969e+00 1.394421e+00 1.406884e+00 1.419382e+00 1.431936e+00 1.444570e+00 1.457306e+00 1.470166e+00 1.483175e+00 1.496356e+00 1.509732e+00 1.523328e+00 1.546634e+00 1.577313e+00 1.605992e+00 1.632758e+00 1.657695e+00 1.680877e+00 1.702376e+00 1.722257e+00 1.740582e+00 1.757406e+00 1.772782e+00 1.786755e+00 1.799370e+00 1.810663e+00 1.820671e+00 1.829423e+00 1.836947e+00 1.843264e+00 1.848396e+00 1.852357e+00 1.855159e+00 1.856812e+00 1.857320e+00 1.856684e+00 1.854903e+00 1.851972e+00 1.847881e+00 1.842617e+00 1.836166e+00 1.828506e+00 1.819615e+00 1.809465e+00 1.798026e+00 1.785262e+00 1.771134e+00 1.755599e+00 1.738609e+00 1.720113e+00 1.700054e+00 1.678370e+00 1.662457e+00 1.653906e+00 1.645242e+00 1.636452e+00 1.627522e+00 1.618437e+00 1.609183e+00 1.599746e+00 1.590110e+00 1.580261e+00 1.570182e+00 1.559858e+00 1.549272e+00 1.538407e+00
7.956715e-01 7.971125e-01 7.984519e-01 7.996909e-01 8.008307e-01 8.018726e-01 8.028176e-01 8.036665e-01 8.044203e-01 8.050797e-01 8.056453e-01 8.061178e-01 8.064976e-01 8.067850e-01 8.069619e-01 8.076367e-01 8.088285e-01 8.105387e-01 8.127693e-01 8.155227e-01 8.188020e-01 8.226110e-01 8.269539e-01 8.318356e-01 8.372616e-01 8.432381e-01 8.497717e-01 8.568697e-01 8.645403e-01 8.727920e-01 8.816341e-01 8.910765e-01 9.011300e-01 9.118057e-01 9.231158e-01 9.350730e-01 9.476906e-01 9.609830e-01 9.749651e-01 9.896526e-01 1.005062e+00 1.021211e+00 1.038117e+00 1.055800e+00 1.074279e+00 1.093575e+00 1.113710e+00 1.134707e+00 1.156589e+00 1.179381e+00 1.203109e+00 1.227799e+00 1.253479e+00 1.280177e+00 1.316964e+00 1.360128e+00 1.400670e+00 1.438625e+00 1.474024e+00 1.506898e+00 1.537276e+00 1.565185e+00 1.590647e+00 1.613685e+00 1.634319e+00 1.652566e+00 1.668443e+00 1.681963e+00
2.549953e+00 2.536376e+00 2.519794e+00 2.500200e+00 2.477585e+00 2.451939e+00 2.423253e+00 2.391514e+00 2.356709e+00 2.318823e+00 2.277841e+00 2.233745e+00 2.186517e+00 2.136137e+00 2.094138e+00 2.064918e+00 2.036895e+00 2.010042e+00 1.984332e+00 1.959738e+00 1.936238e+00 1.913808e+00 1.892425e+00 1.872068e+00 1.852718e+00 1.834355e+00 1.816962e+00 1.800520e+00 1.785013e+00 1.770427e+00 1.756747e+00 1.743958e+00 1.732050e+00 1.721009e+00 1.710826e+00 1.701489e+00 1.692990e+00 1.685320e+00 1.678472e+00 1.672439e+00 1.667215e+00 1.662795e+00 1.659173e+00 1.656348e+00 1.654316e+00 1.653075e+00 1.652623e+00 1.652961e+00 1.654089e+00 1.656008e+00 1.658719e+00 1.662225e+00 1.666531e+00 1.671639e+00 1.678436e+00 1.685434e+00 1.691754e+00 1.697399e+00 1.702369e+00 1.706666e+00 1.710292e+00 1.713247e+00 1.715532e+00 1.717148e+00 1.718095e+00 1.718373e+00 1.717983e+00 1.716924e+00
1.794065e+00 1.807087e+00 1.820116e+00 1.833156e+00 1.846209e+00 1.859278e+00 1.872366e+00 1.885474e+00 1.898606e+00 1.911765e+00 1.924953e+00 1.938172e+00 1.951426e+00 1.964716e+00 1.980648e+00 1.997784e+00 2.013529e+00 2.027892e+00 2.040881e+00 2.052501e+00 2.062759e+00 2.071660e+00 2.079208e+00 2.085406e+00 2.090259e+00 2.093768e+00 2.095936e+00 2.096763e+00 2.096249e+00 2.094395e+00 2.091200e+00 2.086661e+00 2.080778e+00 2.073546e+00 2.064962e+00 2.055022e+00 2.043720e+00 2.031052e+00 2.017011e+00 2.001589e+00 1.984780e+00 1.966574e+00 1.946963e+00 1.925937e+00 1.903484e+00 1.879595e+00 1.854257e+00 1.827457e+00 1.799181e+00 1.769417e+00 1.738148e+00 1.705360e+00 1.671035e+00 1.635156e+00 1.589859e+00 1.539160e+00 1.490793e+00 1.444653e+00 1.400639e+00 1.358654e+00 1.318606e+00 1.280406e+00 1.243972e+00 1.209223e+00 1.176082e+00 1.144478e+00 1.114340e+00 1.085603e+00
6.867293e+00 6.916790e+00 6.957229e+00 6.988651e+00 7.011087e+00 7.024560e+00 7.029081e+00 7.024656e+00 7.011281e+00 6.988942e+00 6.957618e+00 6.917276e+00 6.867877e+00 6.809373e+00 6.769488e+00 6.755885e+00 6.740780e+00 6.724169e+00 6.706049e+00 6.686416e+00 6.665265e+00 6.642593e+00 6.618395e+00 6.592664e+00 6.565397e+00 6.536587e+00 6.506227e+00 6.474312e+00 6.440835e+00 6.405789e+00 6.369165e+00 6.330958e+00 6.291157e+00 6.249755e+00 6.206744e+00 6.162113e+00 6.115854e+00 6.067956e+00 6.018410e+00 5.967205e+00 5.914330e+00 5.859774e+00 5.803525e+00 5.745571e+00 5.685900e+00 5.624500e+00 5.561357e+00 5.496458e+00 5.429790e+00 5.361337e+00 5.291086e+00 5.219021e+00 5.145127e+00 5.069389e+00 4.947014e+00 4.787271e+00 4.634554e+00 4.488496e+00 4.348749e+00 4.214978e+00 4.086863e+00 3.964098e+00 3.846388e+00 3.733453e+00 3.625021e+00 3.520834e+00 3.420643e+00 3.324206e+00
2.453539e+00 2.471807e+00 2.490176e+00 2.508660e+00 2.527276e+00 2.546036e+00 2.564958e+00 2.584054e+00 2.603341e+00 2.622835e+00 2.642550e+00 2.662502e+00 2.682707e+00 2.703182e+00 2.729568e+00 2.759287e+00 2.786724e+00 2.811890e+00 2.834795e+00 2.855449e+00 2.873858e+00 2.890032e+00 2.903976e+00 2.915696e+00 2.925196e+00 2.932480e+00 2.937552e+00 2.940413e+00 2.941064e+00 2.939506e+00 2.935738e+00 2.929759e+00 2.921565e+00 2.911154e+00 2.898522e+00 2.883664e+00 2.866573e+00 2.847244e+00 2.825667e+00 2.801835e+00 2.775738e+00 2.747366e+00 2.716708e+00 2.683750e+00 2.648480e+00 2.610885e+00 2.570948e+00 2.528654e+00 2.483986e+00 2.436927e+00 2.387458e+00 2.335558e+00 2.281207e+00 2.224384e+00 2.123249e+00 1.990604e+00 1.867603e+00 1.753633e+00 1.648124e+00 1.550549e+00 1.460420e+00 1.377287e+00 1.300735e+00 1.230382e+00 1.165876e+00 1.106895e+00 1.053144e+00 1.004355e+00
2.611307e+00 2.622196e+00 2.632845e+00 2.643257e+00 2.653437e+00 2.663389e+00 2.673116e+00 2.682622e+00 2.691912e+00 2.700988e+00 2.709854e+00 2.718514e+00 2.726970e+00 2.735227e+00 2.750278e+00 2.770977e+00 2.790368e+00 2.808487e+00 2.825365e+00 2.841034e+00 2.855521e+00 2.868852e+00 2.881052e+00 2.892142e+00 2.902142e+00 2.911070e+00 2.918943e+00 2.925774e+00 2.931576e+00 2.936358e+00 2.940131e+00 2.942900e+00 2.944671e+00 2.945446e+00 2.945227e+00 2.944014e+00 2.941804e+00 2.938594e+00 2.934378e+00 2.929147e+00 2.922894e+00 2.915606e+00 2.907270e+00 2.897872e+00 2.887394e+00 2.875818e+00 2.863123e+00 2.849286e+00 2.834282e+00 2.818084e+00 2.800664e+00 2.781989e+00 2.762027e+00 2.740741e+00 2.724704e+00 2.715536e+00 2.706614e+00 2.697926e+00 2.689463e+00 2.681212e+00 2.673165e+00 2.665311e+00 2.657640e+00 2.650143e+00 2.642811e+00 2.635635e+00 2.628605e+00 2.621714e+00
1.883917e+00 1.889950e+00 1.895663e+00 1.901075e+00 1.906204e+00 1.911066e+00 1.915678e+00 1.920054e+00 1.924211e+00 1.928160e+00 1.931915e+00 1.935489e+00 1.938893e+00 1.942139e+00 1.946898e+00 1.953296e+00 1.959673e+00 1.966033e+00 1.972379e+00 1.978715e+00 1.985044e+00 1.991370e+00 1.997696e+00 2.004026e+00 2.010364e+00 2.016712e+00 2.023074e+00 2.029454e+00 2.035856e+00 2.042282e+00 2.048736e+00 2.055223e+00 2.061745e+00 2.068306e+00 2.074909e+00 2.081559e+00 2.088259e+00 2.095012e+00 2.101823e+00 2.108695e+00 2.115632e+00 2.122637e+00 2.129716e+00 2.136870e+00 2.144105e+00 2.151425e+00 2.158832e+00 2.166333e+00 2.173930e+00 2.181627e+00 2.189430e+00 2.197342e+00 2.205368e+00 2.213512e+00 2.219378e+00 2.222564e+00 2.225477e+00 2.228120e+00 2.230497e+00 2.232613e+00 2.234471e+00 2.236072e+00 2.237421e+00 2.238517e+00 2.239365e+00 2.239964e+00 2.240315e+00 2.240420e+00
2.683086e+00 2.704553e+00 2.725610e+00 2.746266e+00 2.766528e+00 2.786402e+00 2.805897e+00 2.825017e+00 2.843772e+00 2.862166e+00 2.880206e+00 2.897900e+00 2.915253e+00 2.932271e+00 2.953727e+00 2.978267e+00 3.001153e+00 3.022414e+00 3.042077e+00 3.060166e+00 3.076704e+00 3.091711e+00 3.105206e+00 3.117206e+00 3.127726e+00 3.136780e+00 3.144377e+00 3.150529e+00 3.155242e+00 3.158522e+00 3.160374e+00 3.160800e+00 3.159800e+00 3.157373e+00 3.153516e+00 3.148224e+00 3.141491e+00 3.133308e+00 3.123666e+00 3.112551e+00 3.099950e+00 3.085848e+00 3.070226e+00 3.053066e+00 3.034346e+00 3.014043e+00 2.992130e+00 2.968581e+00 2.943367e+00 2.916456e+00 2.887815e+00 2.857407e+00 2.825195e+00 2.791138e+00 2.763807e+00 2.745062e+00 2.726267e+00 2.707401e+00 2.688440e+00 2.669362e+00 2.650143e+00 2.630761e+00 2.611192e+00 2.591413e+00 2.571399e+00 2.551127e+00 2.530572e+00 2.509710e+00
2.555003e+00 2.562268e+00 2.569604e+00 2.577014e+00 2.584504e+00 2.592079e+00 2.599742e+00 2.607498e+00 2.615353e+00 2.623310e+00 2.631376e+00 2.639554e+00 2.647850e+00 2.656268e+00 2.668778e+00 2.683602e+00 2.696785e+00 2.708331e+00 2.718246e+00 2.726532e+00 2.733194e+00 2.738234e+00 2.741654e+00 2.743456e+00 2.743639e+00 2.742205e+00 2.739153e+00 2.734481e+00 2.728187e+00 2.720270e+00 2.710726e+00 2.699550e+00 2.686740e+00 2.672288e+00 2.656191e+00 2.638441e+00 2.619031e+00 2.597954e+00 2.575200e+00 2.550762e+00 2.524629e+00 2.496791e+00 2.467236e+00 2.435954e+00 2.402930e+00 2.368153e+00 2.331609e+00 2.293282e+00 2.253157e+00 2.211219e+00 2.167450e+00 2.121834e+00 2.074352e+00 2.024985e+00 1.968740e+00 1.911276e+00 1.857387e+00 1.806909e+00 1.759685e+00 1.715572e+00 1.674433e+00 1.636142e+00 1.600582e+00 1.567643e+00 1.537224e+00 1.509232e+00 1.483581e+00 1.460191e+00
1.282870e+00 1.278103e+00 1.273363e+00 1.268649e+00 1.263959e+00 1.259294e+00 1.254651e+00 1.250030e+00 1.245428e+00 1.240846e+00 1.236283e+00 1.231736e+00 1.227205e+00 1.222689e+00 1.219307e+00 1.216898e+00 1.214338e+00 1.211625e+00 1.208756e+00 1.205727e+00 1.202536e+00 1.199178e+00 1.195650e+00 1.191948e+00 1.188068e+00 1.184006e+00 1.179756e+00 1.175315e+00 1.170676e+00 1.165836e+00 1.160788e+00 1.155527e+00 1.150048e+00 1.144343e+00 1.138406e+00 1.132232e+00 1.125813e+00 1.119141e+00 1.112210e+00 1.105011e+00 1.097537e+00 1.089779e+00 1.081728e+00 1.073376e+00 1.064713e+00 1.055730e+00 1.046415e+00 1.036760e+00 1.026753e+00 1.016383e+00 1.005638e+00 9.945069e-01 9.829764e-01 9.710339e-01 9.464005e-01 9.114993e-01 8.785087e-01 8.473468e-01 8.179362e-01 7.902039e-01 7.640809e-01 7.395023e-01 7.164071e-01 6.947378e-01 6.744408e-01 6.554654e-01 6.377647e-01 6.212945e-01
2.024437e+00 2.050467e+00 2.076676e+00 2.103123e+00 2.129871e+00 2.156982e+00 2.184520e+00 2.212549e+00 2.241134e+00 2.270342e+00 2.300242e+00 2.330904e+00 2.362398e+00 2.394799e+00 2.421056e+00 2.440205e+00 2.459377e+00 2.478573e+00 2.497795e+00 2.517044e+00 2.536323e+00 2.555632e+00 2.574974e+00 2.594350e+00 2.613762e+00 2.633212e+00 2.652702e+00 2.672233e+00 2.691808e+00 2.711427e+00 2.731093e+00 2.750807e+00 2.770571e+00 2.790388e+00 2.810258e+00 2.830183e+00 2.850166e+00 2.870208e+00 2.890311e+00 2.910477e+00 2.930707e+00 2.951004e+00 2.971368e+00 2.991803e+00 3.012309e+00 3.032889e+00 3.053545e+00 3.074278e+00 3.095090e+00 3.115984e+00 3.136960e+00 3.158021e+00 3.179169e+00 3.200406e+00 3.256227e+00 3.341858e+00 3.422911e+00 3.499492e+00 3.571695e+00 3.639612e+00 3.703330e+00 3.762930e+00 3.818486e+00 3.870068e+00 3.917744e+00 3.961571e+00 4.001607e+00 4.037902e+00
2.675111e+00 2.670107e+00 2.662818e+00 2.653239e+00 2.641364e+00 2.627182e+00 2.610684e+00 2.591857e+00 2.570686e+00 2.547157e+00 2.521250e+00 2.492947e+00 2.462227e+00 2.429065e+00 2.392626e+00 2.356958e+00 2.322799e+00 2.290076e+00 2.258719e+00 2.228661e+00 2.199839e+00 2.172192e+00 2.145661e+00 2.120189e+00 2.095722e+00 2.072209e+00 2.049600e+00 2.027845e+00 2.006900e+00 1.986719e+00 1.967261e+00 1.948482e+00 1.930345e+00 1.912809e+00 1.895838e+00 1.879396e+00 1.863447e+00 1.847959e+00 1.832897e+00 1.818231e+00 1.803928e+00 1.789959e+00 1.776293e+00 1.762903e+00 1.749758e+00 1.736832e+00 1.724097e+00 1.711526e+00 1.699092e+00 1.686769e+00 1.674530e+00 1.662350e+00 1.650203e+00 1.638062e+00 1.615261e+00 1.584111e+00 1.555089e+00 1.528040e+00 1.502823e+00 1.479303e+00 1.457357e+00 1.436869e+00 1.417731e+00 1.399841e+00 1.383105e+00 1.367434e+00 1.352746e+00 1.338963e+00
1.146433e+00 1.157984e+00 1.170383e+00 1.183637e+00 1.197759e+00 1.212758e+00 1.228647e+00 1.245437e+00 1.263142e+00 1.281775e+00 1.301350e+00 1.321884e+00 1.343391e+00 1.365889e+00 1.410063e+00 1.472941e+00 1.533921e+00 1.593068e+00 1.650446e+00 1.706114e+00 1.760134e+00 1.812562e+00 1.863454e+00 1.912865e+00 1.960847e+00 2.007452e+00 2.052729e+00 2.096727e+00 2.139492e+00 2.181070e+00 2.221505e+00 2.260841e+00 2.299120e+00 2.336382e+00 2.372667e+00 2.408014e+00 2.442460e+00 2.476043e+00 2.508797e+00 2.540759e+00 2.571962e+00 2.602440e+00 2.632224e+00 2.661347e+00 2.689840e+00 2.717733e+00 2.745055e+00 2.771837e+00 2.798107e+00 2.823892e+00 2.849220e+00 2.874119e+00 2.898614e+00 2.922732e+00 2.959648e+00 3.005031e+00 3.045783e+00 3.081950e+00 3.113575e+00 3.140694e+00 3.163337e+00 3.181531e+00 3.195296e+00 3.204648e+00 3.209598e+00 3.210152e+00 3.206310e+00 3.198068e+00
1.509703e+00 1.537090e+00 1.564497e+00 1.591950e+00 1.619479e+00 1.647111e+00 1.674874e+00 1.702797e+00 1.730910e+00 1.759239e+00 1.787815e+00 1.816666e+00 1.845823e+00 1.875315e+00 1.897316e+00 1.910674e+00 1.923250e+00 1.935049e+00 1.946076e+00 1.956335e+00 1.965831e+00 1.974568e+00 1.982550e+00 1.989779e+00 1.996258e+00 2.001992e+00 2.006981e+00 2.011227e+00 2.014734e+00 2.017501e+00 2.019531e+00 2.020824e+00 2.021380e+00 2.021200e+00 2.020285e+00 2.018632e+00 2.016242e+00 2.013114e+00 2.009246e+00 2.004637e+00 1.999285e+00 1.993188e+00 1.986343e+00 1.978747e+00 1.970397e+00 1.961290e+00 1.951422e+00 1.940788e+00 1.929385e+00 1.917207e+00 1.904250e+00 1.890508e+00 1.875975e+00 1.860646e+00 1.816640e+00 1.749884e+00 1.687921e+00 1.630447e+00 1.577179e+00 1.527853e+00 1.482227e+00 1.440076e+00 1.401191e+00 1.365382e+00 1.332471e+00 1.302296e+00 1.274709e+00 1.249573e+00
3.193286e+00 3.234453e+00 3.277243e+00 3.321769e+00 3.368148e+00 3.416503e+00 3.466960e+00 3.519652e+00 3.574718e+00 3.632303e+00 3.692558e+00 3.755642e+00 3.821721e+00 3.890969e+00 3.942108e+00 3.970582e+00 3.997867e+00 4.023977e+00 4.048926e+00 4.072728e+00 4.095394e+00 4.116938e+00 4.137371e+00 4.156703e+00 4.174945e+00 4.192108e+00 4.208199e+00 4.223228e+00 4.237203e+00 4.250131e+00 4.262019e+00 4.272873e+00 4.282700e+00 4.291505e+00 4.299291e+00 4.306064e+00 4.311828e+00 4.316584e+00 4.320336e+00 4.323086e+00 4.324835e+00 4.325584e+00 4.325334e+00 4.324084e+00 4.321834e+00 4.318582e+00 4.314327e+00 4.309067e+00 4.302798e+00 4.295517e+00 4.287222e+00 4.277906e+00 4.267565e+00 4.256193e+00 4.242039e+00 4.224591e+00 4.205583e+00 4.185004e+00 4.162838e+00 4.139072e+00 4.113690e+00 4.086674e+00 4.058007e+00 4.027669e+00 3.995640e+00 3.961900e+00 3.926424e+00 3.889191e+00
2.057643e+00 2.051413e+00 2.043855e+00 2.034966e+00 2.024745e+00 2.013192e+00 2.000305e+00 1.986082e+00 1.970522e+00 1.953622e+00 1.935381e+00 1.915796e+00 1.894865e+00 1.872585e+00 1.844907e+00 1.814564e+00 1.785553e+00 1.757826e+00 1.731337e+00 1.706042e+00 1.681898e+00 1.658866e+00 1.636906e+00 1.615983e+00 1.596060e+00 1.577106e+00 1.559089e+00 1.541977e+00 1.525744e+00 1.510361e+00 1.495804e+00 1.482047e+00 1.469069e+00 1.456847e+00 1.445360e+00 1.434591e+00 1.424520e+00 1.415132e+00 1.406409e+00 1.398339e+00 1.390907e+00 1.384101e+00 1.377909e+00 1.372322e+00 1.367330e+00 1.362925e+00 1.359099e+00 1.355846e+00 1.353160e+00 1.351037e+00 1.349474e+00 1.348468e+00 1.348017e+00 1.348121e+00 1.349439e+00 1.351229e+00 1.352833e+00 1.354255e+00 1.355498e+00 1.356565e+00 1.357458e+00 1.358180e+00 1.358731e+00 1.359113e+00 1.359326e+00 1.359373e+00 1.359251e+00 1.358962e+00
1.747013e+00 1.755975e+00 1.764840e+00 1.773631e+00 1.782373e+00 1.791091e+00 1.799809e+00 1.808550e+00 1.817338e+00 1.826198e+00 1.835154e+00 1.844232e+00 1.853455e+00 1.862850e+00 1.872381e+00 1.881533e+00 1.890380e+00 1.898940e+00 1.907226e+00 1.915252e+00 1.923033e+00 1.930583e+00 1.937914e+00 1.945038e+00 1.951969e+00 1.958719e+00 1.965298e+00 1.971719e+00 1.977992e+00 1.984128e+00 1.990139e+00 1.996034e+00 2.001824e+00 2.007518e+00 2.013127e+00 2.018660e+00 2.024127e+00 2.029538e+00 2.034901e+00 2.040226e+00 2.045522e+00 2.050798e+00 2.056065e+00 2.061329e+00 2.066602e+00 2.071891e+00 2.077207e+00 2.082558e+00 2.087953e+00 2.093402e+00 2.098915e+00 2.104501e+00 2.110169e+00 2.115929e+00 2.126635e+00 2.141267e+00 2.155038e+00 2.168000e+00 2.180204e+00 2.191697e+00 2.202522e+00 2.212721e+00 2.222333e+00 2.231395e+00 2.239941e+00 2.248006e+00 2.255618e+00 2.262809e+00
2.664253e+00 2.663464e+00 2.661226e+00 2.657536e+00 2.652391e+00 2.645786e+00 2.637715e+00 2.628171e+00 2.617145e+00 2.604626e+00 2.590604e+00 2.575064e+00 2.557993e+00 2.539376e+00 2.523328e+00 2.511449e+00 2.499598e+00 2.487773e+00 2.475971e+00 2.464188e+00 2.452421e+00 2.440665e+00 2.428919e+00 2.417178e+00 2.405438e+00 2.393697e+00 2.381951e+00 2.370197e+00 2.358431e+00 2.346650e+00 2.334850e+00 2.323028e+00 2.311180e+00 2.299303e+00 2.287394e+00 2.275449e+00 2.263465e+00 2.251437e+00 2.239363e+00 2.227240e+00 2.215062e+00 2.202828e+00 2.190533e+00 2.178174e+00 2.165748e+00 2.153249e+00 2.140676e+00 2.128024e+00 2.115290e+00 2.102470e+00 2.089559e+00 2.076556e+00 2.063454e+00 2.050252e+00 2.023264e+00 1.984838e+00 1.948513e+00 1.914154e+00 1.881632e+00 1.850826e+00 1.821623e+00 1.793912e+00 1.767592e+00 1.742564e+00 1.718736e+00 1.696018e+00 1.674326e+00 1.653579e+00
2.072942e+00 2.075873e+00 2.079141e+00 2.082750e+00 2.086707e+00 2.091019e+00 2.095691e+00 2.100733e+00 2.106152e+00 2.111957e+00 2.118158e+00 2.124765e+00 2.131789e+00 2.139242e+00 2.150592e+00 2.163952e+00 2.175894e+00 2.186446e+00 2.195632e+00 2.203473e+00 2.209986e+00 2.215187e+00 2.219088e+00 2.221697e+00 2.223021e+00 2.223062e+00 2.221821e+00 2.219294e+00 2.215477e+00 2.210360e+00 2.203932e+00 2.196177e+00 2.187078e+00 2.176615e+00 2.164763e+00 2.151495e+00 2.136781e+00 2.120587e+00 2.102877e+00 2.083608e+00 2.062738e+00 2.040219e+00 2.015999e+00 1.990022e+00 1.962230e+00 1.932558e+00 1.900938e+00 1.867299e+00 1.831563e+00 1.793649e+00 1.753469e+00 1.710932e+00 1.665940e+00 1.618390e+00 1.567689e+00 1.519933e+00 1.475469e+00 1.434169e+00 1.395912e+00 1.360588e+00 1.328096e+00 1.298340e+00 1.271236e+00 1.246704e+00 1.224674e+00 1.205083e+00 1.187872e+00 1.172993e+00
1.785096e+00 1.800185e+00 1.814447e+00 1.827891e+00 1.840527e+00 1.852362e+00 1.863404e+00 1.873660e+00 1.883138e+00 1.891844e+00 1.899782e+00 1.906959e+00 1.913379e+00 1.919047e+00 1.924174e+00 1.929473e+00 1.934735e+00 1.939962e+00 1.945155e+00 1.950314e+00 1.955442e+00 1.960539e+00 1.965606e+00 1.970645e+00 1.975656e+00 1.980640e+00 1.985599e+00 1.990534e+00 1.995445e+00 2.000334e+00 2.005202e+00 2.010050e+00 2.014879e+00 2.019690e+00 2.024484e+00 2.029262e+00 2.034025e+00 2.038774e+00 2.043510e+00 2.048234e+00 2.052948e+00 2.057652e+00 2.062347e+00 2.067034e+00 2.071714e+00 2.076389e+00 2.081059e+00 2.085725e+00 2.090388e+00 2.095050e+00 2.099711e+00 2.104372e+00 2.109035e+00 2.113700e+00 2.119190e+00 2.124250e+00 2.128063e+00 2.130632e+00 2.131960e+00 2.132050e+00 2.130900e+00 2.128510e+00 2.124877e+00 2.119998e+00 2.113866e+00 2.106476e+00 2.097819e+00 2.087886e+00
1.339811e+00 1.342315e+00 1.344170e+00 1.345381e+00 1.345949e+00 1.345875e+00 1.345160e+00 1.343802e+00 1.341798e+00 1.339146e+00 1.335839e+00 1.331873e+00 1.327239e+00 1.321931e+00 1.316677e+00 1.312216e+00 1.307802e+00 1.303431e+00 1.299097e+00 1.294793e+00 1.290516e+00 1.286259e+00 1.282017e+00 1.277785e+00 1.273557e+00 1.269329e+00 1.265095e+00 1.260850e+00 1.256587e+00 1.252303e+00 1.247992e+00 1.243648e+00 1.239265e+00 1.234839e+00 1.230364e+00 1.225834e+00 1.221243e+00 1.216586e+00 1.211857e+00 1.207051e+00 1.202160e+00 1.197179e+00 1.192102e+00 1.186922e+00 1.181632e+00 1.176227e+00 1.170700e+00 1.165043e+00 1.159249e+00 1.153312e+00 1.147223e+00 1.140976e+00 1.134561e+00 1.127972e+00 1.114586e+00 1.096094e+00 1.079025e+00 1.063297e+00 1.048835e+00 1.035570e+00 1.023438e+00 1.012383e+00 1.002351e+00 9.932948e-01 9.851709e-01 9.779406e-01 9.715697e-01 9.660277e-01
2.134199e+00 2.149202e+00 2.163683e+00 2.177661e+00 2.191157e+00 2.204187e+00 2.216770e+00 2.228924e+00 2.240664e+00 2.252006e+00 2.262967e+00 2.273561e+00 2.283802e+00 2.293705e+00 2.303781e+00 2.313467e+00 2.322287e+00 2.330260e+00 2.337405e+00 2.343739e+00 2.349276e+00 2.354030e+00 2.358012e+00 2.361230e+00 2.363693e+00 2.365406e+00 2.366373e+00 2.366596e+00 2.366075e+00 2.364811e+00 2.362799e+00 2.360034e+00 2.356512e+00 2.352223e+00 2.347157e+00 2.341302e+00 2.334646e+00 2.327172e+00 2.318862e+00 2.309699e+00 2.299660e+00 2.288722e+00 2.276860e+00 2.264045e+00 2.250249e+00 2.235439e+00 2.219580e+00 2.202636e+00 2.184567e+00 2.165331e+00 2.144884e+00 2.123177e+00 2.100161e+00 2.075782e+00 2.022812e+00 1.948765e+00 1.880329e+00 1.817058e+00 1.758543e+00 1.704401e+00 1.654281e+00 1.607858e+00 1.564829e+00 1.524915e+00 1.487856e+00 1.453411e+00 1.421357e+00 1.391484e+00
1.064297e+00 1.070086e+00 1.076022e+00 1.082115e+00 1.088374e+00 1.094811e+00 1.101434e+00 1.108254e+00 1.115283e+00 1.122531e+00 1.130011e+00 1.137733e+00 1.145711e+00 1.153957e+00 1.163525e+00 1.173481e+00 1.182800e+00 1.191497e+00 1.199588e+00 1.207086e+00 1.214003e+00 1.220351e+00 1.226141e+00 1.231382e+00 1.236084e+00 1.240254e+00 1.243899e+00 1.247025e+00 1.249638e+00 1.251742e+00 1.253340e+00 1.254436e+00 1.255030e+00 1.255124e+00 1.254719e+00 1.253813e+00 1.252405e+00 1.250493e+00 1.248073e+00 1.245141e+00 1.241693e+00 1.237723e+00 1.233223e+00 1.228187e+00 1.222605e+00 1.216469e+00 1.209768e+00 1.202492e+00 1.194627e+00 1.186160e+00 1.177078e+00 1.167365e+00 1.157004e+00 1.145979e+00 1.135157e+00 1.125796e+00 1.116994e+00 1.108737e+00 1.101012e+00 1.093806e+00 1.087109e+00 1.080909e+00 1.075197e+00 1.069964e+00 1.065200e+00 1.060900e+00 1.057055e+00 1.053661e+00
1.383127e+00 1.388176e+00 1.393063e+00 1.397801e+00 1.402400e+00 1.406871e+00 1.411224e+00 1.415470e+00 1.419618e+00 1.423678e+00 1.427658e+00 1.431569e+00 1.435420e+00 1.439219e+00 1.444492e+00 1.452410e+00 1.461472e+00 1.471698e+00 1.483110e+00 1.495734e+00 1.509597e+00 1.524730e+00 1.541167e+00 1.558943e+00 1.578099e+00 1.598675e+00 1.620719e+00 1.644277e+00 1.669403e+00 1.696151e+00 1.724581e+00 1.754756e+00 1.786742e+00 1.820609e+00 1.856432e+00 1.894291e+00 1.934269e+00 1.976454e+00 2.020939e+00 2.067822e+00 2.117207e+00 2.169203e+00 2.223924e+00 2.281492e+00 2.342033e+00 2.405680e+00 2.472575e+00 2.542865e+00 2.616705e+00 2.694258e+00 2.775694e+00 2.861195e+00 2.950947e+00 3.045150e+00 3.115897e+00 3.157078e+00 3.196815e+00 3.235117e+00 3.271991e+00 3.307446e+00 3.341488e+00 3.374124e+00 3.405361e+00 3.435205e+00 3.463663e+00 3.490739e+00 3.516440e+00 3.540771e+00
1.467754e+00 1.499081e+00 1.531296e+00 1.564438e+00 1.598543e+00 1.633653e+00 1.669807e+00 1.707047e+00 1.745415e+00 1.784957e+00 1.825717e+00 1.867744e+00 1.911084e+00 1.955788e+00 2.008971e+00 2.067143e+00 2.123259e+00 2.177335e+00 2.229388e+00 2.279432e+00 2.327484e+00 2.373557e+00 2.417664e+00 2.459819e+00 2.500035e+00 2.538323e+00 2.574695e+00 2.609162e+00 2.641733e+00 2.672418e+00 2.701227e+00 2.728168e+00 2.753249e+00 2.776478e+00 2.797861e+00 2.817405e+00 2.835116e+00 2.850998e+00 2.865057e+00 2.877296e+00 2.887720e+00 2.896331e+00 2.903133e+00 2.908126e+00 2.911313e+00 2.912694e+00 2.912270e+00 2.910041e+00 2.906006e+00 2.900163e+00 2.892512e+00 2.883050e+00 2.871774e+00 2.858680e+00 2.844239e+00 2.829996e+00 2.815471e+00 2.800657e+00 2.785544e+00 2.770125e+00 2.754391e+00 2.738334e+00 2.721946e+00 2.705217e+00 2.688139e+00 2.670702e+00 2.652896e+00 2.634713e+00
1.616897e+00 1.604701e+00 1.591885e+00 1.578429e+00 1.564317e+00 1.549527e+00 1.534039e+00 1.517833e+00 1.500884e+00 1.483171e+00 1.464668e+00 1.445350e+00 1.425190e+00 1.404160e+00 1.386008e+00 1.372464e+00 1.359734e+00 1.347802e+00 1.336654e+00 1.326275e+00 1.316654e+00 1.307777e+00 1.299633e+00 1.292213e+00 1.285507e+00 1.279508e+00 1.274206e+00 1.269596e+00 1.265673e+00 1.262430e+00 1.259865e+00 1.257974e+00 1.256754e+00 1.256204e+00 1.256323e+00 1.257112e+00 1.258572e+00 1.260703e+00 1.263510e+00 1.266995e+00 1.271163e+00 1.276019e+00 1.281569e+00 1.287820e+00 1.294780e+00 1.302457e+00 1.310861e+00 1.320003e+00 1.329893e+00 1.340545e+00 1.351971e+00 1.364186e+00 1.377205e+00 1.391044e+00 1.414430e+00 1.444843e+00 1.473633e+00 1.500856e+00 1.526566e+00 1.550814e+00 1.573645e+00 1.595106e+00 1.615239e+00 1.634082e+00 1.651673e+00 1.668046e+00 1.683233e+00 1.697264e+00
3.749053e+00 3.689919e+00 3.622591e+00 3.546859e+00 3.462490e+00 3.369224e+00 3.266774e+00 3.154822e+00 3.033023e+00 2.901002e+00 2.758351e+00 2.604629e+00 2.439364e+00 2.262043e+00 2.150395e+00 2.117914e+00 2.086267e+00 2.055402e+00 2.025263e+00 1.995798e+00 1.966957e+00 1.938688e+00 1.910943e+00 1.883674e+00 1.856833e+00 1.830373e+00 1.804249e+00 1.778414e+00 1.752825e+00 1.727436e+00 1.702204e+00 1.677084e+00 1.652032e+00 1.627007e+00 1.601962e+00 1.576856e+00 1.551645e+00 1.526284e+00 1.500729e+00 1.474937e+00 1.448862e+00 1.422459e+00 1.395682e+00 1.368484e+00 1.340818e+00 1.312636e+00 1.283889e+00 1.254528e+00 1.224500e+00 1.193753e+00 1.162235e+00 1.129891e+00 1.096663e+00 1.062495e+00 1.033915e+00 1.012633e+00 9.920382e-01 9.721096e-01 9.528268e-01 9.341702e-01 9.161207e-01 8.986598e-01 8.817699e-01 8.654335e-01 8.496340e-01 8.343553e-01 8.195817e-01 8.052981e-01
2.155132e+00 2.136364e+00 2.115770e+00 2.093340e+00 2.069068e+00 2.042944e+00 2.014960e+00 1.985106e+00 1.953371e+00 1.919744e+00 1.884213e+00 1.846766e+00 1.807389e+00 1.766069e+00 1.721181e+00 1.676694e+00 1.634149e+00 1.593485e+00 1.554640e+00 1.517556e+00 1.482179e+00 1.448455e+00 1.416336e+00 1.385772e+00 1.356719e+00 1.329134e+00 1.302975e+00 1.278203e+00 1.254782e+00 1.232676e+00 1.211854e+00 1.192283e+00 1.173936e+00 1.156784e+00 1.140802e+00 1.125967e+00 1.112256e+00 1.099648e+00 1.088126e+00 1.077672e+00 1.068271e+00 1.059908e+00 1.052571e+00 1.046249e+00 1.040933e+00 1.036615e+00 1.033288e+00 1.030948e+00 1.029591e+00 1.029215e+00 1.029820e+00 1.031405e+00 1.033975e+00 1.037532e+00 1.042403e+00 1.047074e+00 1.051229e+00 1.054873e+00 1.058012e+00 1.060650e+00 1.062790e+00 1.064435e+00 1.065588e+00 1.066248e+00 1.066419e+00 1.066099e+00 1.065289e+00 1.063986e+00
1.458281e+00 1.469669e+00 1.481054e+00 1.492456e+00 1.503895e+00 1.515393e+00 1.526969e+00 1.538643e+00 1.550437e+00 1.562371e+00 1.574466e+00 1.586745e+00 1.599228e+00 1.611938e+00 1.622288e+00 1.630039e+00 1.637814e+00 1.645622e+00 1.653475e+00 1.661383e+00 1.669358e+00 1.677411e+00 1.685553e+00 1.693795e+00 1.702149e+00 1.710627e+00 1.719241e+00 1.728002e+00 1.736923e+00 1.746016e+00 1.755294e+00 1.764770e+00 1.774458e+00 1.784370e+00 1.794521e+00 1.804925e+00 1.815596e+00 1.826549e+00 1.837800e+00 1.849365e+00 1.861259e+00 1.873499e+00 1.886103e+00 1.899088e+00 1.912471e+00 1.926273e+00 1.940511e+00 1.955207e+00 1.970380e+00 1.986052e+00 2.002245e+00 2.018981e+00 2.036284e+00 2.054178e+00 2.123241e+00 2.234325e+00 2.337368e+00 2.432823e+00 2.521109e+00 2.602617e+00 2.677703e+00 2.746700e+00 2.809911e+00 2.867613e+00 2.920062e+00 2.967488e+00 3.010099e+00 3.048084e+00
1.083790e+00 1.095652e+00 1.108345e+00 1.121884e+00 1.136281e+00 1.151552e+00 1.167712e+00 1.184776e+00 1.202764e+00 1.221692e+00 1.241579e+00 1.262447e+00 1.284316e+00 1.307208e+00 1.333047e+00 1.360192e+00 1.386756e+00 1.412747e+00 1.438177e+00 1.463055e+00 1.487392e+00 1.511195e+00 1.534475e+00 1.557240e+00 1.579500e+00 1.601264e+00 1.622539e+00 1.643333e+00 1.663656e+00 1.683515e+00 1.702917e+00 1.721870e+00 1.740382e+00 1.758460e+00 1.776110e+00 1.793340e+00 1.810156e+00 1.826565e+00 1.842574e+00 1.858187e+00 1.873413e+00 1.888255e+00 1.902721e+00 1.916816e+00 1.930546e+00 1.943914e+00 1.956928e+00 1.969592e+00 1.981911e+00 1.993889e+00 2.005531e+00 2.016843e+00 2.027827e+00 2.038489e+00 2.050543e+00 2.063369e+00 2.075274e+00 2.086276e+00 2.096390e+00 2.105631e+00 2.114013e+00 2.121546e+00 2.128242e+00 2.134110e+00 2.139160e+00 2.143397e+00 2.146828e+00 2.149458e+00
8.740799e-01 8.847022e-01 8.959990e-01 9.079856e-01 9.206783e-01 9.340943e-01 9.482520e-01 9.631704e-01 9.788700e-01 9.953719e-01 1.012699e+00 1.030874e+00 1.049922e+00 1.069869e+00 1.088167e+00 1.103494e+00 1.118441e+00 1.133025e+00 1.147262e+00 1.161167e+00 1.174755e+00 1.188042e+00 1.201041e+00 1.213768e+00 1.226235e+00 1.238457e+00 1.250447e+00 1.262217e+00 1.273781e+00 1.285152e+00 1.296342e+00 1.307362e+00 1.318226e+00 1.328945e+00 1.339530e+00 1.349993e+00 1.360346e+00 1.370600e+00 1.380766e+00 1.390855e+00 1.400879e+00 1.410848e+00 1.420772e+00 1.430664e+00 1.440533e+00 1.450391e+00 1.460248e+00 1.470115e+00 1.480003e+00 1.489922e+00 1.499884e+00 1.509899e+00 1.519978e+00 1.530133e+00 1.541517e+00 1.553706e+00 1.565576e+00 1.577143e+00 1.588426e+00 1.599440e+00 1.610203e+00 1.620731e+00 1.631039e+00 1.641142e+00 1.651056e+00 1.660796e+00 1.670376e+00 1.679809e+00
1.022508e+00 1.017373e+00 1.012224e+00 1.007057e+00 1.001864e+00 9.966419e-01 9.913841e-01 9.860852e-01 9.807397e-01 9.753419e-01 9.698862e-01 9.643669e-01 9.587780e-01 9.531138e-01 9.454958e-01 9.361539e-01 9.269560e-01 9.178974e-01 9.089735e-01 9.001800e-01 8.915125e-01 8.829665e-01 8.745379e-01 8.662224e-01 8.580159e-01 8.499142e-01 8.419134e-01 8.340094e-01 8.261983e-01 8.184762e-01 8.108392e-01 8.032835e-01 7.958053e-01 7.884010e-01 7.810667e-01 7.737988e-01 7.665938e-01 7.594480e-01 7.523577e-01 7.453196e-01 7.383301e-01 7.313856e-01 7.244827e-01 7.176181e-01 7.107881e-01 7.039895e-01 6.972188e-01 6.904726e-01 6.837476e-01 6.770404e-01 6.703477e-01 6.636661e-01 6.569923e-01 6.503229e-01 6.444526e-01 6.394351e-01 6.344671e-01 6.295434e-01 6.246587e-01 6.198079e-01 6.149858e-01 6.101872e-01 6.054072e-01 6.006406e-01 5.958823e-01 5.911274e-01 5.863707e-01 5.816072e-01
9.732523e-01 9.731026e-01 9.726604e-01 9.719251e-01 9.708957e-01 9.695708e-01 9.679485e-01 9.660267e-01 9.638028e-01 9.612738e-01 9.584361e-01 9.552860e-01 9.518192e-01 9.480309e-01 9.439901e-01 9.402919e-01 9.368583e-01 9.336854e-01 9.307698e-01 9.281082e-01 9.256977e-01 9.235355e-01 9.216193e-01 9.199469e-01 9.185165e-01 9.173265e-01 9.163755e-01 9.156625e-01 9.151868e-01 9.149477e-01 9.149450e-01 9.151788e-01 9.156492e-01 9.163568e-01 9.173025e-01 9.184871e-01 9.199121e-01 9.215790e-01 9.234897e-01 9.256463e-01 9.280512e-01 9.307072e-01 9.336170e-01 9.367840e-01 9.402117e-01 9.439039e-01 9.478647e-01 9.520985e-01 9.566101e-01 9.614043e-01 9.664866e-01 9.718626e-01 9.775383e-01 9.835200e-01 9.908300e-01 9.987371e-01 1.006238e+00 1.013345e+00 1.020068e+00 1.026419e+00 1.032408e+00 1.038043e+00 1.043333e+00 1.048288e+00 1.052915e+00 1.057220e+00 1.061211e+00 1.064895e+00
3.382304e+00 3.365940e+00 3.349754e+00 3.333739e+00 3.317890e+00 3.302199e+00 3.286660e+00 3.271267e+00 3.256013e+00 3.240891e+00 3.225895e+00 3.211020e+00 3.196258e+00 3.181604e+00 3.164832e+00 3.145556e+00 3.125976e+00 3.106075e+00 3.085835e+00 3.065237e+00 3.044262e+00 3.022892e+00 3.001107e+00 2.978887e+00 2.956213e+00 2.933063e+00 2.909417e+00 2.885252e+00 2.860548e+00 2.835282e+00 2.809430e+00 2.782969e+00 2.755876e+00 2.728126e+00 2.699692e+00 2.670551e+00 2.640674e+00 2.610036e+00 2.578607e+00 2.546361e+00 2.513266e+00 2.479294e+00 2.444414e+00 2.408593e+00 2.371799e+00 2.334000e+00 2.295159e+00 2.255243e+00 2.214215e+00 2.172038e+00 2.128673e+00 2.084081e+00 2.038222e+00 1.991053e+00 1.946457e+00 1.907133e+00 1.869109e+00 1.832339e+00 1.796776e+00 1.762377e+00 1.729099e+00 1.696902e+00 1.665746e+00 1.635591e+00 1.606402e+00 1.578142e+00 1.550776e+00 1.524271e+00
2.431953e+00 2.468239e+00 2.505558e+00 2.543965e+00 2.583513e+00 2.624259e+00 2.666262e+00 2.709582e+00 2.754280e+00 2.800420e+00 2.848069e+00 2.897294e+00 2.948165e+00 3.000756e+00 3.046089e+00 3.080441e+00 3.112875e+00 3.143396e+00 3.172013e+00 3.198730e+00 3.223555e+00 3.246493e+00 3.267548e+00 3.286726e+00 3.304030e+00 3.319465e+00 3.333034e+00 3.344740e+00 3.354585e+00 3.362572e+00 3.368702e+00 3.372978e+00 3.375399e+00 3.375967e+00 3.374681e+00 3.371541e+00 3.366547e+00 3.359697e+00 3.350990e+00 3.340424e+00 3.327996e+00 3.313705e+00 3.297546e+00 3.279516e+00 3.259611e+00 3.237827e+00 3.214158e+00 3.188601e+00 3.161148e+00 3.131794e+00 3.100532e+00 3.067356e+00 3.032257e+00 2.995229e+00 2.953121e+00 2.909465e+00 2.867333e+00 2.826658e+00 2.787374e+00 2.749417e+00 2.712728e+00 2.677246e+00 2.642914e+00 2.609677e+00 2.577482e+00 2.546277e+00 2.516011e+00 2.486636e+00
3.538236e+00 3.531267e+00 3.522362e+00 3.511513e+00 3.498707e+00 3.483931e+00 3.467169e+00 3.448401e+00 3.427609e+00 3.404769e+00 3.379857e+00 3.352846e+00 3.323706e+00 3.292406e+00 3.270468e+00 3.260266e+00 3.250240e+00 3.240386e+00 3.230699e+00 3.221176e+00 3.211813e+00 3.202604e+00 3.193548e+00 3.184638e+00 3.175873e+00 3.167248e+00 3.158759e+00 3.150403e+00 3.142176e+00 3.134075e+00 3.126097e+00 3.118237e+00 3.110492e+00 3.102860e+00 3.095337e+00 3.087919e+00 3.080604e+00 3.073389e+00 3.066270e+00 3.059244e+00 3.052308e+00 3.045460e+00 3.038697e+00 3.032015e+00 3.025411e+00 3.018884e+00 3.012430e+00 3.006046e+00 2.999729e+00 2.993478e+00 2.987289e+00 2.981159e+00 2.975087e+00 2.969069e+00 2.963131e+00 2.957124e+00 2.951017e+00 2.944810e+00 2.938502e+00 2.932092e+00 2.925580e+00 2.918965e+00 2.912245e+00 2.905420e+00 2.898490e+00 2.891452e+00 2.884307e+00 2.877054e+00
1.799343e+00 1.810790e+00 1.822725e+00 1.835174e+00 1.848164e+00 1.861724e+00 1.875884e+00 1.890675e+00 1.906130e+00 1.922282e+00 1.939167e+00 1.956822e+00 1.975287e+00 1.994601e+00 2.026981e+00 2.068631e+00 2.107562e+00 2.143950e+00 2.177958e+00 2.209738e+00 2.239434e+00 2.267177e+00 2.293093e+00 2.317299e+00 2.339901e+00 2.361003e+00 2.380698e+00 2.399076e+00 2.416218e+00 2.432201e+00 2.447097e+00 2.460973e+00 2.473891e+00 2.485910e+00 2.497082e+00 2.507459e+00 2.517086e+00 2.526007e+00 2.534262e+00 2.541888e+00 2.548919e+00 2.555387e+00 2.561321e+00 2.566747e+00 2.571690e+00 2.576171e+00 2.580212e+00 2.583830e+00 2.587041e+00 2.589859e+00 2.592299e+00 2.594369e+00 2.596080e+00 2.597440e+00 2.598025e+00 2.598014e+00 2.597835e+00 2.597487e+00 2.596972e+00 2.596288e+00 2.595436e+00 2.594414e+00 2.593222e+00 2.591860e+00 2.590327e+00 2.588623e+00 2.586745e+00 2.584694e+00
2.125013e+00 2.164068e+00 2.204785e+00 2.247207e+00 2.291381e+00 2.337356e+00 2.385180e+00 2.434906e+00 2.486589e+00 2.540284e+00 2.596050e+00 2.653948e+00 2.714040e+00 2.776392e+00 2.911320e+00 3.107337e+00 3.294272e+00 3.472198e+00 3.641186e+00 3.801303e+00 3.952612e+00 4.095172e+00 4.229039e+00 4.354267e+00 4.470905e+00 4.578998e+00 4.678590e+00 4.769719e+00 4.852422e+00 4.926732e+00 4.992676e+00 5.050282e+00 5.099573e+00 5.140567e+00 5.173281e+00 5.197727e+00 5.213916e+00 5.221854e+00 5.221543e+00 5.212984e+00 5.196174e+00 5.171105e+00 5.137769e+00 5.096151e+00 5.046235e+00 4.988002e+00 4.921428e+00 4.846488e+00 4.763152e+00 4.671386e+00 4.571156e+00 4.462421e+00 4.345138e+00 4.219261e+00 4.132501e+00 4.093781e+00 4.055334e+00 4.017151e+00 3.979221e+00 3.941536e+00 3.904087e+00 3.866866e+00 3.829862e+00 3.793068e+00 3.756474e+00 3.720072e+00 3.683853e+00 3.647808e+00
1.327914e+00 1.330501e+00 1.332715e+00 1.334558e+00 1.336032e+00 1.337138e+00 1.337876e+00 1.338246e+00 1.338250e+00 1.337888e+00 1.337158e+00 1.336060e+00 1.334594e+00 1.332759e+00 1.329584e+00 1.325089e+00 1.320238e+00 1.315028e+00 1.309456e+00 1.303519e+00 1.297213e+00 1.290534e+00 1.283478e+00 1.276040e+00 1.268216e+00 1.260001e+00 1.251391e+00 1.242378e+00 1.232958e+00 1.223126e+00 1.212874e+00 1.202197e+00 1.191088e+00 1.179539e+00 1.167545e+00 1.155096e+00 1.142187e+00 1.128807e+00 1.114950e+00 1.100606e+00 1.085767e+00 1.070423e+00 1.054565e+00 1.038182e+00 1.021266e+00 1.003804e+00 9.857871e-01 9.672029e-01 9.480401e-01 9.282868e-01 9.079308e-01 8.869593e-01 8.653592e-01 8.431171e-01 8.185006e-01 7.934103e-01 7.695069e-01 7.467355e-01 7.250434e-01 7.043809e-01 6.847003e-01 6.659563e-01 6.481056e-01 6.311073e-01 6.149221e-01 5.995128e-01 5.848439e-01 5.708816e-01
2.431341e+00 2.412601e+00 2.391754e+00 2.368793e+00 2.343712e+00 2.316501e+00 2.287154e+00 2.255660e+00 2.222011e+00 2.186195e+00 2.148202e+00 2.108020e+00 2.065637e+00 2.021040e+00 1.974099e+00 1.929393e+00 1.886933e+00 1.846618e+00 1.808354e+00 1.772053e+00 1.737629e+00 1.705001e+00 1.674094e+00 1.644836e+00 1.617157e+00 1.590993e+00 1.566283e+00 1.542969e+00 1.520997e+00 1.500316e+00 1.480876e+00 1.462633e+00 1.445544e+00 1.429568e+00 1.414670e+00 1.400813e+00 1.387965e+00 1.376097e+00 1.365181e+00 1.355190e+00 1.346103e+00 1.337896e+00 1.330553e+00 1.324054e+00 1.318385e+00 1.313533e+00 1.309486e+00 1.306236e+00 1.303773e+00 1.302093e+00 1.301192e+00 1.301067e+00 1.301719e+00 1.303148e+00 1.306331e+00 1.310568e+00 1.314896e+00 1.319329e+00 1.323878e+00 1.328559e+00 1.333384e+00 1.338367e+00 1.343523e+00 1.348868e+00 1.354416e+00 1.360184e+00 1.366188e+00 1.372447e+00
1.946486e+00 1.946334e+00 1.944469e+00 1.940883e+00 1.935561e+00 1.928481e+00 1.919612e+00 1.908917e+00 1.896350e+00 1.881857e+00 1.865377e+00 1.846840e+00 1.826166e+00 1.803268e+00 1.776109e+00 1.750405e+00 1.728021e+00 1.708891e+00 1.692958e+00 1.680177e+00 1.670510e+00 1.663927e+00 1.660410e+00 1.659949e+00 1.662541e+00 1.668195e+00 1.676927e+00 1.688763e+00 1.703738e+00 1.721895e+00 1.743288e+00 1.767981e+00 1.796045e+00 1.827564e+00 1.862629e+00 1.901344e+00 1.943824e+00 1.990192e+00 2.040585e+00 2.095151e+00 2.154051e+00 2.217459e+00 2.285559e+00 2.358554e+00 2.436657e+00 2.520098e+00 2.609123e+00 2.703993e+00 2.804987e+00 2.912403e+00 3.026555e+00 3.147781e+00 3.276436e+00 3.412899e+00 3.503980e+00 3.538523e+00 3.570124e+00 3.598790e+00 3.624528e+00 3.647342e+00 3.667237e+00 3.684217e+00 3.698285e+00 3.709444e+00 3.717696e+00 3.723043e+00 3.725487e+00 3.725027e+00
2.710502e+00 2.738054e+00 2.766302e+00 2.795318e+00 2.825176e+00 2.855951e+00 2.887722e+00 2.920569e+00 2.954576e+00 2.989830e+00 3.026419e+00 3.064437e+00 3.103980e+00 3.145148e+00 3.174708e+00 3.190344e+00 3.205400e+00 3.219882e+00 3.233793e+00 3.247138e+00 3.259922e+00 3.272148e+00 3.283820e+00 3.294943e+00 3.305519e+00 3.315552e+00 3.325045e+00 3.334001e+00 3.342424e+00 3.350315e+00 3.357677e+00 3.364513e+00 3.370825e+00 3.376615e+00 3.381884e+00 3.386634e+00 3.390867e+00 3.394584e+00 3.397787e+00 3.400476e+00 3.402652e+00 3.404316e+00 3.405468e+00 3.406110e+00 3.406240e+00 3.405859e+00 3.404967e+00 3.403564e+00 3.401649e+00 3.399221e+00 3.396280e+00 3.392826e+00 3.388855e+00 3.384369e+00 3.369261e+00 3.345677e+00 3.323625e+00 3.303013e+00 3.283754e+00 3.265770e+00 3.248986e+00 3.233332e+00 3.218744e+00 3.205160e+00 3.192525e+00 3.180786e+00 3.169894e+00 3.159805e+00
1.546941e+00 1.551747e+00 1.556716e+00 1.561854e+00 1.567166e+00 1.572658e+00 1.578337e+00 1.584209e+00 1.590281e+00 1.596558e+00 1.603049e+00 1.609761e+00 1.616700e+00 1.623876e+00 1.634149e+00 1.646058e+00 1.656772e+00 1.666316e+00 1.674708e+00 1.681966e+00 1.688106e+00 1.693140e+00 1.697080e+00 1.699932e+00 1.701704e+00 1.702399e+00 1.702018e+00 1.700561e+00 1.698025e+00 1.694404e+00 1.689690e+00 1.683875e+00 1.676944e+00 1.668885e+00 1.659680e+00 1.649310e+00 1.637752e+00 1.624983e+00 1.610976e+00 1.595702e+00 1.579128e+00 1.561219e+00 1.541939e+00 1.521245e+00 1.499096e+00 1.475444e+00 1.450240e+00 1.423431e+00 1.394961e+00 1.364769e+00 1.332792e+00 1.298964e+00 1.263213e+00 1.225464e+00 1.170478e+00 1.105119e+00 1.044271e+00 9.876786e-01 9.351048e-01 8.863287e-01 8.411456e-01 7.993659e-01 7.608143e-01 7.253289e-01 6.927608e-01 6.629734e-01 6.358416e-01 6.112515e-01
1.514025e+00 1.529038e+00 1.544657e+00 1.560907e+00 1.577815e+00 1.595410e+00 1.613721e+00 1.632777e+00 1.652611e+00 1.673255e+00 1.694744e+00 1.717113e+00 1.740399e+00 1.764641e+00 1.788378e+00 1.809459e+00 1.829393e+00 1.848186e+00 1.865846e+00 1.882378e+00 1.897788e+00 1.912080e+00 1.925261e+00 1.937334e+00 1.948303e+00 1.958173e+00 1.966946e+00 1.974625e+00 1.981214e+00 1.986714e+00 1.991128e+00 1.994456e+00 1.996700e+00 1.997860e+00 1.997938e+00 1.996933e+00 1.994844e+00 1.991672e+00 1.987414e+00 1.982070e+00 1.975637e+00 1.968114e+00 1.959498e+00 1.949786e+00 1.938975e+00 1.927061e+00 1.914039e+00 1.899906e+00 1.884657e+00 1.868287e+00 1.850789e+00 1.832158e+00 1.812388e+00 1.791472e+00 1.759394e+00 1.719795e+00 1.682541e+00 1.647497e+00 1.614533e+00 1.583529e+00 1.554373e+00 1.526958e+00 1.501182e+00 1.476953e+00 1.454182e+00 1.432784e+00 1.412684e+00 1.393806e+00
1.025536e+00 1.026968e+00 1.028397e+00 1.029823e+00 1.031250e+00 1.032677e+00 1.034106e+00 1.035540e+00 1.036979e+00 1.038425e+00 1.039880e+00 1.041344e+00 1.042820e+00 1.044310e+00 1.045805e+00 1.047704e+00 1.050019e+00 1.052755e+00 1.055918e+00 1.059515e+00 1.063554e+00 1.068045e+00 1.072998e+00 1.078424e+00 1.084335e+00 1.090745e+00 1.097669e+00 1.105121e+00 1.113119e+00 1.121680e+00 1.130826e+00 1.140575e+00 1.150950e+00 1.161975e+00 1.173675e+00 1.186076e+00 1.199206e+00 1.213096e+00 1.227775e+00 1.243279e+00 1.259641e+00 1.276900e+00 1.295094e+00 1.314264e+00 1.334453e+00 1.355709e+00 1.378078e+00 1.401611e+00 1.426363e+00 1.452388e+00 1.479746e+00 1.508499e+00 1.538712e+00 1.570453e+00 1.608373e+00 1.648197e+00 1.685402e+00 1.720038e+00 1.752152e+00 1.781787e+00 1.808984e+00 1.833780e+00 1.856208e+00 1.876300e+00 1.894081e+00 1.909577e+00 1.922809e+00 1.933794e+00
1.028994e+00 1.018219e+00 1.006600e+00 9.941112e-01 9.807235e-01 9.664067e-01 9.511280e-01 9.348527e-01 9.175437e-01 8.991615e-01 8.796643e-01 8.590077e-01 8.371445e-01 8.140250e-01 7.915307e-01 7.721439e-01 7.538922e-01 7.367396e-01 7.206525e-01 7.055991e-01 6.915497e-01 6.784768e-01 6.663545e-01 6.551590e-01 6.448683e-01 6.354620e-01 6.269216e-01 6.192305e-01 6.123733e-01 6.063365e-01 6.011084e-01 5.966786e-01 5.930383e-01 5.901805e-01 5.880994e-01 5.867911e-01 5.862528e-01 5.864836e-01 5.874838e-01 5.892556e-01 5.918023e-01 5.951290e-01 5.992422e-01 6.041500e-01 6.098621e-01 6.163898e-01 6.237458e-01 6.319448e-01 6.410027e-01 6.509376e-01 6.617688e-01 6.735178e-01 6.862077e-01 6.998635e-01 7.120516e-01 7.217287e-01 7.313564e-01 7.409359e-01 7.504686e-01 7.599557e-01 7.693985e-01 7.787982e-01 7.881561e-01 7.974733e-01 8.067511e-01 8.159907e-01 8.251934e-01 8.343604e-01
8.978581e-01 9.090645e-01 9.218023e-01 9.361038e-01 9.520053e-01 9.695468e-01 9.887730e-01 1.009732e+00 1.032478e+00 1.057067e+00 1.083563e+00 1.112031e+00 1.142545e+00 1.175181e+00 1.199492e+00 1.212669e+00 1.225246e+00 1.237224e+00 1.248606e+00 1.259392e+00 1.269585e+00 1.279186e+00 1.288197e+00 1.296619e+00 1.304453e+00 1.311701e+00 1.318363e+00 1.324441e+00 1.329936e+00 1.334849e+00 1.339180e+00 1.342929e+00 1.346098e+00 1.348688e+00 1.350697e+00 1.352128e+00 1.352979e+00 1.353251e+00 1.352945e+00 1.352060e+00 1.350595e+00 1.348552e+00 1.345928e+00 1.342725e+00 1.338941e+00 1.334576e+00 1.329630e+00 1.324101e+00 1.317988e+00 1.311291e+00 1.304009e+00 1.296140e+00 1.287684e+00 1.278639e+00 1.261052e+00 1.237040e+00 1.214465e+00 1.193241e+00 1.173290e+00 1.154537e+00 1.136913e+00 1.120352e+00 1.104792e+00 1.090175e+00 1.076446e+00 1.063555e+00 1.051454e+00 1.040096e+00
2.346039e+00 2.348410e+00 2.349802e+00 2.350217e+00 2.349654e+00 2.348114e+00 2.345595e+00 2.342092e+00 2.337602e+00 2.332117e+00 2.325632e+00 2.318136e+00 2.309620e+00 2.300072e+00 2.291595e+00 2.284982e+00 2.278114e+00 2.270982e+00 2.263582e+00 2.255905e+00 2.247945e+00 2.239694e+00 2.231145e+00 2.222290e+00 2.213120e+00 2.203628e+00 2.193803e+00 2.183638e+00 2.173122e+00 2.162246e+00 2.151000e+00 2.139374e+00 2.127356e+00 2.114935e+00 2.102100e+00 2.088839e+00 2.075140e+00 2.060989e+00 2.046375e+00 2.031282e+00 2.015698e+00 1.999608e+00 1.982996e+00 1.965848e+00 1.948147e+00 1.929877e+00 1.911021e+00 1.891562e+00 1.871481e+00 1.850760e+00 1.829379e+00 1.807320e+00 1.784560e+00 1.761080e+00 1.722431e+00 1.671969e+00 1.624000e+00 1.578414e+00 1.535102e+00 1.493965e+00 1.454905e+00 1.417832e+00 1.382659e+00 1.349303e+00 1.317688e+00 1.287738e+00 1.259385e+00 1.232561e+00
2.866101e+00 2.862106e+00 2.857900e+00 2.853481e+00 2.848846e+00 2.843993e+00 2.838917e+00 2.833617e+00 2.828088e+00 2.822327e+00 2.816331e+00 2.810096e+00 2.803618e+00 2.796893e+00 2.787896e+00 2.775861e+00 2.762806e+00 2.748726e+00 2.733620e+00 2.717484e+00 2.700314e+00 2.682106e+00 2.662857e+00 2.642561e+00 2.621215e+00 2.598814e+00 2.575353e+00 2.550826e+00 2.525228e+00 2.498553e+00 2.470796e+00 2.441950e+00 2.412008e+00 2.380965e+00 2.348813e+00 2.315545e+00 2.281153e+00 2.245630e+00 2.208968e+00 2.171159e+00 2.132194e+00 2.092065e+00 2.050762e+00 2.008277e+00 1.964600e+00 1.919721e+00 1.873630e+00 1.826317e+00 1.777772e+00 1.727983e+00 1.676940e+00 1.624630e+00 1.571043e+00 1.516167e+00 1.470341e+00 1.436447e+00 1.404068e+00 1.373144e+00 1.343618e+00 1.315437e+00 1.288548e+00 1.262900e+00 1.238448e+00 1.215146e+00 1.192951e+00 1.171821e+00 1.151719e+00 1.132606e+00
9.376335e-01 9.322867e-01 9.269608e-01 9.216513e-01 9.163534e-01 9.110625e-01 9.057742e-01 9.004837e-01 8.951864e-01 8.898779e-01 8.845534e-01 8.792083e-01 8.738379e-01 8.684377e-01 8.642132e-01 8.614894e-01 8.590515e-01 8.568951e-01 8.550168e-01 8.534134e-01 8.520820e-01 8.510206e-01 8.502273e-01 8.497007e-01 8.494400e-01 8.494447e-01 8.497149e-01 8.502509e-01 8.510538e-01 8.521248e-01 8.534657e-01 8.550789e-01 8.569670e-01 8.591333e-01 8.615814e-01 8.643154e-01 8.673400e-01 8.706603e-01 8.742818e-01 8.782107e-01 8.824537e-01 8.870178e-01 8.919109e-01 8.971411e-01 9.027174e-01 9.086491e-01 9.149462e-01 9.216195e-01 9.286801e-01 9.361400e-01 9.440118e-01 9.523088e-01 9.610450e-01 9.702352e-01 1.001946e+00 1.050597e+00 1.094563e+00 1.134232e+00 1.169952e+00 1.202037e+00 1.230770e+00 1.256402e+00 1.279159e+00 1.299242e+00 1.316826e+00 1.332067e+00 1.345098e+00 1.356034e+00
9.543912e-01 9.600570e-01 9.681066e-01 9.785753e-01 9.915092e-01 1.006965e+00 1.025011e+00 1.045726e+00 1.069201e+00 1.095540e+00 1.124857e+00 1.157283e+00 1.192960e+00 1.232044e+00 1.270505e+00 1.303913e+00 1.336487e+00 1.368242e+00 1.399190e+00 1.429346e+00 1.458723e+00 1.487334e+00 1.515193e+00 1.542310e+00 1.568699e+00 1.594371e+00 1.619338e+00 1.643610e+00 1.667198e+00 1.690113e+00 1.712365e+00 1.733963e+00 1.754918e+00 1.775239e+00 1.794934e+00 1.814013e+00 1.832484e+00 1.850355e+00 1.867634e+00 1.884328e+00 1.900446e+00 1.915994e+00 1.930979e+00 1.945408e+00 1.959288e+00 1.972623e+00 1.985421e+00 1.997687e+00 2.009426e+00 2.020644e+00 2.031346e+00 2.041536e+00 2.051219e+00 2.060399e+00 2.067182e+00 2.071856e+00 2.076322e+00 2.080582e+00 2.084637e+00 2.088488e+00 2.092139e+00 2.095590e+00 2.098843e+00 2.101898e+00 2.104758e+00 2.107424e+00 2.109897e+00 2.112177e+00
1.251454e+00 1.283643e+00 1.316947e+00 1.351404e+00 1.387054e+00 1.423941e+00 1.462105e+00 1.501592e+00 1.542448e+00 1.584720e+00 1.628458e+00 1.673712e+00 1.720536e+00 1.768984e+00 1.860648e+00 1.986397e+00 2.104832e+00 2.216078e+00 2.320257e+00 2.417480e+00 2.507852e+00 2.591471e+00 2.668426e+00 2.738801e+00 2.802671e+00 2.860105e+00 2.911165e+00 2.955906e+00 2.994376e+00 3.026617e+00 3.052663e+00 3.072542e+00 3.086276e+00 3.093880e+00 3.095361e+00 3.090722e+00 3.079957e+00 3.063055e+00 3.039997e+00 3.010760e+00 2.975310e+00 2.933611e+00 2.885616e+00 2.831275e+00 2.770529e+00 2.703312e+00 2.629553e+00 2.549171e+00 2.462080e+00 2.368186e+00 2.267388e+00 2.159577e+00 2.044638e+00 1.922447e+00 1.827178e+00 1.769107e+00 1.713770e+00 1.661021e+00 1.610722e+00 1.562740e+00 1.516947e+00 1.473222e+00 1.431451e+00 1.391522e+00 1.353330e+00 1.316774e+00 1.281757e+00 1.248187e+00
9.799589e-01 9.831502e-01 9.866299e-01 9.904083e-01 9.944967e-01 9.989074e-01 1.003654e+00 1.008749e+00 1.014210e+00 1.020052e+00 1.026293e+00 1.032951e+00 1.040047e+00 1.047601e+00 1.052867e+00 1.054982e+00 1.056715e+00 1.058070e+00 1.059047e+00 1.059648e+00 1.059873e+00 1.059724e+00 1.059199e+00 1.058298e+00 1.057021e+00 1.055364e+00 1.053328e+00 1.050908e+00 1.048101e+00 1.044906e+00 1.041316e+00 1.037329e+00 1.032939e+00 1.028141e+00 1.022929e+00 1.017296e+00 1.011236e+00 1.004741e+00 9.978033e-01 9.904139e-01 9.825641e-01 9.742441e-01 9.654438e-01 9.561522e-01 9.463580e-01 9.360492e-01 9.252130e-01 9.138362e-01 9.019047e-01 8.894039e-01 8.763184e-01 8.626321e-01 8.483282e-01 8.333891e-01 8.146182e-01 7.936914e-01 7.737562e-01 7.547832e-01 7.367443e-01 7.196129e-01 7.033639e-01 6.879731e-01 6.734179e-01 6.596769e-01 6.467297e-01 6.345574e-01 6.231418e-01 6.124662e-01
1.414644e+00 1.421235e+00 1.428644e+00 1.436896e+00 1.446018e+00 1.456044e+00 1.467006e+00 1.478943e+00 1.491895e+00 1.505907e+00 1.521027e+00 1.537306e+00 1.554801e+00 1.573572e+00 1.586960e+00 1.593253e+00 1.599179e+00 1.604745e+00 1.609959e+00 1.614828e+00 1.619357e+00 1.623553e+00 1.627420e+00 1.630963e+00 1.634188e+00 1.637097e+00 1.639695e+00 1.641985e+00 1.643970e+00 1.645653e+00 1.647035e+00 1.648118e+00 1.648904e+00 1.649394e+00 1.649588e+00 1.649486e+00 1.649089e+00 1.648396e+00 1.647406e+00 1.646117e+00 1.644529e+00 1.642638e+00 1.640444e+00 1.637942e+00 1.635130e+00 1.632005e+00 1.628562e+00 1.624796e+00 1.620704e+00 1.616280e+00 1.611518e+00 1.606412e+00 1.600957e+00 1.595144e+00 1.588231e+00 1.580420e+00 1.572446e+00 1.564308e+00 1.556005e+00 1.547534e+00 1.538896e+00 1.530087e+00 1.521107e+00 1.511955e+00 1.502628e+00 1.493126e+00 1.483447e+00 1.473588e+00
1.617875e+00 1.638342e+00 1.659759e+00 1.682140e+00 1.705500e+00 1.729852e+00 1.755213e+00 1.781599e+00 1.809026e+00 1.837512e+00 1.867075e+00 1.897734e+00 1.929509e+00 1.962419e+00 1.993402e+00 2.020374e+00 2.046429e+00 2.071577e+00 2.095826e+00 2.119185e+00 2.141664e+00 2.163270e+00 2.184010e+00 2.203893e+00 2.222926e+00 2.241114e+00 2.258466e+00 2.274988e+00 2.290684e+00 2.305562e+00 2.319626e+00 2.332881e+00 2.345333e+00 2.356986e+00 2.367843e+00 2.377910e+00 2.387189e+00 2.395684e+00 2.403398e+00 2.410334e+00 2.416494e+00 2.421881e+00 2.426496e+00 2.430341e+00 2.433418e+00 2.435728e+00 2.437271e+00 2.438049e+00 2.438060e+00 2.437306e+00 2.435786e+00 2.433500e+00 2.430446e+00 2.426624e+00 2.420352e+00 2.412050e+00 2.403388e+00 2.394351e+00 2.384925e+00 2.375095e+00 2.364844e+00 2.354158e+00 2.343019e+00 2.331409e+00 2.319310e+00 2.306703e+00 2.293567e+00 2.279881e+00
1.269932e+00 1.281424e+00 1.293816e+00 1.307128e+00 1.321382e+00 1.336601e+00 1.352809e+00 1.370033e+00 1.388301e+00 1.407642e+00 1.428087e+00 1.449671e+00 1.472427e+00 1.496393e+00 1.519300e+00 1.538822e+00 1.557280e+00 1.574683e+00 1.591042e+00 1.606369e+00 1.620671e+00 1.633958e+00 1.646239e+00 1.657520e+00 1.667809e+00 1.677112e+00 1.685434e+00 1.692781e+00 1.699158e+00 1.704568e+00 1.709014e+00 1.712500e+00 1.715027e+00 1.716597e+00 1.717211e+00 1.716870e+00 1.715572e+00 1.713318e+00 1.710106e+00 1.705934e+00 1.700799e+00 1.694699e+00 1.687629e+00 1.679585e+00 1.670563e+00 1.660556e+00 1.649558e+00 1.637564e+00 1.624564e+00 1.610552e+00 1.595519e+00 1.579455e+00 1.562350e+00 1.544195e+00 1.524483e+00 1.504661e+00 1.485213e+00 1.466126e+00 1.447390e+00 1.428991e+00 1.410920e+00 1.393165e+00 1.375715e+00 1.358558e+00 1.341685e+00 1.325085e+00 1.308748e+00 1.292664e+00
1.640116e+00 1.666269e+00 1.693025e+00 1.720413e+00 1.748460e+00 1.777195e+00 1.806646e+00 1.836845e+00 1.867820e+00 1.899604e+00 1.932229e+00 1.965728e+00 2.000136e+00 2.035486e+00 2.073581e+00 2.111857e+00 2.148581e+00 2.183786e+00 2.217501e+00 2.249757e+00 2.280580e+00 2.309997e+00 2.338035e+00 2.364716e+00 2.390065e+00 2.414104e+00 2.436852e+00 2.458331e+00 2.478557e+00 2.497550e+00 2.515325e+00 2.531898e+00 2.547283e+00 2.561493e+00 2.574541e+00 2.586438e+00 2.597195e+00 2.606820e+00 2.615322e+00 2.622708e+00 2.628986e+00 2.634159e+00 2.638233e+00 2.641212e+00 2.643097e+00 2.643890e+00 2.643593e+00 2.642204e+00 2.639723e+00 2.636148e+00 2.631475e+00 2.625700e+00 2.618819e+00 2.610825e+00 2.602720e+00 2.595582e+00 2.588400e+00 2.581171e+00 2.573891e+00 2.566556e+00 2.559162e+00 2.551705e+00 2.544181e+00 2.536587e+00 2.528917e+00 2.521169e+00 2.513338e+00 2.505420e+00
2.288693e+00 2.327015e+00 2.368002e+00 2.411843e+00 2.458742e+00 2.508914e+00 2.562592e+00 2.620024e+00 2.681474e+00 2.747228e+00 2.817587e+00 2.892879e+00 2.973449e+00 3.059672e+00 3.122069e+00 3.153641e+00 3.184274e+00 3.213979e+00 3.242768e+00 3.270650e+00 3.297637e+00 3.323737e+00 3.348962e+00 3.373320e+00 3.396819e+00 3.419470e+00 3.441279e+00 3.462256e+00 3.482408e+00 3.501742e+00 3.520265e+00 3.537985e+00 3.554908e+00 3.571040e+00 3.586386e+00 3.600954e+00 3.614748e+00 3.627772e+00 3.640033e+00 3.651534e+00 3.662280e+00 3.672275e+00 3.681522e+00 3.690025e+00 3.697787e+00 3.704810e+00 3.711099e+00 3.716653e+00 3.721477e+00 3.725571e+00 3.728937e+00 3.731577e+00 3.733491e+00 3.734679e+00 3.735121e+00 3.734652e+00 3.733296e+00 3.731053e+00 3.727921e+00 3.723901e+00 3.718993e+00 3.713195e+00 3.706508e+00 3.698930e+00 3.690460e+00 3.681098e+00 3.670843e+00 3.659694e+00
3.102360e+00 3.113399e+00 3.122518e+00 3.129719e+00 3.135005e+00 3.138375e+00 3.139831e+00 3.139374e+00 3.137002e+00 3.132717e+00 3.126515e+00 3.118397e+00 3.108361e+00 3.096403e+00 3.064420e+00 3.017555e+00 2.973778e+00 2.932965e+00 2.894999e+00 2.859772e+00 2.827184e+00 2.797142e+00 2.769561e+00 2.744362e+00 2.721473e+00 2.700829e+00 2.682372e+00 2.666048e+00 2.651812e+00 2.639622e+00 2.629445e+00 2.621251e+00 2.615016e+00 2.610724e+00 2.608361e+00 2.607921e+00 2.609404e+00 2.612812e+00 2.618156e+00 2.625451e+00 2.634718e+00 2.645983e+00 2.659278e+00 2.674642e+00 2.692117e+00 2.711753e+00 2.733607e+00 2.757741e+00 2.784223e+00 2.813129e+00 2.844541e+00 2.878549e+00 2.915249e+00 2.954745e+00 2.992992e+00 3.024839e+00 3.054500e+00 3.082028e+00 3.107471e+00 3.130873e+00 3.152275e+00 3.171714e+00 3.189225e+00 3.204837e+00 3.218579e+00 3.230475e+00 3.240544e+00 3.248805e+00
4.438152e+00 4.466397e+00 4.493847e+00 4.520509e+00 4.546390e+00 4.571495e+00 4.595831e+00 4.619404e+00 4.642219e+00 4.664282e+00 4.685598e+00 4.706172e+00 4.726010e+00 4.745115e+00 4.782429e+00 4.834282e+00 4.881803e+00 4.925050e+00 4.964078e+00 4.998935e+00 5.029664e+00 5.056304e+00 5.078887e+00 5.097442e+00 5.111991e+00 5.122554e+00 5.129143e+00 5.131765e+00 5.130426e+00 5.125122e+00 5.115847e+00 5.102590e+00 5.085333e+00 5.064057e+00 5.038734e+00 5.009333e+00 4.975817e+00 4.938144e+00 4.896269e+00 4.850138e+00 4.799694e+00 4.744875e+00 4.685612e+00 4.621832e+00 4.553456e+00 4.480398e+00 4.402568e+00 4.319869e+00 4.232198e+00 4.139446e+00 4.041497e+00 3.938231e+00 3.829519e+00 3.715225e+00 3.609212e+00 3.521376e+00 3.437475e+00 3.357285e+00 3.280590e+00 3.207186e+00 3.136874e+00 3.069467e+00 3.004783e+00 2.942649e+00 2.882899e+00 2.825372e+00 2.769914e+00 2.716376e+00
1.022018e+00 1.038442e+00 1.055338e+00 1.072722e+00 1.090612e+00 1.109026e+00 1.127982e+00 1.147499e+00 1.167595e+00 1.188292e+00 1.209609e+00 1.231568e+00 1.254191e+00 1.277500e+00 1.298805e+00 1.316666e+00 1.333819e+00 1.350287e+00 1.366094e+00 1.381262e+00 1.395810e+00 1.409760e+00 1.423131e+00 1.435940e+00 1.448206e+00 1.459946e+00 1.471176e+00 1.481911e+00 1.492166e+00 1.501955e+00 1.511292e+00 1.520190e+00 1.528661e+00 1.536717e+00 1.544368e+00 1.551625e+00 1.558499e+00 1.564999e+00 1.571134e+00 1.576911e+00 1.582340e+00 1.587428e+00 1.592181e+00 1.596607e+00 1.600711e+00 1.604500e+00 1.607977e+00 1.611149e+00 1.614019e+00 1.616591e+00 1.618870e+00 1.620858e+00 1.622557e+00 1.623971e+00 1.625089e+00 1.626142e+00 1.627146e+00 1.628104e+00 1.629018e+00 1.629892e+00 1.630727e+00 1.631527e+00 1.632294e+00 1.633029e+00 1.633736e+00 1.634415e+00 1.635070e+00 1.635702e+00
1.721295e+00 1.723154e+00 1.725016e+00 1.726883e+00 1.728757e+00 1.730640e+00 1.732536e+00 1.734446e+00 1.736374e+00 1.738321e+00 1.740290e+00 1.742284e+00 1.744305e+00 1.746356e+00 1.748437e+00 1.750380e+00 1.752192e+00 1.753876e+00 1.755435e+00 1.756870e+00 1.758185e+00 1.759382e+00 1.760462e+00 1.761428e+00 1.762280e+00 1.763021e+00 1.763651e+00 1.764172e+00 1.764585e+00 1.764889e+00 1.765086e+00 1.765176e+00 1.765159e+00 1.765035e+00 1.764804e+00 1.764465e+00 1.764019e+00 1.763463e+00 1.762798e+00 1.762022e+00 1.761133e+00 1.760132e+00 1.759015e+00 1.757781e+00 1.756428e+00 1.754953e+00 1.753355e+00 1.751631e+00 1.749777e+00 1.747792e+00 1.745671e+00 1.743411e+00 1.741008e+00 1.738459e+00 1.735951e+00 1.733254e+00 1.730172e+00 1.726700e+00 1.722831e+00 1.718561e+00 1.713880e+00 1.708781e+00 1.703256e+00 1.697295e+00 1.690888e+00 1.684024e+00 1.676691e+00 1.668877e+00
2.060507e+00 2.045935e+00 2.027974e+00 2.006575e+00 1.981683e+00 1.953229e+00 1.921139e+00 1.885328e+00 1.845699e+00 1.802147e+00 1.754556e+00 1.702800e+00 1.646740e+00 1.586228e+00 1.541298e+00 1.518676e+00 1.498129e+00 1.479624e+00 1.463130e+00 1.448622e+00 1.436076e+00 1.425471e+00 1.416792e+00 1.410023e+00 1.405154e+00 1.402177e+00 1.401087e+00 1.401883e+00 1.404566e+00 1.409140e+00 1.415612e+00 1.423993e+00 1.434297e+00 1.446539e+00 1.460740e+00 1.476923e+00 1.495113e+00 1.515340e+00 1.537637e+00 1.562039e+00 1.588585e+00 1.617318e+00 1.648285e+00 1.681535e+00 1.717123e+00 1.755104e+00 1.795540e+00 1.838497e+00 1.884043e+00 1.932251e+00 1.983200e+00 2.036972e+00 2.093652e+00 2.153332e+00 2.207804e+00 2.252302e+00 2.295147e+00 2.336356e+00 2.375944e+00 2.413927e+00 2.450320e+00 2.485136e+00 2.518391e+00 2.550096e+00 2.580265e+00 2.608908e+00 2.636037e+00 2.661663e+00
7.452883e-01 7.592993e-01 7.740483e-01 7.895561e-01 8.058442e-01 8.229355e-01 8.408538e-01 8.596244e-01 8.792733e-01 8.998282e-01 9.213177e-01 9.437720e-01 9.672224e-01 9.917017e-01 1.027283e+00 1.071702e+00 1.114932e+00 1.156985e+00 1.197874e+00 1.237608e+00 1.276201e+00 1.313661e+00 1.350000e+00 1.385229e+00 1.419355e+00 1.452390e+00 1.484343e+00 1.515222e+00 1.545036e+00 1.573793e+00 1.601501e+00 1.628169e+00 1.653803e+00 1.678411e+00 1.701999e+00 1.724574e+00 1.746143e+00 1.766712e+00 1.786285e+00 1.804869e+00 1.822469e+00 1.839090e+00 1.854736e+00 1.869412e+00 1.883121e+00 1.895869e+00 1.907657e+00 1.918491e+00 1.928371e+00 1.937302e+00 1.945286e+00 1.952325e+00 1.958421e+00 1.963575e+00 1.967522e+00 1.970934e+00 1.974086e+00 1.976982e+00 1.979628e+00 1.982027e+00 1.984183e+00 1.986101e+00 1.987782e+00 1.989230e+00 1.990447e+00 1.991436e+00 1.992197e+00 1.992732e+00
4.316901e+00 4.304022e+00 4.287290e+00 4.266691e+00 4.242206e+00 4.213813e+00 4.181486e+00 4.145196e+00 4.104911e+00 4.060594e+00 4.012205e+00 3.959701e+00 3.903034e+00 3.842153e+00 3.797427e+00 3.773013e+00 3.748471e+00 3.723781e+00 3.698925e+00 3.673884e+00 3.648641e+00 3.623177e+00 3.597472e+00 3.571507e+00 3.545263e+00 3.518721e+00 3.491862e+00 3.464664e+00 3.437108e+00 3.409173e+00 3.380840e+00 3.352085e+00 3.322890e+00 3.293230e+00 3.263086e+00 3.232434e+00 3.201251e+00 3.169515e+00 3.137201e+00 3.104287e+00 3.070746e+00 3.036556e+00 3.001689e+00 2.966121e+00 2.929825e+00 2.892773e+00 2.854940e+00 2.816295e+00 2.776811e+00 2.736459e+00 2.695208e+00 2.653028e+00 2.609887e+00 2.565754e+00 2.528786e+00 2.501054e+00 2.474334e+00 2.448596e+00 2.423811e+00 2.399950e+00 2.376986e+00 2.354891e+00 2.333642e+00 2.313212e+00 2.293579e+00 2.274721e+00 2.256614e+00 2.239239e+00
1.549343e+00 1.586539e+00 1.625123e+00 1.665160e+00 1.706718e+00 1.749867e+00 1.794680e+00 1.841233e+00 1.889603e+00 1.939873e+00 1.992127e+00 2.046454e+00 2.102945e+00 2.161696e+00 2.340437e+00 2.623643e+00 2.894199e+00 3.152600e+00 3.399318e+00 3.634803e+00 3.859485e+00 4.073775e+00 4.278064e+00 4.472725e+00 4.658113e+00 4.834568e+00 5.002412e+00 5.161951e+00 5.313476e+00 5.457265e+00 5.593580e+00 5.722670e+00 5.844770e+00 5.960104e+00 6.068883e+00 6.171304e+00 6.267556e+00 6.357814e+00 6.442242e+00 6.520996e+00 6.594218e+00 6.662043e+00 6.724594e+00 6.781986e+00 6.834324e+00 6.881703e+00 6.924209e+00 6.961921e+00 6.994907e+00 7.023227e+00 7.046934e+00 7.066070e+00 7.080670e+00 7.090762e+00 7.094570e+00 7.095253e+00 7.094603e+00 7.092620e+00 7.089305e+00 7.084655e+00 7.078671e+00 7.071351e+00 7.062695e+00 7.052699e+00 7.041363e+00 7.028684e+00 7.014660e+00 6.999289e+00
1.317037e+00 1.317830e+00 1.318196e+00 1.318133e+00 1.317643e+00 1.316724e+00 1.315377e+00 1.313600e+00 1.311394e+00 1.308757e+00 1.305688e+00 1.302186e+00 1.298250e+00 1.293878e+00 1.278270e+00 1.253994e+00 1.231712e+00 1.211295e+00 1.192627e+00 1.175602e+00 1.160120e+00 1.146095e+00 1.133445e+00 1.122099e+00 1.111991e+00 1.103064e+00 1.095267e+00 1.088554e+00 1.082888e+00 1.078236e+00 1.074571e+00 1.071873e+00 1.070126e+00 1.069321e+00 1.069451e+00 1.070519e+00 1.072530e+00 1.075496e+00 1.079434e+00 1.084366e+00 1.090321e+00 1.097332e+00 1.105440e+00 1.114691e+00 1.125138e+00 1.136841e+00 1.149867e+00 1.164291e+00 1.180194e+00 1.197668e+00 1.216812e+00 1.237737e+00 1.260563e+00 1.285419e+00 1.306056e+00 1.319538e+00 1.332312e+00 1.344432e+00 1.355950e+00 1.366915e+00 1.377373e+00 1.387369e+00 1.396944e+00 1.406139e+00 1.414994e+00 1.423546e+00 1.431831e+00 1.439883e+00
1.969348e+00 1.975084e+00 1.979891e+00 1.983810e+00 1.986872e+00 1.989103e+00 1.990520e+00 1.991136e+00 1.990955e+00 1.989976e+00 1.988190e+00 1.985584e+00 1.982136e+00 1.977818e+00 1.974759e+00 1.974041e+00 1.973498e+00 1.973128e+00 1.972930e+00 1.972906e+00 1.973055e+00 1.973376e+00 1.973871e+00 1.974540e+00 1.975383e+00 1.976402e+00 1.977598e+00 1.978972e+00 1.980525e+00 1.982260e+00 1.984179e+00 1.986283e+00 1.988575e+00 1.991058e+00 1.993734e+00 1.996607e+00 1.999679e+00 2.002955e+00 2.006438e+00 2.010132e+00 2.014041e+00 2.018169e+00 2.022522e+00 2.027104e+00 2.031921e+00 2.036977e+00 2.042280e+00 2.047834e+00 2.053646e+00 2.059723e+00 2.066071e+00 2.072699e+00 2.079612e+00 2.086820e+00 2.099706e+00 2.116674e+00 2.132390e+00 2.146895e+00 2.160225e+00 2.172412e+00 2.183488e+00 2.193480e+00 2.202413e+00 2.210309e+00 2.217189e+00 2.223069e+00 2.227964e+00 2.231886e+00
1.539484e+00 1.558518e+00 1.578364e+00 1.599043e+00 1.620575e+00 1.642984e+00 1.666291e+00 1.690521e+00 1.715698e+00 1.741848e+00 1.768998e+00 1.797175e+00 1.826409e+00 1.856728e+00 1.893417e+00 1.933569e+00 1.971959e+00 2.008613e+00 2.043557e+00 2.076815e+00 2.108408e+00 2.138359e+00 2.166688e+00 2.193414e+00 2.218555e+00 2.242129e+00 2.264151e+00 2.284636e+00 2.303599e+00 2.321053e+00 2.337008e+00 2.351477e+00 2.364468e+00 2.375991e+00 2.386054e+00 2.394663e+00 2.401824e+00 2.407543e+00 2.411822e+00 2.414666e+00 2.416075e+00 2.416051e+00 2.414594e+00 2.411703e+00 2.407376e+00 2.401609e+00 2.394400e+00 2.385743e+00 2.375632e+00 2.364060e+00 2.351020e+00 2.336502e+00 2.320497e+00 2.302994e+00 2.285132e+00 2.268285e+00 2.251293e+00 2.234143e+00 2.216824e+00 2.199325e+00 2.181633e+00 2.163738e+00 2.145627e+00 2.127289e+00 2.108711e+00 2.089881e+00 2.070786e+00 2.051414e+00
3.394597e+00 3.429883e+00 3.465878e+00 3.502644e+00 3.540247e+00 3.578752e+00 3.618227e+00 3.658742e+00 3.700367e+00 3.743176e+00 3.787243e+00 3.832647e+00 3.879467e+00 3.927785e+00 3.965617e+00 3.990303e+00 4.013919e+00 4.036473e+00 4.057973e+00 4.078425e+00 4.097836e+00 4.116212e+00 4.133559e+00 4.149882e+00 4.165188e+00 4.179480e+00 4.192764e+00 4.205043e+00 4.216322e+00 4.226604e+00 4.235893e+00 4.244192e+00 4.251503e+00 4.257828e+00 4.263170e+00 4.267531e+00 4.270911e+00 4.273312e+00 4.274735e+00 4.275181e+00 4.274648e+00 4.273137e+00 4.270649e+00 4.267181e+00 4.262732e+00 4.257302e+00 4.250889e+00 4.243489e+00 4.235102e+00 4.225725e+00 4.215353e+00 4.203985e+00 4.191616e+00 4.178242e+00 4.126815e+00 4.040230e+00 3.955400e+00 3.872196e+00 3.790492e+00 3.710165e+00 3.631093e+00 3.553155e+00 3.476235e+00 3.400216e+00 3.324982e+00 3.250420e+00 3.176416e+00 3.102858e+00
1.476150e+00 1.487718e+00 1.499103e+00 1.510336e+00 1.521449e+00 1.532475e+00 1.543444e+00 1.554388e+00 1.565338e+00 1.576326e+00 1.587381e+00 1.598537e+00 1.609824e+00 1.621275e+00 1.631919e+00 1.640917e+00 1.649280e+00 1.657015e+00 1.664128e+00 1.670627e+00 1.676516e+00 1.681801e+00 1.686487e+00 1.690577e+00 1.694076e+00 1.696986e+00 1.699310e+00 1.701049e+00 1.702206e+00 1.702781e+00 1.702775e+00 1.702188e+00 1.701020e+00 1.699268e+00 1.696933e+00 1.694011e+00 1.690500e+00 1.686398e+00 1.681700e+00 1.676403e+00 1.670501e+00 1.663990e+00 1.656864e+00 1.649116e+00 1.640741e+00 1.631730e+00 1.622076e+00 1.611770e+00 1.600803e+00 1.589166e+00 1.576849e+00 1.563840e+00 1.550128e+00 1.535702e+00 1.521231e+00 1.507995e+00 1.495297e+00 1.483121e+00 1.471455e+00 1.460286e+00 1.449601e+00 1.439388e+00 1.429637e+00 1.420336e+00 1.411475e+00 1.403044e+00 1.395034e+00 1.387437e+00
1.791416e+00 1.795419e+00 1.798866e+00 1.801759e+00 1.804101e+00 1.805892e+00 1.807135e+00 1.807831e+00 1.807978e+00 1.807579e+00 1.806632e+00 1.805137e+00 1.803093e+00 1.800497e+00 1.797155e+00 1.793420e+00 1.789484e+00 1.785345e+00 1.781001e+00 1.776449e+00 1.771685e+00 1.766708e+00 1.761514e+00 1.756100e+00 1.750463e+00 1.744598e+00 1.738503e+00 1.732174e+00 1.725606e+00 1.718797e+00 1.711740e+00 1.704434e+00 1.696871e+00 1.689049e+00 1.680963e+00 1.672606e+00 1.663975e+00 1.655063e+00 1.645866e+00 1.636378e+00 1.626592e+00 1.616503e+00 1.606105e+00 1.595391e+00 1.584355e+00 1.572990e+00 1.561288e+00 1.549243e+00 1.536847e+00 1.524093e+00 1.510973e+00 1.497478e+00 1.483600e+00 1.469332e+00 1.443461e+00 1.408359e+00 1.375096e+00 1.343548e+00 1.313596e+00 1.285128e+00 1.258037e+00 1.232223e+00 1.207589e+00 1.184041e+00 1.161493e+00 1.139859e+00 1.119060e+00 1.099015e+00
2.089580e+00 2.089656e+00 2.089062e+00 2.087797e+00 2.085859e+00 2.083248e+00 2.079961e+00 2.075997e+00 2.071353e+00 2.066025e+00 2.060010e+00 2.053303e+00 2.045900e+00 2.037796e+00 2.021329e+00 1.997958e+00 1.975302e+00 1.953326e+00 1.931997e+00 1.911281e+00 1.891146e+00 1.871562e+00 1.852499e+00 1.833926e+00 1.815816e+00 1.798140e+00 1.780872e+00 1.763984e+00 1.747451e+00 1.731246e+00 1.715346e+00 1.699726e+00 1.684361e+00 1.669228e+00 1.654304e+00 1.639565e+00 1.624989e+00 1.610554e+00 1.596236e+00 1.582015e+00 1.567868e+00 1.553774e+00 1.539710e+00 1.525655e+00 1.511587e+00 1.497485e+00 1.483328e+00 1.469092e+00 1.454756e+00 1.440299e+00 1.425697e+00 1.410929e+00 1.395971e+00 1.380801e+00 1.366997e+00 1.355133e+00 1.343590e+00 1.332349e+00 1.321394e+00 1.310708e+00 1.300275e+00 1.290078e+00 1.280103e+00 1.270333e+00 1.260755e+00 1.251353e+00 1.242113e+00 1.233021e+00
1.386486e+00 1.404575e+00 1.423483e+00 1.443231e+00 1.463837e+00 1.485324e+00 1.507712e+00 1.531025e+00 1.555285e+00 1.580518e+00 1.606750e+00 1.634006e+00 1.662314e+00 1.691703e+00 1.721264e+00 1.749535e+00 1.777473e+00 1.805095e+00 1.832417e+00 1.859457e+00 1.886230e+00 1.912755e+00 1.939046e+00 1.965121e+00 1.990994e+00 2.016683e+00 2.042202e+00 2.067567e+00 2.092795e+00 2.117900e+00 2.142899e+00 2.167805e+00 2.192636e+00 2.217405e+00 2.242128e+00 2.266821e+00 2.291498e+00 2.316175e+00 2.340867e+00 2.365588e+00 2.390355e+00 2.415183e+00 2.440086e+00 2.465080e+00 2.490180e+00 2.515402e+00 2.540762e+00 2.566274e+00 2.591955e+00 2.617821e+00 2.643886e+00 2.670168e+00 2.696682e+00 2.723445e+00 2.750770e+00 2.777323e+00 2.802815e+00 2.827247e+00 2.850625e+00 2.872951e+00 2.894229e+00 2.914463e+00 2.933654e+00 2.951807e+00 2.968923e+00 2.985006e+00 3.000058e+00 3.014081e+00
3.620749e+00 3.638840e+00 3.653529e+00 3.664820e+00 3.672717e+00 3.677222e+00 3.678337e+00 3.676062e+00 3.670396e+00 3.661338e+00 3.648884e+00 3.633032e+00 3.613775e+00 3.591108e+00 3.547403e+00 3.489729e+00 3.435522e+00 3.384607e+00 3.336818e+00 3.292002e+00 3.250013e+00 3.210716e+00 3.173984e+00 3.139699e+00 3.107749e+00 3.078031e+00 3.050450e+00 3.024916e+00 3.001347e+00 2.979666e+00 2.959804e+00 2.941696e+00 2.925285e+00 2.910516e+00 2.897342e+00 2.885721e+00 2.875614e+00 2.866991e+00 2.859821e+00 2.854083e+00 2.849758e+00 2.846832e+00 2.845295e+00 2.845143e+00 2.846374e+00 2.848993e+00 2.853009e+00 2.858434e+00 2.865286e+00 2.873587e+00 2.883364e+00 2.894648e+00 2.907477e+00 2.921890e+00 2.932055e+00 2.936302e+00 2.940514e+00 2.944697e+00 2.948854e+00 2.952991e+00 2.957111e+00 2.961219e+00 2.965320e+00 2.969416e+00 2.973514e+00 2.977616e+00 2.981728e+00 2.985853e+00
2.926273e+00 2.930050e+00 2.934518e+00 2.939679e+00 2.945538e+00 2.952100e+00 2.959371e+00 2.967356e+00 2.976063e+00 2.985497e+00 2.995669e+00 3.006584e+00 3.018254e+00 3.030688e+00 3.040134e+00 3.045833e+00 3.051550e+00 3.057292e+00 3.063063e+00 3.068867e+00 3.074710e+00 3.080596e+00 3.086531e+00 3.092518e+00 3.098564e+00 3.104674e+00 3.110852e+00 3.117104e+00 3.123434e+00 3.129849e+00 3.136354e+00 3.142954e+00 3.149655e+00 3.156461e+00 3.163380e+00 3.170417e+00 3.177577e+00 3.184867e+00 3.192293e+00 3.199861e+00 3.207578e+00 3.215449e+00 3.223482e+00 3.231684e+00 3.240060e+00 3.248619e+00 3.257367e+00 3.266311e+00 3.275460e+00 3.284821e+00 3.294402e+00 3.304210e+00 3.314255e+00 3.324544e+00 3.371751e+00 3.448862e+00 3.519353e+00 3.583359e+00 3.640998e+00 3.692380e+00 3.737601e+00 3.776745e+00 3.809888e+00 3.837089e+00 3.858402e+00 3.873865e+00 3.883508e+00 3.887348e+00
5.209332e+00 5.227798e+00 5.246262e+00 5.264728e+00 5.283197e+00 5.301671e+00 5.320155e+00 5.338649e+00 5.357157e+00 5.375680e+00 5.394223e+00 5.412786e+00 5.431373e+00 5.449986e+00 5.505854e+00 5.590226e+00 5.665912e+00 5.732947e+00 5.791360e+00 5.841179e+00 5.882426e+00 5.915120e+00 5.939275e+00 5.954902e+00 5.962009e+00 5.960599e+00 5.950671e+00 5.932220e+00 5.905238e+00 5.869714e+00 5.825630e+00 5.772967e+00 5.711702e+00 5.641805e+00 5.563247e+00 5.475990e+00 5.379996e+00 5.275221e+00 5.161617e+00 5.039133e+00 4.907714e+00 4.767300e+00 4.617827e+00 4.459228e+00 4.291431e+00 4.114359e+00 3.927933e+00 3.732068e+00 3.526676e+00 3.311662e+00 3.086931e+00 2.852379e+00 2.607901e+00 2.353386e+00 2.192449e+00 2.137093e+00 2.083533e+00 2.031715e+00 1.981587e+00 1.933099e+00 1.886203e+00 1.840852e+00 1.797001e+00 1.754606e+00 1.713624e+00 1.674016e+00 1.635740e+00 1.598760e+00
2.000491e+00 2.009446e+00 2.019374e+00 2.030306e+00 2.042275e+00 2.055320e+00 2.069482e+00 2.084803e+00 2.101333e+00 2.119122e+00 2.138227e+00 2.158707e+00 2.180626e+00 2.204053e+00 2.222663e+00 2.233905e+00 2.244181e+00 2.253497e+00 2.261859e+00 2.269272e+00 2.275740e+00 2.281267e+00 2.285856e+00 2.289510e+00 2.292231e+00 2.294021e+00 2.294881e+00 2.294811e+00 2.293811e+00 2.291882e+00 2.289020e+00 2.285226e+00 2.280496e+00 2.274828e+00 2.268219e+00 2.260664e+00 2.252159e+00 2.242699e+00 2.232278e+00 2.220891e+00 2.208529e+00 2.195187e+00 2.180856e+00 2.165527e+00 2.149192e+00 2.131840e+00 2.113462e+00 2.094046e+00 2.073582e+00 2.052055e+00 2.029455e+00 2.005768e+00 1.980978e+00 1.955072e+00 1.892845e+00 1.802542e+00 1.718899e+00 1.641497e+00 1.569948e+00 1.503894e+00 1.443002e+00 1.386969e+00 1.335513e+00 1.288376e+00 1.245321e+00 1.206134e+00 1.170617e+00 1.138592e+00
1.355327e+00 1.348700e+00 1.341453e+00 1.333547e+00 1.324940e+00 1.315587e+00 1.305437e+00 1.294437e+00 1.282527e+00 1.269644e+00 1.255719e+00 1.240678e+00 1.224440e+00 1.206919e+00 1.193233e+00 1.184658e+00 1.175973e+00 1.167166e+00 1.158225e+00 1.149141e+00 1.139901e+00 1.130493e+00 1.120906e+00 1.111127e+00 1.101144e+00 1.090945e+00 1.080516e+00 1.069844e+00 1.058917e+00 1.047719e+00 1.036236e+00 1.024455e+00 1.012360e+00 9.999354e-01 9.871661e-01 9.740358e-01 9.605277e-01 9.466247e-01 9.323093e-01 9.175631e-01 9.023677e-01 8.867036e-01 8.705510e-01 8.538895e-01 8.366980e-01 8.189545e-01 8.006368e-01 7.817214e-01 7.621845e-01 7.420012e-01 7.211461e-01 6.995926e-01 6.773134e-01 6.542803e-01 6.371856e-01 6.271654e-01 6.174878e-01 6.081428e-01 5.991204e-01 5.904114e-01 5.820065e-01 5.738970e-01 5.660744e-01 5.585306e-01 5.512576e-01 5.442479e-01 5.374940e-01 5.309890e-01
1.723173e+00 1.741624e+00 1.760457e+00 1.779701e+00 1.799384e+00 1.819535e+00 1.840185e+00 1.861364e+00 1.883102e+00 1.905434e+00 1.928391e+00 1.952008e+00 1.976320e+00 2.001363e+00 2.025264e+00 2.046289e+00 2.066357e+00 2.085481e+00 2.103669e+00 2.120931e+00 2.137277e+00 2.152715e+00 2.167253e+00 2.180899e+00 2.193660e+00 2.205542e+00 2.216552e+00 2.226696e+00 2.235978e+00 2.244404e+00 2.251979e+00 2.258705e+00 2.264587e+00 2.269628e+00 2.273831e+00 2.277196e+00 2.279728e+00 2.281425e+00 2.282291e+00 2.282324e+00 2.281526e+00 2.279895e+00 2.277431e+00 2.274132e+00 2.269997e+00 2.265024e+00 2.259210e+00 2.252551e+00 2.245045e+00 2.236688e+00 2.227475e+00 2.217400e+00 2.206460e+00 2.194649e+00 2.163040e+00 2.114812e+00 2.068818e+00 2.024999e+00 1.983295e+00 1.943652e+00 1.906016e+00 1.870338e+00 1.836571e+00 1.804669e+00 1.774590e+00 1.746294e+00 1.719744e+00 1.694904e+00
2.042018e+00 2.064993e+00 2.087507e+00 2.109634e+00 2.131441e+00 2.152999e+00 2.174374e+00 2.195636e+00 2.216850e+00 2.238085e+00 2.259406e+00 2.280882e+00 2.302580e+00 2.324568e+00 2.337708e+00 2.341617e+00 2.345506e+00 2.349377e+00 2.353233e+00 2.357076e+00 2.360911e+00 2.364738e+00 2.368561e+00 2.372383e+00 2.376206e+00 2.380032e+00 2.383865e+00 2.387708e+00 2.391562e+00 2.395431e+00 2.399317e+00 2.403223e+00 2.407152e+00 2.411107e+00 2.415090e+00 2.419103e+00 2.423151e+00 2.427235e+00 2.431359e+00 2.435526e+00 2.439737e+00 2.443997e+00 2.448308e+00 2.452674e+00 2.457097e+00 2.461580e+00 2.466127e+00 2.470740e+00 2.475424e+00 2.480181e+00 2.485014e+00 2.489928e+00 2.494924e+00 2.500008e+00 2.508824e+00 2.519524e+00 2.528473e+00 2.535677e+00 2.541140e+00 2.544865e+00 2.546854e+00 2.547110e+00 2.545632e+00 2.542419e+00 2.537469e+00 2.530780e+00 2.522346e+00 2.512163e+00
9.616843e-01 9.803425e-01 1.001061e+00 1.023883e+00 1.048857e+00 1.076035e+00 1.105475e+00 1.137238e+00 1.171391e+00 1.208007e+00 1.247161e+00 1.288937e+00 1.333422e+00 1.380711e+00 1.423007e+00 1.455903e+00 1.487316e+00 1.517274e+00 1.545799e+00 1.572915e+00 1.598643e+00 1.623004e+00 1.646018e+00 1.667703e+00 1.688076e+00 1.707155e+00 1.724953e+00 1.741486e+00 1.756767e+00 1.770807e+00 1.783619e+00 1.795213e+00 1.805597e+00 1.814781e+00 1.822771e+00 1.829574e+00 1.835196e+00 1.839640e+00 1.842911e+00 1.845011e+00 1.845943e+00 1.845705e+00 1.844299e+00 1.841724e+00 1.837976e+00 1.833054e+00 1.826953e+00 1.819668e+00 1.811194e+00 1.801524e+00 1.790649e+00 1.778562e+00 1.765252e+00 1.750709e+00 1.735991e+00 1.722661e+00 1.709649e+00 1.696951e+00 1.684565e+00 1.672488e+00 1.660719e+00 1.649254e+00 1.638093e+00 1.627232e+00 1.616669e+00 1.606403e+00 1.596432e+00 1.586752e+00
7.837907e-01 7.947057e-01 8.055514e-01 8.163345e-01 8.270622e-01 8.377411e-01 8.483782e-01 8.589803e-01 8.695541e-01 8.801065e-01 8.906441e-01 9.011737e-01 9.117021e-01 9.222360e-01 9.402806e-01 9.641807e-01 9.864878e-01 1.007248e+00 1.026506e+00 1.044300e+00 1.060668e+00 1.075644e+00 1.089260e+00 1.101544e+00 1.112521e+00 1.122215e+00 1.130645e+00 1.137829e+00 1.143783e+00 1.148518e+00 1.152044e+00 1.154370e+00 1.155499e+00 1.155434e+00 1.154175e+00 1.151719e+00 1.148062e+00 1.143194e+00 1.137108e+00 1.129789e+00 1.121222e+00 1.111390e+00 1.100272e+00 1.087845e+00 1.074082e+00 1.058956e+00 1.042434e+00 1.024483e+00 1.005064e+00 9.841377e-01 9.616597e-01 9.375834e-01 9.118584e-01 8.844313e-01 8.626288e-01 8.486398e-01 8.350671e-01 8.218984e-01 8.091217e-01 7.967254e-01 7.846981e-01 7.730290e-01 7.617073e-01 7.507227e-01 7.400653e-01 7.297252e-01 7.196932e-01 7.099601e-01
1.844093e+00 1.877961e+00 1.913647e+00 1.951216e+00 1.990736e+00 2.032279e+00 2.075921e+00 2.121740e+00 2.169821e+00 2.220250e+00 2.273119e+00 2.328525e+00 2.386568e+00 2.447354e+00 2.526961e+00 2.618666e+00 2.706609e+00 2.790896e+00 2.871628e+00 2.948901e+00 3.022809e+00 3.093439e+00 3.160877e+00 3.225203e+00 3.286495e+00 3.344825e+00 3.400264e+00 3.452878e+00 3.502731e+00 3.549882e+00 3.594387e+00 3.636301e+00 3.675672e+00 3.712549e+00 3.746976e+00 3.778993e+00 3.808639e+00 3.835951e+00 3.860959e+00 3.883696e+00 3.904187e+00 3.922457e+00 3.938528e+00 3.952420e+00 3.964149e+00 3.973730e+00 3.981172e+00 3.986487e+00 3.989679e+00 3.990753e+00 3.989711e+00 3.986550e+00 3.981267e+00 3.973855e+00 3.965797e+00 3.957843e+00 3.948496e+00 3.937751e+00 3.925600e+00 3.912035e+00 3.897044e+00 3.880619e+00 3.862747e+00 3.843416e+00 3.822612e+00 3.800320e+00 3.776525e+00 3.751209e+00
2.582747e+00 2.597473e+00 2.611561e+00 2.625039e+00 2.637932e+00 2.650268e+00 2.662068e+00 2.673357e+00 2.684156e+00 2.694487e+00 2.704369e+00 2.713821e+00 2.722863e+00 2.731512e+00 2.738285e+00 2.744201e+00 2.750762e+00 2.757973e+00 2.765838e+00 2.774362e+00 2.783552e+00 2.793413e+00 2.803951e+00 2.815174e+00 2.827089e+00 2.839703e+00 2.853026e+00 2.867065e+00 2.881830e+00 2.897331e+00 2.913577e+00 2.930580e+00 2.948350e+00 2.966900e+00 2.986241e+00 3.006387e+00 3.027349e+00 3.049143e+00 3.071782e+00 3.095281e+00 3.119656e+00 3.144923e+00 3.171097e+00 3.198198e+00 3.226241e+00 3.255246e+00 3.285231e+00 3.316217e+00 3.348223e+00 3.381271e+00 3.415383e+00 3.450580e+00 3.486885e+00 3.524323e+00 3.555863e+00 3.579549e+00 3.602453e+00 3.624587e+00 3.645965e+00 3.666598e+00 3.686499e+00 3.705680e+00 3.724152e+00 3.741925e+00 3.759011e+00 3.775418e+00 3.791158e+00 3.806238e+00
1.885189e+00 1.907511e+00 1.929727e+00 1.951842e+00 1.973864e+00 1.995798e+00 2.017650e+00 2.039428e+00 2.061136e+00 2.082781e+00 2.104370e+00 2.125908e+00 2.147402e+00 2.168857e+00 2.193170e+00 2.218994e+00 2.243467e+00 2.266612e+00 2.288453e+00 2.309010e+00 2.328304e+00 2.346354e+00 2.363178e+00 2.378792e+00 2.393213e+00 2.406453e+00 2.418526e+00 2.429445e+00 2.439219e+00 2.447859e+00 2.455372e+00 2.461767e+00 2.467050e+00 2.471226e+00 2.474299e+00 2.476271e+00 2.477146e+00 2.476923e+00 2.475604e+00 2.473185e+00 2.469666e+00 2.465042e+00 2.459309e+00 2.452461e+00 2.444491e+00 2.435393e+00 2.425156e+00 2.413770e+00 2.401225e+00 2.387508e+00 2.372605e+00 2.356502e+00 2.339183e+00 2.320631e+00 2.301674e+00 2.284548e+00 2.268376e+00 2.253133e+00 2.238791e+00 2.225327e+00 2.212718e+00 2.200943e+00 2.189982e+00 2.179816e+00 2.170428e+00 2.161803e+00 2.153926e+00 2.146783e+00
2.145432e+00 2.144425e+00 2.142757e+00 2.140428e+00 2.137435e+00 2.133773e+00 2.129441e+00 2.124431e+00 2.118740e+00 2.112360e+00 2.105284e+00 2.097505e+00 2.089013e+00 2.079799e+00 2.066720e+00 2.051363e+00 2.036831e+00 2.023093e+00 2.010121e+00 1.997889e+00 1.986371e+00 1.975544e+00 1.965386e+00 1.955876e+00 1.946994e+00 1.938722e+00 1.931043e+00 1.923942e+00 1.917403e+00 1.911414e+00 1.905963e+00 1.901037e+00 1.896627e+00 1.892724e+00 1.889319e+00 1.886407e+00 1.883980e+00 1.882034e+00 1.880565e+00 1.879570e+00 1.879047e+00 1.878995e+00 1.879413e+00 1.880302e+00 1.881665e+00 1.883505e+00 1.885824e+00 1.888627e+00 1.891922e+00 1.895713e+00 1.900009e+00 1.904819e+00 1.910153e+00 1.916021e+00 1.926080e+00 1.938167e+00 1.948664e+00 1.957596e+00 1.964982e+00 1.970838e+00 1.975177e+00 1.978008e+00 1.979339e+00 1.979171e+00 1.977504e+00 1.974336e+00 1.969658e+00 1.963460e+00
1.772221e+00 1.761976e+00 1.751099e+00 1.739560e+00 1.727327e+00 1.714365e+00 1.700638e+00 1.686109e+00 1.670736e+00 1.654476e+00 1.637286e+00 1.619115e+00 1.599914e+00 1.579629e+00 1.530878e+00 1.460081e+00 1.394198e+00 1.332888e+00 1.275831e+00 1.222733e+00 1.173318e+00 1.127329e+00 1.084528e+00 1.044693e+00 1.007616e+00 9.731068e-01 9.409849e-01 9.110839e-01 8.832489e-01 8.573353e-01 8.332088e-01 8.107442e-01 7.898248e-01 7.703423e-01 7.521955e-01 7.352903e-01 7.195389e-01 7.048597e-01 6.911765e-01 6.784183e-01 6.665189e-01 6.554166e-01 6.450538e-01 6.353767e-01 6.263352e-01 6.178822e-01 6.099740e-01 6.025695e-01 5.956303e-01 5.891204e-01 5.830061e-01 5.772556e-01 5.718391e-01 5.667284e-01 5.639317e-01 5.635864e-01 5.636576e-01 5.641454e-01 5.650503e-01 5.663733e-01 5.681157e-01 5.702793e-01 5.728664e-01 5.758796e-01 5.793222e-01 5.831976e-01 5.875100e-01 5.922637e-01
1.144449e+00 1.139659e+00 1.135025e+00 1.130544e+00 1.126216e+00 1.122037e+00 1.118005e+00 1.114118e+00 1.110375e+00 1.106774e+00 1.103312e+00 1.099988e+00 1.096800e+00 1.093747e+00 1.091927e+00 1.091429e+00 1.091153e+00 1.091098e+00 1.091263e+00 1.091650e+00 1.092259e+00 1.093088e+00 1.094140e+00 1.095414e+00 1.096910e+00 1.098630e+00 1.100573e+00 1.102741e+00 1.105134e+00 1.107754e+00 1.110600e+00 1.113674e+00 1.116977e+00 1.120511e+00 1.124276e+00 1.128274e+00 1.132506e+00 1.136974e+00 1.141679e+00 1.146623e+00 1.151808e+00 1.157235e+00 1.162907e+00 1.168825e+00 1.174992e+00 1.181409e+00 1.188080e+00 1.195005e+00 1.202189e+00 1.209633e+00 1.217340e+00 1.225312e+00 1.233553e+00 1.242065e+00 1.252337e+00 1.263719e+00 1.274730e+00 1.285375e+00 1.295657e+00 1.305580e+00 1.315149e+00 1.324367e+00 1.333237e+00 1.341763e+00 1.349948e+00 1.357796e+00 1.365309e+00 1.372490e+00
2.077244e+00 2.074971e+00 2.069796e+00 2.061714e+00 2.050714e+00 2.036781e+00 2.019897e+00 2.000039e+00 1.977182e+00 1.951295e+00 1.922344e+00 1.890292e+00 1.855095e+00 1.816708e+00 1.782000e+00 1.755834e+00 1.731218e+00 1.708090e+00 1.686387e+00 1.666052e+00 1.647034e+00 1.629280e+00 1.612746e+00 1.597386e+00 1.583162e+00 1.570035e+00 1.557972e+00 1.546940e+00 1.536910e+00 1.527857e+00 1.519756e+00 1.512586e+00 1.506328e+00 1.500967e+00 1.496486e+00 1.492876e+00 1.490126e+00 1.488230e+00 1.487182e+00 1.486979e+00 1.487621e+00 1.489110e+00 1.491450e+00 1.494646e+00 1.498707e+00 1.503644e+00 1.509470e+00 1.516200e+00 1.523851e+00 1.532445e+00 1.542003e+00 1.552550e+00 1.564115e+00 1.576727e+00 1.590061e+00 1.602208e+00 1.613545e+00 1.624088e+00 1.633853e+00 1.642853e+00 1.651102e+00 1.658612e+00 1.665392e+00 1.671454e+00 1.676806e+00 1.681455e+00 1.685408e+00 1.688671e+00
2.003453e+00 2.003569e+00 2.003912e+00 2.004484e+00 2.005285e+00 2.006317e+00 2.007581e+00 2.009079e+00 2.010813e+00 2.012787e+00 2.015003e+00 2.017465e+00 2.020177e+00 2.023142e+00 2.026659e+00 2.030076e+00 2.033101e+00 2.035737e+00 2.037983e+00 2.039840e+00 2.041308e+00 2.042389e+00 2.043081e+00 2.043385e+00 2.043302e+00 2.042832e+00 2.041973e+00 2.040726e+00 2.039092e+00 2.037068e+00 2.034655e+00 2.031852e+00 2.028659e+00 2.025074e+00 2.021096e+00 2.016726e+00 2.011960e+00 2.006799e+00 2.001241e+00 1.995285e+00 1.988928e+00 1.982169e+00 1.975007e+00 1.967440e+00 1.959465e+00 1.951081e+00 1.942286e+00 1.933077e+00 1.923451e+00 1.913407e+00 1.902942e+00 1.892052e+00 1.880736e+00 1.868990e+00 1.858740e+00 1.850241e+00 1.841562e+00 1.832699e+00 1.823651e+00 1.814415e+00 1.804988e+00 1.795368e+00 1.785553e+00 1.775538e+00 1.765322e+00 1.754902e+00 1.744274e+00 1.733436e+00
1.394204e+00 1.414248e+00 1.435377e+00 1.457611e+00 1.480976e+00 1.505497e+00 1.531200e+00 1.558112e+00 1.586264e+00 1.615684e+00 1.646406e+00 1.678462e+00 1.711886e+00 1.746716e+00 1.795834e+00 1.855498e+00 1.912900e+00 1.968083e+00 2.021085e+00 2.071943e+00 2.120695e+00 2.167373e+00 2.212012e+00 2.254643e+00 2.295297e+00 2.334001e+00 2.370783e+00 2.405670e+00 2.438686e+00 2.469854e+00 2.499197e+00 2.526735e+00 2.552489e+00 2.576475e+00 2.598711e+00 2.619213e+00 2.637996e+00 2.655072e+00 2.670453e+00 2.684152e+00 2.696176e+00 2.706536e+00 2.715238e+00 2.722288e+00 2.727691e+00 2.731451e+00 2.733572e+00 2.734053e+00 2.732897e+00 2.730101e+00 2.725664e+00 2.719582e+00 2.711852e+00 2.702468e+00 2.676903e+00 2.639679e+00 2.605077e+00 2.572872e+00 2.542857e+00 2.514837e+00 2.488631e+00 2.464070e+00 2.440996e+00 2.419259e+00 2.398718e+00 2.379241e+00 2.360702e+00 2.342981e+00
5.009357e-01 5.085662e-01 5.162682e-01 5.240452e-01 5.319006e-01 5.398381e-01 5.478613e-01 5.559738e-01 5.641792e-01 5.724813e-01 5.808839e-01 5.893907e-01 5.980057e-01 6.067327e-01 6.316692e-01 6.701189e-01 7.062015e-01 7.401172e-01 7.720544e-01 8.021902e-01 8.306919e-01 8.577176e-01 8.834174e-01 9.079338e-01 9.314030e-01 9.539551e-01 9.757154e-01 9.968045e-01 1.017340e+00 1.037435e+00 1.057201e+00 1.076748e+00 1.096186e+00 1.115620e+00 1.135160e+00 1.154914e+00 1.174991e+00 1.195503e+00 1.216563e+00 1.238289e+00 1.260801e+00 1.284224e+00 1.308688e+00 1.334329e+00 1.361289e+00 1.389718e+00 1.419773e+00 1.451622e+00 1.485440e+00 1.521416e+00 1.559750e+00 1.600654e+00 1.644354e+00 1.691095e+00 1.721187e+00 1.730638e+00 1.739396e+00 1.747462e+00 1.754839e+00 1.761526e+00 1.767526e+00 1.772840e+00 1.777467e+00 1.781410e+00 1.784669e+00 1.787244e+00 1.789136e+00 1.790345e+00
1.594226e+00 1.604394e+00 1.614829e+00 1.625537e+00 1.636524e+00 1.647797e+00 1.659364e+00 1.671231e+00 1.683406e+00 1.695895e+00 1.708708e+00 1.721852e+00 1.735335e+00 1.749165e+00 1.764152e+00 1.779659e+00 1.794902e+00 1.809895e+00 1.824654e+00 1.839194e+00 1.853531e+00 1.867677e+00 1.881650e+00 1.895461e+00 1.909126e+00 1.922658e+00 1.936071e+00 1.949380e+00 1.962596e+00 1.975735e+00 1.988810e+00 2.001833e+00 2.014818e+00 2.027778e+00 2.040727e+00 2.053678e+00 2.066644e+00 2.079638e+00 2.092674e+00 2.105765e+00 2.118924e+00 2.132164e+00 2.145500e+00 2.158944e+00 2.172511e+00 2.186215e+00 2.200069e+00 2.214087e+00 2.228284e+00 2.242675e+00 2.257273e+00 2.272095e+00 2.287155e+00 2.302468e+00 2.318579e+00 2.334336e+00 2.349220e+00 2.363240e+00 2.376403e+00 2.388718e+00 2.400193e+00 2.410833e+00 2.420645e+00 2.429636e+00 2.437809e+00 2.445171e+00 2.451726e+00 2.457476e+00
4.402424e-01 4.455284e-01 4.514523e-01 4.580274e-01 4.652682e-01 4.731909e-01 4.818132e-01 4.911543e-01 5.012349e-01 5.120775e-01 5.237063e-01 5.361471e-01 5.494278e-01 5.635778e-01 5.787281e-01 5.932886e-01 6.071838e-01 6.204364e-01 6.330682e-01 6.451000e-01 6.565514e-01 6.674412e-01 6.777874e-01 6.876068e-01 6.969157e-01 7.057292e-01 7.140618e-01 7.219272e-01 7.293384e-01 7.363073e-01 7.428456e-01 7.489639e-01 7.546722e-01 7.599800e-01 7.648958e-01 7.694279e-01 7.735836e-01 7.773697e-01 7.807925e-01 7.838575e-01 7.865698e-01 7.889339e-01 7.909536e-01 7.926322e-01 7.939725e-01 7.949767e-01 7.956464e-01 7.959828e-01 7.959864e-01 7.956571e-01 7.949945e-01 7.939974e-01 7.926643e-01 7.909930e-01 7.893454e-01 7.882703e-01 7.874025e-01 7.867418e-01 7.862879e-01 7.860406e-01 7.860001e-01 7.861661e-01 7.865388e-01 7.871182e-01 7.879046e-01 7.888982e-01 7.900993e-01 7.915082e-01
8.109162e-01 8.223487e-01 8.345399e-01 8.475017e-01 8.612471e-01 8.757894e-01 8.911432e-01 9.073236e-01 9.243466e-01 9.422290e-01 9.609884e-01 9.806434e-01 1.001213e+00 1.022719e+00 1.048955e+00 1.077778e+00 1.105471e+00 1.132090e+00 1.157689e+00 1.182318e+00 1.206028e+00 1.228867e+00 1.250880e+00 1.272111e+00 1.292604e+00 1.312399e+00 1.331536e+00 1.350054e+00 1.367990e+00 1.385380e+00 1.402259e+00 1.418661e+00 1.434620e+00 1.450166e+00 1.465332e+00 1.480148e+00 1.494643e+00 1.508847e+00 1.522789e+00 1.536496e+00 1.549997e+00 1.563317e+00 1.576485e+00 1.589526e+00 1.602467e+00 1.615333e+00 1.628152e+00 1.640948e+00 1.653746e+00 1.666574e+00 1.679457e+00 1.692420e+00 1.705490e+00 1.718693e+00 1.733701e+00 1.749108e+00 1.763280e+00 1.776223e+00 1.787946e+00 1.798456e+00 1.807757e+00 1.815856e+00 1.822757e+00 1.828464e+00 1.832980e+00 1.836308e+00 1.838449e+00 1.839406e+00
1.821975e+00 1.811379e+00 1.799225e+00 1.785510e+00 1.770231e+00 1.753387e+00 1.734975e+00 1.714991e+00 1.693432e+00 1.670294e+00 1.645575e+00 1.619268e+00 1.591371e+00 1.561878e+00 1.533078e+00 1.508410e+00 1.485551e+00 1.464470e+00 1.445142e+00 1.427542e+00 1.411647e+00 1.397438e+00 1.384897e+00 1.374008e+00 1.364756e+00 1.357131e+00 1.351122e+00 1.346722e+00 1.343925e+00 1.342729e+00 1.343131e+00 1.345131e+00 1.348733e+00 1.353941e+00 1.360762e+00 1.369203e+00 1.379277e+00 1.390995e+00 1.404373e+00 1.419427e+00 1.436176e+00 1.454642e+00 1.474848e+00 1.496820e+00 1.520585e+00 1.546173e+00 1.573617e+00 1.602952e+00 1.634214e+00 1.667444e+00 1.702683e+00 1.739976e+00 1.779371e+00 1.820916e+00 1.862244e+00 1.899558e+00 1.935297e+00 1.969478e+00 2.002118e+00 2.033233e+00 2.062837e+00 2.090945e+00 2.117571e+00 2.142726e+00 2.166424e+00 2.188675e+00 2.209491e+00 2.228881e+00
2.055023e+00 2.055717e+00 2.055452e+00 2.054230e+00 2.052048e+00 2.048906e+00 2.044801e+00 2.039731e+00 2.033693e+00 2.026682e+00 2.018695e+00 2.009726e+00 1.999769e+00 1.988817e+00 1.976102e+00 1.963856e+00 1.952825e+00 1.942996e+00 1.934356e+00 1.926893e+00 1.920598e+00 1.915462e+00 1.911478e+00 1.908642e+00 1.906950e+00 1.906399e+00 1.906989e+00 1.908721e+00 1.911596e+00 1.915619e+00 1.920795e+00 1.927130e+00 1.934633e+00 1.943314e+00 1.953184e+00 1.964256e+00 1.976545e+00 1.990066e+00 2.004837e+00 2.020877e+00 2.038208e+00 2.056852e+00 2.076834e+00 2.098179e+00 2.120916e+00 2.145074e+00 2.170685e+00 2.197782e+00 2.226401e+00 2.256580e+00 2.288357e+00 2.321774e+00 2.356875e+00 2.393706e+00 2.432248e+00 2.468929e+00 2.503824e+00 2.536941e+00 2.568291e+00 2.597879e+00 2.625715e+00 2.651806e+00 2.676158e+00 2.698776e+00 2.719669e+00 2.738839e+00 2.756294e+00 2.772036e+00
7.599597e-01 7.480724e-01 7.361484e-01 7.241304e-01 7.119608e-01 6.995813e-01 6.869325e-01 6.739537e-01 6.605827e-01 6.467553e-01 6.324053e-01 6.174639e-01 6.018594e-01 5.855169e-01 5.747444e-01 5.705389e-01 5.665100e-01 5.626536e-01 5.589659e-01 5.554432e-01 5.520820e-01 5.488790e-01 5.458308e-01 5.429346e-01 5.401874e-01 5.375864e-01 5.351291e-01 5.328130e-01 5.306358e-01 5.285953e-01 5.266895e-01 5.249164e-01 5.232744e-01 5.217617e-01 5.203769e-01 5.191186e-01 5.179855e-01 5.169765e-01 5.160905e-01 5.153268e-01 5.146844e-01 5.141629e-01 5.137616e-01 5.134803e-01 5.133184e-01 5.132761e-01 5.133531e-01 5.135495e-01 5.138656e-01 5.143017e-01 5.148582e-01 5.155357e-01 5.163348e-01 5.172563e-01 5.207851e-01 5.266929e-01 5.325170e-01 5.382783e-01 5.439972e-01 5.496941e-01 5.553893e-01 5.611032e-01 5.668561e-01 5.726685e-01 5.785611e-01 5.845550e-01 5.906716e-01 5.969325e-01
2.049913e+00 2.045277e+00 2.040216e+00 2.034723e+00 2.028792e+00 2.022418e+00 2.015592e+00 2.008307e+00 2.000555e+00 1.992328e+00 1.983616e+00 1.974410e+00 1.964698e+00 1.954471e+00 1.938378e+00 1.917628e+00 1.897499e+00 1.877934e+00 1.858877e+00 1.840272e+00 1.822066e+00 1.804207e+00 1.786643e+00 1.769323e+00 1.752199e+00 1.735219e+00 1.718337e+00 1.701502e+00 1.684666e+00 1.667781e+00 1.650799e+00 1.633670e+00 1.616345e+00 1.598774e+00 1.580907e+00 1.562692e+00 1.544076e+00 1.525006e+00 1.505428e+00 1.485284e+00 1.464517e+00 1.443067e+00 1.420872e+00 1.397868e+00 1.373990e+00 1.349167e+00 1.323329e+00 1.296402e+00 1.268307e+00 1.238964e+00 1.208288e+00 1.176191e+00 1.142581e+00 1.107361e+00 1.080049e+00 1.062906e+00 1.046295e+00 1.030202e+00 1.014613e+00 9.995129e-01 9.848893e-01 9.707287e-01 9.570186e-01 9.437466e-01 9.309011e-01 9.184704e-01 9.064436e-01 8.948098e-01
7.314312e-01 7.201141e-01 7.090231e-01 6.981431e-01 6.874590e-01 6.769559e-01 6.666195e-01 6.564353e-01 6.463894e-01 6.364679e-01 6.266570e-01 6.169432e-01 6.073130e-01 5.977532e-01 5.877667e-01 5.779898e-01 5.688781e-01 5.604051e-01 5.525462e-01 5.452786e-01 5.385814e-01 5.324349e-01 5.268214e-01 5.217246e-01 5.171297e-01 5.130233e-01 5.093937e-01 5.062302e-01 5.035236e-01 5.012661e-01 4.994512e-01 4.980736e-01 4.971292e-01 4.966154e-01 4.965307e-01 4.968747e-01 4.976486e-01 4.988545e-01 5.004960e-01 5.025778e-01 5.051060e-01 5.080879e-01 5.115320e-01 5.154486e-01 5.198488e-01 5.247455e-01 5.301529e-01 5.360866e-01 5.425639e-01 5.496036e-01 5.572261e-01 5.654534e-01 5.743096e-01 5.838202e-01 6.077897e-01 6.429334e-01 6.756217e-01 7.059913e-01 7.341693e-01 7.602736e-01 7.844135e-01 8.066900e-01 8.271963e-01 8.460182e-01 8.632345e-01 8.789172e-01 8.931320e-01 9.059382e-01
4.366329e-01 4.422784e-01 4.481394e-01 4.542233e-01 4.605376e-01 4.670904e-01 4.738898e-01 4.809445e-01 4.882633e-01 4.958554e-01 5.037304e-01 5.118981e-01 5.203689e-01 5.291534e-01 5.425855e-01 5.598085e-01 5.765414e-01 5.928249e-01 6.086984e-01 6.242006e-01 6.393691e-01 6.542406e-01 6.688514e-01 6.832368e-01 6.974318e-01 7.114708e-01 7.253879e-01 7.392170e-01 7.529915e-01 7.667450e-01 7.805107e-01 7.943222e-01 8.082130e-01 8.222167e-01 8.363674e-01 8.506995e-01 8.652476e-01 8.800472e-01 8.951342e-01 9.105452e-01 9.263175e-01 9.424896e-01 9.591006e-01 9.761909e-01 9.938020e-01 1.011977e+00 1.030759e+00 1.050194e+00 1.070330e+00 1.091215e+00 1.112901e+00 1.135439e+00 1.158884e+00 1.183293e+00 1.202808e+00 1.215630e+00 1.227691e+00 1.239004e+00 1.249583e+00 1.259438e+00 1.268582e+00 1.277024e+00 1.284773e+00 1.291840e+00 1.298230e+00 1.303952e+00 1.309011e+00 1.313414e+00
1.663067e+00 1.671526e+00 1.680740e+00 1.690730e+00 1.701520e+00 1.713134e+00 1.725599e+00 1.738945e+00 1.753203e+00 1.768404e+00 1.784585e+00 1.801783e+00 1.820037e+00 1.839391e+00 1.852921e+00 1.859350e+00 1.865650e+00 1.871827e+00 1.877885e+00 1.883829e+00 1.889664e+00 1.895395e+00 1.901025e+00 1.906560e+00 1.912004e+00 1.917361e+00 1.922635e+00 1.927830e+00 1.932951e+00 1.938002e+00 1.942987e+00 1.947908e+00 1.952772e+00 1.957580e+00 1.962337e+00 1.967048e+00 1.971714e+00 1.976341e+00 1.980932e+00 1.985490e+00 1.990019e+00 1.994523e+00 1.999005e+00 2.003468e+00 2.007917e+00 2.012354e+00 2.016784e+00 2.021209e+00 2.025634e+00 2.030061e+00 2.034494e+00 2.038937e+00 2.043394e+00 2.047866e+00 2.056517e+00 2.067746e+00 2.077459e+00 2.085712e+00 2.092552e+00 2.098018e+00 2.102142e+00 2.104946e+00 2.106448e+00 2.106655e+00 2.105569e+00 2.103184e+00 2.099486e+00 2.094454e+00
1.979443e+00 1.982701e+00 1.985744e+00 1.988576e+00 1.991202e+00 1.993624e+00 1.995846e+00 1.997873e+00 1.999706e+00 2.001348e+00 2.002803e+00 2.004071e+00 2.005155e+00 2.006056e+00 2.006753e+00 2.007838e+00 2.009339e+00 2.011258e+00 2.013602e+00 2.016377e+00 2.019591e+00 2.023253e+00 2.027374e+00 2.031965e+00 2.037039e+00 2.042612e+00 2.048698e+00 2.055314e+00 2.062481e+00 2.070218e+00 2.078546e+00 2.087491e+00 2.097077e+00 2.107331e+00 2.118283e+00 2.129963e+00 2.142406e+00 2.155645e+00 2.169720e+00 2.184670e+00 2.200537e+00 2.217367e+00 2.235207e+00 2.254108e+00 2.274124e+00 2.295312e+00 2.317732e+00 2.341448e+00 2.366527e+00 2.393040e+00 2.421063e+00 2.450675e+00 2.481962e+00 2.515010e+00 2.540962e+00 2.557069e+00 2.572293e+00 2.586641e+00 2.600120e+00 2.612737e+00 2.624499e+00 2.635410e+00 2.645476e+00 2.654703e+00 2.663094e+00 2.670654e+00 2.677386e+00 2.683295e+00
1.796164e+00 1.805070e+00 1.813832e+00 1.822456e+00 1.830945e+00 1.839306e+00 1.847542e+00 1.855660e+00 1.863662e+00 1.871555e+00 1.879343e+00 1.887030e+00 1.894620e+00 1.902119e+00 1.915531e+00 1.934171e+00 1.952055e+00 1.969193e+00 1.985597e+00 2.001279e+00 2.016249e+00 2.030518e+00 2.044095e+00 2.056989e+00 2.069209e+00 2.080764e+00 2.091662e+00 2.101909e+00 2.111513e+00 2.120480e+00 2.128816e+00 2.136528e+00 2.143620e+00 2.150097e+00 2.155964e+00 2.161225e+00 2.165883e+00 2.169941e+00 2.173402e+00 2.176269e+00 2.178543e+00 2.180226e+00 2.181319e+00 2.181823e+00 2.181738e+00 2.181065e+00 2.179802e+00 2.177949e+00 2.175505e+00 2.172467e+00 2.168835e+00 2.164605e+00 2.159774e+00 2.154339e+00 2.149952e+00 2.147512e+00 2.145362e+00 2.143497e+00 2.141915e+00 2.140613e+00 2.139589e+00 2.138842e+00 2.138370e+00 2.138172e+00 2.138249e+00 2.138600e+00 2.139226e+00 2.140128e+00
1.698456e+00 1.680797e+00 1.659823e+00 1.635379e+00 1.607286e+00 1.575335e+00 1.539290e+00 1.498886e+00 1.453824e+00 1.403771e+00 1.348357e+00 1.287174e+00 1.219770e+00 1.145646e+00 1.064813e+00 9.915931e-01 9.248788e-01 8.641683e-01 8.090045e-01 7.589723e-01 7.136953e-01 6.728326e-01 6.360767e-01 6.031510e-01 5.738077e-01 5.478259e-01 5.250103e-01 5.051889e-01 4.882128e-01 4.739540e-01 4.623053e-01 4.531791e-01 4.465066e-01 4.422377e-01 4.403401e-01 4.407997e-01 4.436198e-01 4.488218e-01 4.564447e-01 4.665460e-01 4.792016e-01 4.945068e-01 5.125767e-01 5.335474e-01 5.575767e-01 5.848455e-01 6.155588e-01 6.499480e-01 6.882718e-01 7.308185e-01 7.779085e-01 8.298961e-01 8.871725e-01 9.501688e-01 9.901110e-01 1.000083e+00 1.009337e+00 1.017877e+00 1.025705e+00 1.032825e+00 1.039239e+00 1.044950e+00 1.049960e+00 1.054271e+00 1.057885e+00 1.060802e+00 1.063024e+00 1.064552e+00
2.031138e+00 2.015419e+00 1.998634e+00 1.980770e+00 1.961808e+00 1.941732e+00 1.920523e+00 1.898161e+00 1.874625e+00 1.849894e+00 1.823944e+00 1.796752e+00 1.768292e+00 1.738538e+00 1.710528e+00 1.686290e+00 1.662727e+00 1.639812e+00 1.617515e+00 1.595811e+00 1.574672e+00 1.554072e+00 1.533988e+00 1.514393e+00 1.495264e+00 1.476579e+00 1.458313e+00 1.440446e+00 1.422954e+00 1.405817e+00 1.389014e+00 1.372525e+00 1.356328e+00 1.340405e+00 1.324736e+00 1.309302e+00 1.294085e+00 1.279065e+00 1.264224e+00 1.249544e+00 1.235008e+00 1.220597e+00 1.206295e+00 1.192082e+00 1.177944e+00 1.163861e+00 1.149817e+00 1.135795e+00 1.121777e+00 1.107747e+00 1.093687e+00 1.079581e+00 1.065411e+00 1.051159e+00 1.024499e+00 9.876352e-01 9.527997e-01 9.199182e-01 8.889208e-01 8.597415e-01 8.323182e-01 8.065927e-01 7.825101e-01 7.600192e-01 7.390722e-01 7.196245e-01 7.016347e-01 6.850645e-01
1.104023e+00 1.102978e+00 1.101975e+00 1.101010e+00 1.100080e+00 1.099183e+00 1.098317e+00 1.097478e+00 1.096665e+00 1.095875e+00 1.095106e+00 1.094356e+00 1.093622e+00 1.092902e+00 1.092346e+00 1.092256e+00 1.092481e+00 1.093023e+00 1.093880e+00 1.095055e+00 1.096547e+00 1.098357e+00 1.100488e+00 1.102941e+00 1.105717e+00 1.108818e+00 1.112247e+00 1.116007e+00 1.120099e+00 1.124528e+00 1.129296e+00 1.134407e+00 1.139865e+00 1.145674e+00 1.151837e+00 1.158360e+00 1.165247e+00 1.172504e+00 1.180135e+00 1.188147e+00 1.196545e+00 1.205335e+00 1.214524e+00 1.224120e+00 1.234127e+00 1.244556e+00 1.255411e+00 1.266703e+00 1.278439e+00 1.290628e+00 1.303279e+00 1.316400e+00 1.330003e+00 1.344097e+00 1.405405e+00 1.506621e+00 1.601522e+00 1.690565e+00 1.774183e+00 1.852779e+00 1.926732e+00 1.996402e+00 2.062124e+00 2.124217e+00 2.182981e+00 2.238700e+00 2.291643e+00 2.342067e+00
8.945816e-01 8.938516e-01 8.926280e-01 8.909095e-01 8.886943e-01 8.859803e-01 8.827648e-01 8.790446e-01 8.748159e-01 8.700746e-01 8.648159e-01 8.590347e-01 8.527250e-01 8.458807e-01 8.400257e-01 8.362102e-01 8.328989e-01 8.300877e-01 8.277732e-01 8.259523e-01 8.246229e-01 8.237833e-01 8.234324e-01 8.235699e-01 8.241959e-01 8.253112e-01 8.269171e-01 8.290157e-01 8.316095e-01 8.347018e-01 8.382965e-01 8.423979e-01 8.470112e-01 8.521422e-01 8.577971e-01 8.639830e-01 8.707077e-01 8.779794e-01 8.858072e-01 8.942007e-01 9.031706e-01 9.127277e-01 9.228842e-01 9.336525e-01 9.450460e-01 9.570790e-01 9.697662e-01 9.831236e-01 9.971677e-01 1.011916e+00 1.027387e+00 1.043599e+00 1.060573e+00 1.078330e+00 1.110912e+00 1.154830e+00 1.196140e+00 1.234912e+00 1.271214e+00 1.305108e+00 1.336653e+00 1.365903e+00 1.392910e+00 1.417719e+00 1.440374e+00 1.460913e+00 1.479372e+00 1.495784e+00
5.532145e+00 5.599571e+00 5.663820e+00 5.724912e+00 5.782868e+00 5.837707e+00 5.889447e+00 5.938105e+00 5.983698e+00 6.026240e+00 6.065745e+00 6.102227e+00 6.135698e+00 6.166168e+00 6.187774e+00 6.202957e+00 6.217592e+00 6.231683e+00 6.245231e+00 6.258239e+00 6.270709e+00 6.282643e+00 6.294044e+00 6.304913e+00 6.315252e+00 6.325062e+00 6.334346e+00 6.343106e+00 6.351341e+00 6.359055e+00 6.366248e+00 6.372921e+00 6.379076e+00 6.384714e+00 6.389835e+00 6.394441e+00 6.398532e+00 6.402109e+00 6.405172e+00 6.407723e+00 6.409761e+00 6.411287e+00 6.412301e+00 6.412803e+00 6.412794e+00 6.412273e+00 6.411240e+00 6.409696e+00 6.407639e+00 6.405070e+00 6.401988e+00 6.398392e+00 6.394283e+00 6.389658e+00 6.384281e+00 6.378080e+00 6.371293e+00 6.363917e+00 6.355949e+00 6.347386e+00 6.338226e+00 6.328465e+00 6.318099e+00 6.307125e+00 6.295538e+00 6.283336e+00 6.270512e+00 6.257063e+00
2.363395e+00 2.355308e+00 2.347189e+00 2.339033e+00 2.330838e+00 2.322598e+00 2.314310e+00 2.305969e+00 2.297573e+00 2.289116e+00 2.280595e+00 2.272006e+00 2.263344e+00 2.254606e+00 2.248564e+00 2.244965e+00 2.241026e+00 2.236742e+00 2.232105e+00 2.227109e+00 2.221748e+00 2.216012e+00 2.209894e+00 2.203385e+00 2.196475e+00 2.189154e+00 2.181412e+00 2.173237e+00 2.164617e+00 2.155540e+00 2.145992e+00 2.135959e+00 2.125427e+00 2.114381e+00 2.102804e+00 2.090679e+00 2.077989e+00 2.064715e+00 2.050838e+00 2.036337e+00 2.021192e+00 2.005380e+00 1.988877e+00 1.971661e+00 1.953706e+00 1.934985e+00 1.915472e+00 1.895137e+00 1.873952e+00 1.851885e+00 1.828903e+00 1.804974e+00 1.780063e+00 1.754133e+00 1.733661e+00 1.720148e+00 1.707071e+00 1.694419e+00 1.682184e+00 1.670357e+00 1.658929e+00 1.647894e+00 1.637242e+00 1.626966e+00 1.617060e+00 1.607516e+00 1.598327e+00 1.589488e+00
4.133228e+00 4.157890e+00 4.180085e+00 4.199854e+00 4.217233e+00 4.232255e+00 4.244948e+00 4.255334e+00 4.263433e+00 4.269259e+00 4.272824e+00 4.274134e+00 4.273191e+00 4.269994e+00 4.266544e+00 4.264843e+00 4.262884e+00 4.260664e+00 4.258183e+00 4.255439e+00 4.252430e+00 4.249153e+00 4.245608e+00 4.241790e+00 4.237699e+00 4.233330e+00 4.228681e+00 4.223750e+00 4.218531e+00 4.213023e+00 4.207221e+00 4.201121e+00 4.194719e+00 4.188011e+00 4.180993e+00 4.173659e+00 4.166005e+00 4.158025e+00 4.149714e+00 4.141067e+00 4.132077e+00 4.122739e+00 4.113046e+00 4.102991e+00 4.092568e+00 4.081770e+00 4.070590e+00 4.059019e+00 4.047051e+00 4.034676e+00 4.021887e+00 4.008675e+00 3.995031e+00 3.980946e+00 3.951865e+00 3.908248e+00 3.864565e+00 3.820744e+00 3.776712e+00 3.732396e+00 3.687722e+00 3.642617e+00 3.597004e+00 3.550808e+00 3.503953e+00 3.456361e+00 3.407951e+00 3.358645e+00
1.479344e+00 1.456864e+00 1.432151e+00 1.405107e+00 1.375626e+00 1.343592e+00 1.308878e+00 1.271348e+00 1.230855e+00 1.187237e+00 1.140325e+00 1.089931e+00 1.035859e+00 9.778955e-01 9.389336e-01 9.236330e-01 9.088596e-01 8.946022e-01 8.808499e-01 8.675921e-01 8.548189e-01 8.425205e-01 8.306874e-01 8.193108e-01 8.083817e-01 7.978921e-01 7.878338e-01 7.781992e-01 7.689809e-01 7.601720e-01 7.517656e-01 7.437555e-01 7.361354e-01 7.288995e-01 7.220425e-01 7.155589e-01 7.094439e-01 7.036928e-01 6.983013e-01 6.932652e-01 6.885806e-01 6.842441e-01 6.802523e-01 6.766021e-01 6.732908e-01 6.703158e-01 6.676749e-01 6.653661e-01 6.633876e-01 6.617379e-01 6.604157e-01 6.594200e-01 6.587502e-01 6.584055e-01 6.583705e-01 6.583724e-01 6.584268e-01 6.585339e-01 6.586939e-01 6.589073e-01 6.591749e-01 6.594974e-01 6.598758e-01 6.603113e-01 6.608052e-01 6.613591e-01 6.619746e-01 6.626536e-01
1.171702e+00 1.186767e+00 1.202814e+00 1.219859e+00 1.237922e+00 1.257025e+00 1.277190e+00 1.298440e+00 1.320801e+00 1.344296e+00 1.368955e+00 1.394806e+00 1.421878e+00 1.450204e+00 1.476225e+00 1.497671e+00 1.518144e+00 1.537654e+00 1.556212e+00 1.573826e+00 1.590506e+00 1.606260e+00 1.621097e+00 1.635025e+00 1.648050e+00 1.660179e+00 1.671419e+00 1.681775e+00 1.691252e+00 1.699857e+00 1.707592e+00 1.714462e+00 1.720471e+00 1.725621e+00 1.729916e+00 1.733357e+00 1.735946e+00 1.737685e+00 1.738575e+00 1.738616e+00 1.737808e+00 1.736150e+00 1.733642e+00 1.730282e+00 1.726070e+00 1.721001e+00 1.715075e+00 1.708288e+00 1.700635e+00 1.692115e+00 1.682721e+00 1.672449e+00 1.661295e+00 1.649251e+00 1.636675e+00 1.624362e+00 1.611947e+00 1.599425e+00 1.586791e+00 1.574040e+00 1.561168e+00 1.548170e+00 1.535041e+00 1.521777e+00 1.508373e+00 1.494823e+00 1.481123e+00 1.467267e+00
1.582868e+00 1.585001e+00 1.587201e+00 1.589470e+00 1.591808e+00 1.594217e+00 1.596698e+00 1.599251e+00 1.601877e+00 1.604578e+00 1.607355e+00 1.610209e+00 1.613140e+00 1.616151e+00 1.619536e+00 1.622543e+00 1.624880e+00 1.626550e+00 1.627554e+00 1.627893e+00 1.627568e+00 1.626579e+00 1.624923e+00 1.622601e+00 1.619608e+00 1.615944e+00 1.611602e+00 1.606581e+00 1.600874e+00 1.594475e+00 1.587379e+00 1.579579e+00 1.571065e+00 1.561832e+00 1.551867e+00 1.541163e+00 1.529709e+00 1.517492e+00 1.504501e+00 1.490723e+00 1.476144e+00 1.460750e+00 1.444525e+00 1.427453e+00 1.409518e+00 1.390700e+00 1.370983e+00 1.350345e+00 1.328767e+00 1.306227e+00 1.282703e+00 1.258171e+00 1.232606e+00 1.205984e+00 1.181906e+00 1.162073e+00 1.142844e+00 1.124206e+00 1.106145e+00 1.088648e+00 1.071703e+00 1.055298e+00 1.039422e+00 1.024062e+00 1.009209e+00 9.948508e-01 9.809785e-01 9.675819e-01
1.852169e+00 1.879677e+00 1.908575e+00 1.938931e+00 1.970816e+00 2.004307e+00 2.039482e+00 2.076423e+00 2.115218e+00 2.155958e+00 2.198738e+00 2.243661e+00 2.290830e+00 2.340359e+00 2.400207e+00 2.463877e+00 2.523578e+00 2.579363e+00 2.631281e+00 2.679377e+00 2.723694e+00 2.764269e+00 2.801139e+00 2.834335e+00 2.863888e+00 2.889821e+00 2.912160e+00 2.930922e+00 2.946124e+00 2.957780e+00 2.965899e+00 2.970490e+00 2.971555e+00 2.969096e+00 2.963111e+00 2.953594e+00 2.940537e+00 2.923929e+00 2.903755e+00 2.879997e+00 2.852636e+00 2.821645e+00 2.787000e+00 2.748669e+00 2.706619e+00 2.660813e+00 2.611210e+00 2.557769e+00 2.500441e+00 2.439177e+00 2.373923e+00 2.304622e+00 2.231213e+00 2.153633e+00 2.086378e+00 2.035542e+00 1.986501e+00 1.939197e+00 1.893572e+00 1.849574e+00 1.807149e+00 1.766248e+00 1.726822e+00 1.688824e+00 1.652208e+00 1.616933e+00 1.582954e+00 1.550233e+00
2.993446e+00 3.025970e+00 3.059871e+00 3.095219e+00 3.132088e+00 3.170553e+00 3.210696e+00 3.252598e+00 3.296346e+00 3.342032e+00 3.389750e+00 3.439598e+00 3.491681e+00 3.546105e+00 3.601600e+00 3.652388e+00 3.699871e+00 3.744063e+00 3.784978e+00 3.822629e+00 3.857028e+00 3.888186e+00 3.916112e+00 3.940814e+00 3.962302e+00 3.980581e+00 3.995657e+00 4.007535e+00 4.016219e+00 4.021711e+00 4.024013e+00 4.023126e+00 4.019049e+00 4.011782e+00 4.001322e+00 3.987665e+00 3.970808e+00 3.950745e+00 3.927469e+00 3.900975e+00 3.871252e+00 3.838293e+00 3.802086e+00 3.762621e+00 3.719884e+00 3.673863e+00 3.624543e+00 3.571909e+00 3.515944e+00 3.456631e+00 3.393952e+00 3.327885e+00 3.258412e+00 3.185509e+00 3.120974e+00 3.069577e+00 3.019432e+00 2.970468e+00 2.922620e+00 2.875822e+00 2.830009e+00 2.785121e+00 2.741095e+00 2.697871e+00 2.655390e+00 2.613595e+00 2.572428e+00 2.531833e+00
1.760882e+00 1.770358e+00 1.778918e+00 1.786566e+00 1.793307e+00 1.799142e+00 1.804077e+00 1.808111e+00 1.811249e+00 1.813492e+00 1.814839e+00 1.815293e+00 1.814854e+00 1.813521e+00 1.810683e+00 1.807952e+00 1.805935e+00 1.804629e+00 1.804030e+00 1.804138e+00 1.804953e+00 1.806477e+00 1.808712e+00 1.811661e+00 1.815330e+00 1.819725e+00 1.824853e+00 1.830722e+00 1.837343e+00 1.844726e+00 1.852884e+00 1.861830e+00 1.871579e+00 1.882148e+00 1.893553e+00 1.905814e+00 1.918951e+00 1.932987e+00 1.947943e+00 1.963847e+00 1.980722e+00 1.998599e+00 2.017507e+00 2.037476e+00 2.058540e+00 2.080735e+00 2.104097e+00 2.128665e+00 2.154480e+00 2.181585e+00 2.210025e+00 2.239846e+00 2.271100e+00 2.303838e+00 2.333237e+00 2.355853e+00 2.376580e+00 2.395437e+00 2.412440e+00 2.427603e+00 2.440940e+00 2.452460e+00 2.462176e+00 2.470094e+00 2.476221e+00 2.480564e+00 2.483124e+00 2.483906e+00
1.360141e+00 1.372802e+00 1.386391e+00 1.400922e+00 1.416407e+00 1.432861e+00 1.450301e+00 1.468742e+00 1.488201e+00 1.508698e+00 1.530251e+00 1.552881e+00 1.576610e+00 1.601459e+00 1.625564e+00 1.647870e+00 1.670286e+00 1.692829e+00 1.715518e+00 1.738372e+00 1.761411e+00 1.784653e+00 1.808119e+00 1.831826e+00 1.855796e+00 1.880048e+00 1.904603e+00 1.929480e+00 1.954702e+00 1.980288e+00 2.006260e+00 2.032639e+00 2.059449e+00 2.086711e+00 2.114447e+00 2.142681e+00 2.171437e+00 2.200739e+00 2.230610e+00 2.261077e+00 2.292163e+00 2.323896e+00 2.356301e+00 2.389406e+00 2.423239e+00 2.457827e+00 2.493199e+00 2.529385e+00 2.566416e+00 2.604321e+00 2.643133e+00 2.682884e+00 2.723606e+00 2.765335e+00 2.832103e+00 2.918615e+00 3.000898e+00 3.078976e+00 3.152871e+00 3.222603e+00 3.288192e+00 3.349656e+00 3.407012e+00 3.460276e+00 3.509464e+00 3.554589e+00 3.595663e+00 3.632699e+00
1.072680e+00 1.071990e+00 1.072768e+00 1.075016e+00 1.078738e+00 1.083944e+00 1.090646e+00 1.098860e+00 1.108604e+00 1.119901e+00 1.132778e+00 1.147265e+00 1.163396e+00 1.181208e+00 1.194723e+00 1.202218e+00 1.209723e+00 1.217246e+00 1.224795e+00 1.232381e+00 1.240010e+00 1.247693e+00 1.255438e+00 1.263255e+00 1.271151e+00 1.279137e+00 1.287221e+00 1.295413e+00 1.303723e+00 1.312160e+00 1.320733e+00 1.329454e+00 1.338331e+00 1.347375e+00 1.356598e+00 1.366008e+00 1.375618e+00 1.385438e+00 1.395480e+00 1.405756e+00 1.416277e+00 1.427055e+00 1.438104e+00 1.449435e+00 1.461063e+00 1.472999e+00 1.485260e+00 1.497857e+00 1.510807e+00 1.524124e+00 1.537824e+00 1.551922e+00 1.566434e+00 1.581379e+00 1.597674e+00 1.614360e+00 1.630537e+00 1.646209e+00 1.661379e+00 1.676048e+00 1.690220e+00 1.703897e+00 1.717081e+00 1.729776e+00 1.741982e+00 1.753703e+00 1.764940e+00 1.775696e+00
1.258654e+00 1.282405e+00 1.306595e+00 1.331269e+00 1.356473e+00 1.382255e+00 1.408661e+00 1.435741e+00 1.463546e+00 1.492126e+00 1.521534e+00 1.551827e+00 1.583058e+00 1.615288e+00 1.645871e+00 1.672732e+00 1.698619e+00 1.723571e+00 1.747629e+00 1.770830e+00 1.793211e+00 1.814808e+00 1.835654e+00 1.855783e+00 1.875226e+00 1.894015e+00 1.912179e+00 1.929746e+00 1.946745e+00 1.963203e+00 1.979145e+00 1.994597e+00 2.009582e+00 2.024126e+00 2.038251e+00 2.051979e+00 2.065332e+00 2.078330e+00 2.090996e+00 2.103348e+00 2.115407e+00 2.127191e+00 2.138719e+00 2.150009e+00 2.161079e+00 2.171947e+00 2.182630e+00 2.193144e+00 2.203506e+00 2.213734e+00 2.223842e+00 2.233847e+00 2.243765e+00 2.253612e+00 2.275964e+00 2.309088e+00 2.340470e+00 2.370161e+00 2.398206e+00 2.424648e+00 2.449528e+00 2.472885e+00 2.494754e+00 2.515169e+00 2.534161e+00 2.551761e+00 2.567995e+00 2.582888e+00
1.289288e+00 1.289275e+00 1.288965e+00 1.288358e+00 1.287455e+00 1.286253e+00 1.284752e+00 1.282952e+00 1.280851e+00 1.278447e+00 1.275739e+00 1.272724e+00 1.269401e+00 1.265767e+00 1.254220e+00 1.236348e+00 1.219646e+00 1.204014e+00 1.189359e+00 1.175594e+00 1.162636e+00 1.150408e+00 1.138837e+00 1.127854e+00 1.117393e+00 1.107393e+00 1.097794e+00 1.088537e+00 1.079569e+00 1.070835e+00 1.062284e+00 1.053864e+00 1.045526e+00 1.037218e+00 1.028893e+00 1.020500e+00 1.011989e+00 1.003310e+00 9.944103e-01 9.852371e-01 9.757357e-01 9.658495e-01 9.555194e-01 9.446840e-01 9.332784e-01 9.212348e-01 9.084812e-01 8.949415e-01 8.805350e-01 8.651759e-01 8.487723e-01 8.312265e-01 8.124339e-01 7.922823e-01 7.792315e-01 7.747870e-01 7.703637e-01 7.659565e-01 7.615601e-01 7.571695e-01 7.527795e-01 7.483850e-01 7.439809e-01 7.395619e-01 7.351231e-01 7.306591e-01 7.261648e-01 7.216350e-01
2.091641e+00 2.077478e+00 2.061240e+00 2.042904e+00 2.022446e+00 1.999838e+00 1.975049e+00 1.948047e+00 1.918794e+00 1.887250e+00 1.853374e+00 1.817119e+00 1.778437e+00 1.737275e+00 1.699726e+00 1.669383e+00 1.640052e+00 1.611687e+00 1.584246e+00 1.557689e+00 1.531974e+00 1.507064e+00 1.482920e+00 1.459506e+00 1.436787e+00 1.414729e+00 1.393298e+00 1.372463e+00 1.352191e+00 1.332453e+00 1.313218e+00 1.294457e+00 1.276143e+00 1.258247e+00 1.240743e+00 1.223604e+00 1.206805e+00 1.190320e+00 1.174124e+00 1.158193e+00 1.142503e+00 1.127030e+00 1.111750e+00 1.096642e+00 1.081682e+00 1.066848e+00 1.052116e+00 1.037466e+00 1.022875e+00 1.008321e+00 9.937813e-01 9.792351e-01 9.646601e-01 9.500343e-01 9.344052e-01 9.191155e-01 9.050682e-01 8.922380e-01 8.806018e-01 8.701387e-01 8.608298e-01 8.526583e-01 8.456096e-01 8.396709e-01 8.348315e-01 8.310828e-01 8.284179e-01 8.268321e-01
2.183835e+00 2.187926e+00 2.191327e+00 2.194040e+00 2.196067e+00 2.197408e+00 2.198063e+00 2.198034e+00 2.197320e+00 2.195920e+00 2.193834e+00 2.191062e+00 2.187601e+00 2.183451e+00 2.179890e+00 2.177773e+00 2.175818e+00 2.174023e+00 2.172386e+00 2.170907e+00 2.169583e+00 2.168413e+00 2.167397e+00 2.166532e+00 2.165819e+00 2.165257e+00 2.164845e+00 2.164583e+00 2.164470e+00 2.164506e+00 2.164692e+00 2.165028e+00 2.165513e+00 2.166149e+00 2.166936e+00 2.167875e+00 2.168966e+00 2.170211e+00 2.171611e+00 2.173167e+00 2.174881e+00 2.176754e+00 2.178789e+00 2.180986e+00 2.183349e+00 2.185879e+00 2.188579e+00 2.191451e+00 2.194499e+00 2.197724e+00 2.201131e+00 2.204722e+00 2.208502e+00 2.212472e+00 2.216772e+00 2.220925e+00 2.224800e+00 2.228400e+00 2.231725e+00 2.234777e+00 2.237557e+00 2.240067e+00 2.242307e+00 2.244279e+00 2.245984e+00 2.247422e+00 2.248594e+00 2.249500e+00
1.872214e+00 1.878317e+00 1.883373e+00 1.887384e+00 1.890354e+00 1.892284e+00 1.893177e+00 1.893033e+00 1.891851e+00 1.889632e+00 1.886373e+00 1.882072e+00 1.876725e+00 1.870329e+00 1.852947e+00 1.828452e+00 1.806716e+00 1.787686e+00 1.771317e+00 1.757568e+00 1.746407e+00 1.737806e+00 1.731744e+00 1.728207e+00 1.727187e+00 1.728680e+00 1.732691e+00 1.739229e+00 1.748310e+00 1.759956e+00 1.774195e+00 1.791062e+00 1.810597e+00 1.832848e+00 1.857868e+00 1.885718e+00 1.916467e+00 1.950187e+00 1.986960e+00 2.026877e+00 2.070032e+00 2.116531e+00 2.166487e+00 2.220020e+00 2.277259e+00 2.338344e+00 2.403422e+00 2.472651e+00 2.546198e+00 2.624241e+00 2.706970e+00 2.794584e+00 2.887296e+00 2.985330e+00 3.058060e+00 3.098631e+00 3.137923e+00 3.175957e+00 3.212749e+00 3.248317e+00 3.282677e+00 3.315847e+00 3.347842e+00 3.378677e+00 3.408367e+00 3.436925e+00 3.464365e+00 3.490700e+00
2.849452e+00 2.850007e+00 2.850342e+00 2.850457e+00 2.850352e+00 2.850026e+00 2.849480e+00 2.848714e+00 2.847725e+00 2.846515e+00 2.845083e+00 2.843427e+00 2.841546e+00 2.839439e+00 2.836053e+00 2.831457e+00 2.826696e+00 2.821763e+00 2.816650e+00 2.811349e+00 2.805852e+00 2.800151e+00 2.794238e+00 2.788102e+00 2.781736e+00 2.775129e+00 2.768271e+00 2.761151e+00 2.753760e+00 2.746085e+00 2.738116e+00 2.729839e+00 2.721242e+00 2.712313e+00 2.703037e+00 2.693400e+00 2.683389e+00 2.672987e+00 2.662178e+00 2.650947e+00 2.639276e+00 2.627148e+00 2.614544e+00 2.601444e+00 2.587829e+00 2.573679e+00 2.558971e+00 2.543684e+00 2.527793e+00 2.511275e+00 2.494105e+00 2.476256e+00 2.457702e+00 2.438414e+00 2.402428e+00 2.353074e+00 2.306154e+00 2.261545e+00 2.219128e+00 2.178790e+00 2.140424e+00 2.103928e+00 2.069206e+00 2.036165e+00 2.004717e+00 1.974779e+00 1.946271e+00 1.919118e+00
1.632482e+00 1.694270e+00 1.759805e+00 1.829425e+00 1.903488e+00 1.982377e+00 2.066498e+00 2.156284e+00 2.252198e+00 2.354735e+00 2.464422e+00 2.581826e+00 2.707551e+00 2.842245e+00 2.929573e+00 2.958800e+00 2.986970e+00 3.014097e+00 3.040194e+00 3.065274e+00 3.089349e+00 3.112432e+00 3.134534e+00 3.155664e+00 3.175835e+00 3.195055e+00 3.213334e+00 3.230681e+00 3.247105e+00 3.262614e+00 3.277214e+00 3.290915e+00 3.303721e+00 3.315640e+00 3.326677e+00 3.336838e+00 3.346128e+00 3.354551e+00 3.362111e+00 3.368813e+00 3.374659e+00 3.379652e+00 3.383795e+00 3.387090e+00 3.389538e+00 3.391141e+00 3.391899e+00 3.391813e+00 3.390883e+00 3.389108e+00 3.386487e+00 3.383020e+00 3.378704e+00 3.373537e+00 3.365284e+00 3.354126e+00 3.342293e+00 3.329782e+00 3.316587e+00 3.302705e+00 3.288130e+00 3.272859e+00 3.256887e+00 3.240207e+00 3.222815e+00 3.204704e+00 3.185869e+00 3.166304e+00
2.700188e+00 2.719768e+00 2.739215e+00 2.758546e+00 2.777776e+00 2.796921e+00 2.815997e+00 2.835021e+00 2.854007e+00 2.872972e+00 2.891931e+00 2.910900e+00 2.929895e+00 2.948932e+00 2.965017e+00 2.978457e+00 2.992267e+00 3.006454e+00 3.021024e+00 3.035984e+00 3.051340e+00 3.067101e+00 3.083272e+00 3.099861e+00 3.116877e+00 3.134326e+00 3.152216e+00 3.170557e+00 3.189356e+00 3.208621e+00 3.228363e+00 3.248589e+00 3.269309e+00 3.290532e+00 3.312268e+00 3.334528e+00 3.357321e+00 3.380657e+00 3.404548e+00 3.429004e+00 3.454037e+00 3.479658e+00 3.505878e+00 3.532710e+00 3.560166e+00 3.588258e+00 3.617000e+00 3.646404e+00 3.676484e+00 3.707254e+00 3.738728e+00 3.770920e+00 3.803845e+00 3.837517e+00 3.875762e+00 3.914617e+00 3.950278e+00 3.982752e+00 4.012041e+00 4.038150e+00 4.061083e+00 4.080843e+00 4.097431e+00 4.110851e+00 4.121105e+00 4.128192e+00 4.132116e+00 4.132875e+00
7.559410e-01 7.664217e-01 7.773996e-01 7.888870e-01 8.008966e-01 8.134417e-01 8.265364e-01 8.401951e-01 8.544331e-01 8.692663e-01 8.847110e-01 9.007846e-01 9.175048e-01 9.348903e-01 9.541489e-01 9.737438e-01 9.925311e-01 1.010553e+00 1.027850e+00 1.044463e+00 1.060427e+00 1.075780e+00 1.090556e+00 1.104788e+00 1.118509e+00 1.131750e+00 1.144541e+00 1.156910e+00 1.168886e+00 1.180496e+00 1.191766e+00 1.202721e+00 1.213387e+00 1.223788e+00 1.233946e+00 1.243885e+00 1.253628e+00 1.263196e+00 1.272612e+00 1.281896e+00 1.291069e+00 1.300153e+00 1.309168e+00 1.318133e+00 1.327071e+00 1.336000e+00 1.344941e+00 1.353914e+00 1.362939e+00 1.372038e+00 1.381229e+00 1.390536e+00 1.399977e+00 1.409575e+00 1.422769e+00 1.438135e+00 1.452315e+00 1.465366e+00 1.477340e+00 1.488283e+00 1.498240e+00 1.507249e+00 1.515345e+00 1.522562e+00 1.528927e+00 1.534466e+00 1.539200e+00 1.543148e+00
2.311550e+00 2.282884e+00 2.250910e+00 2.215524e+00 2.176611e+00 2.134043e+00 2.087683e+00 2.037378e+00 1.982965e+00 1.924267e+00 1.861091e+00 1.793232e+00 1.720469e+00 1.642565e+00 1.577756e+00 1.534369e+00 1.493826e+00 1.456047e+00 1.420959e+00 1.388494e+00 1.358588e+00 1.331182e+00 1.306224e+00 1.283664e+00 1.263459e+00 1.245569e+00 1.229959e+00 1.216599e+00 1.205462e+00 1.196528e+00 1.189777e+00 1.185198e+00 1.182781e+00 1.182522e+00 1.184420e+00 1.188478e+00 1.194706e+00 1.203114e+00 1.213719e+00 1.226542e+00 1.241609e+00 1.258948e+00 1.278593e+00 1.300582e+00 1.324960e+00 1.351772e+00 1.381072e+00 1.412916e+00 1.447367e+00 1.484492e+00 1.524364e+00 1.567060e+00 1.612664e+00 1.661264e+00 1.733438e+00 1.819981e+00 1.900642e+00 1.975636e+00 2.045161e+00 2.109403e+00 2.168533e+00 2.222709e+00 2.272074e+00 2.316760e+00 2.356886e+00 2.392558e+00 2.423873e+00 2.450912e+00
1.728914e+00 1.728390e+00 1.727392e+00 1.725920e+00 1.723972e+00 1.721546e+00 1.718639e+00 1.715248e+00 1.711370e+00 1.706999e+00 1.702132e+00 1.696763e+00 1.690886e+00 1.684495e+00 1.678234e+00 1.672740e+00 1.667358e+00 1.662088e+00 1.656928e+00 1.651876e+00 1.646932e+00 1.642095e+00 1.637362e+00 1.632734e+00 1.628207e+00 1.623783e+00 1.619459e+00 1.615234e+00 1.611107e+00 1.607078e+00 1.603145e+00 1.599307e+00 1.595563e+00 1.591912e+00 1.588354e+00 1.584887e+00 1.581511e+00 1.578224e+00 1.575027e+00 1.571917e+00 1.568895e+00 1.565959e+00 1.563109e+00 1.560344e+00 1.557664e+00 1.555067e+00 1.552553e+00 1.550121e+00 1.547772e+00 1.545503e+00 1.543315e+00 1.541207e+00 1.539179e+00 1.537229e+00 1.534831e+00 1.531738e+00 1.528477e+00 1.525044e+00 1.521436e+00 1.517650e+00 1.513681e+00 1.509526e+00 1.505181e+00 1.500642e+00 1.495903e+00 1.490962e+00 1.485812e+00 1.480449e+00
1.695706e+00 1.721520e+00 1.748416e+00 1.776437e+00 1.805630e+00 1.836043e+00 1.867726e+00 1.900729e+00 1.935109e+00 1.970921e+00 2.008223e+00 2.047078e+00 2.087549e+00 2.129702e+00 2.173417e+00 2.216585e+00 2.259401e+00 2.301873e+00 2.344006e+00 2.385808e+00 2.427285e+00 2.468444e+00 2.509291e+00 2.549834e+00 2.590078e+00 2.630031e+00 2.669698e+00 2.709085e+00 2.748200e+00 2.787049e+00 2.825637e+00 2.863970e+00 2.902056e+00 2.939900e+00 2.977509e+00 3.014887e+00 3.052042e+00 3.088978e+00 3.125703e+00 3.162222e+00 3.198541e+00 3.234665e+00 3.270601e+00 3.306354e+00 3.341930e+00 3.377335e+00 3.412574e+00 3.447653e+00 3.482578e+00 3.517354e+00 3.551986e+00 3.586481e+00 3.620844e+00 3.655081e+00 3.689797e+00 3.722908e+00 3.753828e+00 3.782574e+00 3.809161e+00 3.833603e+00 3.855913e+00 3.876101e+00 3.894179e+00 3.910155e+00 3.924039e+00 3.935837e+00 3.945555e+00 3.953199e+00
2.219538e+00 2.193489e+00 2.165768e+00 2.136352e+00 2.105217e+00 2.072338e+00 2.037688e+00 2.001239e+00 1.962962e+00 1.922825e+00 1.880796e+00 1.836840e+00 1.790922e+00 1.743005e+00 1.696139e+00 1.653777e+00 1.612787e+00 1.573129e+00 1.534763e+00 1.497652e+00 1.461758e+00 1.427046e+00 1.393481e+00 1.361031e+00 1.329663e+00 1.299346e+00 1.270050e+00 1.241746e+00 1.214406e+00 1.188003e+00 1.162510e+00 1.137903e+00 1.114157e+00 1.091248e+00 1.069154e+00 1.047852e+00 1.027323e+00 1.007544e+00 9.884979e-01 9.701642e-01 9.525253e-01 9.355635e-01 9.192621e-01 9.036050e-01 8.885766e-01 8.741620e-01 8.603470e-01 8.471178e-01 8.344614e-01 8.223651e-01 8.108170e-01 7.998057e-01 7.893202e-01 7.793501e-01 7.602473e-01 7.338882e-01 7.097782e-01 6.877952e-01 6.678281e-01 6.497761e-01 6.335479e-01 6.190615e-01 6.062435e-01 5.950293e-01 5.853622e-01 5.771932e-01 5.704811e-01 5.651920e-01
1.088250e+00 1.093891e+00 1.099575e+00 1.105305e+00 1.111082e+00 1.116909e+00 1.122788e+00 1.128722e+00 1.134711e+00 1.140759e+00 1.146868e+00 1.153040e+00 1.159278e+00 1.165583e+00 1.172217e+00 1.179436e+00 1.186982e+00 1.194858e+00 1.203067e+00 1.211611e+00 1.220494e+00 1.229717e+00 1.239284e+00 1.249198e+00 1.259462e+00 1.270079e+00 1.281053e+00 1.292387e+00 1.304084e+00 1.316149e+00 1.328584e+00 1.341395e+00 1.354585e+00 1.368158e+00 1.382119e+00 1.396471e+00 1.411220e+00 1.426371e+00 1.441927e+00 1.457894e+00 1.474277e+00 1.491082e+00 1.508313e+00 1.525975e+00 1.544075e+00 1.562619e+00 1.581611e+00 1.601058e+00 1.620967e+00 1.641343e+00 1.662193e+00 1.683524e+00 1.705342e+00 1.727654e+00 1.760763e+00 1.801228e+00 1.838789e+00 1.873478e+00 1.905325e+00 1.934357e+00 1.960598e+00 1.984072e+00 2.004797e+00 2.022792e+00 2.038072e+00 2.050649e+00 2.060535e+00 2.067739e+00
1.254013e+00 1.275441e+00 1.297473e+00 1.320132e+00 1.343446e+00 1.367441e+00 1.392144e+00 1.417583e+00 1.443788e+00 1.470789e+00 1.498617e+00 1.527302e+00 1.556879e+00 1.587381e+00 1.622046e+00 1.658577e+00 1.693801e+00 1.727750e+00 1.760450e+00 1.791929e+00 1.822213e+00 1.851327e+00 1.879297e+00 1.906145e+00 1.931893e+00 1.956563e+00 1.980176e+00 2.002751e+00 2.024308e+00 2.044864e+00 2.064436e+00 2.083040e+00 2.100693e+00 2.117409e+00 2.133202e+00 2.148085e+00 2.162070e+00 2.175170e+00 2.187395e+00 2.198755e+00 2.209259e+00 2.218918e+00 2.227738e+00 2.235727e+00 2.242891e+00 2.249238e+00 2.254771e+00 2.259496e+00 2.263416e+00 2.266535e+00 2.268855e+00 2.270379e+00 2.271107e+00 2.271041e+00 2.270318e+00 2.269018e+00 2.266998e+00 2.264259e+00 2.260798e+00 2.256614e+00 2.251704e+00 2.246064e+00 2.239692e+00 2.232583e+00 2.224732e+00 2.216136e+00 2.206789e+00 2.196684e+00
3.590280e+00 3.599747e+00 3.607356e+00 3.613109e+00 3.617005e+00 3.619045e+00 3.619229e+00 3.617557e+00 3.614029e+00 3.608645e+00 3.601403e+00 3.592305e+00 3.581347e+00 3.568531e+00 3.533190e+00 3.480311e+00 3.430370e+00 3.383189e+00 3.338598e+00 3.296438e+00 3.256558e+00 3.218816e+00 3.183077e+00 3.149212e+00 3.117101e+00 3.086628e+00 3.057685e+00 3.030169e+00 3.003980e+00 2.979026e+00 2.955216e+00 2.932466e+00 2.910695e+00 2.889823e+00 2.869778e+00 2.850487e+00 2.831881e+00 2.813894e+00 2.796461e+00 2.779519e+00 2.763009e+00 2.746872e+00 2.731048e+00 2.715483e+00 2.700120e+00 2.684904e+00 2.669781e+00 2.654697e+00 2.639598e+00 2.624429e+00 2.609137e+00 2.593667e+00 2.577964e+00 2.561971e+00 2.542856e+00 2.521005e+00 2.499135e+00 2.477190e+00 2.455110e+00 2.432838e+00 2.410315e+00 2.387481e+00 2.364277e+00 2.340640e+00 2.316510e+00 2.291821e+00 2.266509e+00 2.240507e+00
6.333430e+00 6.341035e+00 6.347193e+00 6.351905e+00 6.355173e+00 6.356995e+00 6.357372e+00 6.356305e+00 6.353792e+00 6.349835e+00 6.344432e+00 6.337583e+00 6.329287e+00 6.319544e+00 6.306983e+00 6.293051e+00 6.279113e+00 6.265159e+00 6.251182e+00 6.237176e+00 6.223131e+00 6.209040e+00 6.194896e+00 6.180690e+00 6.166415e+00 6.152063e+00 6.137627e+00 6.123097e+00 6.108467e+00 6.093728e+00 6.078872e+00 6.063891e+00 6.048776e+00 6.033520e+00 6.018114e+00 6.002549e+00 5.986818e+00 5.970910e+00 5.954818e+00 5.938533e+00 5.922045e+00 5.905346e+00 5.888427e+00 5.871278e+00 5.853890e+00 5.836252e+00 5.818357e+00 5.800193e+00 5.781750e+00 5.763020e+00 5.743990e+00 5.724651e+00 5.704993e+00 5.685004e+00 5.660939e+00 5.630990e+00 5.598883e+00 5.564613e+00 5.528172e+00 5.489554e+00 5.448752e+00 5.405757e+00 5.360562e+00 5.313157e+00 5.263534e+00 5.211682e+00 5.157593e+00 5.101255e+00
1.852026e+00 1.844417e+00 1.835564e+00 1.825455e+00 1.814077e+00 1.801417e+00 1.787458e+00 1.772183e+00 1.755573e+00 1.737607e+00 1.718263e+00 1.697516e+00 1.675341e+00 1.651709e+00 1.620140e+00 1.584375e+00 1.550787e+00 1.519300e+00 1.489844e+00 1.462353e+00 1.436766e+00 1.413026e+00 1.391080e+00 1.370878e+00 1.352377e+00 1.335535e+00 1.320313e+00 1.306678e+00 1.294600e+00 1.284052e+00 1.275010e+00 1.267454e+00 1.261367e+00 1.256736e+00 1.253550e+00 1.251802e+00 1.251488e+00 1.252608e+00 1.255164e+00 1.259161e+00 1.264609e+00 1.271520e+00 1.279909e+00 1.289795e+00 1.301200e+00 1.314150e+00 1.328673e+00 1.344801e+00 1.362572e+00 1.382023e+00 1.403200e+00 1.426148e+00 1.450919e+00 1.477569e+00 1.502527e+00 1.522809e+00 1.542091e+00 1.560414e+00 1.577821e+00 1.594348e+00 1.610034e+00 1.624912e+00 1.639017e+00 1.652379e+00 1.665027e+00 1.676990e+00 1.688295e+00 1.698967e+00
1.360353e+00 1.353937e+00 1.347050e+00 1.339688e+00 1.331849e+00 1.323528e+00 1.314722e+00 1.305426e+00 1.295637e+00 1.285349e+00 1.274558e+00 1.263258e+00 1.251445e+00 1.239112e+00 1.223580e+00 1.206617e+00 1.190876e+00 1.176336e+00 1.162975e+00 1.150776e+00 1.139722e+00 1.129797e+00 1.120989e+00 1.113284e+00 1.106673e+00 1.101145e+00 1.096695e+00 1.093315e+00 1.091000e+00 1.089748e+00 1.089557e+00 1.090427e+00 1.092359e+00 1.095355e+00 1.099419e+00 1.104558e+00 1.110778e+00 1.118088e+00 1.126498e+00 1.136019e+00 1.146665e+00 1.158450e+00 1.171390e+00 1.185504e+00 1.200811e+00 1.217331e+00 1.235087e+00 1.254105e+00 1.274410e+00 1.296030e+00 1.318994e+00 1.343335e+00 1.369086e+00 1.396282e+00 1.421114e+00 1.440884e+00 1.459463e+00 1.476871e+00 1.493127e+00 1.508248e+00 1.522252e+00 1.535153e+00 1.546966e+00 1.557705e+00 1.567380e+00 1.576002e+00 1.583582e+00 1.590126e+00
1.797752e+00 1.819226e+00 1.841208e+00 1.863720e+00 1.886789e+00 1.910437e+00 1.934693e+00 1.959580e+00 1.985128e+00 2.011363e+00 2.038314e+00 2.066011e+00 2.094482e+00 2.123760e+00 2.152693e+00 2.179298e+00 2.204764e+00 2.229094e+00 2.252294e+00 2.274367e+00 2.295319e+00 2.315152e+00 2.333872e+00 2.351480e+00 2.367982e+00 2.383379e+00 2.397674e+00 2.410871e+00 2.422972e+00 2.433979e+00 2.443894e+00 2.452719e+00 2.460456e+00 2.467107e+00 2.472671e+00 2.477152e+00 2.480548e+00 2.482862e+00 2.484093e+00 2.484241e+00 2.483308e+00 2.481292e+00 2.478193e+00 2.474011e+00 2.468744e+00 2.462392e+00 2.454954e+00 2.446428e+00 2.436813e+00 2.426106e+00 2.414306e+00 2.401411e+00 2.387417e+00 2.372323e+00 2.335146e+00 2.280993e+00 2.230572e+00 2.183626e+00 2.139920e+00 2.099230e+00 2.061354e+00 2.026097e+00 1.993283e+00 1.962745e+00 1.934330e+00 1.907892e+00 1.883300e+00 1.860428e+00
1.168064e+00 1.176067e+00 1.183862e+00 1.191460e+00 1.198871e+00 1.206105e+00 1.213171e+00 1.220080e+00 1.226840e+00 1.233460e+00 1.239949e+00 1.246315e+00 1.252569e+00 1.258716e+00 1.277496e+00 1.307636e+00 1.336503e+00 1.364190e+00 1.390785e+00 1.416375e+00 1.441042e+00 1.464864e+00 1.487917e+00 1.510277e+00 1.532014e+00 1.553198e+00 1.573898e+00 1.594180e+00 1.614108e+00 1.633747e+00 1.653159e+00 1.672408e+00 1.691554e+00 1.710660e+00 1.729786e+00 1.748993e+00 1.768345e+00 1.787901e+00 1.807726e+00 1.827883e+00 1.848437e+00 1.869453e+00 1.890999e+00 1.913144e+00 1.935959e+00 1.959517e+00 1.983895e+00 2.009169e+00 2.035421e+00 2.062736e+00 2.091201e+00 2.120908e+00 2.151951e+00 2.184430e+00 2.209109e+00 2.223301e+00 2.236381e+00 2.248382e+00 2.259333e+00 2.269261e+00 2.278190e+00 2.286142e+00 2.293136e+00 2.299189e+00 2.304317e+00 2.308531e+00 2.311842e+00 2.314258e+00
2.271808e+00 2.277745e+00 2.284152e+00 2.291045e+00 2.298439e+00 2.306353e+00 2.314805e+00 2.323815e+00 2.333405e+00 2.343598e+00 2.354418e+00 2.365890e+00 2.378042e+00 2.390903e+00 2.409314e+00 2.431283e+00 2.452065e+00 2.471719e+00 2.490300e+00 2.507861e+00 2.524453e+00 2.540124e+00 2.554917e+00 2.568876e+00 2.582040e+00 2.594446e+00 2.606131e+00 2.617127e+00 2.627466e+00 2.637178e+00 2.646290e+00 2.654829e+00 2.662818e+00 2.670280e+00 2.677238e+00 2.683710e+00 2.689716e+00 2.695271e+00 2.700393e+00 2.705096e+00 2.709394e+00 2.713298e+00 2.716819e+00 2.719969e+00 2.722755e+00 2.725186e+00 2.727269e+00 2.729010e+00 2.730413e+00 2.731483e+00 2.732222e+00 2.732634e+00 2.732718e+00 2.732476e+00 2.732070e+00 2.731235e+00 2.729807e+00 2.727785e+00 2.725168e+00 2.721955e+00 2.718145e+00 2.713737e+00 2.708728e+00 2.703118e+00 2.696903e+00 2.690081e+00 2.682651e+00 2.674608e+00
1.488226e+00 1.496521e+00 1.505431e+00 1.514966e+00 1.525134e+00 1.535946e+00 1.547412e+00 1.559544e+00 1.572354e+00 1.585855e+00 1.600060e+00 1.614984e+00 1.630640e+00 1.647046e+00 1.673775e+00 1.707641e+00 1.739145e+00 1.768344e+00 1.795288e+00 1.820028e+00 1.842606e+00 1.863062e+00 1.881435e+00 1.897755e+00 1.912053e+00 1.924353e+00 1.934679e+00 1.943047e+00 1.949474e+00 1.953970e+00 1.956544e+00 1.957200e+00 1.955939e+00 1.952760e+00 1.947655e+00 1.940618e+00 1.931634e+00 1.920687e+00 1.907759e+00 1.892826e+00 1.875862e+00 1.856836e+00 1.835714e+00 1.812459e+00 1.787029e+00 1.759379e+00 1.729459e+00 1.697216e+00 1.662593e+00 1.625527e+00 1.585953e+00 1.543800e+00 1.498993e+00 1.451452e+00 1.384674e+00 1.306644e+00 1.233476e+00 1.164887e+00 1.100608e+00 1.040389e+00 9.839960e-01 9.312089e-01 8.818222e-01 8.356436e-01 7.924931e-01 7.522028e-01 7.146156e-01 6.795852e-01
3.385613e-01 3.390054e-01 3.404513e-01 3.429083e-01 3.463924e-01 3.509258e-01 3.565380e-01 3.632650e-01 3.711501e-01 3.802443e-01 3.906062e-01 4.023025e-01 4.154086e-01 4.300091e-01 4.434929e-01 4.545210e-01 4.658165e-01 4.773980e-01 4.892843e-01 5.014950e-01 5.140500e-01 5.269699e-01 5.402759e-01 5.539897e-01 5.681338e-01 5.827314e-01 5.978064e-01 6.133835e-01 6.294881e-01 6.461467e-01 6.633866e-01 6.812359e-01 6.997238e-01 7.188808e-01 7.387381e-01 7.593283e-01 7.806851e-01 8.028434e-01 8.258396e-01 8.497113e-01 8.744976e-01 9.002391e-01 9.269779e-01 9.547579e-01 9.836245e-01 1.013625e+00 1.044809e+00 1.077226e+00 1.110931e+00 1.145978e+00 1.182426e+00 1.220332e+00 1.259760e+00 1.300774e+00 1.328201e+00 1.340240e+00 1.352145e+00 1.363928e+00 1.375604e+00 1.387184e+00 1.398682e+00 1.410109e+00 1.421479e+00 1.432803e+00 1.444095e+00 1.455366e+00 1.466629e+00 1.477895e+00
1.606167e+00 1.605380e+00 1.604611e+00 1.603861e+00 1.603130e+00 1.602417e+00 1.601721e+00 1.601043e+00 1.600383e+00 1.599740e+00 1.599113e+00 1.598504e+00 1.597911e+00 1.597334e+00 1.596835e+00 1.597068e+00 1.597968e+00 1.599538e+00 1.601779e+00 1.604694e+00 1.608286e+00 1.612560e+00 1.617520e+00 1.623173e+00 1.629523e+00 1.636581e+00 1.644352e+00 1.652846e+00 1.662074e+00 1.672046e+00 1.682773e+00 1.694268e+00 1.706545e+00 1.719617e+00 1.733500e+00 1.748209e+00 1.763763e+00 1.780178e+00 1.797475e+00 1.815673e+00 1.834793e+00 1.854858e+00 1.875890e+00 1.897915e+00 1.920958e+00 1.945045e+00 1.970205e+00 1.996467e+00 2.023861e+00 2.052419e+00 2.082175e+00 2.113163e+00 2.145418e+00 2.178979e+00 2.240172e+00 2.322077e+00 2.398467e+00 2.469401e+00 2.534931e+00 2.595108e+00 2.649978e+00 2.699581e+00 2.743956e+00 2.783136e+00 2.817151e+00 2.846026e+00 2.869783e+00 2.888441e+00
2.480078e+00 2.480235e+00 2.479376e+00 2.477499e+00 2.474606e+00 2.470695e+00 2.465765e+00 2.459816e+00 2.452846e+00 2.444854e+00 2.435839e+00 2.425798e+00 2.414730e+00 2.402632e+00 2.383437e+00 2.359387e+00 2.336525e+00 2.314831e+00 2.294284e+00 2.274869e+00 2.256566e+00 2.239360e+00 2.223236e+00 2.208179e+00 2.194177e+00 2.181216e+00 2.169286e+00 2.158376e+00 2.148476e+00 2.139577e+00 2.131672e+00 2.124754e+00 2.118816e+00 2.113853e+00 2.109861e+00 2.106837e+00 2.104777e+00 2.103680e+00 2.103546e+00 2.104372e+00 2.106162e+00 2.108915e+00 2.112635e+00 2.117325e+00 2.122989e+00 2.129632e+00 2.137259e+00 2.145878e+00 2.155497e+00 2.166123e+00 2.177766e+00 2.190436e+00 2.204145e+00 2.218905e+00 2.251483e+00 2.296688e+00 2.337830e+00 2.374967e+00 2.408155e+00 2.437440e+00 2.462865e+00 2.484467e+00 2.502277e+00 2.516320e+00 2.526617e+00 2.533183e+00 2.536027e+00 2.535153e+00
2.385209e+00 2.386530e+00 2.387090e+00 2.386889e+00 2.385927e+00 2.384204e+00 2.381718e+00 2.378468e+00 2.374451e+00 2.369665e+00 2.364108e+00 2.357774e+00 2.350661e+00 2.342764e+00 2.320627e+00 2.287531e+00 2.256750e+00 2.228119e+00 2.201485e+00 2.176706e+00 2.153648e+00 2.132188e+00 2.112213e+00 2.093614e+00 2.076292e+00 2.060155e+00 2.045116e+00 2.031095e+00 2.018016e+00 2.005811e+00 1.994413e+00 1.983762e+00 1.973800e+00 1.964475e+00 1.955736e+00 1.947536e+00 1.939833e+00 1.932583e+00 1.925750e+00 1.919296e+00 1.913187e+00 1.907390e+00 1.901873e+00 1.896608e+00 1.891567e+00 1.886722e+00 1.882047e+00 1.877518e+00 1.873110e+00 1.868799e+00 1.864563e+00 1.860379e+00 1.856225e+00 1.852078e+00 1.849485e+00 1.848436e+00 1.847362e+00 1.846260e+00 1.845131e+00 1.843973e+00 1.842785e+00 1.841568e+00 1.840319e+00 1.839037e+00 1.837723e+00 1.836374e+00 1.834991e+00 1.833571e+00
1.431306e+00 1.445587e+00 1.460050e+00 1.474710e+00 1.489579e+00 1.504672e+00 1.520003e+00 1.535586e+00 1.551436e+00 1.567567e+00 1.583994e+00 1.600734e+00 1.617801e+00 1.635211e+00 1.679432e+00 1.745264e+00 1.806464e+00 1.863227e+00 1.915731e+00 1.964141e+00 2.008612e+00 2.049284e+00 2.086285e+00 2.119732e+00 2.149731e+00 2.176377e+00 2.199753e+00 2.219935e+00 2.236984e+00 2.250956e+00 2.261895e+00 2.269835e+00 2.274801e+00 2.276809e+00 2.275865e+00 2.271966e+00 2.265100e+00 2.255246e+00 2.242372e+00 2.226437e+00 2.207391e+00 2.185174e+00 2.159715e+00 2.130935e+00 2.098742e+00 2.063035e+00 2.023700e+00 1.980613e+00 1.933639e+00 1.882629e+00 1.827421e+00 1.767842e+00 1.703702e+00 1.634799e+00 1.589852e+00 1.574107e+00 1.558610e+00 1.543341e+00 1.528283e+00 1.513415e+00 1.498719e+00 1.484177e+00 1.469771e+00 1.455482e+00 1.441293e+00 1.427186e+00 1.413144e+00 1.399148e+00
3.776443e+00 3.787734e+00 3.797083e+00 3.804496e+00 3.809978e+00 3.813534e+00 3.815166e+00 3.814874e+00 3.812660e+00 3.808520e+00 3.802452e+00 3.794453e+00 3.784516e+00 3.772635e+00 3.758927e+00 3.746441e+00 3.735039e+00 3.724713e+00 3.715454e+00 3.707254e+00 3.700106e+00 3.694004e+00 3.688943e+00 3.684918e+00 3.681927e+00 3.679968e+00 3.679037e+00 3.679135e+00 3.680261e+00 3.682417e+00 3.685604e+00 3.689825e+00 3.695084e+00 3.701384e+00 3.708732e+00 3.717133e+00 3.726595e+00 3.737124e+00 3.748731e+00 3.761425e+00 3.775217e+00 3.790118e+00 3.806140e+00 3.823297e+00 3.841604e+00 3.861075e+00 3.881728e+00 3.903579e+00 3.926647e+00 3.950951e+00 3.976512e+00 4.003350e+00 4.031489e+00 4.060952e+00 4.110472e+00 4.173093e+00 4.230154e+00 4.281701e+00 4.327774e+00 4.368411e+00 4.403644e+00 4.433501e+00 4.458006e+00 4.477178e+00 4.491032e+00 4.499579e+00 4.502827e+00 4.500778e+00
8.728035e-01 8.662876e-01 8.584285e-01 8.491991e-01 8.385674e-01 8.264966e-01 8.129449e-01 7.978654e-01 7.812058e-01 7.629084e-01 7.429098e-01 7.211408e-01 6.975260e-01 6.719836e-01 6.535694e-01 6.447372e-01 6.363357e-01 6.283580e-01 6.207979e-01 6.136493e-01 6.069064e-01 6.005640e-01 5.946169e-01 5.890605e-01 5.838901e-01 5.791019e-01 5.746918e-01 5.706564e-01 5.669926e-01 5.636972e-01 5.607678e-01 5.582020e-01 5.559977e-01 5.541532e-01 5.526669e-01 5.515378e-01 5.507649e-01 5.503477e-01 5.502856e-01 5.505788e-01 5.512275e-01 5.522321e-01 5.535934e-01 5.553127e-01 5.573911e-01 5.598305e-01 5.626327e-01 5.657999e-01 5.693348e-01 5.732400e-01 5.775188e-01 5.821746e-01 5.872110e-01 5.926322e-01 5.989846e-01 6.058209e-01 6.126060e-01 6.193475e-01 6.260528e-01 6.327293e-01 6.393842e-01 6.460250e-01 6.526589e-01 6.592932e-01 6.659352e-01 6.725922e-01 6.792716e-01 6.859806e-01
2.629824e+00 2.626704e+00 2.621661e+00 2.614694e+00 2.605800e+00 2.594976e+00 2.582220e+00 2.567527e+00 2.550893e+00 2.532313e+00 2.511781e+00 2.489291e+00 2.464836e+00 2.438409e+00 2.385843e+00 2.315178e+00 2.250335e+00 2.191099e+00 2.137272e+00 2.088672e+00 2.045137e+00 2.006521e+00 1.972696e+00 1.943548e+00 1.918979e+00 1.898907e+00 1.883265e+00 1.872001e+00 1.865076e+00 1.862468e+00 1.864169e+00 1.870183e+00 1.880530e+00 1.895246e+00 1.914380e+00 1.937996e+00 1.966172e+00 1.999003e+00 2.036600e+00 2.079087e+00 2.126607e+00 2.179319e+00 2.237400e+00 2.301045e+00 2.370465e+00 2.445893e+00 2.527583e+00 2.615806e+00 2.710860e+00 2.813061e+00 2.922753e+00 3.040301e+00 3.166101e+00 3.300572e+00 3.397100e+00 3.444369e+00 3.489456e+00 3.532377e+00 3.573142e+00 3.611766e+00 3.648259e+00 3.682632e+00 3.714896e+00 3.745060e+00 3.773134e+00 3.799126e+00 3.823044e+00 3.844895e+00
1.458291e+00 1.492208e+00 1.528464e+00 1.567175e+00 1.608462e+00 1.652457e+00 1.699299e+00 1.749136e+00 1.802126e+00 1.858438e+00 1.918249e+00 1.981748e+00 2.049138e+00 2.120631e+00 2.166022e+00 2.180688e+00 2.195073e+00 2.209189e+00 2.223049e+00 2.236665e+00 2.250048e+00 2.263210e+00 2.276162e+00 2.288916e+00 2.301482e+00 2.313871e+00 2.326095e+00 2.338162e+00 2.350085e+00 2.361873e+00 2.373537e+00 2.385086e+00 2.396530e+00 2.407880e+00 2.419145e+00 2.430334e+00 2.441458e+00 2.452527e+00 2.463549e+00 2.474534e+00 2.485491e+00 2.496431e+00 2.507362e+00 2.518294e+00 2.529237e+00 2.540199e+00 2.551191e+00 2.562221e+00 2.573300e+00 2.584436e+00 2.595641e+00 2.606922e+00 2.618290e+00 2.629754e+00 2.642787e+00 2.656092e+00 2.668211e+00 2.679148e+00 2.688906e+00 2.697487e+00 2.704895e+00 2.711131e+00 2.716196e+00 2.720093e+00 2.722821e+00 2.724383e+00 2.724778e+00 2.724007e+00
7.526016e-01 7.521091e-01 7.518942e-01 7.519569e-01 7.522972e-01 7.529154e-01 7.538119e-01 7.549876e-01 7.564436e-01 7.581809e-01 7.602013e-01 7.625064e-01 7.650981e-01 7.679789e-01 7.783078e-01 7.947172e-01 8.101132e-01 8.245549e-01 8.380975e-01 8.507930e-01 8.626899e-01 8.738339e-01 8.842676e-01 8.940311e-01 9.031617e-01 9.116944e-01 9.196619e-01 9.270948e-01 9.340214e-01 9.404684e-01 9.464604e-01 9.520203e-01 9.571696e-01 9.619279e-01 9.663135e-01 9.703431e-01 9.740321e-01 9.773948e-01 9.804441e-01 9.831914e-01 9.856475e-01 9.878218e-01 9.897224e-01 9.913568e-01 9.927312e-01 9.938509e-01 9.947201e-01 9.953422e-01 9.957195e-01 9.958536e-01 9.957448e-01 9.953929e-01 9.947965e-01 9.939532e-01 9.932920e-01 9.929952e-01 9.926304e-01 9.921970e-01 9.916948e-01 9.911231e-01 9.904813e-01 9.897688e-01 9.889848e-01 9.881285e-01 9.871989e-01 9.861952e-01 9.851163e-01 9.839609e-01
6.447244e-01 6.585940e-01 6.738449e-01 6.905160e-01 7.086497e-01 7.282923e-01 7.494938e-01 7.723082e-01 7.967937e-01 8.230127e-01 8.510320e-01 8.809229e-01 9.127616e-01 9.466293e-01 9.718022e-01 9.859157e-01 9.997906e-01 1.013438e+00 1.026868e+00 1.040090e+00 1.053116e+00 1.065954e+00 1.078616e+00 1.091110e+00 1.103446e+00 1.115634e+00 1.127683e+00 1.139602e+00 1.151400e+00 1.163087e+00 1.174671e+00 1.186161e+00 1.197566e+00 1.208895e+00 1.220157e+00 1.231359e+00 1.242511e+00 1.253622e+00 1.264699e+00 1.275751e+00 1.286787e+00 1.297815e+00 1.308843e+00 1.319881e+00 1.330936e+00 1.342017e+00 1.353133e+00 1.364292e+00 1.375502e+00 1.386772e+00 1.398112e+00 1.409528e+00 1.421031e+00 1.432629e+00 1.444235e+00 1.455299e+00 1.465930e+00 1.476139e+00 1.485938e+00 1.495338e+00 1.504350e+00 1.512984e+00 1.521251e+00 1.529159e+00 1.536718e+00 1.543936e+00 1.550822e+00 1.557383e+00
1.211201e+00 1.217222e+00 1.223420e+00 1.229800e+00 1.236371e+00 1.243138e+00 1.250110e+00 1.257293e+00 1.264696e+00 1.272327e+00 1.280193e+00 1.288304e+00 1.296667e+00 1.305293e+00 1.332593e+00 1.374478e+00 1.412748e+00 1.447586e+00 1.479158e+00 1.507615e+00 1.533093e+00 1.555714e+00 1.575585e+00 1.592803e+00 1.607448e+00 1.619592e+00 1.629291e+00 1.636593e+00 1.641532e+00 1.644133e+00 1.644406e+00 1.642355e+00 1.637968e+00 1.631225e+00 1.622094e+00 1.610531e+00 1.596481e+00 1.579876e+00 1.560637e+00 1.538673e+00 1.513879e+00 1.486135e+00 1.455310e+00 1.421255e+00 1.383809e+00 1.342792e+00 1.298009e+00 1.249245e+00 1.196267e+00 1.138822e+00 1.076635e+00 1.009410e+00 9.368254e-01 8.585336e-01 8.017510e-01 7.739241e-01 7.474057e-01 7.221414e-01 6.980793e-01 6.751698e-01 6.533661e-01 6.326232e-01 6.128986e-01 5.941517e-01 5.763440e-01 5.594389e-01 5.434017e-01 5.281995e-01
7.505882e-01 7.847873e-01 8.219275e-01 8.621757e-01 9.057130e-01 9.527354e-01 1.003454e+00 1.058098e+00 1.116912e+00 1.180161e+00 1.248131e+00 1.321125e+00 1.399474e+00 1.483528e+00 1.564507e+00 1.633541e+00 1.699815e+00 1.763352e+00 1.824174e+00 1.882303e+00 1.937757e+00 1.990556e+00 2.040719e+00 2.088262e+00 2.133203e+00 2.175556e+00 2.215336e+00 2.252557e+00 2.287232e+00 2.319373e+00 2.348990e+00 2.376094e+00 2.400695e+00 2.422801e+00 2.442418e+00 2.459556e+00 2.474218e+00 2.486410e+00 2.496137e+00 2.503402e+00 2.508207e+00 2.510554e+00 2.510443e+00 2.507876e+00 2.502850e+00 2.495364e+00 2.485415e+00 2.473001e+00 2.458116e+00 2.440756e+00 2.420915e+00 2.398586e+00 2.373760e+00 2.346430e+00 2.323552e+00 2.307463e+00 2.291181e+00 2.274688e+00 2.257965e+00 2.240996e+00 2.223761e+00 2.206242e+00 2.188419e+00 2.170274e+00 2.151787e+00 2.132938e+00 2.113706e+00 2.094070e+00
2.858428e+00 2.920992e+00 2.987648e+00 3.058803e+00 3.134896e+00 3.216395e+00 3.303798e+00 3.397645e+00 3.498510e+00 3.607013e+00 3.723822e+00 3.849654e+00 3.985281e+00 4.131536e+00 4.229368e+00 4.264967e+00 4.298285e+00 4.329327e+00 4.358096e+00 4.384596e+00 4.408830e+00 4.430800e+00 4.450508e+00 4.467958e+00 4.483151e+00 4.496089e+00 4.506773e+00 4.515204e+00 4.521384e+00 4.525313e+00 4.526991e+00 4.526420e+00 4.523597e+00 4.518524e+00 4.511200e+00 4.501624e+00 4.489795e+00 4.475711e+00 4.459371e+00 4.440773e+00 4.419915e+00 4.396795e+00 4.371410e+00 4.343757e+00 4.313833e+00 4.281634e+00 4.247158e+00 4.210400e+00 4.171355e+00 4.130020e+00 4.086390e+00 4.040460e+00 3.992224e+00 3.941678e+00 3.895211e+00 3.855833e+00 3.817119e+00 3.779037e+00 3.741558e+00 3.704650e+00 3.668285e+00 3.632433e+00 3.597066e+00 3.562155e+00 3.527672e+00 3.493590e+00 3.459882e+00 3.426520e+00
2.687251e+00 2.693790e+00 2.699277e+00 2.703712e+00 2.707098e+00 2.709435e+00 2.710723e+00 2.710964e+00 2.710157e+00 2.708302e+00 2.705398e+00 2.701445e+00 2.696442e+00 2.690387e+00 2.678437e+00 2.661952e+00 2.645747e+00 2.629794e+00 2.614068e+00 2.598542e+00 2.583190e+00 2.567986e+00 2.552906e+00 2.537924e+00 2.523015e+00 2.508155e+00 2.493319e+00 2.478481e+00 2.463618e+00 2.448704e+00 2.433716e+00 2.418627e+00 2.403413e+00 2.388048e+00 2.372507e+00 2.356764e+00 2.340793e+00 2.324567e+00 2.308059e+00 2.291242e+00 2.274088e+00 2.256568e+00 2.238653e+00 2.220313e+00 2.201518e+00 2.182236e+00 2.162435e+00 2.142083e+00 2.121146e+00 2.099588e+00 2.077374e+00 2.054466e+00 2.030828e+00 2.006418e+00 1.986421e+00 1.972160e+00 1.958390e+00 1.945087e+00 1.932228e+00 1.919791e+00 1.907756e+00 1.896102e+00 1.884808e+00 1.873857e+00 1.863230e+00 1.852908e+00 1.842874e+00 1.833111e+00
1.160478e+00 1.156793e+00 1.151815e+00 1.145542e+00 1.137972e+00 1.129102e+00 1.118928e+00 1.107447e+00 1.094653e+00 1.080543e+00 1.065109e+00 1.048347e+00 1.030249e+00 1.010808e+00 9.769002e-01 9.334671e-01 8.934229e-01 8.565812e-01 8.227707e-01 7.918339e-01 7.636270e-01 7.380188e-01 7.148899e-01 6.941329e-01 6.756511e-01 6.593586e-01 6.451795e-01 6.330479e-01 6.229073e-01 6.147105e-01 6.084194e-01 6.040047e-01 6.014459e-01 6.007311e-01 6.018568e-01 6.048285e-01 6.096599e-01 6.163735e-01 6.250005e-01 6.355810e-01 6.481644e-01 6.628091e-01 6.795833e-01 6.985650e-01 7.198426e-01 7.435151e-01 7.696926e-01 7.984969e-01 8.300621e-01 8.645350e-01 9.020761e-01 9.428599e-01 9.870764e-01 1.034931e+00 1.068513e+00 1.082853e+00 1.096102e+00 1.108279e+00 1.119399e+00 1.129477e+00 1.138526e+00 1.146557e+00 1.153580e+00 1.159606e+00 1.164642e+00 1.168694e+00 1.171768e+00 1.173868e+00
3.842564e+00 3.844355e+00 3.844321e+00 3.842462e+00 3.838776e+00 3.833262e+00 3.825914e+00 3.816727e+00 3.805694e+00 3.792807e+00 3.778055e+00 3.761428e+00 3.742912e+00 3.722494e+00 3.700668e+00 3.678856e+00 3.656530e+00 3.633674e+00 3.610269e+00 3.586299e+00 3.561742e+00 3.536582e+00 3.510798e+00 3.484369e+00 3.457277e+00 3.429498e+00 3.401012e+00 3.371797e+00 3.341830e+00 3.311088e+00 3.279546e+00 3.247180e+00 3.213964e+00 3.179874e+00 3.144883e+00 3.108962e+00 3.072085e+00 3.034223e+00 2.995345e+00 2.955423e+00 2.914424e+00 2.872317e+00 2.829070e+00 2.784647e+00 2.739016e+00 2.692140e+00 2.643982e+00 2.594506e+00 2.543673e+00 2.491444e+00 2.437777e+00 2.382631e+00 2.325962e+00 2.267728e+00 2.223451e+00 2.195294e+00 2.167676e+00 2.140585e+00 2.114008e+00 2.087933e+00 2.062348e+00 2.037242e+00 2.012603e+00 1.988419e+00 1.964680e+00 1.941375e+00 1.918493e+00 1.896025e+00
5.198548e-01 5.207932e-01 5.225843e-01 5.252320e-01 5.287420e-01 5.331217e-01 5.383808e-01 5.445304e-01 5.515838e-01 5.595563e-01 5.684649e-01 5.783288e-01 5.891693e-01 6.010097e-01 6.215331e-01 6.484193e-01 6.741145e-01 6.987176e-01 7.223232e-01 7.450224e-01 7.669024e-01 7.880476e-01 8.085393e-01 8.284566e-01 8.478759e-01 8.668722e-01 8.855186e-01 9.038868e-01 9.220476e-01 9.400710e-01 9.580262e-01 9.759825e-01 9.940091e-01 1.012175e+00 1.030551e+00 1.049207e+00 1.068215e+00 1.087648e+00 1.107582e+00 1.128093e+00 1.149259e+00 1.171163e+00 1.193888e+00 1.217523e+00 1.242158e+00 1.267888e+00 1.294812e+00 1.323034e+00 1.352663e+00 1.383812e+00 1.416602e+00 1.451158e+00 1.487615e+00 1.526111e+00 1.557230e+00 1.577295e+00 1.595904e+00 1.613088e+00 1.628878e+00 1.643298e+00 1.656375e+00 1.668128e+00 1.678579e+00 1.687745e+00 1.695641e+00 1.702281e+00 1.707676e+00 1.711834e+00
