# x=3.0250  x=3.0750  x=3.1250  x=3.1750  x=3.2250  x=3.2750  x=3.3250  x=3.3750  x=3.4250  x=3.4750  x=3.5250  x=3.5750  x=3.6250  x=3.6750  x=3.7250  x=3.7750  x=3.8250  x=3.8750  x=3.9250  x=3.9750  x=4.0250  x=4.0750  x=4.1250  x=4.1750  x=4.2250  x=4.2750  x=4.3250  x=4.3750  x=4.4250  x=4.4750  x=4.5250  x=4.5750  x=4.6250  x=4.6750  x=4.7250  x=4.7750  x=4.8250  x=4.8750  x=4.9250  x=4.9750  x=5.0250  x=5.0750  x=5.1250  x=5.1750  x=5.2250  x=5.2750  x=5.3250  x=5.3750  x=5.4250  x=5.4750  x=5.5250  x=5.5750  x=5.6250  x=5.6750  x=5.7250  x=5.7750  x=5.8250  x=5.8750  x=5.9250  x=5.9750  x=6.0250  x=6.0750  x=6.1250  x=6.1750  x=6.2250  x=6.2750  x=6.3250  x=6.3750  x=6.4250  x=6.4750  x=6.5250  x=6.5750  x=6.6250  x=6.6750  x=6.7250  x=6.7750  x=6.8250  x=6.8750  x=6.9250  x=6.9750
2.425576e+00 2.458534e+00 2.492065e+00 2.526211e+00 2.561015e+00 2.596520e+00 2.632771e+00 2.661386e+00 2.680556e+00 2.698708e+00 2.715847e+00 2.731973e+00 2.747089e+00 2.761198e+00 2.774300e+00 2.786398e+00 2.797493e+00 2.807586e+00 2.816680e+00 2.824774e+00 2.831870e+00 2.837970e+00 2.843073e+00 2.847180e+00 2.850293e+00 2.852411e+00 2.853534e+00 2.853663e+00 2.852798e+00 2.850939e+00 2.848085e+00 2.844236e+00 2.839392e+00 2.833551e+00 2.826714e+00 2.818879e+00 2.810046e+00 2.800212e+00 2.789377e+00 2.777540e+00 2.764699e+00 2.750852e+00 2.735998e+00 2.720134e+00 2.703259e+00 2.685370e+00 2.666466e+00 2.646542e+00 2.625598e+00 2.603631e+00 2.580636e+00 2.556613e+00 2.531557e+00 2.505464e+00 2.478333e+00 2.450159e+00 2.420939e+00 2.390669e+00 2.359345e+00 2.326963e+00 2.293518e+00 2.259007e+00 2.223425e+00 2.186768e+00 2.149030e+00 2.110207e+00 2.070294e+00 2.029286e+00 1.987177e+00 1.943962e+00 1.899635e+00 1.854191e+00 1.807624e+00 1.757632e+00 1.707530e+00 1.659508e+00 1.613465e+00 1.569305e+00 1.526935e+00 1.486267e+00
1.482026e+00 1.480057e+00 1.477438e+00 1.474165e+00 1.470235e+00 1.465643e+00 1.460383e+00 1.455324e+00 1.451192e+00 1.447105e+00 1.443058e+00 1.439047e+00 1.435066e+00 1.431110e+00 1.427175e+00 1.423256e+00 1.419347e+00 1.415444e+00 1.411541e+00 1.407635e+00 1.403720e+00 1.399792e+00 1.395845e+00 1.391874e+00 1.387875e+00 1.383843e+00 1.379772e+00 1.375658e+00 1.371495e+00 1.367278e+00 1.363002e+00 1.358662e+00 1.354252e+00 1.349767e+00 1.345201e+00 1.340548e+00 1.335803e+00 1.330960e+00 1.326012e+00 1.320954e+00 1.315779e+00 1.310481e+00 1.305053e+00 1.299489e+00 1.293781e+00 1.287923e+00 1.281906e+00 1.275725e+00 1.269370e+00 1.262834e+00 1.256109e+00 1.249186e+00 1.242057e+00 1.234714e+00 1.227146e+00 1.219344e+00 1.211299e+00 1.203001e+00 1.194439e+00 1.185603e+00 1.176481e+00 1.167063e+00 1.157336e+00 1.147288e+00 1.136908e+00 1.126182e+00 1.115096e+00 1.103637e+00 1.091790e+00 1.079541e+00 1.066875e+00 1.053776e+00 1.040227e+00 1.023309e+00 1.004515e+00 9.866835e-01 9.697526e-01 9.536643e-01 9.383633e-01 9.237970e-01
1.170287e+00 1.156778e+00 1.142214e+00 1.126579e+00 1.109852e+00 1.092012e+00 1.073037e+00 1.052744e+00 1.033482e+00 1.015341e+00 9.982563e-01 9.821682e-01 9.670195e-01 9.527564e-01 9.393284e-01 9.266881e-01 9.147906e-01 9.035938e-01 8.930580e-01 8.831459e-01 8.738224e-01 8.650545e-01 8.568111e-01 8.490630e-01 8.417828e-01 8.349447e-01 8.285245e-01 8.224994e-01 8.168481e-01 8.115505e-01 8.065880e-01 8.019429e-01 7.975988e-01 7.935403e-01 7.897529e-01 7.862234e-01 7.829392e-01 7.798887e-01 7.770610e-01 7.744462e-01 7.720350e-01 7.698188e-01 7.677898e-01 7.659408e-01 7.642653e-01 7.627573e-01 7.614114e-01 7.602230e-01 7.591879e-01 7.583022e-01 7.575630e-01 7.569675e-01 7.565137e-01 7.562000e-01 7.560252e-01 7.559888e-01 7.560906e-01 7.563310e-01 7.567108e-01 7.572313e-01 7.578945e-01 7.587026e-01 7.596586e-01 7.607657e-01 7.620280e-01 7.634499e-01 7.650364e-01 7.667932e-01 7.687265e-01 7.708431e-01 7.731505e-01 7.756569e-01 7.783712e-01 7.810614e-01 7.832260e-01 7.851118e-01 7.867230e-01 7.880636e-01 7.891366e-01 7.899447e-01
1.472737e+00 1.470424e+00 1.467448e+00 1.463807e+00 1.459496e+00 1.454509e+00 1.448840e+00 1.443931e+00 1.440519e+00 1.437151e+00 1.433824e+00 1.430535e+00 1.427281e+00 1.424059e+00 1.420865e+00 1.417697e+00 1.414550e+00 1.411423e+00 1.408312e+00 1.405215e+00 1.402127e+00 1.399046e+00 1.395970e+00 1.392894e+00 1.389817e+00 1.386735e+00 1.383645e+00 1.380543e+00 1.377428e+00 1.374296e+00 1.371144e+00 1.367969e+00 1.364767e+00 1.361536e+00 1.358273e+00 1.354974e+00 1.351636e+00 1.348255e+00 1.344830e+00 1.341355e+00 1.337828e+00 1.334246e+00 1.330605e+00 1.326900e+00 1.323130e+00 1.319289e+00 1.315375e+00 1.311383e+00 1.307310e+00 1.303152e+00 1.298904e+00 1.294562e+00 1.290122e+00 1.285581e+00 1.280932e+00 1.276173e+00 1.271298e+00 1.266302e+00 1.261181e+00 1.255929e+00 1.250542e+00 1.245014e+00 1.239340e+00 1.233514e+00 1.227531e+00 1.221384e+00 1.215069e+00 1.208578e+00 1.201905e+00 1.195044e+00 1.187988e+00 1.180730e+00 1.173263e+00 1.163800e+00 1.152828e+00 1.142104e+00 1.131608e+00 1.121319e+00 1.111219e+00 1.101286e+00
1.226186e+00 1.214746e+00 1.202325e+00 1.188906e+00 1.174474e+00 1.159009e+00 1.142494e+00 1.126668e+00 1.113278e+00 1.100530e+00 1.088393e+00 1.076838e+00 1.065838e+00 1.055368e+00 1.045401e+00 1.035915e+00 1.026887e+00 1.018296e+00 1.010120e+00 1.002342e+00 9.949417e-01 9.879024e-01 9.812072e-01 9.748403e-01 9.687865e-01 9.630314e-01 9.575615e-01 9.523638e-01 9.474258e-01 9.427360e-01 9.382832e-01 9.340568e-01 9.300468e-01 9.262437e-01 9.226384e-01 9.192225e-01 9.159878e-01 9.129267e-01 9.100318e-01 9.072964e-01 9.047139e-01 9.022781e-01 8.999835e-01 8.978244e-01 8.957958e-01 8.938928e-01 8.921110e-01 8.904460e-01 8.888941e-01 8.874514e-01 8.861146e-01 8.848805e-01 8.837462e-01 8.827089e-01 8.817662e-01 8.809160e-01 8.801560e-01 8.794847e-01 8.789003e-01 8.784015e-01 8.779871e-01 8.776561e-01 8.774077e-01 8.772414e-01 8.771567e-01 8.771535e-01 8.772317e-01 8.773915e-01 8.776333e-01 8.779577e-01 8.783655e-01 8.788575e-01 8.794351e-01 8.803182e-01 8.812301e-01 8.819555e-01 8.824968e-01 8.828559e-01 8.830342e-01 8.830323e-01
1.162554e+00 1.148758e+00 1.133899e+00 1.117957e+00 1.100912e+00 1.082744e+00 1.063429e+00 1.045661e+00 1.031358e+00 1.017764e+00 1.004848e+00 9.925759e-01 9.809185e-01 9.698467e-01 9.593333e-01 9.493522e-01 9.398788e-01 9.308897e-01 9.223627e-01 9.142768e-01 9.066120e-01 8.993494e-01 8.924710e-01 8.859598e-01 8.797999e-01 8.739758e-01 8.684734e-01 8.632790e-01 8.583797e-01 8.537635e-01 8.494190e-01 8.453355e-01 8.415028e-01 8.379114e-01 8.345527e-01 8.314181e-01 8.285001e-01 8.257913e-01 8.232851e-01 8.209754e-01 8.188564e-01 8.169228e-01 8.151699e-01 8.135935e-01 8.121895e-01 8.109545e-01 8.098854e-01 8.089798e-01 8.082351e-01 8.076498e-01 8.072222e-01 8.069514e-01 8.068367e-01 8.068778e-01 8.070747e-01 8.074281e-01 8.079387e-01 8.086079e-01 8.094372e-01 8.104287e-01 8.115849e-01 8.129086e-01 8.144031e-01 8.160720e-01 8.179196e-01 8.199504e-01 8.221693e-01 8.245819e-01 8.271941e-01 8.300123e-01 8.330436e-01 8.362954e-01 8.397758e-01 8.429070e-01 8.450877e-01 8.469063e-01 8.483647e-01 8.494646e-01 8.502071e-01 8.505929e-01
1.607291e+00 1.609959e+00 1.612139e+00 1.613834e+00 1.615046e+00 1.615777e+00 1.616028e+00 1.615808e+00 1.615600e+00 1.615395e+00 1.615195e+00 1.614997e+00 1.614803e+00 1.614611e+00 1.614422e+00 1.614235e+00 1.614050e+00 1.613866e+00 1.613684e+00 1.613502e+00 1.613322e+00 1.613142e+00 1.612963e+00 1.612783e+00 1.612604e+00 1.612424e+00 1.612243e+00 1.612061e+00 1.611878e+00 1.611694e+00 1.611507e+00 1.611319e+00 1.611128e+00 1.610935e+00 1.610739e+00 1.610540e+00 1.610337e+00 1.610131e+00 1.609921e+00 1.609706e+00 1.609487e+00 1.609263e+00 1.609033e+00 1.608798e+00 1.608557e+00 1.608310e+00 1.608056e+00 1.607795e+00 1.607527e+00 1.607251e+00 1.606967e+00 1.606674e+00 1.606373e+00 1.606062e+00 1.605741e+00 1.605410e+00 1.605068e+00 1.604714e+00 1.604349e+00 1.603972e+00 1.603582e+00 1.603178e+00 1.602760e+00 1.602328e+00 1.601881e+00 1.601417e+00 1.600938e+00 1.600441e+00 1.599926e+00 1.599392e+00 1.598839e+00 1.598266e+00 1.597671e+00 1.597048e+00 1.595971e+00 1.594448e+00 1.592476e+00 1.590053e+00 1.587177e+00 1.583843e+00
2.021849e+00 2.039863e+00 2.057926e+00 2.076061e+00 2.094292e+00 2.112640e+00 2.131129e+00 2.145294e+00 2.154785e+00 2.164096e+00 2.173232e+00 2.182198e+00 2.190997e+00 2.199636e+00 2.208118e+00 2.216447e+00 2.224629e+00 2.232667e+00 2.240565e+00 2.248328e+00 2.255959e+00 2.263463e+00 2.270843e+00 2.278104e+00 2.285248e+00 2.292280e+00 2.299204e+00 2.306022e+00 2.312738e+00 2.319357e+00 2.325881e+00 2.332314e+00 2.338658e+00 2.344919e+00 2.351097e+00 2.357198e+00 2.363223e+00 2.369177e+00 2.375062e+00 2.380880e+00 2.386637e+00 2.392333e+00 2.397973e+00 2.403558e+00 2.409093e+00 2.414580e+00 2.420021e+00 2.425420e+00 2.430779e+00 2.436101e+00 2.441389e+00 2.446645e+00 2.451873e+00 2.457075e+00 2.462254e+00 2.467412e+00 2.472553e+00 2.477678e+00 2.482790e+00 2.487892e+00 2.492988e+00 2.498078e+00 2.503167e+00 2.508256e+00 2.513348e+00 2.518446e+00 2.523553e+00 2.528671e+00 2.533803e+00 2.538951e+00 2.544119e+00 2.549308e+00 2.554522e+00 2.566258e+00 2.582969e+00 2.598177e+00 2.611901e+00 2.624158e+00 2.634960e+00 2.644321e+00
2.046717e+00 2.065651e+00 2.084667e+00 2.103788e+00 2.123040e+00 2.142445e+00 2.162028e+00 2.188707e+00 2.220678e+00 2.251088e+00 2.279972e+00 2.307368e+00 2.333306e+00 2.357819e+00 2.380935e+00 2.402684e+00 2.423091e+00 2.442181e+00 2.459977e+00 2.476500e+00 2.491771e+00 2.505807e+00 2.518626e+00 2.530243e+00 2.540673e+00 2.549927e+00 2.558017e+00 2.564953e+00 2.570743e+00 2.575394e+00 2.578912e+00 2.581300e+00 2.582563e+00 2.582701e+00 2.581714e+00 2.579602e+00 2.576361e+00 2.571988e+00 2.566478e+00 2.559824e+00 2.552018e+00 2.543050e+00 2.532910e+00 2.521585e+00 2.509063e+00 2.495326e+00 2.480360e+00 2.464146e+00 2.446664e+00 2.427893e+00 2.407812e+00 2.386394e+00 2.363615e+00 2.339447e+00 2.313862e+00 2.286827e+00 2.258310e+00 2.228278e+00 2.196693e+00 2.163518e+00 2.128712e+00 2.092234e+00 2.054040e+00 2.014083e+00 1.972315e+00 1.928685e+00 1.883142e+00 1.835630e+00 1.786092e+00 1.734468e+00 1.680696e+00 1.624710e+00 1.566444e+00 1.525044e+00 1.503388e+00 1.482232e+00 1.461544e+00 1.441298e+00 1.421466e+00 1.402020e+00
1.323455e+00 1.315615e+00 1.306921e+00 1.297359e+00 1.286920e+00 1.275589e+00 1.263353e+00 1.244015e+00 1.220319e+00 1.198318e+00 1.177894e+00 1.158937e+00 1.141346e+00 1.125026e+00 1.109890e+00 1.095857e+00 1.082852e+00 1.070804e+00 1.059650e+00 1.049329e+00 1.039786e+00 1.030969e+00 1.022833e+00 1.015332e+00 1.008427e+00 1.002080e+00 9.962588e-01 9.909306e-01 9.860673e-01 9.816427e-01 9.776332e-01 9.740173e-01 9.707756e-01 9.678907e-01 9.653471e-01 9.631312e-01 9.612311e-01 9.596366e-01 9.583392e-01 9.573319e-01 9.566094e-01 9.561676e-01 9.560044e-01 9.561187e-01 9.565112e-01 9.571841e-01 9.581409e-01 9.593867e-01 9.609282e-01 9.627738e-01 9.649332e-01 9.674181e-01 9.702418e-01 9.734195e-01 9.769681e-01 9.809067e-01 9.852565e-01 9.900407e-01 9.952850e-01 1.001017e+00 1.007269e+00 1.014073e+00 1.021466e+00 1.029487e+00 1.038181e+00 1.047592e+00 1.057772e+00 1.068776e+00 1.080661e+00 1.093493e+00 1.107340e+00 1.122275e+00 1.138380e+00 1.151680e+00 1.160203e+00 1.168026e+00 1.175161e+00 1.181620e+00 1.187413e+00 1.192549e+00
1.148112e+00 1.133782e+00 1.118369e+00 1.101854e+00 1.084217e+00 1.065435e+00 1.045484e+00 1.026615e+00 1.011001e+00 9.963259e-01 9.825459e-01 9.696220e-01 9.575170e-01 9.461963e-01 9.356274e-01 9.257799e-01 9.166256e-01 9.081383e-01 9.002935e-01 8.930689e-01 8.864437e-01 8.803989e-01 8.749171e-01 8.699826e-01 8.655813e-01 8.617005e-01 8.583291e-01 8.554575e-01 8.530773e-01 8.511819e-01 8.497656e-01 8.488246e-01 8.483560e-01 8.483586e-01 8.488323e-01 8.497785e-01 8.511999e-01 8.531006e-01 8.554860e-01 8.583630e-01 8.617399e-01 8.656263e-01 8.700333e-01 8.749736e-01 8.804615e-01 8.865125e-01 8.931442e-01 9.003754e-01 9.082270e-01 9.167214e-01 9.258831e-01 9.357382e-01 9.463152e-01 9.576443e-01 9.697579e-01 9.826909e-01 9.964804e-01 1.011166e+00 1.026789e+00 1.043396e+00 1.061033e+00 1.079751e+00 1.099605e+00 1.120650e+00 1.142947e+00 1.166560e+00 1.191557e+00 1.218010e+00 1.245994e+00 1.275589e+00 1.306882e+00 1.339960e+00 1.374920e+00 1.416169e+00 1.459661e+00 1.501100e+00 1.540496e+00 1.577859e+00 1.613199e+00 1.646525e+00
1.319085e+00 1.311084e+00 1.302221e+00 1.292487e+00 1.281868e+00 1.270351e+00 1.257923e+00 1.246732e+00 1.238183e+00 1.230095e+00 1.222454e+00 1.215247e+00 1.208461e+00 1.202084e+00 1.196106e+00 1.190516e+00 1.185304e+00 1.180461e+00 1.175979e+00 1.171850e+00 1.168067e+00 1.164623e+00 1.161513e+00 1.158730e+00 1.156270e+00 1.154130e+00 1.152304e+00 1.150790e+00 1.149586e+00 1.148688e+00 1.148097e+00 1.147810e+00 1.147827e+00 1.148148e+00 1.148774e+00 1.149705e+00 1.150945e+00 1.152493e+00 1.154354e+00 1.156530e+00 1.159026e+00 1.161845e+00 1.164993e+00 1.168474e+00 1.172296e+00 1.176464e+00 1.180986e+00 1.185870e+00 1.191124e+00 1.196757e+00 1.202779e+00 1.209201e+00 1.216034e+00 1.223289e+00 1.230980e+00 1.239119e+00 1.247721e+00 1.256800e+00 1.266373e+00 1.276455e+00 1.287065e+00 1.298222e+00 1.309943e+00 1.322250e+00 1.335165e+00 1.348708e+00 1.362905e+00 1.377779e+00 1.393357e+00 1.409666e+00 1.426733e+00 1.444589e+00 1.463264e+00 1.481548e+00 1.497422e+00 1.512132e+00 1.525682e+00 1.538073e+00 1.549310e+00 1.559393e+00
1.355078e+00 1.348409e+00 1.340926e+00 1.332619e+00 1.323478e+00 1.313491e+00 1.302646e+00 1.291422e+00 1.281124e+00 1.271235e+00 1.261736e+00 1.252605e+00 1.243825e+00 1.235376e+00 1.227240e+00 1.219400e+00 1.211841e+00 1.204545e+00 1.197498e+00 1.190684e+00 1.184090e+00 1.177701e+00 1.171504e+00 1.165487e+00 1.159635e+00 1.153937e+00 1.148381e+00 1.142956e+00 1.137649e+00 1.132450e+00 1.127347e+00 1.122330e+00 1.117389e+00 1.112512e+00 1.107691e+00 1.102913e+00 1.098170e+00 1.093451e+00 1.088747e+00 1.084048e+00 1.079343e+00 1.074622e+00 1.069877e+00 1.065096e+00 1.060270e+00 1.055389e+00 1.050442e+00 1.045418e+00 1.040308e+00 1.035101e+00 1.029785e+00 1.024349e+00 1.018782e+00 1.013072e+00 1.007208e+00 1.001176e+00 9.949639e-01 9.885590e-01 9.819475e-01 9.751155e-01 9.680487e-01 9.607321e-01 9.531504e-01 9.452874e-01 9.371268e-01 9.286512e-01 9.198429e-01 9.106832e-01 9.011529e-01 8.912319e-01 8.808993e-01 8.701332e-01 8.589112e-01 8.497492e-01 8.432084e-01 8.367383e-01 8.303284e-01 8.239683e-01 8.176478e-01 8.113565e-01
1.576431e+00 1.577956e+00 1.578953e+00 1.579425e+00 1.579370e+00 1.578790e+00 1.577683e+00 1.576085e+00 1.574550e+00 1.573039e+00 1.571550e+00 1.570080e+00 1.568628e+00 1.567191e+00 1.565767e+00 1.564354e+00 1.562949e+00 1.561551e+00 1.560157e+00 1.558766e+00 1.557374e+00 1.555980e+00 1.554582e+00 1.553178e+00 1.551765e+00 1.550341e+00 1.548905e+00 1.547453e+00 1.545984e+00 1.544496e+00 1.542986e+00 1.541451e+00 1.539890e+00 1.538301e+00 1.536680e+00 1.535025e+00 1.533333e+00 1.531603e+00 1.529831e+00 1.528015e+00 1.526152e+00 1.524239e+00 1.522273e+00 1.520251e+00 1.518170e+00 1.516027e+00 1.513819e+00 1.511542e+00 1.509192e+00 1.506767e+00 1.504261e+00 1.501673e+00 1.498997e+00 1.496229e+00 1.493365e+00 1.490402e+00 1.487333e+00 1.484156e+00 1.480863e+00 1.477452e+00 1.473916e+00 1.470250e+00 1.466448e+00 1.462505e+00 1.458415e+00 1.454171e+00 1.449766e+00 1.445195e+00 1.440450e+00 1.435523e+00 1.430407e+00 1.425095e+00 1.419578e+00 1.412364e+00 1.403881e+00 1.395590e+00 1.387468e+00 1.379493e+00 1.371644e+00 1.363899e+00
1.847491e+00 1.859050e+00 1.870433e+00 1.881654e+00 1.892727e+00 1.903666e+00 1.914484e+00 1.924828e+00 1.934291e+00 1.943249e+00 1.951710e+00 1.959682e+00 1.967173e+00 1.974189e+00 1.980738e+00 1.986825e+00 1.992457e+00 1.997638e+00 2.002373e+00 2.006668e+00 2.010525e+00 2.013949e+00 2.016943e+00 2.019509e+00 2.021651e+00 2.023369e+00 2.024666e+00 2.025543e+00 2.026001e+00 2.026040e+00 2.025661e+00 2.024862e+00 2.023643e+00 2.022003e+00 2.019941e+00 2.017454e+00 2.014540e+00 2.011196e+00 2.007420e+00 2.003207e+00 1.998555e+00 1.993457e+00 1.987910e+00 1.981908e+00 1.975446e+00 1.968517e+00 1.961115e+00 1.953234e+00 1.944864e+00 1.936000e+00 1.926632e+00 1.916751e+00 1.906349e+00 1.895415e+00 1.883939e+00 1.871910e+00 1.859317e+00 1.846149e+00 1.832392e+00 1.818033e+00 1.803060e+00 1.787458e+00 1.771212e+00 1.754307e+00 1.736727e+00 1.718456e+00 1.699475e+00 1.679769e+00 1.659317e+00 1.638100e+00 1.616099e+00 1.593293e+00 1.569661e+00 1.536355e+00 1.496788e+00 1.459613e+00 1.424672e+00 1.391814e+00 1.360900e+00 1.331797e+00
1.536300e+00 1.536339e+00 1.535799e+00 1.534679e+00 1.532977e+00 1.530691e+00 1.527819e+00 1.524557e+00 1.521652e+00 1.518896e+00 1.516285e+00 1.513816e+00 1.511485e+00 1.509288e+00 1.507222e+00 1.505284e+00 1.503470e+00 1.501777e+00 1.500204e+00 1.498748e+00 1.497405e+00 1.496176e+00 1.495056e+00 1.494045e+00 1.493142e+00 1.492344e+00 1.491650e+00 1.491060e+00 1.490573e+00 1.490187e+00 1.489902e+00 1.489718e+00 1.489634e+00 1.489651e+00 1.489768e+00 1.489985e+00 1.490304e+00 1.490723e+00 1.491245e+00 1.491869e+00 1.492597e+00 1.493430e+00 1.494369e+00 1.495415e+00 1.496571e+00 1.497838e+00 1.499218e+00 1.500713e+00 1.502325e+00 1.504058e+00 1.505913e+00 1.507893e+00 1.510002e+00 1.512243e+00 1.514620e+00 1.517135e+00 1.519793e+00 1.522598e+00 1.525555e+00 1.528668e+00 1.531941e+00 1.535380e+00 1.538991e+00 1.542778e+00 1.546748e+00 1.550907e+00 1.555261e+00 1.559817e+00 1.564582e+00 1.569564e+00 1.574770e+00 1.580208e+00 1.585887e+00 1.590936e+00 1.594359e+00 1.597040e+00 1.598979e+00 1.600177e+00 1.600634e+00 1.600352e+00
1.188062e+00 1.175211e+00 1.161329e+00 1.146399e+00 1.130401e+00 1.113317e+00 1.095124e+00 1.076072e+00 1.058333e+00 1.041577e+00 1.025749e+00 1.010799e+00 9.966781e-01 9.833412e-01 9.707451e-01 9.588493e-01 9.476154e-01 9.370071e-01 9.269903e-01 9.175327e-01 9.086039e-01 9.001749e-01 8.922186e-01 8.847094e-01 8.776231e-01 8.709368e-01 8.646290e-01 8.586793e-01 8.530686e-01 8.477787e-01 8.427926e-01 8.380942e-01 8.336684e-01 8.295009e-01 8.255783e-01 8.218880e-01 8.184179e-01 8.151570e-01 8.120947e-01 8.092212e-01 8.065272e-01 8.040039e-01 8.016434e-01 7.994379e-01 7.973803e-01 7.954641e-01 7.936830e-01 7.920313e-01 7.905036e-01 7.890951e-01 7.878012e-01 7.866178e-01 7.855409e-01 7.845672e-01 7.836935e-01 7.829170e-01 7.822352e-01 7.816458e-01 7.811471e-01 7.807373e-01 7.804152e-01 7.801797e-01 7.800301e-01 7.799658e-01 7.799867e-01 7.800928e-01 7.802846e-01 7.805625e-01 7.809275e-01 7.813808e-01 7.819238e-01 7.825583e-01 7.832863e-01 7.841903e-01 7.850034e-01 7.856482e-01 7.861271e-01 7.864416e-01 7.865929e-01 7.865814e-01
1.365541e+00 1.359259e+00 1.352177e+00 1.344285e+00 1.335573e+00 1.326031e+00 1.315646e+00 1.304393e+00 1.293642e+00 1.283379e+00 1.273581e+00 1.264225e+00 1.255290e+00 1.246754e+00 1.238599e+00 1.230804e+00 1.223353e+00 1.216228e+00 1.209411e+00 1.202889e+00 1.196645e+00 1.190665e+00 1.184935e+00 1.179443e+00 1.174174e+00 1.169118e+00 1.164262e+00 1.159595e+00 1.155106e+00 1.150785e+00 1.146622e+00 1.142608e+00 1.138732e+00 1.134987e+00 1.131362e+00 1.127851e+00 1.124445e+00 1.121135e+00 1.117915e+00 1.114777e+00 1.111713e+00 1.108717e+00 1.105781e+00 1.102899e+00 1.100064e+00 1.097270e+00 1.094510e+00 1.091777e+00 1.089066e+00 1.086370e+00 1.083683e+00 1.080998e+00 1.078310e+00 1.075612e+00 1.072898e+00 1.070161e+00 1.067396e+00 1.064596e+00 1.061754e+00 1.058864e+00 1.055919e+00 1.052913e+00 1.049838e+00 1.046687e+00 1.043453e+00 1.040129e+00 1.036707e+00 1.033178e+00 1.029535e+00 1.025770e+00 1.021873e+00 1.017836e+00 1.013649e+00 1.010119e+00 1.007243e+00 1.004200e+00 1.000984e+00 9.975928e-01 9.940205e-01 9.902623e-01
2.133415e+00 2.155558e+00 2.177895e+00 2.200455e+00 2.223266e+00 2.246355e+00 2.269753e+00 2.288902e+00 2.302907e+00 2.316359e+00 2.329265e+00 2.341629e+00 2.353457e+00 2.364753e+00 2.375523e+00 2.385772e+00 2.395503e+00 2.404720e+00 2.413429e+00 2.421632e+00 2.429332e+00 2.436534e+00 2.443240e+00 2.449453e+00 2.455176e+00 2.460411e+00 2.465160e+00 2.469426e+00 2.473210e+00 2.476514e+00 2.479339e+00 2.481686e+00 2.483557e+00 2.484952e+00 2.485873e+00 2.486318e+00 2.486289e+00 2.485785e+00 2.484806e+00 2.483352e+00 2.481423e+00 2.479017e+00 2.476133e+00 2.472770e+00 2.468926e+00 2.464601e+00 2.459792e+00 2.454497e+00 2.448714e+00 2.442441e+00 2.435674e+00 2.428411e+00 2.420648e+00 2.412384e+00 2.403613e+00 2.394332e+00 2.384537e+00 2.374225e+00 2.363390e+00 2.352028e+00 2.340135e+00 2.327705e+00 2.314732e+00 2.301212e+00 2.287138e+00 2.272505e+00 2.257306e+00 2.241535e+00 2.225186e+00 2.208250e+00 2.190721e+00 2.172592e+00 2.153855e+00 2.118994e+00 2.071136e+00 2.025640e+00 1.982368e+00 1.941186e+00 1.901968e+00 1.864593e+00
1.191041e+00 1.178300e+00 1.164532e+00 1.149720e+00 1.133844e+00 1.116887e+00 1.098825e+00 1.083111e+00 1.071387e+00 1.060158e+00 1.049400e+00 1.039092e+00 1.029216e+00 1.019751e+00 1.010678e+00 1.001982e+00 9.936429e-01 9.856463e-01 9.779763e-01 9.706178e-01 9.635564e-01 9.567785e-01 9.502708e-01 9.440206e-01 9.380158e-01 9.322447e-01 9.266959e-01 9.213587e-01 9.162227e-01 9.112778e-01 9.065145e-01 9.019234e-01 8.974956e-01 8.932225e-01 8.890957e-01 8.851072e-01 8.812492e-01 8.775143e-01 8.738950e-01 8.703844e-01 8.669756e-01 8.636620e-01 8.604371e-01 8.572947e-01 8.542285e-01 8.512327e-01 8.483014e-01 8.454289e-01 8.426095e-01 8.398378e-01 8.371084e-01 8.344159e-01 8.317552e-01 8.291210e-01 8.265082e-01 8.239117e-01 8.213264e-01 8.187473e-01 8.161694e-01 8.135876e-01 8.109970e-01 8.083924e-01 8.057688e-01 8.031211e-01 8.004441e-01 7.977326e-01 7.949813e-01 7.921848e-01 7.893378e-01 7.864346e-01 7.834696e-01 7.804370e-01 7.773309e-01 7.738872e-01 7.702254e-01 7.665947e-01 7.629862e-01 7.593910e-01 7.558003e-01 7.522054e-01
1.964915e+00 1.980821e+00 1.996702e+00 2.012580e+00 2.028473e+00 2.044402e+00 2.060386e+00 2.073471e+00 2.083212e+00 2.092591e+00 2.101614e+00 2.110287e+00 2.118613e+00 2.126598e+00 2.134248e+00 2.141565e+00 2.148554e+00 2.155220e+00 2.161566e+00 2.167596e+00 2.173313e+00 2.178722e+00 2.183824e+00 2.188623e+00 2.193122e+00 2.197323e+00 2.201229e+00 2.204842e+00 2.208164e+00 2.211197e+00 2.213943e+00 2.216403e+00 2.218579e+00 2.220473e+00 2.222084e+00 2.223415e+00 2.224465e+00 2.225237e+00 2.225729e+00 2.225942e+00 2.225877e+00 2.225533e+00 2.224911e+00 2.224009e+00 2.222827e+00 2.221366e+00 2.219622e+00 2.217597e+00 2.215288e+00 2.212694e+00 2.209814e+00 2.206646e+00 2.203189e+00 2.199439e+00 2.195395e+00 2.191055e+00 2.186417e+00 2.181476e+00 2.176231e+00 2.170679e+00 2.164815e+00 2.158638e+00 2.152143e+00 2.145326e+00 2.138184e+00 2.130712e+00 2.122907e+00 2.114762e+00 2.106275e+00 2.097439e+00 2.088250e+00 2.078702e+00 2.068790e+00 2.057176e+00 2.044048e+00 2.030728e+00 2.017204e+00 2.003464e+00 1.989496e+00 1.975288e+00
1.446253e+00 1.442959e+00 1.438969e+00 1.434278e+00 1.428879e+00 1.422767e+00 1.415933e+00 1.408169e+00 1.400596e+00 1.393398e+00 1.386560e+00 1.380067e+00 1.373905e+00 1.368060e+00 1.362522e+00 1.357276e+00 1.352313e+00 1.347622e+00 1.343191e+00 1.339013e+00 1.335078e+00 1.331377e+00 1.327903e+00 1.324648e+00 1.321605e+00 1.318767e+00 1.316130e+00 1.313685e+00 1.311430e+00 1.309358e+00 1.307466e+00 1.305748e+00 1.304203e+00 1.302825e+00 1.301613e+00 1.300563e+00 1.299674e+00 1.298943e+00 1.298369e+00 1.297951e+00 1.297688e+00 1.297579e+00 1.297624e+00 1.297822e+00 1.298176e+00 1.298685e+00 1.299350e+00 1.300173e+00 1.301155e+00 1.302299e+00 1.303607e+00 1.305082e+00 1.306728e+00 1.308546e+00 1.310543e+00 1.312721e+00 1.315086e+00 1.317642e+00 1.320396e+00 1.323352e+00 1.326518e+00 1.329899e+00 1.333505e+00 1.337341e+00 1.341417e+00 1.345741e+00 1.350322e+00 1.355170e+00 1.360297e+00 1.365711e+00 1.371427e+00 1.377454e+00 1.383807e+00 1.391881e+00 1.400564e+00 1.408494e+00 1.415688e+00 1.422161e+00 1.427927e+00 1.432997e+00
1.118770e+00 1.103354e+00 1.086817e+00 1.069138e+00 1.050296e+00 1.030267e+00 1.009026e+00 9.904989e-01 9.767017e-01 9.636477e-01 9.513054e-01 9.396449e-01 9.286379e-01 9.182578e-01 9.084795e-01 8.992794e-01 8.906351e-01 8.825257e-01 8.749316e-01 8.678344e-01 8.612170e-01 8.550633e-01 8.493584e-01 8.440886e-01 8.392410e-01 8.348040e-01 8.307667e-01 8.271195e-01 8.238535e-01 8.209608e-01 8.184343e-01 8.162680e-01 8.144567e-01 8.129959e-01 8.118821e-01 8.111127e-01 8.106857e-01 8.106001e-01 8.108557e-01 8.114532e-01 8.123939e-01 8.136802e-01 8.153152e-01 8.173027e-01 8.196478e-01 8.223559e-01 8.254337e-01 8.288886e-01 8.327290e-01 8.369642e-01 8.416043e-01 8.466608e-01 8.521457e-01 8.580724e-01 8.644553e-01 8.713097e-01 8.786522e-01 8.865007e-01 8.948740e-01 9.037926e-01 9.132780e-01 9.233531e-01 9.340423e-01 9.453715e-01 9.573681e-01 9.700611e-01 9.834813e-01 9.976612e-01 1.012635e+00 1.028439e+00 1.045112e+00 1.062693e+00 1.081226e+00 1.101481e+00 1.121311e+00 1.140000e+00 1.157557e+00 1.173992e+00 1.189314e+00 1.203531e+00
1.456100e+00 1.453171e+00 1.449558e+00 1.445258e+00 1.440263e+00 1.434569e+00 1.428169e+00 1.419853e+00 1.410741e+00 1.402008e+00 1.393631e+00 1.385588e+00 1.377858e+00 1.370421e+00 1.363257e+00 1.356347e+00 1.349673e+00 1.343216e+00 1.336961e+00 1.330891e+00 1.324989e+00 1.319241e+00 1.313630e+00 1.308142e+00 1.302763e+00 1.297478e+00 1.292274e+00 1.287136e+00 1.282052e+00 1.277007e+00 1.271989e+00 1.266984e+00 1.261979e+00 1.256960e+00 1.251915e+00 1.246831e+00 1.241693e+00 1.236489e+00 1.231204e+00 1.225824e+00 1.220336e+00 1.214725e+00 1.208976e+00 1.203073e+00 1.197003e+00 1.190747e+00 1.184290e+00 1.177615e+00 1.170704e+00 1.163540e+00 1.156102e+00 1.148371e+00 1.140328e+00 1.131950e+00 1.123216e+00 1.114102e+00 1.104585e+00 1.094640e+00 1.084239e+00 1.073357e+00 1.061963e+00 1.050029e+00 1.037522e+00 1.024409e+00 1.010656e+00 9.962272e-01 9.810836e-01 9.651854e-01 9.484909e-01 9.309559e-01 9.125342e-01 8.931771e-01 8.728336e-01 8.563725e-01 8.452923e-01 8.346415e-01 8.243918e-01 8.145162e-01 8.049887e-01 7.957840e-01
2.651580e+00 2.692904e+00 2.735094e+00 2.778203e+00 2.822285e+00 2.867395e+00 2.913589e+00 2.949896e+00 2.974059e+00 2.997108e+00 3.019046e+00 3.039874e+00 3.059593e+00 3.078205e+00 3.095711e+00 3.112114e+00 3.127412e+00 3.141609e+00 3.154705e+00 3.166701e+00 3.177598e+00 3.187397e+00 3.196098e+00 3.203702e+00 3.210210e+00 3.215622e+00 3.219939e+00 3.223161e+00 3.225287e+00 3.226319e+00 3.226257e+00 3.225099e+00 3.222847e+00 3.219500e+00 3.215058e+00 3.209521e+00 3.202888e+00 3.195158e+00 3.186331e+00 3.176407e+00 3.165384e+00 3.153262e+00 3.140040e+00 3.125717e+00 3.110292e+00 3.093764e+00 3.076131e+00 3.057392e+00 3.037546e+00 3.016591e+00 2.994526e+00 2.971349e+00 2.947059e+00 2.921653e+00 2.895130e+00 2.867487e+00 2.838723e+00 2.808836e+00 2.777823e+00 2.745681e+00 2.712410e+00 2.678005e+00 2.642465e+00 2.605787e+00 2.567968e+00 2.529005e+00 2.488895e+00 2.447636e+00 2.405225e+00 2.361657e+00 2.316931e+00 2.271042e+00 2.223987e+00 2.171057e+00 2.115528e+00 2.062013e+00 2.010422e+00 1.960664e+00 1.912657e+00 1.866317e+00
1.617025e+00 1.620053e+00 1.622605e+00 1.624687e+00 1.626299e+00 1.627443e+00 1.628123e+00 1.628310e+00 1.628450e+00 1.628571e+00 1.628673e+00 1.628755e+00 1.628817e+00 1.628861e+00 1.628885e+00 1.628890e+00 1.628877e+00 1.628844e+00 1.628791e+00 1.628720e+00 1.628629e+00 1.628519e+00 1.628389e+00 1.628240e+00 1.628071e+00 1.627881e+00 1.627672e+00 1.627442e+00 1.627191e+00 1.626919e+00 1.626626e+00 1.626311e+00 1.625974e+00 1.625614e+00 1.625232e+00 1.624826e+00 1.624397e+00 1.623943e+00 1.623465e+00 1.622962e+00 1.622432e+00 1.621876e+00 1.621293e+00 1.620683e+00 1.620043e+00 1.619375e+00 1.618677e+00 1.617948e+00 1.617187e+00 1.616394e+00 1.615568e+00 1.614707e+00 1.613811e+00 1.612879e+00 1.611910e+00 1.610902e+00 1.609855e+00 1.608767e+00 1.607637e+00 1.606463e+00 1.605245e+00 1.603981e+00 1.602670e+00 1.601310e+00 1.599899e+00 1.598436e+00 1.596920e+00 1.595348e+00 1.593718e+00 1.592030e+00 1.590281e+00 1.588468e+00 1.586591e+00 1.584872e+00 1.582848e+00 1.580293e+00 1.577205e+00 1.573584e+00 1.569427e+00 1.564731e+00
1.232143e+00 1.220923e+00 1.208730e+00 1.195548e+00 1.181360e+00 1.166148e+00 1.149895e+00 1.133144e+00 1.117832e+00 1.103350e+00 1.089658e+00 1.076717e+00 1.064490e+00 1.052942e+00 1.042040e+00 1.031755e+00 1.022056e+00 1.012916e+00 1.004309e+00 9.962114e-01 9.885995e-01 9.814518e-01 9.747483e-01 9.684698e-01 9.625986e-01 9.571180e-01 9.520126e-01 9.472678e-01 9.428702e-01 9.388074e-01 9.350678e-01 9.316409e-01 9.285169e-01 9.256869e-01 9.231431e-01 9.208780e-01 9.188855e-01 9.171597e-01 9.156958e-01 9.144897e-01 9.135379e-01 9.128377e-01 9.123872e-01 9.121851e-01 9.122307e-01 9.125244e-01 9.130667e-01 9.138594e-01 9.149047e-01 9.162054e-01 9.177653e-01 9.195889e-01 9.216813e-01 9.240483e-01 9.266968e-01 9.296342e-01 9.328688e-01 9.364099e-01 9.402674e-01 9.444523e-01 9.489764e-01 9.538525e-01 9.590945e-01 9.647173e-01 9.707367e-01 9.771698e-01 9.840348e-01 9.913513e-01 9.991398e-01 1.007423e+00 1.016223e+00 1.025566e+00 1.035478e+00 1.043672e+00 1.048965e+00 1.053678e+00 1.057812e+00 1.061371e+00 1.064358e+00 1.066775e+00
1.467822e+00 1.465326e+00 1.462163e+00 1.458327e+00 1.453814e+00 1.448618e+00 1.442733e+00 1.437792e+00 1.434644e+00 1.431644e+00 1.428790e+00 1.426079e+00 1.423508e+00 1.421074e+00 1.418776e+00 1.416611e+00 1.414577e+00 1.412671e+00 1.410893e+00 1.409240e+00 1.407711e+00 1.406304e+00 1.405018e+00 1.403852e+00 1.402804e+00 1.401873e+00 1.401059e+00 1.400361e+00 1.399777e+00 1.399309e+00 1.398954e+00 1.398713e+00 1.398585e+00 1.398571e+00 1.398670e+00 1.398882e+00 1.399208e+00 1.399648e+00 1.400202e+00 1.400871e+00 1.401656e+00 1.402557e+00 1.403575e+00 1.404711e+00 1.405967e+00 1.407343e+00 1.408841e+00 1.410462e+00 1.412208e+00 1.414081e+00 1.416083e+00 1.418214e+00 1.420479e+00 1.422878e+00 1.425414e+00 1.428089e+00 1.430907e+00 1.433869e+00 1.436980e+00 1.440241e+00 1.443656e+00 1.447229e+00 1.450962e+00 1.454860e+00 1.458926e+00 1.463165e+00 1.467580e+00 1.472175e+00 1.476956e+00 1.481927e+00 1.487092e+00 1.492458e+00 1.498028e+00 1.509065e+00 1.524232e+00 1.538298e+00 1.551285e+00 1.563214e+00 1.574104e+00 1.583972e+00
1.903958e+00 1.917608e+00 1.931154e+00 1.944614e+00 1.958005e+00 1.971344e+00 1.984646e+00 1.998159e+00 2.011358e+00 2.024028e+00 2.036182e+00 2.047832e+00 2.058991e+00 2.069669e+00 2.079878e+00 2.089627e+00 2.098928e+00 2.107790e+00 2.116220e+00 2.124230e+00 2.131825e+00 2.139015e+00 2.145806e+00 2.152206e+00 2.158221e+00 2.163856e+00 2.169119e+00 2.174014e+00 2.178547e+00 2.182721e+00 2.186542e+00 2.190013e+00 2.193137e+00 2.195918e+00 2.198359e+00 2.200463e+00 2.202230e+00 2.203664e+00 2.204765e+00 2.205536e+00 2.205975e+00 2.206085e+00 2.205865e+00 2.205315e+00 2.204434e+00 2.203221e+00 2.201676e+00 2.199796e+00 2.197580e+00 2.195026e+00 2.192130e+00 2.188890e+00 2.185303e+00 2.181364e+00 2.177071e+00 2.172417e+00 2.167400e+00 2.162013e+00 2.156251e+00 2.150108e+00 2.143578e+00 2.136655e+00 2.129330e+00 2.121597e+00 2.113448e+00 2.104874e+00 2.095866e+00 2.086416e+00 2.076514e+00 2.066149e+00 2.055312e+00 2.043990e+00 2.032173e+00 2.022663e+00 2.015411e+00 2.007599e+00 1.999225e+00 1.990283e+00 1.980771e+00 1.970684e+00
1.197127e+00 1.184611e+00 1.171076e+00 1.156505e+00 1.140880e+00 1.124180e+00 1.106386e+00 1.089078e+00 1.074164e+00 1.060003e+00 1.046559e+00 1.033795e+00 1.021678e+00 1.010176e+00 9.992587e-01 9.888973e-01 9.790647e-01 9.697347e-01 9.608830e-01 9.524861e-01 9.445220e-01 9.369696e-01 9.298091e-01 9.230216e-01 9.165892e-01 9.104950e-01 9.047229e-01 8.992577e-01 8.940851e-01 8.891914e-01 8.845636e-01 8.801897e-01 8.760581e-01 8.721579e-01 8.684789e-01 8.650112e-01 8.617459e-01 8.586743e-01 8.557884e-01 8.530804e-01 8.505433e-01 8.481705e-01 8.459555e-01 8.438927e-01 8.419766e-01 8.402021e-01 8.385646e-01 8.370597e-01 8.356835e-01 8.344323e-01 8.333029e-01 8.322923e-01 8.313978e-01 8.306171e-01 8.299481e-01 8.293890e-01 8.289384e-01 8.285951e-01 8.283582e-01 8.282270e-01 8.282013e-01 8.282809e-01 8.284660e-01 8.287572e-01 8.291553e-01 8.296611e-01 8.302762e-01 8.310021e-01 8.318406e-01 8.327942e-01 8.338651e-01 8.350564e-01 8.363710e-01 8.376005e-01 8.383436e-01 8.388133e-01 8.390103e-01 8.389350e-01 8.385872e-01 8.379664e-01
1.291988e+00 1.282983e+00 1.273083e+00 1.262274e+00 1.250543e+00 1.237875e+00 1.224254e+00 1.209394e+00 1.195031e+00 1.181395e+00 1.168448e+00 1.156153e+00 1.144478e+00 1.133389e+00 1.122855e+00 1.112848e+00 1.103340e+00 1.094303e+00 1.085714e+00 1.077547e+00 1.069782e+00 1.062395e+00 1.055366e+00 1.048677e+00 1.042308e+00 1.036241e+00 1.030460e+00 1.024949e+00 1.019692e+00 1.014675e+00 1.009884e+00 1.005305e+00 1.000926e+00 9.967354e-01 9.927203e-01 9.888701e-01 9.851742e-01 9.816221e-01 9.782041e-01 9.749107e-01 9.717326e-01 9.686612e-01 9.656878e-01 9.628042e-01 9.600025e-01 9.572747e-01 9.546133e-01 9.520110e-01 9.494605e-01 9.469548e-01 9.444868e-01 9.420497e-01 9.396367e-01 9.372412e-01 9.348565e-01 9.324760e-01 9.300930e-01 9.277009e-01 9.252932e-01 9.228630e-01 9.204037e-01 9.179084e-01 9.153702e-01 9.127820e-01 9.101367e-01 9.074269e-01 9.046451e-01 9.017836e-01 8.988343e-01 8.957892e-01 8.926397e-01 8.893771e-01 8.859924e-01 8.833188e-01 8.813165e-01 8.791398e-01 8.767860e-01 8.742519e-01 8.715341e-01 8.686290e-01
1.247422e+00 1.236768e+00 1.225160e+00 1.212584e+00 1.199023e+00 1.184461e+00 1.168880e+00 1.156125e+00 1.147567e+00 1.139329e+00 1.131398e+00 1.123763e+00 1.116414e+00 1.109339e+00 1.102528e+00 1.095972e+00 1.089660e+00 1.083585e+00 1.077736e+00 1.072107e+00 1.066688e+00 1.061471e+00 1.056450e+00 1.051616e+00 1.046964e+00 1.042486e+00 1.038175e+00 1.034026e+00 1.030033e+00 1.026190e+00 1.022490e+00 1.018930e+00 1.015503e+00 1.012205e+00 1.009032e+00 1.005977e+00 1.003038e+00 1.000210e+00 9.974881e-01 9.948693e-01 9.923495e-01 9.899250e-01 9.875925e-01 9.853485e-01 9.831898e-01 9.811132e-01 9.791158e-01 9.771947e-01 9.753471e-01 9.735704e-01 9.718620e-01 9.702193e-01 9.686401e-01 9.671221e-01 9.656630e-01 9.642608e-01 9.629135e-01 9.616190e-01 9.603756e-01 9.591814e-01 9.580348e-01 9.569339e-01 9.558774e-01 9.548636e-01 9.538910e-01 9.529584e-01 9.520642e-01 9.512073e-01 9.503864e-01 9.496003e-01 9.488479e-01 9.481281e-01 9.474398e-01 9.467274e-01 9.457320e-01 9.445073e-01 9.430513e-01 9.413621e-01 9.394373e-01 9.372743e-01
1.506204e+00 1.505129e+00 1.503436e+00 1.501122e+00 1.498185e+00 1.494620e+00 1.490424e+00 1.485734e+00 1.481250e+00 1.476823e+00 1.472444e+00 1.468108e+00 1.463807e+00 1.459534e+00 1.455282e+00 1.451043e+00 1.446813e+00 1.442582e+00 1.438345e+00 1.434094e+00 1.429823e+00 1.425525e+00 1.421193e+00 1.416819e+00 1.412397e+00 1.407919e+00 1.403378e+00 1.398767e+00 1.394078e+00 1.389304e+00 1.384437e+00 1.379468e+00 1.374391e+00 1.369196e+00 1.363875e+00 1.358419e+00 1.352821e+00 1.347069e+00 1.341156e+00 1.335072e+00 1.328806e+00 1.322348e+00 1.315689e+00 1.308816e+00 1.301720e+00 1.294388e+00 1.286809e+00 1.278970e+00 1.270858e+00 1.262460e+00 1.253763e+00 1.244753e+00 1.235414e+00 1.225732e+00 1.215691e+00 1.205274e+00 1.194465e+00 1.183246e+00 1.171599e+00 1.159505e+00 1.146944e+00 1.133896e+00 1.120339e+00 1.106252e+00 1.091611e+00 1.076394e+00 1.060574e+00 1.044127e+00 1.027025e+00 1.009241e+00 9.907462e-01 9.715100e-01 9.515014e-01 9.344031e-01 9.214747e-01 9.089735e-01 8.968733e-01 8.851485e-01 8.737744e-01 8.627273e-01
1.216199e+00 1.204389e+00 1.191585e+00 1.177770e+00 1.162928e+00 1.147039e+00 1.130084e+00 1.112434e+00 1.096074e+00 1.080564e+00 1.065858e+00 1.051911e+00 1.038684e+00 1.026136e+00 1.014232e+00 1.002934e+00 9.922113e-01 9.820306e-01 9.723622e-01 9.631776e-01 9.544495e-01 9.461523e-01 9.382612e-01 9.307531e-01 9.236057e-01 9.167978e-01 9.103095e-01 9.041213e-01 8.982152e-01 8.925735e-01 8.871797e-01 8.820178e-01 8.770725e-01 8.723291e-01 8.677738e-01 8.633929e-01 8.591736e-01 8.551034e-01 8.511702e-01 8.473624e-01 8.436687e-01 8.400783e-01 8.365805e-01 8.331650e-01 8.298217e-01 8.265406e-01 8.233121e-01 8.201267e-01 8.169749e-01 8.138474e-01 8.107349e-01 8.076283e-01 8.045184e-01 8.013960e-01 7.982517e-01 7.950765e-01 7.918608e-01 7.885951e-01 7.852699e-01 7.818752e-01 7.784010e-01 7.748370e-01 7.711728e-01 7.673975e-01 7.634999e-01 7.594685e-01 7.552913e-01 7.509561e-01 7.464500e-01 7.417597e-01 7.368713e-01 7.317703e-01 7.264418e-01 7.217340e-01 7.179412e-01 7.141903e-01 7.104725e-01 7.067789e-01 7.031010e-01 6.994300e-01
1.260566e+00 1.250399e+00 1.239295e+00 1.227240e+00 1.214218e+00 1.200215e+00 1.185212e+00 1.165756e+00 1.144314e+00 1.124228e+00 1.105412e+00 1.087784e+00 1.071269e+00 1.055796e+00 1.041297e+00 1.027710e+00 1.014978e+00 1.003045e+00 9.918590e-01 9.813728e-01 9.715410e-01 9.623212e-01 9.536737e-01 9.455613e-01 9.379490e-01 9.308041e-01 9.240958e-01 9.177952e-01 9.118752e-01 9.063103e-01 9.010764e-01 8.961512e-01 8.915133e-01 8.871428e-01 8.830209e-01 8.791298e-01 8.754528e-01 8.719740e-01 8.686784e-01 8.655519e-01 8.625810e-01 8.597529e-01 8.570555e-01 8.544770e-01 8.520064e-01 8.496331e-01 8.473469e-01 8.451378e-01 8.429964e-01 8.409135e-01 8.388801e-01 8.368874e-01 8.349269e-01 8.329901e-01 8.310686e-01 8.291543e-01 8.272388e-01 8.253139e-01 8.233713e-01 8.214027e-01 8.193995e-01 8.173532e-01 8.152549e-01 8.130957e-01 8.108661e-01 8.085566e-01 8.061573e-01 8.036578e-01 8.010473e-01 7.983147e-01 7.954481e-01 7.924352e-01 7.892631e-01 7.861327e-01 7.833079e-01 7.805625e-01 7.778854e-01 7.752655e-01 7.726923e-01 7.701552e-01
1.334867e+00 1.327450e+00 1.319192e+00 1.310083e+00 1.300112e+00 1.289267e+00 1.277532e+00 1.266215e+00 1.256643e+00 1.247479e+00 1.238706e+00 1.230307e+00 1.222266e+00 1.214567e+00 1.207197e+00 1.200141e+00 1.193385e+00 1.186918e+00 1.180726e+00 1.174798e+00 1.169122e+00 1.163689e+00 1.158486e+00 1.153506e+00 1.148738e+00 1.144173e+00 1.139802e+00 1.135617e+00 1.131611e+00 1.127775e+00 1.124103e+00 1.120587e+00 1.117221e+00 1.113998e+00 1.110912e+00 1.107958e+00 1.105129e+00 1.102421e+00 1.099827e+00 1.097344e+00 1.094967e+00 1.092691e+00 1.090511e+00 1.088424e+00 1.086426e+00 1.084512e+00 1.082680e+00 1.080925e+00 1.079245e+00 1.077636e+00 1.076095e+00 1.074619e+00 1.073206e+00 1.071852e+00 1.070556e+00 1.069314e+00 1.068125e+00 1.066986e+00 1.065894e+00 1.064849e+00 1.063847e+00 1.062887e+00 1.061968e+00 1.061087e+00 1.060242e+00 1.059433e+00 1.058657e+00 1.057914e+00 1.057201e+00 1.056517e+00 1.055862e+00 1.055233e+00 1.054630e+00 1.053877e+00 1.052819e+00 1.051629e+00 1.050303e+00 1.048837e+00 1.047226e+00 1.045466e+00
1.374992e+00 1.369060e+00 1.362340e+00 1.354822e+00 1.346499e+00 1.337358e+00 1.327389e+00 1.318793e+00 1.312581e+00 1.306532e+00 1.300639e+00 1.294895e+00 1.289291e+00 1.283822e+00 1.278480e+00 1.273259e+00 1.268151e+00 1.263152e+00 1.258254e+00 1.253451e+00 1.248738e+00 1.244108e+00 1.239556e+00 1.235076e+00 1.230663e+00 1.226310e+00 1.222013e+00 1.217766e+00 1.213564e+00 1.209401e+00 1.205273e+00 1.201174e+00 1.197099e+00 1.193043e+00 1.189001e+00 1.184968e+00 1.180939e+00 1.176908e+00 1.172872e+00 1.168824e+00 1.164759e+00 1.160674e+00 1.156562e+00 1.152418e+00 1.148237e+00 1.144015e+00 1.139745e+00 1.135422e+00 1.131042e+00 1.126598e+00 1.122085e+00 1.117497e+00 1.112829e+00 1.108074e+00 1.103227e+00 1.098282e+00 1.093233e+00 1.088073e+00 1.082796e+00 1.077395e+00 1.071863e+00 1.066194e+00 1.060381e+00 1.054416e+00 1.048291e+00 1.042000e+00 1.035534e+00 1.028885e+00 1.022045e+00 1.015006e+00 1.007758e+00 1.000292e+00 9.926002e-01 9.752306e-01 9.505873e-01 9.279301e-01 9.070929e-01 8.879226e-01 8.702786e-01 8.540313e-01
1.250521e+00 1.239982e+00 1.228492e+00 1.216039e+00 1.202605e+00 1.188175e+00 1.172730e+00 1.156638e+00 1.141737e+00 1.127600e+00 1.114189e+00 1.101467e+00 1.089397e+00 1.077948e+00 1.067087e+00 1.056785e+00 1.047012e+00 1.037743e+00 1.028952e+00 1.020614e+00 1.012706e+00 1.005207e+00 9.980964e-01 9.913538e-01 9.849611e-01 9.789004e-01 9.731553e-01 9.677098e-01 9.625488e-01 9.576583e-01 9.530247e-01 9.486352e-01 9.444778e-01 9.405409e-01 9.368138e-01 9.332861e-01 9.299482e-01 9.267908e-01 9.238052e-01 9.209832e-01 9.183171e-01 9.157994e-01 9.134232e-01 9.111821e-01 9.090697e-01 9.070803e-01 9.052084e-01 9.034489e-01 9.017968e-01 9.002477e-01 8.987973e-01 8.974415e-01 8.961767e-01 8.949993e-01 8.939061e-01 8.928941e-01 8.919604e-01 8.911026e-01 8.903183e-01 8.896053e-01 8.889616e-01 8.883854e-01 8.878753e-01 8.874297e-01 8.870474e-01 8.867274e-01 8.864688e-01 8.862709e-01 8.861332e-01 8.860552e-01 8.860367e-01 8.860778e-01 8.861784e-01 8.863452e-01 8.863477e-01 8.861797e-01 8.858409e-01 8.853303e-01 8.846466e-01 8.837878e-01
1.277366e+00 1.267820e+00 1.257360e+00 1.245971e+00 1.233639e+00 1.220350e+00 1.206086e+00 1.191418e+00 1.178109e+00 1.165536e+00 1.153667e+00 1.142472e+00 1.131921e+00 1.121987e+00 1.112645e+00 1.103870e+00 1.095640e+00 1.087933e+00 1.080730e+00 1.074011e+00 1.067760e+00 1.061961e+00 1.056598e+00 1.051657e+00 1.047126e+00 1.042993e+00 1.039248e+00 1.035880e+00 1.032882e+00 1.030244e+00 1.027961e+00 1.026027e+00 1.024436e+00 1.023185e+00 1.022270e+00 1.021688e+00 1.021439e+00 1.021522e+00 1.021937e+00 1.022684e+00 1.023767e+00 1.025187e+00 1.026949e+00 1.029057e+00 1.031516e+00 1.034333e+00 1.037514e+00 1.041070e+00 1.045007e+00 1.049337e+00 1.054071e+00 1.059221e+00 1.064800e+00 1.070823e+00 1.077305e+00 1.084263e+00 1.091716e+00 1.099681e+00 1.108181e+00 1.117236e+00 1.126870e+00 1.137109e+00 1.147978e+00 1.159505e+00 1.171721e+00 1.184657e+00 1.198347e+00 1.212825e+00 1.228129e+00 1.244299e+00 1.261377e+00 1.279406e+00 1.298433e+00 1.315099e+00 1.327393e+00 1.338729e+00 1.349110e+00 1.358543e+00 1.367030e+00 1.374575e+00
1.341945e+00 1.334790e+00 1.326804e+00 1.317976e+00 1.308296e+00 1.297751e+00 1.286328e+00 1.273627e+00 1.261201e+00 1.249403e+00 1.238202e+00 1.227569e+00 1.217476e+00 1.207897e+00 1.198807e+00 1.190182e+00 1.182000e+00 1.174240e+00 1.166880e+00 1.159903e+00 1.153290e+00 1.147024e+00 1.141088e+00 1.135467e+00 1.130146e+00 1.125112e+00 1.120352e+00 1.115852e+00 1.111601e+00 1.107589e+00 1.103805e+00 1.100238e+00 1.096880e+00 1.093722e+00 1.090755e+00 1.087973e+00 1.085367e+00 1.082931e+00 1.080658e+00 1.078543e+00 1.076580e+00 1.074764e+00 1.073091e+00 1.071555e+00 1.070153e+00 1.068882e+00 1.067737e+00 1.066716e+00 1.065817e+00 1.065037e+00 1.064373e+00 1.063825e+00 1.063391e+00 1.063069e+00 1.062859e+00 1.062760e+00 1.062773e+00 1.062896e+00 1.063131e+00 1.063477e+00 1.063937e+00 1.064510e+00 1.065200e+00 1.066006e+00 1.066932e+00 1.067980e+00 1.069152e+00 1.070453e+00 1.071884e+00 1.073450e+00 1.075154e+00 1.077002e+00 1.078998e+00 1.080935e+00 1.082305e+00 1.083323e+00 1.083990e+00 1.084309e+00 1.084278e+00 1.083899e+00
2.254029e+00 2.280637e+00 2.307595e+00 2.334939e+00 2.362700e+00 2.390916e+00 2.419620e+00 2.455617e+00 2.496426e+00 2.535309e+00 2.572290e+00 2.607397e+00 2.640653e+00 2.672082e+00 2.701705e+00 2.729542e+00 2.755614e+00 2.779937e+00 2.802530e+00 2.823407e+00 2.842584e+00 2.860072e+00 2.875886e+00 2.890034e+00 2.902528e+00 2.913376e+00 2.922586e+00 2.930163e+00 2.936114e+00 2.940441e+00 2.943149e+00 2.944239e+00 2.943712e+00 2.941567e+00 2.937803e+00 2.932418e+00 2.925407e+00 2.916766e+00 2.906489e+00 2.894569e+00 2.880997e+00 2.865764e+00 2.848860e+00 2.830272e+00 2.809988e+00 2.787994e+00 2.764274e+00 2.738813e+00 2.711592e+00 2.682593e+00 2.651795e+00 2.619177e+00 2.584717e+00 2.548391e+00 2.510173e+00 2.470037e+00 2.427955e+00 2.383898e+00 2.337835e+00 2.289736e+00 2.239565e+00 2.187289e+00 2.132871e+00 2.076273e+00 2.017457e+00 1.956381e+00 1.893003e+00 1.827280e+00 1.759165e+00 1.688611e+00 1.615571e+00 1.539992e+00 1.461822e+00 1.406628e+00 1.378044e+00 1.350402e+00 1.323658e+00 1.297767e+00 1.272686e+00 1.248374e+00
1.717674e+00 1.724428e+00 1.730837e+00 1.736910e+00 1.742653e+00 1.748075e+00 1.753183e+00 1.757548e+00 1.761451e+00 1.765327e+00 1.769182e+00 1.773019e+00 1.776844e+00 1.780660e+00 1.784472e+00 1.788285e+00 1.792102e+00 1.795928e+00 1.799768e+00 1.803625e+00 1.807505e+00 1.811412e+00 1.815350e+00 1.819323e+00 1.823337e+00 1.827396e+00 1.831505e+00 1.835668e+00 1.839890e+00 1.844176e+00 1.848531e+00 1.852960e+00 1.857468e+00 1.862060e+00 1.866741e+00 1.871517e+00 1.876394e+00 1.881376e+00 1.886470e+00 1.891682e+00 1.897016e+00 1.902481e+00 1.908081e+00 1.913824e+00 1.919715e+00 1.925762e+00 1.931972e+00 1.938351e+00 1.944908e+00 1.951649e+00 1.958582e+00 1.965716e+00 1.973058e+00 1.980617e+00 1.988401e+00 1.996420e+00 2.004683e+00 2.013199e+00 2.021978e+00 2.031030e+00 2.040366e+00 2.049996e+00 2.059931e+00 2.070183e+00 2.080763e+00 2.091684e+00 2.102957e+00 2.114597e+00 2.126617e+00 2.139030e+00 2.151850e+00 2.165092e+00 2.178772e+00 2.192907e+00 2.205692e+00 2.217128e+00 2.227220e+00 2.235971e+00 2.243383e+00 2.249459e+00
1.459665e+00 1.456867e+00 1.453391e+00 1.449232e+00 1.444384e+00 1.438841e+00 1.432598e+00 1.424242e+00 1.414906e+00 1.405965e+00 1.397395e+00 1.389171e+00 1.381272e+00 1.373676e+00 1.366361e+00 1.359307e+00 1.352495e+00 1.345906e+00 1.339523e+00 1.333326e+00 1.327300e+00 1.321428e+00 1.315693e+00 1.310079e+00 1.304572e+00 1.299155e+00 1.293815e+00 1.288535e+00 1.283303e+00 1.278102e+00 1.272920e+00 1.267741e+00 1.262551e+00 1.257336e+00 1.252082e+00 1.246774e+00 1.241397e+00 1.235937e+00 1.230379e+00 1.224706e+00 1.218905e+00 1.212958e+00 1.206849e+00 1.200561e+00 1.194077e+00 1.187379e+00 1.180449e+00 1.173268e+00 1.165815e+00 1.158070e+00 1.150012e+00 1.141618e+00 1.132865e+00 1.123730e+00 1.114187e+00 1.104209e+00 1.093770e+00 1.082840e+00 1.071389e+00 1.059385e+00 1.046796e+00 1.033587e+00 1.019721e+00 1.005160e+00 9.898642e-01 9.737908e-01 9.568957e-01 9.391323e-01 9.204516e-01 9.008020e-01 8.801294e-01 8.583767e-01 8.354839e-01 8.185496e-01 8.090794e-01 7.998916e-01 7.909668e-01 7.822861e-01 7.738313e-01 7.655846e-01
2.454923e+00 2.488968e+00 2.523624e+00 2.558934e+00 2.594942e+00 2.631695e+00 2.669237e+00 2.710483e+00 2.753113e+00 2.794280e+00 2.834005e+00 2.872310e+00 2.909213e+00 2.944733e+00 2.978889e+00 3.011698e+00 3.043177e+00 3.073343e+00 3.102210e+00 3.129793e+00 3.156106e+00 3.181164e+00 3.204979e+00 3.227562e+00 3.248926e+00 3.269082e+00 3.288039e+00 3.305809e+00 3.322398e+00 3.337818e+00 3.352074e+00 3.365174e+00 3.377126e+00 3.387935e+00 3.397607e+00 3.406147e+00 3.413558e+00 3.419846e+00 3.425013e+00 3.429061e+00 3.431994e+00 3.433812e+00 3.434516e+00 3.434107e+00 3.432584e+00 3.429947e+00 3.426194e+00 3.421324e+00 3.415334e+00 3.408220e+00 3.399980e+00 3.390608e+00 3.380101e+00 3.368453e+00 3.355657e+00 3.341708e+00 3.326598e+00 3.310319e+00 3.292863e+00 3.274221e+00 3.254384e+00 3.233341e+00 3.211082e+00 3.187595e+00 3.162868e+00 3.136888e+00 3.109643e+00 3.081117e+00 3.051298e+00 3.020168e+00 2.987713e+00 2.953916e+00 2.918759e+00 2.878880e+00 2.836861e+00 2.795978e+00 2.756166e+00 2.717360e+00 2.679500e+00 2.642525e+00
1.223487e+00 1.211947e+00 1.199422e+00 1.185896e+00 1.171353e+00 1.155774e+00 1.139139e+00 1.114682e+00 1.085809e+00 1.059094e+00 1.034374e+00 1.011500e+00 9.903350e-01 9.707498e-01 9.526265e-01 9.358554e-01 9.203353e-01 9.059723e-01 8.926797e-01 8.803771e-01 8.689902e-01 8.584502e-01 8.486933e-01 8.396605e-01 8.312974e-01 8.235534e-01 8.163816e-01 8.097388e-01 8.035847e-01 7.978822e-01 7.925968e-01 7.876966e-01 7.831519e-01 7.789354e-01 7.750215e-01 7.713865e-01 7.680086e-01 7.648672e-01 7.619434e-01 7.592196e-01 7.566792e-01 7.543070e-01 7.520885e-01 7.500104e-01 7.480601e-01 7.462258e-01 7.444965e-01 7.428616e-01 7.413114e-01 7.398364e-01 7.384277e-01 7.370769e-01 7.357757e-01 7.345163e-01 7.332911e-01 7.320926e-01 7.309137e-01 7.297472e-01 7.285860e-01 7.274232e-01 7.262516e-01 7.250643e-01 7.238541e-01 7.226136e-01 7.213353e-01 7.200116e-01 7.186344e-01 7.171954e-01 7.156858e-01 7.140967e-01 7.124183e-01 7.106406e-01 7.087527e-01 7.073333e-01 7.064071e-01 7.053817e-01 7.042547e-01 7.030234e-01 7.016848e-01 7.002355e-01
1.168939e+00 1.155380e+00 1.140765e+00 1.125076e+00 1.108294e+00 1.090396e+00 1.071362e+00 1.048140e+00 1.023703e+00 1.000959e+00 9.797996e-01 9.601216e-01 9.418302e-01 9.248373e-01 9.090606e-01 8.944241e-01 8.808571e-01 8.682940e-01 8.566741e-01 8.459415e-01 8.360442e-01 8.269344e-01 8.185683e-01 8.109053e-01 8.039084e-01 7.975440e-01 7.917812e-01 7.865922e-01 7.819520e-01 7.778382e-01 7.742308e-01 7.711125e-01 7.684683e-01 7.662853e-01 7.645530e-01 7.632631e-01 7.624093e-01 7.619875e-01 7.619957e-01 7.624338e-01 7.633041e-01 7.646107e-01 7.663599e-01 7.685602e-01 7.712221e-01 7.743587e-01 7.779849e-01 7.821183e-01 7.867789e-01 7.919892e-01 7.977743e-01 8.041622e-01 8.111837e-01 8.188727e-01 8.272663e-01 8.364051e-01 8.463332e-01 8.570985e-01 8.687531e-01 8.813532e-01 8.949596e-01 9.096380e-01 9.254594e-01 9.425001e-01 9.608424e-01 9.805748e-01 1.001793e+00 1.024599e+00 1.049102e+00 1.075423e+00 1.103686e+00 1.134030e+00 1.166600e+00 1.195214e+00 1.216247e+00 1.236051e+00 1.254641e+00 1.272030e+00 1.288228e+00 1.303249e+00
1.355287e+00 1.348626e+00 1.341151e+00 1.332852e+00 1.323719e+00 1.313741e+00 1.302905e+00 1.293758e+00 1.287331e+00 1.281058e+00 1.274932e+00 1.268943e+00 1.263087e+00 1.257354e+00 1.251739e+00 1.246234e+00 1.240834e+00 1.235530e+00 1.230317e+00 1.225189e+00 1.220140e+00 1.215162e+00 1.210251e+00 1.205400e+00 1.200603e+00 1.195855e+00 1.191149e+00 1.186481e+00 1.181844e+00 1.177233e+00 1.172642e+00 1.168065e+00 1.163498e+00 1.158934e+00 1.154369e+00 1.149796e+00 1.145209e+00 1.140605e+00 1.135976e+00 1.131317e+00 1.126622e+00 1.121887e+00 1.117105e+00 1.112270e+00 1.107376e+00 1.102418e+00 1.097390e+00 1.092285e+00 1.087097e+00 1.081820e+00 1.076448e+00 1.070973e+00 1.065391e+00 1.059692e+00 1.053872e+00 1.047922e+00 1.041835e+00 1.035605e+00 1.029223e+00 1.022682e+00 1.015974e+00 1.009091e+00 1.002024e+00 9.947645e-01 9.873043e-01 9.796341e-01 9.717446e-01 9.636262e-01 9.552690e-01 9.466630e-01 9.377978e-01 9.286625e-01 9.192460e-01 9.085329e-01 8.972273e-01 8.863070e-01 8.757468e-01 8.655220e-01 8.556091e-01 8.459848e-01
1.238743e+00 1.227768e+00 1.215827e+00 1.202907e+00 1.188990e+00 1.174059e+00 1.158096e+00 1.144213e+00 1.134009e+00 1.124333e+00 1.115167e+00 1.106494e+00 1.098297e+00 1.090561e+00 1.083273e+00 1.076418e+00 1.069984e+00 1.063959e+00 1.058331e+00 1.053091e+00 1.048227e+00 1.043733e+00 1.039598e+00 1.035815e+00 1.032378e+00 1.029280e+00 1.026515e+00 1.024078e+00 1.021964e+00 1.020170e+00 1.018692e+00 1.017528e+00 1.016675e+00 1.016132e+00 1.015897e+00 1.015971e+00 1.016353e+00 1.017044e+00 1.018046e+00 1.019360e+00 1.020989e+00 1.022935e+00 1.025203e+00 1.027796e+00 1.030720e+00 1.033980e+00 1.037581e+00 1.041531e+00 1.045837e+00 1.050507e+00 1.055550e+00 1.060974e+00 1.066791e+00 1.073010e+00 1.079644e+00 1.086704e+00 1.094205e+00 1.102159e+00 1.110582e+00 1.119489e+00 1.128897e+00 1.138823e+00 1.149286e+00 1.160305e+00 1.171900e+00 1.184094e+00 1.196909e+00 1.210368e+00 1.224497e+00 1.239322e+00 1.254870e+00 1.271171e+00 1.288254e+00 1.316984e+00 1.354530e+00 1.390101e+00 1.423736e+00 1.455473e+00 1.485348e+00 1.513394e+00
1.201054e+00 1.188684e+00 1.175299e+00 1.160884e+00 1.145420e+00 1.128888e+00 1.111266e+00 1.088335e+00 1.063108e+00 1.039654e+00 1.017855e+00 9.976000e-01 9.787868e-01 9.613196e-01 9.451097e-01 9.300750e-01 9.161391e-01 9.032314e-01 8.912862e-01 8.802431e-01 8.700460e-01 8.606430e-01 8.519866e-01 8.440328e-01 8.367412e-01 8.300748e-01 8.239998e-01 8.184854e-01 8.135035e-01 8.090290e-01 8.050391e-01 8.015135e-01 7.984344e-01 7.957861e-01 7.935553e-01 7.917305e-01 7.903025e-01 7.892641e-01 7.886101e-01 7.883370e-01 7.884435e-01 7.889302e-01 7.897994e-01 7.910557e-01 7.927054e-01 7.947569e-01 7.972205e-01 8.001088e-01 8.034365e-01 8.072204e-01 8.114797e-01 8.162360e-01 8.215136e-01 8.273390e-01 8.337420e-01 8.407550e-01 8.484136e-01 8.567566e-01 8.658264e-01 8.756691e-01 8.863345e-01 8.978768e-01 9.103545e-01 9.238310e-01 9.383746e-01 9.540592e-01 9.709644e-01 9.891759e-01 1.008786e+00 1.029895e+00 1.052608e+00 1.077043e+00 1.103322e+00 1.125987e+00 1.142024e+00 1.157040e+00 1.171052e+00 1.184073e+00 1.196117e+00 1.207196e+00
1.864794e+00 1.876993e+00 1.889039e+00 1.900946e+00 1.912729e+00 1.924403e+00 1.935983e+00 1.945578e+00 1.953015e+00 1.960202e+00 1.967146e+00 1.973850e+00 1.980320e+00 1.986560e+00 1.992576e+00 1.998371e+00 2.003949e+00 2.009316e+00 2.014474e+00 2.019427e+00 2.024179e+00 2.028734e+00 2.033095e+00 2.037265e+00 2.041246e+00 2.045043e+00 2.048657e+00 2.052092e+00 2.055349e+00 2.058432e+00 2.061342e+00 2.064081e+00 2.066652e+00 2.069057e+00 2.071296e+00 2.073373e+00 2.075288e+00 2.077042e+00 2.078637e+00 2.080075e+00 2.081356e+00 2.082481e+00 2.083451e+00 2.084266e+00 2.084928e+00 2.085436e+00 2.085792e+00 2.085995e+00 2.086045e+00 2.085943e+00 2.085689e+00 2.085281e+00 2.084721e+00 2.084007e+00 2.083140e+00 2.082117e+00 2.080940e+00 2.079606e+00 2.078115e+00 2.076466e+00 2.074658e+00 2.072688e+00 2.070557e+00 2.068262e+00 2.065801e+00 2.063173e+00 2.060376e+00 2.057408e+00 2.054267e+00 2.050950e+00 2.047455e+00 2.043779e+00 2.039920e+00 2.036342e+00 2.032499e+00 2.027922e+00 2.022610e+00 2.016563e+00 2.009778e+00 2.002253e+00
1.351609e+00 1.344811e+00 1.337195e+00 1.328751e+00 1.319467e+00 1.309333e+00 1.298335e+00 1.286204e+00 1.274393e+00 1.263129e+00 1.252384e+00 1.242132e+00 1.232348e+00 1.223006e+00 1.214085e+00 1.205562e+00 1.197415e+00 1.189625e+00 1.182173e+00 1.175039e+00 1.168206e+00 1.161658e+00 1.155378e+00 1.149351e+00 1.143561e+00 1.137995e+00 1.132638e+00 1.127477e+00 1.122500e+00 1.117694e+00 1.113047e+00 1.108548e+00 1.104186e+00 1.099949e+00 1.095828e+00 1.091812e+00 1.087891e+00 1.084056e+00 1.080297e+00 1.076604e+00 1.072969e+00 1.069382e+00 1.065835e+00 1.062319e+00 1.058825e+00 1.055345e+00 1.051869e+00 1.048390e+00 1.044898e+00 1.041386e+00 1.037844e+00 1.034263e+00 1.030635e+00 1.026951e+00 1.023202e+00 1.019377e+00 1.015469e+00 1.011467e+00 1.007361e+00 1.003141e+00 9.987969e-01 9.943176e-01 9.896921e-01 9.849090e-01 9.799565e-01 9.748221e-01 9.694933e-01 9.639569e-01 9.581991e-01 9.522057e-01 9.459618e-01 9.394520e-01 9.326602e-01 9.267590e-01 9.220513e-01 9.173389e-01 9.126129e-01 9.078646e-01 9.030850e-01 8.982651e-01
2.351338e+00 2.381547e+00 2.412234e+00 2.443437e+00 2.475193e+00 2.507543e+00 2.540528e+00 2.568429e+00 2.589847e+00 2.610550e+00 2.630545e+00 2.649841e+00 2.668443e+00 2.686358e+00 2.703593e+00 2.720155e+00 2.736048e+00 2.751279e+00 2.765852e+00 2.779775e+00 2.793050e+00 2.805684e+00 2.817680e+00 2.829043e+00 2.839777e+00 2.849886e+00 2.859374e+00 2.868243e+00 2.876498e+00 2.884140e+00 2.891174e+00 2.897600e+00 2.903422e+00 2.908642e+00 2.913262e+00 2.917282e+00 2.920706e+00 2.923533e+00 2.925765e+00 2.927403e+00 2.928448e+00 2.928899e+00 2.928756e+00 2.928021e+00 2.926692e+00 2.924769e+00 2.922252e+00 2.919139e+00 2.915429e+00 2.911122e+00 2.906214e+00 2.900706e+00 2.894594e+00 2.887877e+00 2.880552e+00 2.872616e+00 2.864067e+00 2.854902e+00 2.845117e+00 2.834709e+00 2.823673e+00 2.812007e+00 2.799706e+00 2.786765e+00 2.773180e+00 2.758946e+00 2.744058e+00 2.728510e+00 2.712297e+00 2.695414e+00 2.677853e+00 2.659609e+00 2.640676e+00 2.621976e+00 2.603792e+00 2.585182e+00 2.566141e+00 2.546660e+00 2.526731e+00 2.506347e+00
2.127072e+00 2.148980e+00 2.171075e+00 2.193383e+00 2.215933e+00 2.238753e+00 2.261872e+00 2.280009e+00 2.292313e+00 2.304095e+00 2.315359e+00 2.326110e+00 2.336351e+00 2.346087e+00 2.355321e+00 2.364056e+00 2.372296e+00 2.380043e+00 2.387301e+00 2.394072e+00 2.400358e+00 2.406163e+00 2.411488e+00 2.416335e+00 2.420705e+00 2.424602e+00 2.428025e+00 2.430976e+00 2.433457e+00 2.435468e+00 2.437010e+00 2.438083e+00 2.438689e+00 2.438826e+00 2.438496e+00 2.437698e+00 2.436431e+00 2.434696e+00 2.432492e+00 2.429817e+00 2.426671e+00 2.423053e+00 2.418961e+00 2.414395e+00 2.409351e+00 2.403829e+00 2.397826e+00 2.391339e+00 2.384368e+00 2.376909e+00 2.368959e+00 2.360515e+00 2.351575e+00 2.342135e+00 2.332191e+00 2.321740e+00 2.310778e+00 2.299301e+00 2.287305e+00 2.274785e+00 2.261737e+00 2.248155e+00 2.234035e+00 2.219372e+00 2.204160e+00 2.188394e+00 2.172067e+00 2.155174e+00 2.137708e+00 2.119664e+00 2.101034e+00 2.081811e+00 2.061989e+00 2.039771e+00 2.016036e+00 1.992553e+00 1.969299e+00 1.946254e+00 1.923396e+00 1.900705e+00
1.289739e+00 1.280651e+00 1.270665e+00 1.259766e+00 1.247943e+00 1.235179e+00 1.221460e+00 1.204829e+00 1.187302e+00 1.170755e+00 1.155131e+00 1.140376e+00 1.126438e+00 1.113268e+00 1.100821e+00 1.089052e+00 1.077922e+00 1.067390e+00 1.057421e+00 1.047980e+00 1.039034e+00 1.030551e+00 1.022502e+00 1.014860e+00 1.007596e+00 1.000686e+00 9.941066e-01 9.878337e-01 9.818459e-01 9.761223e-01 9.706429e-01 9.653886e-01 9.603410e-01 9.554827e-01 9.507966e-01 9.462664e-01 9.418762e-01 9.376109e-01 9.334555e-01 9.293955e-01 9.254168e-01 9.215055e-01 9.176480e-01 9.138308e-01 9.100405e-01 9.062641e-01 9.024882e-01 8.986999e-01 8.948857e-01 8.910325e-01 8.871268e-01 8.831550e-01 8.791032e-01 8.749573e-01 8.707029e-01 8.663250e-01 8.618086e-01 8.571377e-01 8.522961e-01 8.472670e-01 8.420327e-01 8.365751e-01 8.308752e-01 8.249129e-01 8.186676e-01 8.121175e-01 8.052397e-01 7.980102e-01 7.904039e-01 7.823941e-01 7.739531e-01 7.650513e-01 7.556578e-01 7.483500e-01 7.437182e-01 7.391423e-01 7.346128e-01 7.301202e-01 7.256552e-01 7.212085e-01
2.118531e+00 2.140123e+00 2.161890e+00 2.183860e+00 2.206059e+00 2.228516e+00 2.251259e+00 2.275255e+00 2.299061e+00 2.321755e+00 2.343352e+00 2.363867e+00 2.383314e+00 2.401708e+00 2.419060e+00 2.435383e+00 2.450687e+00 2.464984e+00 2.478284e+00 2.490595e+00 2.501926e+00 2.512285e+00 2.521679e+00 2.530115e+00 2.537598e+00 2.544134e+00 2.549728e+00 2.554382e+00 2.558100e+00 2.560886e+00 2.562740e+00 2.563664e+00 2.563659e+00 2.562724e+00 2.560860e+00 2.558064e+00 2.554335e+00 2.549670e+00 2.544067e+00 2.537520e+00 2.530026e+00 2.521580e+00 2.512175e+00 2.501805e+00 2.490463e+00 2.478141e+00 2.464830e+00 2.450522e+00 2.435206e+00 2.418872e+00 2.401508e+00 2.383103e+00 2.363644e+00 2.343117e+00 2.321507e+00 2.298801e+00 2.274983e+00 2.250035e+00 2.223941e+00 2.196682e+00 2.168240e+00 2.138595e+00 2.107727e+00 2.075614e+00 2.042233e+00 2.007563e+00 1.971578e+00 1.934254e+00 1.895565e+00 1.855485e+00 1.813985e+00 1.771037e+00 1.726611e+00 1.684026e+00 1.646466e+00 1.610492e+00 1.576019e+00 1.542965e+00 1.511253e+00 1.480807e+00
1.134879e+00 1.120059e+00 1.104140e+00 1.087100e+00 1.068919e+00 1.049575e+00 1.029042e+00 1.012635e+00 1.002034e+00 9.918807e-01 9.821578e-01 9.728485e-01 9.639370e-01 9.554080e-01 9.472467e-01 9.394392e-01 9.319720e-01 9.248324e-01 9.180081e-01 9.114874e-01 9.052591e-01 8.993125e-01 8.936373e-01 8.882240e-01 8.830630e-01 8.781457e-01 8.734635e-01 8.690084e-01 8.647728e-01 8.607494e-01 8.569313e-01 8.533120e-01 8.498851e-01 8.466449e-01 8.435858e-01 8.407025e-01 8.379900e-01 8.354438e-01 8.330595e-01 8.308329e-01 8.287602e-01 8.268379e-01 8.250627e-01 8.234315e-01 8.219416e-01 8.205903e-01 8.193753e-01 8.182947e-01 8.173464e-01 8.165290e-01 8.158409e-01 8.152810e-01 8.148483e-01 8.145422e-01 8.143620e-01 8.143074e-01 8.143785e-01 8.145752e-01 8.148980e-01 8.153473e-01 8.159240e-01 8.166290e-01 8.174636e-01 8.184291e-01 8.195273e-01 8.207601e-01 8.221294e-01 8.236378e-01 8.252878e-01 8.270821e-01 8.290240e-01 8.311167e-01 8.333638e-01 8.376087e-01 8.432116e-01 8.483513e-01 8.530445e-01 8.573067e-01 8.611517e-01 8.645921e-01
1.425477e+00 1.421414e+00 1.416628e+00 1.411113e+00 1.404862e+00 1.397866e+00 1.390118e+00 1.383570e+00 1.379143e+00 1.374870e+00 1.370746e+00 1.366767e+00 1.362929e+00 1.359228e+00 1.355659e+00 1.352219e+00 1.348904e+00 1.345710e+00 1.342634e+00 1.339672e+00 1.336822e+00 1.334080e+00 1.331443e+00 1.328908e+00 1.326473e+00 1.324134e+00 1.321890e+00 1.319738e+00 1.317675e+00 1.315700e+00 1.313809e+00 1.312002e+00 1.310276e+00 1.308629e+00 1.307060e+00 1.305566e+00 1.304147e+00 1.302800e+00 1.301524e+00 1.300318e+00 1.299180e+00 1.298109e+00 1.297105e+00 1.296165e+00 1.295289e+00 1.294476e+00 1.293725e+00 1.293035e+00 1.292406e+00 1.291837e+00 1.291326e+00 1.290874e+00 1.290481e+00 1.290145e+00 1.289866e+00 1.289645e+00 1.289480e+00 1.289372e+00 1.289320e+00 1.289325e+00 1.289386e+00 1.289503e+00 1.289677e+00 1.289908e+00 1.290196e+00 1.290542e+00 1.290945e+00 1.291406e+00 1.291926e+00 1.292506e+00 1.293145e+00 1.293845e+00 1.294606e+00 1.295420e+00 1.295728e+00 1.295542e+00 1.294859e+00 1.293681e+00 1.292006e+00 1.289834e+00
1.801022e+00 1.810861e+00 1.820463e+00 1.829841e+00 1.839006e+00 1.847970e+00 1.856744e+00 1.865192e+00 1.872977e+00 1.880254e+00 1.887029e+00 1.893311e+00 1.899104e+00 1.904417e+00 1.909252e+00 1.913617e+00 1.917514e+00 1.920949e+00 1.923924e+00 1.926442e+00 1.928507e+00 1.930119e+00 1.931282e+00 1.931995e+00 1.932261e+00 1.932078e+00 1.931447e+00 1.930368e+00 1.928838e+00 1.926857e+00 1.924422e+00 1.921532e+00 1.918182e+00 1.914371e+00 1.910093e+00 1.905344e+00 1.900120e+00 1.894416e+00 1.888224e+00 1.881540e+00 1.874357e+00 1.866666e+00 1.858461e+00 1.849733e+00 1.840473e+00 1.830671e+00 1.820318e+00 1.809403e+00 1.797915e+00 1.785842e+00 1.773172e+00 1.759893e+00 1.745990e+00 1.731449e+00 1.716256e+00 1.700395e+00 1.683850e+00 1.666605e+00 1.648641e+00 1.629940e+00 1.610484e+00 1.590252e+00 1.569224e+00 1.547379e+00 1.524694e+00 1.501146e+00 1.476712e+00 1.451365e+00 1.425082e+00 1.397834e+00 1.369595e+00 1.340334e+00 1.310024e+00 1.282392e+00 1.259424e+00 1.237312e+00 1.216007e+00 1.195464e+00 1.175640e+00 1.156491e+00
1.099346e+00 1.083210e+00 1.065929e+00 1.047480e+00 1.027841e+00 1.006986e+00 9.848904e-01 9.672703e-01 9.558835e-01 9.449647e-01 9.344939e-01 9.244522e-01 9.148213e-01 9.055836e-01 8.967224e-01 8.882216e-01 8.800656e-01 8.722396e-01 8.647295e-01 8.575215e-01 8.506026e-01 8.439601e-01 8.375820e-01 8.314567e-01 8.255730e-01 8.199202e-01 8.144881e-01 8.092667e-01 8.042467e-01 7.994188e-01 7.947742e-01 7.903045e-01 7.860017e-01 7.818578e-01 7.778653e-01 7.740170e-01 7.703058e-01 7.667250e-01 7.632682e-01 7.599289e-01 7.567012e-01 7.535792e-01 7.505571e-01 7.476296e-01 7.447912e-01 7.420368e-01 7.393613e-01 7.367601e-01 7.342282e-01 7.317611e-01 7.293543e-01 7.270034e-01 7.247042e-01 7.224525e-01 7.202441e-01 7.180751e-01 7.159415e-01 7.138394e-01 7.117650e-01 7.097146e-01 7.076843e-01 7.056706e-01 7.036697e-01 7.016781e-01 6.996920e-01 6.977079e-01 6.957222e-01 6.937312e-01 6.917313e-01 6.897190e-01 6.876905e-01 6.856421e-01 6.835701e-01 6.812269e-01 6.786297e-01 6.760165e-01 6.733814e-01 6.707183e-01 6.680212e-01 6.652838e-01
2.744566e+00 2.789332e+00 2.835084e+00 2.881881e+00 2.929780e+00 2.978841e+00 3.029126e+00 3.077380e+00 3.120663e+00 3.162298e+00 3.202293e+00 3.240654e+00 3.277387e+00 3.312500e+00 3.345998e+00 3.377887e+00 3.408172e+00 3.436858e+00 3.463951e+00 3.489454e+00 3.513373e+00 3.535711e+00 3.556471e+00 3.575659e+00 3.593276e+00 3.609326e+00 3.623812e+00 3.636736e+00 3.648100e+00 3.657906e+00 3.666156e+00 3.672852e+00 3.677993e+00 3.681582e+00 3.683619e+00 3.684104e+00 3.683038e+00 3.680419e+00 3.676248e+00 3.670524e+00 3.663246e+00 3.654413e+00 3.644023e+00 3.632075e+00 3.618566e+00 3.603494e+00 3.586857e+00 3.568651e+00 3.548874e+00 3.527523e+00 3.504593e+00 3.480081e+00 3.453982e+00 3.426293e+00 3.397008e+00 3.366123e+00 3.333631e+00 3.299529e+00 3.263809e+00 3.226466e+00 3.187494e+00 3.146885e+00 3.104633e+00 3.060731e+00 3.015172e+00 2.967946e+00 2.919048e+00 2.868467e+00 2.816196e+00 2.762226e+00 2.706547e+00 2.649150e+00 2.590025e+00 2.506584e+00 2.407019e+00 2.313504e+00 2.225654e+00 2.143111e+00 2.065537e+00 1.992616e+00
1.257188e+00 1.246896e+00 1.235662e+00 1.223473e+00 1.210313e+00 1.196166e+00 1.181014e+00 1.167264e+00 1.156423e+00 1.146047e+00 1.136114e+00 1.126606e+00 1.117504e+00 1.108792e+00 1.100453e+00 1.092470e+00 1.084828e+00 1.077513e+00 1.070511e+00 1.063808e+00 1.057392e+00 1.051250e+00 1.045370e+00 1.039741e+00 1.034353e+00 1.029195e+00 1.024257e+00 1.019530e+00 1.015004e+00 1.010671e+00 1.006523e+00 1.002552e+00 9.987503e-01 9.951102e-01 9.916250e-01 9.882881e-01 9.850931e-01 9.820338e-01 9.791044e-01 9.762993e-01 9.736131e-01 9.710406e-01 9.685770e-01 9.662175e-01 9.639576e-01 9.617929e-01 9.597195e-01 9.577331e-01 9.558302e-01 9.540069e-01 9.522599e-01 9.505857e-01 9.489813e-01 9.474434e-01 9.459692e-01 9.445558e-01 9.432005e-01 9.419008e-01 9.406542e-01 9.394581e-01 9.383105e-01 9.372090e-01 9.361516e-01 9.351362e-01 9.341610e-01 9.332239e-01 9.323233e-01 9.314574e-01 9.306245e-01 9.298231e-01 9.290516e-01 9.283086e-01 9.275926e-01 9.266697e-01 9.254294e-01 9.241002e-01 9.226782e-01 9.211589e-01 9.195377e-01 9.178095e-01
2.530713e+00 2.567563e+00 2.605122e+00 2.643438e+00 2.682558e+00 2.722531e+00 2.763408e+00 2.798416e+00 2.825391e+00 2.851157e+00 2.875720e+00 2.899083e+00 2.921251e+00 2.942227e+00 2.962015e+00 2.980618e+00 2.998040e+00 3.014283e+00 3.029349e+00 3.043242e+00 3.055965e+00 3.067518e+00 3.077904e+00 3.087124e+00 3.095181e+00 3.102076e+00 3.107809e+00 3.112383e+00 3.115796e+00 3.118051e+00 3.119147e+00 3.119085e+00 3.117865e+00 3.115486e+00 3.111948e+00 3.107251e+00 3.101393e+00 3.094374e+00 3.086192e+00 3.076846e+00 3.066335e+00 3.054657e+00 3.041810e+00 3.027791e+00 3.012598e+00 2.996229e+00 2.978681e+00 2.959952e+00 2.940036e+00 2.918933e+00 2.896637e+00 2.873145e+00 2.848453e+00 2.822558e+00 2.795454e+00 2.767137e+00 2.737603e+00 2.706845e+00 2.674860e+00 2.641642e+00 2.607184e+00 2.571482e+00 2.534529e+00 2.496320e+00 2.456846e+00 2.416103e+00 2.374083e+00 2.330779e+00 2.286183e+00 2.240289e+00 2.193088e+00 2.144572e+00 2.094734e+00 2.032719e+00 1.963639e+00 1.898128e+00 1.835988e+00 1.777030e+00 1.721074e+00 1.667951e+00
1.317102e+00 1.309028e+00 1.300090e+00 1.290277e+00 1.279576e+00 1.267976e+00 1.255460e+00 1.242711e+00 1.231228e+00 1.220287e+00 1.209863e+00 1.199933e+00 1.190475e+00 1.181466e+00 1.172886e+00 1.164717e+00 1.156940e+00 1.149536e+00 1.142490e+00 1.135786e+00 1.129407e+00 1.123341e+00 1.117572e+00 1.112089e+00 1.106879e+00 1.101929e+00 1.097230e+00 1.092769e+00 1.088538e+00 1.084526e+00 1.080725e+00 1.077125e+00 1.073719e+00 1.070499e+00 1.067458e+00 1.064589e+00 1.061885e+00 1.059341e+00 1.056949e+00 1.054707e+00 1.052607e+00 1.050645e+00 1.048818e+00 1.047120e+00 1.045548e+00 1.044098e+00 1.042768e+00 1.041553e+00 1.040452e+00 1.039462e+00 1.038580e+00 1.037805e+00 1.037135e+00 1.036568e+00 1.036103e+00 1.035739e+00 1.035476e+00 1.035312e+00 1.035247e+00 1.035281e+00 1.035415e+00 1.035647e+00 1.035980e+00 1.036414e+00 1.036949e+00 1.037588e+00 1.038330e+00 1.039179e+00 1.040136e+00 1.041203e+00 1.042382e+00 1.043676e+00 1.045089e+00 1.046322e+00 1.046881e+00 1.047065e+00 1.046875e+00 1.046311e+00 1.045372e+00 1.044058e+00
1.936710e+00 1.951572e+00 1.966373e+00 1.981132e+00 1.995868e+00 2.010598e+00 2.025342e+00 2.037595e+00 2.046809e+00 2.055510e+00 2.063702e+00 2.071389e+00 2.078577e+00 2.085270e+00 2.091470e+00 2.097181e+00 2.102407e+00 2.107150e+00 2.111413e+00 2.115199e+00 2.118509e+00 2.121345e+00 2.123709e+00 2.125603e+00 2.127026e+00 2.127981e+00 2.128467e+00 2.128485e+00 2.128034e+00 2.127115e+00 2.125728e+00 2.123870e+00 2.121542e+00 2.118742e+00 2.115468e+00 2.111719e+00 2.107492e+00 2.102786e+00 2.097597e+00 2.091922e+00 2.085760e+00 2.079105e+00 2.071955e+00 2.064306e+00 2.056152e+00 2.047491e+00 2.038316e+00 2.028624e+00 2.018407e+00 2.007662e+00 1.996382e+00 1.984560e+00 1.972190e+00 1.959266e+00 1.945780e+00 1.931724e+00 1.917091e+00 1.901873e+00 1.886062e+00 1.869648e+00 1.852622e+00 1.834976e+00 1.816698e+00 1.797780e+00 1.778211e+00 1.757979e+00 1.737075e+00 1.715485e+00 1.693198e+00 1.670202e+00 1.646485e+00 1.622032e+00 1.596830e+00 1.573141e+00 1.552122e+00 1.531474e+00 1.511174e+00 1.491200e+00 1.471529e+00 1.452138e+00
1.705969e+00 1.712290e+00 1.718250e+00 1.723859e+00 1.729122e+00 1.734046e+00 1.738639e+00 1.742235e+00 1.744938e+00 1.747419e+00 1.749680e+00 1.751723e+00 1.753550e+00 1.755162e+00 1.756560e+00 1.757747e+00 1.758722e+00 1.759487e+00 1.760042e+00 1.760388e+00 1.760526e+00 1.760454e+00 1.760174e+00 1.759685e+00 1.758986e+00 1.758077e+00 1.756957e+00 1.755626e+00 1.754081e+00 1.752323e+00 1.750348e+00 1.748156e+00 1.745745e+00 1.743112e+00 1.740256e+00 1.737173e+00 1.733862e+00 1.730319e+00 1.726542e+00 1.722527e+00 1.718270e+00 1.713769e+00 1.709019e+00 1.704016e+00 1.698755e+00 1.693234e+00 1.687446e+00 1.681386e+00 1.675050e+00 1.668432e+00 1.661527e+00 1.654328e+00 1.646829e+00 1.639024e+00 1.630907e+00 1.622470e+00 1.613706e+00 1.604607e+00 1.595166e+00 1.585375e+00 1.575226e+00 1.564709e+00 1.553815e+00 1.542536e+00 1.530861e+00 1.518782e+00 1.506286e+00 1.493364e+00 1.480005e+00 1.466197e+00 1.451928e+00 1.437186e+00 1.421958e+00 1.391527e+00 1.349665e+00 1.310830e+00 1.274793e+00 1.241343e+00 1.210281e+00 1.181426e+00
1.357377e+00 1.350793e+00 1.343398e+00 1.335182e+00 1.326135e+00 1.316246e+00 1.305502e+00 1.294843e+00 1.285604e+00 1.276813e+00 1.268452e+00 1.260506e+00 1.252958e+00 1.245793e+00 1.238998e+00 1.232560e+00 1.226464e+00 1.220700e+00 1.215256e+00 1.210121e+00 1.205285e+00 1.200738e+00 1.196472e+00 1.192479e+00 1.188749e+00 1.185276e+00 1.182054e+00 1.179075e+00 1.176333e+00 1.173824e+00 1.171543e+00 1.169484e+00 1.167645e+00 1.166020e+00 1.164608e+00 1.163404e+00 1.162408e+00 1.161616e+00 1.161028e+00 1.160642e+00 1.160457e+00 1.160474e+00 1.160691e+00 1.161110e+00 1.161731e+00 1.162556e+00 1.163585e+00 1.164823e+00 1.166269e+00 1.167928e+00 1.169803e+00 1.171898e+00 1.174216e+00 1.176762e+00 1.179542e+00 1.182560e+00 1.185823e+00 1.189337e+00 1.193108e+00 1.197146e+00 1.201457e+00 1.206049e+00 1.210933e+00 1.216118e+00 1.221613e+00 1.227430e+00 1.233581e+00 1.240076e+00 1.246930e+00 1.254156e+00 1.261767e+00 1.269780e+00 1.278209e+00 1.286320e+00 1.292962e+00 1.298892e+00 1.304116e+00 1.308638e+00 1.312461e+00 1.315588e+00
1.168311e+00 1.154728e+00 1.140089e+00 1.124376e+00 1.107567e+00 1.089643e+00 1.070582e+00 1.049665e+00 1.029362e+00 1.010286e+00 9.923669e-01 9.755358e-01 9.597291e-01 9.448869e-01 9.309531e-01 9.178748e-01 9.056025e-01 8.940897e-01 8.832927e-01 8.731707e-01 8.636854e-01 8.548008e-01 8.464831e-01 8.387011e-01 8.314250e-01 8.246275e-01 8.182826e-01 8.123665e-01 8.068566e-01 8.017322e-01 7.969737e-01 7.925633e-01 7.884840e-01 7.847206e-01 7.812587e-01 7.780853e-01 7.751883e-01 7.725567e-01 7.701806e-01 7.680509e-01 7.661596e-01 7.644996e-01 7.630645e-01 7.618490e-01 7.608483e-01 7.600587e-01 7.594773e-01 7.591017e-01 7.589307e-01 7.589635e-01 7.592003e-01 7.596420e-01 7.602902e-01 7.611474e-01 7.622168e-01 7.635025e-01 7.650094e-01 7.667432e-01 7.687104e-01 7.709185e-01 7.733759e-01 7.760919e-01 7.790767e-01 7.823416e-01 7.858991e-01 7.897627e-01 7.939468e-01 7.984675e-01 8.033418e-01 8.085882e-01 8.142265e-01 8.202782e-01 8.267662e-01 8.321354e-01 8.355245e-01 8.385173e-01 8.411176e-01 8.433287e-01 8.451535e-01 8.465942e-01
1.433096e+00 1.429315e+00 1.424821e+00 1.419608e+00 1.413670e+00 1.406998e+00 1.399585e+00 1.388931e+00 1.376507e+00 1.364760e+00 1.353652e+00 1.343143e+00 1.333198e+00 1.323784e+00 1.314867e+00 1.306418e+00 1.298408e+00 1.290808e+00 1.283594e+00 1.276740e+00 1.270224e+00 1.264022e+00 1.258114e+00 1.252480e+00 1.247099e+00 1.241955e+00 1.237029e+00 1.232304e+00 1.227765e+00 1.223395e+00 1.219180e+00 1.215106e+00 1.211158e+00 1.207324e+00 1.203589e+00 1.199941e+00 1.196368e+00 1.192858e+00 1.189398e+00 1.185976e+00 1.182582e+00 1.179203e+00 1.175828e+00 1.172445e+00 1.169043e+00 1.165610e+00 1.162135e+00 1.158605e+00 1.155008e+00 1.151333e+00 1.147566e+00 1.143695e+00 1.139707e+00 1.135587e+00 1.131322e+00 1.126898e+00 1.122298e+00 1.117508e+00 1.112511e+00 1.107289e+00 1.101826e+00 1.096103e+00 1.090099e+00 1.083794e+00 1.077168e+00 1.070196e+00 1.062856e+00 1.055122e+00 1.046968e+00 1.038366e+00 1.029287e+00 1.019699e+00 1.009570e+00 1.002243e+00 9.981849e-01 9.940114e-01 9.897170e-01 9.852957e-01 9.807415e-01 9.760481e-01
2.128030e+00 2.149974e+00 2.172105e+00 2.194451e+00 2.217041e+00 2.239901e+00 2.263062e+00 2.281910e+00 2.295716e+00 2.309127e+00 2.322150e+00 2.334791e+00 2.347056e+00 2.358951e+00 2.370482e+00 2.381655e+00 2.392475e+00 2.402947e+00 2.413076e+00 2.422867e+00 2.432326e+00 2.441456e+00 2.450263e+00 2.458749e+00 2.466921e+00 2.474780e+00 2.482332e+00 2.489581e+00 2.496528e+00 2.503179e+00 2.509535e+00 2.515601e+00 2.521379e+00 2.526872e+00 2.532083e+00 2.537014e+00 2.541667e+00 2.546046e+00 2.550151e+00 2.553985e+00 2.557551e+00 2.560849e+00 2.563881e+00 2.566648e+00 2.569153e+00 2.571396e+00 2.573378e+00 2.575101e+00 2.576565e+00 2.577770e+00 2.578719e+00 2.579410e+00 2.579844e+00 2.580021e+00 2.579943e+00 2.579607e+00 2.579015e+00 2.578166e+00 2.577060e+00 2.575696e+00 2.574073e+00 2.572191e+00 2.570049e+00 2.567645e+00 2.564979e+00 2.562049e+00 2.558854e+00 2.555392e+00 2.551661e+00 2.547660e+00 2.543388e+00 2.538840e+00 2.534017e+00 2.525809e+00 2.514227e+00 2.502361e+00 2.490196e+00 2.477718e+00 2.464911e+00 2.451760e+00
1.313634e+00 1.305432e+00 1.296361e+00 1.286410e+00 1.275567e+00 1.263819e+00 1.251151e+00 1.238924e+00 1.228672e+00 1.218998e+00 1.209881e+00 1.201301e+00 1.193241e+00 1.185684e+00 1.178614e+00 1.172016e+00 1.165877e+00 1.160184e+00 1.154924e+00 1.150087e+00 1.145662e+00 1.141641e+00 1.138015e+00 1.134776e+00 1.131918e+00 1.129435e+00 1.127320e+00 1.125571e+00 1.124183e+00 1.123154e+00 1.122480e+00 1.122162e+00 1.122198e+00 1.122588e+00 1.123333e+00 1.124434e+00 1.125895e+00 1.127718e+00 1.129906e+00 1.132465e+00 1.135399e+00 1.138716e+00 1.142421e+00 1.146523e+00 1.151030e+00 1.155951e+00 1.161298e+00 1.167080e+00 1.173311e+00 1.180003e+00 1.187170e+00 1.194827e+00 1.202991e+00 1.211677e+00 1.220906e+00 1.230695e+00 1.241065e+00 1.252038e+00 1.263638e+00 1.275887e+00 1.288812e+00 1.302440e+00 1.316800e+00 1.331921e+00 1.347835e+00 1.364575e+00 1.382177e+00 1.400677e+00 1.420114e+00 1.440528e+00 1.461963e+00 1.484463e+00 1.508076e+00 1.532697e+00 1.555736e+00 1.577354e+00 1.597557e+00 1.616353e+00 1.633749e+00 1.649751e+00
1.362423e+00 1.356027e+00 1.348825e+00 1.340809e+00 1.331969e+00 1.322295e+00 1.311773e+00 1.294987e+00 1.274398e+00 1.255306e+00 1.237616e+00 1.221239e+00 1.206094e+00 1.192105e+00 1.179201e+00 1.167319e+00 1.156399e+00 1.146386e+00 1.137230e+00 1.128886e+00 1.121312e+00 1.114470e+00 1.108325e+00 1.102847e+00 1.098010e+00 1.093787e+00 1.090159e+00 1.087107e+00 1.084616e+00 1.082673e+00 1.081269e+00 1.080397e+00 1.080053e+00 1.080234e+00 1.080941e+00 1.082179e+00 1.083953e+00 1.086273e+00 1.089149e+00 1.092596e+00 1.096631e+00 1.101275e+00 1.106551e+00 1.112485e+00 1.119107e+00 1.126450e+00 1.134550e+00 1.143449e+00 1.153190e+00 1.163822e+00 1.175399e+00 1.187978e+00 1.201623e+00 1.216401e+00 1.232386e+00 1.249658e+00 1.268304e+00 1.288417e+00 1.310097e+00 1.333452e+00 1.358601e+00 1.385667e+00 1.414787e+00 1.446106e+00 1.479780e+00 1.515979e+00 1.554882e+00 1.596685e+00 1.641596e+00 1.689840e+00 1.741658e+00 1.797310e+00 1.857072e+00 1.904523e+00 1.933466e+00 1.960633e+00 1.986030e+00 2.009665e+00 2.031546e+00 2.051678e+00
3.005654e+00 3.060085e+00 3.115841e+00 3.172992e+00 3.231609e+00 3.291765e+00 3.353536e+00 3.403161e+00 3.438040e+00 3.472017e+00 3.505097e+00 3.537285e+00 3.568585e+00 3.599002e+00 3.628541e+00 3.657205e+00 3.685000e+00 3.711929e+00 3.737997e+00 3.763206e+00 3.787562e+00 3.811067e+00 3.833724e+00 3.855538e+00 3.876512e+00 3.896648e+00 3.915949e+00 3.934419e+00 3.952061e+00 3.968875e+00 3.984866e+00 4.000036e+00 4.014386e+00 4.027920e+00 4.040638e+00 4.052543e+00 4.063637e+00 4.073920e+00 4.083396e+00 4.092064e+00 4.099927e+00 4.106986e+00 4.113241e+00 4.118694e+00 4.123345e+00 4.127195e+00 4.130244e+00 4.132494e+00 4.133944e+00 4.134594e+00 4.134446e+00 4.133498e+00 4.131750e+00 4.129203e+00 4.125855e+00 4.121707e+00 4.116757e+00 4.111006e+00 4.104452e+00 4.097094e+00 4.088931e+00 4.079962e+00 4.070186e+00 4.059601e+00 4.048206e+00 4.035998e+00 4.022977e+00 4.009139e+00 3.994484e+00 3.979009e+00 3.962712e+00 3.945589e+00 3.927640e+00 3.908072e+00 3.886658e+00 3.864183e+00 3.840646e+00 3.816043e+00 3.790371e+00 3.763627e+00
1.682956e+00 1.688425e+00 1.693504e+00 1.698200e+00 1.702518e+00 1.706465e+00 1.710045e+00 1.713833e+00 1.717912e+00 1.721718e+00 1.725258e+00 1.728538e+00 1.731565e+00 1.734344e+00 1.736879e+00 1.739177e+00 1.741239e+00 1.743071e+00 1.744676e+00 1.746057e+00 1.747216e+00 1.748155e+00 1.748875e+00 1.749379e+00 1.749668e+00 1.749741e+00 1.749598e+00 1.749241e+00 1.748667e+00 1.747876e+00 1.746867e+00 1.745637e+00 1.744184e+00 1.742506e+00 1.740600e+00 1.738463e+00 1.736089e+00 1.733476e+00 1.730618e+00 1.727510e+00 1.724147e+00 1.720522e+00 1.716628e+00 1.712460e+00 1.708009e+00 1.703267e+00 1.698226e+00 1.692876e+00 1.687207e+00 1.681211e+00 1.674874e+00 1.668187e+00 1.661137e+00 1.653711e+00 1.645896e+00 1.637677e+00 1.629040e+00 1.619969e+00 1.610448e+00 1.600459e+00 1.589984e+00 1.579004e+00 1.567499e+00 1.555449e+00 1.542832e+00 1.529624e+00 1.515802e+00 1.501341e+00 1.486214e+00 1.470394e+00 1.453853e+00 1.436560e+00 1.418484e+00 1.404544e+00 1.395493e+00 1.386367e+00 1.377157e+00 1.367853e+00 1.358444e+00 1.348921e+00
2.063709e+00 2.083272e+00 2.102938e+00 2.122734e+00 2.142683e+00 2.162810e+00 2.183141e+00 2.204640e+00 2.226001e+00 2.246300e+00 2.265551e+00 2.283770e+00 2.300970e+00 2.317163e+00 2.332363e+00 2.346580e+00 2.359825e+00 2.372108e+00 2.383438e+00 2.393824e+00 2.403273e+00 2.411792e+00 2.419389e+00 2.426068e+00 2.431834e+00 2.436692e+00 2.440646e+00 2.443698e+00 2.445851e+00 2.447106e+00 2.447464e+00 2.446926e+00 2.445491e+00 2.443158e+00 2.439925e+00 2.435790e+00 2.430750e+00 2.424801e+00 2.417939e+00 2.410158e+00 2.401452e+00 2.391816e+00 2.381242e+00 2.369721e+00 2.357246e+00 2.343807e+00 2.329394e+00 2.313996e+00 2.297601e+00 2.280198e+00 2.261773e+00 2.242313e+00 2.221803e+00 2.200227e+00 2.177570e+00 2.153814e+00 2.128942e+00 2.102935e+00 2.075773e+00 2.047437e+00 2.017906e+00 1.987156e+00 1.955165e+00 1.921909e+00 1.887363e+00 1.851501e+00 1.814297e+00 1.775722e+00 1.735748e+00 1.694345e+00 1.651482e+00 1.607126e+00 1.561245e+00 1.518142e+00 1.481172e+00 1.445900e+00 1.412232e+00 1.380080e+00 1.349358e+00 1.319985e+00
1.176793e+00 1.163524e+00 1.149210e+00 1.133833e+00 1.117373e+00 1.099809e+00 1.081121e+00 1.059780e+00 1.038362e+00 1.018286e+00 9.994681e-01 9.818330e-01 9.653089e-01 9.498284e-01 9.353289e-01 9.217512e-01 9.090403e-01 8.971445e-01 8.860154e-01 8.756078e-01 8.658795e-01 8.567908e-01 8.483049e-01 8.403873e-01 8.330058e-01 8.261304e-01 8.197331e-01 8.137880e-01 8.082709e-01 8.031594e-01 7.984327e-01 7.940716e-01 7.900584e-01 7.863768e-01 7.830117e-01 7.799497e-01 7.771781e-01 7.746857e-01 7.724624e-01 7.704992e-01 7.687881e-01 7.673221e-01 7.660953e-01 7.651027e-01 7.643403e-01 7.638049e-01 7.634943e-01 7.634075e-01 7.635438e-01 7.639040e-01 7.644895e-01 7.653027e-01 7.663468e-01 7.676262e-01 7.691459e-01 7.709123e-01 7.729324e-01 7.752145e-01 7.777678e-01 7.806028e-01 7.837309e-01 7.871648e-01 7.909186e-01 7.950075e-01 7.994480e-01 8.042583e-01 8.094578e-01 8.150677e-01 8.211109e-01 8.276118e-01 8.345969e-01 8.420946e-01 8.501353e-01 8.585584e-01 8.661905e-01 8.732442e-01 8.797370e-01 8.856853e-01 8.911040e-01 8.960066e-01
2.046288e+00 2.065206e+00 2.084205e+00 2.103310e+00 2.122543e+00 2.141930e+00 2.161495e+00 2.182407e+00 2.203430e+00 2.223433e+00 2.242433e+00 2.260444e+00 2.277481e+00 2.293558e+00 2.308688e+00 2.322883e+00 2.336155e+00 2.348513e+00 2.359968e+00 2.370529e+00 2.380205e+00 2.389003e+00 2.396931e+00 2.403995e+00 2.410200e+00 2.415551e+00 2.420054e+00 2.423710e+00 2.426524e+00 2.428498e+00 2.429633e+00 2.429930e+00 2.429389e+00 2.428011e+00 2.425793e+00 2.422734e+00 2.418831e+00 2.414082e+00 2.408483e+00 2.402029e+00 2.394715e+00 2.386534e+00 2.377481e+00 2.367549e+00 2.356728e+00 2.345012e+00 2.332389e+00 2.318850e+00 2.304384e+00 2.288980e+00 2.272625e+00 2.255306e+00 2.237009e+00 2.217719e+00 2.197421e+00 2.176099e+00 2.153735e+00 2.130311e+00 2.105809e+00 2.080209e+00 2.053490e+00 2.025632e+00 1.996610e+00 1.966403e+00 1.934986e+00 1.902333e+00 1.868419e+00 1.833216e+00 1.796696e+00 1.758830e+00 1.719587e+00 1.678935e+00 1.636842e+00 1.590206e+00 1.543366e+00 1.499213e+00 1.457579e+00 1.418306e+00 1.381244e+00 1.346253e+00
1.299094e+00 1.290353e+00 1.280725e+00 1.270198e+00 1.258758e+00 1.246392e+00 1.233084e+00 1.216433e+00 1.198614e+00 1.181944e+00 1.166362e+00 1.151808e+00 1.138229e+00 1.125573e+00 1.113794e+00 1.102847e+00 1.092691e+00 1.083288e+00 1.074603e+00 1.066604e+00 1.059260e+00 1.052544e+00 1.046431e+00 1.040898e+00 1.035925e+00 1.031492e+00 1.027584e+00 1.024185e+00 1.021283e+00 1.018867e+00 1.016928e+00 1.015458e+00 1.014453e+00 1.013908e+00 1.013821e+00 1.014193e+00 1.015024e+00 1.016317e+00 1.018078e+00 1.020313e+00 1.023030e+00 1.026240e+00 1.029954e+00 1.034187e+00 1.038954e+00 1.044273e+00 1.050164e+00 1.056649e+00 1.063752e+00 1.071500e+00 1.079922e+00 1.089050e+00 1.098917e+00 1.109560e+00 1.121020e+00 1.133339e+00 1.146564e+00 1.160743e+00 1.175930e+00 1.192181e+00 1.209558e+00 1.228126e+00 1.247953e+00 1.269115e+00 1.291690e+00 1.315762e+00 1.341423e+00 1.368768e+00 1.397898e+00 1.428925e+00 1.461962e+00 1.497134e+00 1.534573e+00 1.570838e+00 1.601769e+00 1.630969e+00 1.658456e+00 1.684247e+00 1.708357e+00 1.730803e+00
1.383914e+00 1.378313e+00 1.371934e+00 1.364771e+00 1.356813e+00 1.348052e+00 1.338475e+00 1.328881e+00 1.320420e+00 1.312268e+00 1.304408e+00 1.296828e+00 1.289512e+00 1.282447e+00 1.275621e+00 1.269022e+00 1.262636e+00 1.256452e+00 1.250459e+00 1.244646e+00 1.239003e+00 1.233518e+00 1.228183e+00 1.222986e+00 1.217919e+00 1.212972e+00 1.208137e+00 1.203404e+00 1.198765e+00 1.194210e+00 1.189733e+00 1.185325e+00 1.180977e+00 1.176682e+00 1.172431e+00 1.168217e+00 1.164033e+00 1.159870e+00 1.155722e+00 1.151579e+00 1.147436e+00 1.143283e+00 1.139115e+00 1.134922e+00 1.130697e+00 1.126433e+00 1.122122e+00 1.117755e+00 1.113325e+00 1.108824e+00 1.104244e+00 1.099575e+00 1.094810e+00 1.089940e+00 1.084955e+00 1.079848e+00 1.074607e+00 1.069225e+00 1.063690e+00 1.057993e+00 1.052124e+00 1.046071e+00 1.039823e+00 1.033370e+00 1.026698e+00 1.019797e+00 1.012653e+00 1.005254e+00 9.975846e-01 9.896324e-01 9.813822e-01 9.728189e-01 9.639270e-01 9.531156e-01 9.413487e-01 9.301581e-01 9.195031e-01 9.093454e-01 8.996481e-01 8.903761e-01
1.619370e+00 1.622485e+00 1.625127e+00 1.627301e+00 1.629010e+00 1.630254e+00 1.631036e+00 1.631419e+00 1.631712e+00 1.631854e+00 1.631845e+00 1.631685e+00 1.631375e+00 1.630913e+00 1.630299e+00 1.629531e+00 1.628607e+00 1.627527e+00 1.626287e+00 1.624885e+00 1.623319e+00 1.621585e+00 1.619679e+00 1.617598e+00 1.615338e+00 1.612893e+00 1.610260e+00 1.607432e+00 1.604404e+00 1.601170e+00 1.597723e+00 1.594057e+00 1.590163e+00 1.586034e+00 1.581662e+00 1.577038e+00 1.572152e+00 1.566994e+00 1.561554e+00 1.555821e+00 1.549784e+00 1.543430e+00 1.536746e+00 1.529718e+00 1.522333e+00 1.514576e+00 1.506430e+00 1.497880e+00 1.488907e+00 1.479494e+00 1.469622e+00 1.459271e+00 1.448419e+00 1.437045e+00 1.425125e+00 1.412636e+00 1.399553e+00 1.385848e+00 1.371493e+00 1.356461e+00 1.340720e+00 1.324238e+00 1.306983e+00 1.288918e+00 1.270008e+00 1.250214e+00 1.229496e+00 1.207812e+00 1.185118e+00 1.161369e+00 1.136515e+00 1.110507e+00 1.083292e+00 1.062191e+00 1.048883e+00 1.035964e+00 1.023410e+00 1.011197e+00 9.992987e-01 9.876935e-01
1.357854e+00 1.351288e+00 1.343911e+00 1.335714e+00 1.326687e+00 1.316818e+00 1.306095e+00 1.294008e+00 1.282037e+00 1.270647e+00 1.259809e+00 1.249496e+00 1.239680e+00 1.230338e+00 1.221443e+00 1.212975e+00 1.204910e+00 1.197228e+00 1.189910e+00 1.182937e+00 1.176290e+00 1.169953e+00 1.163910e+00 1.158144e+00 1.152641e+00 1.147387e+00 1.142368e+00 1.137572e+00 1.132985e+00 1.128597e+00 1.124397e+00 1.120372e+00 1.116513e+00 1.112810e+00 1.109254e+00 1.105835e+00 1.102544e+00 1.099374e+00 1.096315e+00 1.093361e+00 1.090503e+00 1.087734e+00 1.085047e+00 1.082435e+00 1.079891e+00 1.077409e+00 1.074983e+00 1.072606e+00 1.070272e+00 1.067975e+00 1.065709e+00 1.063469e+00 1.061248e+00 1.059041e+00 1.056843e+00 1.054647e+00 1.052448e+00 1.050240e+00 1.048017e+00 1.045775e+00 1.043507e+00 1.041207e+00 1.038869e+00 1.036488e+00 1.034057e+00 1.031570e+00 1.029020e+00 1.026402e+00 1.023708e+00 1.020931e+00 1.018065e+00 1.015101e+00 1.012033e+00 1.009392e+00 1.007125e+00 1.004690e+00 1.002082e+00 9.992963e-01 9.963295e-01 9.931764e-01
1.270536e+00 1.260737e+00 1.250015e+00 1.238355e+00 1.225743e+00 1.212164e+00 1.197599e+00 1.184358e+00 1.174009e+00 1.164205e+00 1.154928e+00 1.146158e+00 1.137880e+00 1.130077e+00 1.122733e+00 1.115834e+00 1.109367e+00 1.103319e+00 1.097678e+00 1.092433e+00 1.087574e+00 1.083091e+00 1.078976e+00 1.075220e+00 1.071817e+00 1.068759e+00 1.066040e+00 1.063655e+00 1.061600e+00 1.059871e+00 1.058463e+00 1.057375e+00 1.056604e+00 1.056149e+00 1.056008e+00 1.056182e+00 1.056671e+00 1.057476e+00 1.058598e+00 1.060040e+00 1.061804e+00 1.063893e+00 1.066313e+00 1.069068e+00 1.072162e+00 1.075603e+00 1.079397e+00 1.083551e+00 1.088073e+00 1.092973e+00 1.098259e+00 1.103943e+00 1.110035e+00 1.116548e+00 1.123493e+00 1.130885e+00 1.138738e+00 1.147068e+00 1.155890e+00 1.165223e+00 1.175084e+00 1.185492e+00 1.196469e+00 1.208035e+00 1.220213e+00 1.233027e+00 1.246502e+00 1.260664e+00 1.275542e+00 1.291164e+00 1.307561e+00 1.324765e+00 1.342810e+00 1.362359e+00 1.381318e+00 1.399066e+00 1.415611e+00 1.430962e+00 1.445126e+00 1.458109e+00
2.662120e+00 2.703834e+00 2.746428e+00 2.789955e+00 2.834470e+00 2.880028e+00 2.926685e+00 2.995265e+00 3.081090e+00 3.163429e+00 3.242313e+00 3.317773e+00 3.389837e+00 3.458534e+00 3.523890e+00 3.585930e+00 3.644678e+00 3.700156e+00 3.752387e+00 3.801389e+00 3.847181e+00 3.889783e+00 3.929209e+00 3.965475e+00 3.998594e+00 4.028581e+00 4.055445e+00 4.079198e+00 4.099849e+00 4.117405e+00 4.131873e+00 4.143260e+00 4.151568e+00 4.156802e+00 4.158963e+00 4.158053e+00 4.154071e+00 4.147015e+00 4.136883e+00 4.123670e+00 4.107372e+00 4.087983e+00 4.065495e+00 4.039899e+00 4.011185e+00 3.979343e+00 3.944360e+00 3.906223e+00 3.864917e+00 3.820426e+00 3.772733e+00 3.721820e+00 3.667667e+00 3.610254e+00 3.549557e+00 3.485555e+00 3.418222e+00 3.347532e+00 3.273459e+00 3.195973e+00 3.115045e+00 3.030644e+00 2.942737e+00 2.851291e+00 2.756270e+00 2.657638e+00 2.555357e+00 2.449387e+00 2.339688e+00 2.226218e+00 2.108933e+00 1.987787e+00 1.862735e+00 1.774204e+00 1.728123e+00 1.683918e+00 1.641497e+00 1.600771e+00 1.561654e+00 1.524066e+00
1.691003e+00 1.696769e+00 1.702156e+00 1.707171e+00 1.711820e+00 1.716108e+00 1.720042e+00 1.723593e+00 1.726852e+00 1.729857e+00 1.732611e+00 1.735117e+00 1.737379e+00 1.739399e+00 1.741181e+00 1.742727e+00 1.744037e+00 1.745115e+00 1.745962e+00 1.746578e+00 1.746964e+00 1.747121e+00 1.747050e+00 1.746749e+00 1.746219e+00 1.745458e+00 1.744467e+00 1.743243e+00 1.741786e+00 1.740093e+00 1.738162e+00 1.735990e+00 1.733575e+00 1.730915e+00 1.728004e+00 1.724841e+00 1.721420e+00 1.717737e+00 1.713788e+00 1.709567e+00 1.705070e+00 1.700291e+00 1.695222e+00 1.689859e+00 1.684194e+00 1.678219e+00 1.671928e+00 1.665313e+00 1.658364e+00 1.651073e+00 1.643431e+00 1.635428e+00 1.627053e+00 1.618297e+00 1.609148e+00 1.599594e+00 1.589623e+00 1.579223e+00 1.568380e+00 1.557080e+00 1.545309e+00 1.533053e+00 1.520294e+00 1.507018e+00 1.493207e+00 1.478844e+00 1.463910e+00 1.448387e+00 1.432254e+00 1.415491e+00 1.398076e+00 1.379988e+00 1.361204e+00 1.341110e+00 1.321266e+00 1.302211e+00 1.283897e+00 1.266277e+00 1.249304e+00 1.232937e+00
2.008151e+00 2.025657e+00 2.043195e+00 2.060787e+00 2.078456e+00 2.096222e+00 2.114108e+00 2.131281e+00 2.147093e+00 2.162416e+00 2.177261e+00 2.191641e+00 2.205568e+00 2.219054e+00 2.232109e+00 2.244745e+00 2.256971e+00 2.268798e+00 2.280236e+00 2.291293e+00 2.301980e+00 2.312305e+00 2.322277e+00 2.331903e+00 2.341192e+00 2.350151e+00 2.358788e+00 2.367110e+00 2.375124e+00 2.382836e+00 2.390253e+00 2.397380e+00 2.404225e+00 2.410791e+00 2.417086e+00 2.423114e+00 2.428879e+00 2.434388e+00 2.439644e+00 2.444651e+00 2.449414e+00 2.453937e+00 2.458223e+00 2.462277e+00 2.466100e+00 2.469697e+00 2.473071e+00 2.476224e+00 2.479158e+00 2.481877e+00 2.484382e+00 2.486676e+00 2.488761e+00 2.490637e+00 2.492308e+00 2.493773e+00 2.495035e+00 2.496094e+00 2.496952e+00 2.497608e+00 2.498064e+00 2.498320e+00 2.498375e+00 2.498231e+00 2.497887e+00 2.497343e+00 2.496598e+00 2.495652e+00 2.494503e+00 2.493151e+00 2.491596e+00 2.489834e+00 2.487866e+00 2.485319e+00 2.481712e+00 2.477413e+00 2.472418e+00 2.466722e+00 2.460320e+00 2.453205e+00
1.755971e+00 1.764142e+00 1.772019e+00 1.779610e+00 1.786926e+00 1.793976e+00 1.800768e+00 1.806245e+00 1.810419e+00 1.814356e+00 1.818060e+00 1.821535e+00 1.824783e+00 1.827805e+00 1.830606e+00 1.833188e+00 1.835551e+00 1.837698e+00 1.839632e+00 1.841352e+00 1.842862e+00 1.844161e+00 1.845252e+00 1.846134e+00 1.846809e+00 1.847278e+00 1.847539e+00 1.847595e+00 1.847444e+00 1.847087e+00 1.846523e+00 1.845753e+00 1.844774e+00 1.843587e+00 1.842191e+00 1.840584e+00 1.838765e+00 1.836733e+00 1.834486e+00 1.832022e+00 1.829340e+00 1.826437e+00 1.823310e+00 1.819958e+00 1.816378e+00 1.812566e+00 1.808520e+00 1.804237e+00 1.799712e+00 1.794943e+00 1.789926e+00 1.784656e+00 1.779130e+00 1.773342e+00 1.767289e+00 1.760966e+00 1.754366e+00 1.747486e+00 1.740320e+00 1.732861e+00 1.725104e+00 1.717043e+00 1.708671e+00 1.699982e+00 1.690968e+00 1.681622e+00 1.671937e+00 1.661906e+00 1.651519e+00 1.640770e+00 1.629648e+00 1.618145e+00 1.606253e+00 1.593342e+00 1.579910e+00 1.566561e+00 1.553277e+00 1.540043e+00 1.526841e+00 1.513657e+00
1.422081e+00 1.417893e+00 1.412976e+00 1.407327e+00 1.400936e+00 1.393796e+00 1.385899e+00 1.376347e+00 1.366455e+00 1.357086e+00 1.348216e+00 1.339821e+00 1.331880e+00 1.324373e+00 1.317279e+00 1.310581e+00 1.304261e+00 1.298303e+00 1.292691e+00 1.287412e+00 1.282450e+00 1.277795e+00 1.273432e+00 1.269352e+00 1.265543e+00 1.261996e+00 1.258701e+00 1.255650e+00 1.252836e+00 1.250250e+00 1.247887e+00 1.245739e+00 1.243802e+00 1.242071e+00 1.240540e+00 1.239207e+00 1.238067e+00 1.237118e+00 1.236356e+00 1.235782e+00 1.235391e+00 1.235185e+00 1.235161e+00 1.235321e+00 1.235665e+00 1.236192e+00 1.236906e+00 1.237807e+00 1.238898e+00 1.240182e+00 1.241662e+00 1.243342e+00 1.245226e+00 1.247319e+00 1.249627e+00 1.252156e+00 1.254911e+00 1.257901e+00 1.261133e+00 1.264615e+00 1.268356e+00 1.272366e+00 1.276656e+00 1.281236e+00 1.286118e+00 1.291315e+00 1.296841e+00 1.302709e+00 1.308936e+00 1.315536e+00 1.322527e+00 1.329927e+00 1.337756e+00 1.345214e+00 1.351188e+00 1.356502e+00 1.361164e+00 1.365179e+00 1.368554e+00 1.371291e+00
2.134025e+00 2.156191e+00 2.178552e+00 2.201136e+00 2.223972e+00 2.247087e+00 2.270511e+00 2.303881e+00 2.345457e+00 2.385689e+00 2.424632e+00 2.462339e+00 2.498860e+00 2.534245e+00 2.568543e+00 2.601799e+00 2.634059e+00 2.665366e+00 2.695763e+00 2.725291e+00 2.753990e+00 2.781898e+00 2.809055e+00 2.835495e+00 2.861256e+00 2.886373e+00 2.910878e+00 2.934806e+00 2.958188e+00 2.981057e+00 3.003444e+00 3.025378e+00 3.046890e+00 3.068008e+00 3.088762e+00 3.109179e+00 3.129287e+00 3.149114e+00 3.168685e+00 3.188028e+00 3.207170e+00 3.226135e+00 3.244949e+00 3.263639e+00 3.282229e+00 3.300744e+00 3.319210e+00 3.337651e+00 3.356094e+00 3.374561e+00 3.393080e+00 3.411674e+00 3.430369e+00 3.449190e+00 3.468163e+00 3.487313e+00 3.506667e+00 3.526250e+00 3.546089e+00 3.566212e+00 3.586644e+00 3.607415e+00 3.628551e+00 3.650083e+00 3.672038e+00 3.694447e+00 3.717340e+00 3.740748e+00 3.764703e+00 3.789236e+00 3.814383e+00 3.840176e+00 3.866650e+00 3.889967e+00 3.907174e+00 3.922152e+00 3.934902e+00 3.945430e+00 3.953737e+00 3.959826e+00
1.513634e+00 1.512835e+00 1.511426e+00 1.509407e+00 1.506775e+00 1.503526e+00 1.499656e+00 1.495710e+00 1.492327e+00 1.488952e+00 1.485581e+00 1.482211e+00 1.478837e+00 1.475455e+00 1.472061e+00 1.468649e+00 1.465217e+00 1.461758e+00 1.458270e+00 1.454748e+00 1.451186e+00 1.447581e+00 1.443928e+00 1.440223e+00 1.436460e+00 1.432635e+00 1.428743e+00 1.424779e+00 1.420738e+00 1.416615e+00 1.412405e+00 1.408102e+00 1.403700e+00 1.399195e+00 1.394580e+00 1.389850e+00 1.384999e+00 1.380019e+00 1.374906e+00 1.369653e+00 1.364252e+00 1.358698e+00 1.352982e+00 1.347098e+00 1.341038e+00 1.334795e+00 1.328360e+00 1.321725e+00 1.314883e+00 1.307823e+00 1.300538e+00 1.293018e+00 1.285253e+00 1.277234e+00 1.268950e+00 1.260391e+00 1.251546e+00 1.242403e+00 1.232952e+00 1.223179e+00 1.213073e+00 1.202621e+00 1.191809e+00 1.180623e+00 1.169051e+00 1.157075e+00 1.144683e+00 1.131857e+00 1.118581e+00 1.104839e+00 1.090613e+00 1.075885e+00 1.060636e+00 1.044733e+00 1.029340e+00 1.014534e+00 1.000279e+00 9.865403e-01 9.732840e-01 9.604782e-01
1.633165e+00 1.636791e+00 1.639962e+00 1.642683e+00 1.644958e+00 1.646788e+00 1.648178e+00 1.649194e+00 1.650120e+00 1.650890e+00 1.651505e+00 1.651965e+00 1.652272e+00 1.652427e+00 1.652428e+00 1.652277e+00 1.651973e+00 1.651516e+00 1.650905e+00 1.650139e+00 1.649216e+00 1.648135e+00 1.646895e+00 1.645494e+00 1.643928e+00 1.642196e+00 1.640294e+00 1.638220e+00 1.635970e+00 1.633541e+00 1.630928e+00 1.628127e+00 1.625134e+00 1.621944e+00 1.618551e+00 1.614951e+00 1.611136e+00 1.607102e+00 1.602841e+00 1.598346e+00 1.593610e+00 1.588625e+00 1.583383e+00 1.577876e+00 1.572094e+00 1.566029e+00 1.559669e+00 1.553006e+00 1.546027e+00 1.538721e+00 1.531078e+00 1.523083e+00 1.514724e+00 1.505987e+00 1.496858e+00 1.487323e+00 1.477364e+00 1.466967e+00 1.456114e+00 1.444788e+00 1.432970e+00 1.420640e+00 1.407778e+00 1.394364e+00 1.380376e+00 1.365790e+00 1.350583e+00 1.334730e+00 1.318204e+00 1.300980e+00 1.283029e+00 1.264321e+00 1.244826e+00 1.217702e+00 1.186226e+00 1.157022e+00 1.129916e+00 1.104748e+00 1.081367e+00 1.059635e+00
1.978626e+00 1.995039e+00 2.011446e+00 2.027868e+00 2.044324e+00 2.060835e+00 2.077423e+00 2.090394e+00 2.099329e+00 2.107945e+00 2.116246e+00 2.124237e+00 2.131922e+00 2.139305e+00 2.146388e+00 2.153177e+00 2.159675e+00 2.165884e+00 2.171808e+00 2.177450e+00 2.182813e+00 2.187900e+00 2.192712e+00 2.197254e+00 2.201526e+00 2.205531e+00 2.209272e+00 2.212749e+00 2.215965e+00 2.218922e+00 2.221621e+00 2.224062e+00 2.226249e+00 2.228181e+00 2.229860e+00 2.231286e+00 2.232461e+00 2.233384e+00 2.234057e+00 2.234479e+00 2.234651e+00 2.234574e+00 2.234246e+00 2.233667e+00 2.232839e+00 2.231759e+00 2.230428e+00 2.228844e+00 2.227008e+00 2.224917e+00 2.222572e+00 2.219970e+00 2.217111e+00 2.213993e+00 2.210614e+00 2.206973e+00 2.203068e+00 2.198897e+00 2.194457e+00 2.189747e+00 2.184764e+00 2.179506e+00 2.173970e+00 2.168152e+00 2.162051e+00 2.155663e+00 2.148984e+00 2.142012e+00 2.134742e+00 2.127172e+00 2.119297e+00 2.111113e+00 2.102617e+00 2.093321e+00 2.083105e+00 2.072445e+00 2.061336e+00 2.049772e+00 2.037747e+00 2.025254e+00
2.169462e+00 2.192939e+00 2.216658e+00 2.240648e+00 2.264938e+00 2.289559e+00 2.314543e+00 2.334203e+00 2.347536e+00 2.360261e+00 2.372382e+00 2.383904e+00 2.394831e+00 2.405165e+00 2.414911e+00 2.424071e+00 2.432648e+00 2.440646e+00 2.448066e+00 2.454912e+00 2.461185e+00 2.466888e+00 2.472022e+00 2.476589e+00 2.480591e+00 2.484029e+00 2.486904e+00 2.489216e+00 2.490968e+00 2.492158e+00 2.492788e+00 2.492859e+00 2.492368e+00 2.491318e+00 2.489707e+00 2.487535e+00 2.484801e+00 2.481504e+00 2.477644e+00 2.473218e+00 2.468226e+00 2.462666e+00 2.456535e+00 2.449833e+00 2.442556e+00 2.434703e+00 2.426271e+00 2.417257e+00 2.407659e+00 2.397472e+00 2.386694e+00 2.375321e+00 2.363350e+00 2.350776e+00 2.337596e+00 2.323805e+00 2.309399e+00 2.294373e+00 2.278722e+00 2.262441e+00 2.245524e+00 2.227967e+00 2.209763e+00 2.190907e+00 2.171391e+00 2.151211e+00 2.130360e+00 2.108829e+00 2.086614e+00 2.063705e+00 2.040097e+00 2.015780e+00 1.990748e+00 1.951194e+00 1.900399e+00 1.852021e+00 1.805926e+00 1.761987e+00 1.720081e+00 1.680093e+00
1.315447e+00 1.307312e+00 1.298310e+00 1.288431e+00 1.277663e+00 1.265992e+00 1.253403e+00 1.238215e+00 1.222313e+00 1.207312e+00 1.193163e+00 1.179818e+00 1.167234e+00 1.155370e+00 1.144187e+00 1.133648e+00 1.123718e+00 1.114365e+00 1.105558e+00 1.097268e+00 1.089468e+00 1.082132e+00 1.075236e+00 1.068757e+00 1.062675e+00 1.056969e+00 1.051619e+00 1.046610e+00 1.041924e+00 1.037546e+00 1.033462e+00 1.029657e+00 1.026121e+00 1.022840e+00 1.019804e+00 1.017004e+00 1.014429e+00 1.012073e+00 1.009926e+00 1.007981e+00 1.006233e+00 1.004676e+00 1.003304e+00 1.002114e+00 1.001100e+00 1.000260e+00 9.995912e-01 9.990911e-01 9.987581e-01 9.985912e-01 9.985898e-01 9.987539e-01 9.990841e-01 9.995814e-01 1.000247e+00 1.001084e+00 1.002095e+00 1.003283e+00 1.004651e+00 1.006206e+00 1.007950e+00 1.009891e+00 1.012035e+00 1.014388e+00 1.016958e+00 1.019755e+00 1.022787e+00 1.026063e+00 1.029595e+00 1.033395e+00 1.037475e+00 1.041848e+00 1.046529e+00 1.050880e+00 1.054150e+00 1.056997e+00 1.059426e+00 1.061443e+00 1.063049e+00 1.064248e+00
2.124279e+00 2.146084e+00 2.168071e+00 2.190269e+00 2.212704e+00 2.235406e+00 2.258401e+00 2.288049e+00 2.322304e+00 2.354868e+00 2.385770e+00 2.415040e+00 2.442706e+00 2.468792e+00 2.493324e+00 2.516323e+00 2.537812e+00 2.557811e+00 2.576338e+00 2.593411e+00 2.609045e+00 2.623255e+00 2.636055e+00 2.647456e+00 2.657468e+00 2.666102e+00 2.673365e+00 2.679264e+00 2.683805e+00 2.686992e+00 2.688827e+00 2.689313e+00 2.688449e+00 2.686236e+00 2.682671e+00 2.677750e+00 2.671470e+00 2.663823e+00 2.654804e+00 2.644404e+00 2.632613e+00 2.619420e+00 2.604812e+00 2.588777e+00 2.571299e+00 2.552361e+00 2.531947e+00 2.510037e+00 2.486611e+00 2.461646e+00 2.435120e+00 2.407008e+00 2.377284e+00 2.345919e+00 2.312886e+00 2.278152e+00 2.241685e+00 2.203452e+00 2.163417e+00 2.121542e+00 2.077788e+00 2.032115e+00 1.984480e+00 1.934839e+00 1.883145e+00 1.829350e+00 1.773403e+00 1.715254e+00 1.654847e+00 1.592126e+00 1.527033e+00 1.459506e+00 1.389484e+00 1.336598e+00 1.304857e+00 1.274487e+00 1.245415e+00 1.217570e+00 1.190887e+00 1.165301e+00
1.203117e+00 1.190823e+00 1.177518e+00 1.163184e+00 1.147805e+00 1.131360e+00 1.113830e+00 1.094759e+00 1.076408e+00 1.059147e+00 1.042916e+00 1.027660e+00 1.013326e+00 9.998647e-01 9.872294e-01 9.753769e-01 9.642663e-01 9.538595e-01 9.441205e-01 9.350159e-01 9.265143e-01 9.185864e-01 9.112050e-01 9.043446e-01 8.979816e-01 8.920941e-01 8.866618e-01 8.816661e-01 8.770896e-01 8.729168e-01 8.691332e-01 8.657257e-01 8.626827e-01 8.599937e-01 8.576494e-01 8.556417e-01 8.539638e-01 8.526098e-01 8.515751e-01 8.508562e-01 8.504505e-01 8.503566e-01 8.505743e-01 8.511043e-01 8.519484e-01 8.531095e-01 8.545916e-01 8.563999e-01 8.585405e-01 8.610207e-01 8.638493e-01 8.670358e-01 8.705913e-01 8.745280e-01 8.788595e-01 8.836006e-01 8.887677e-01 8.943786e-01 9.004526e-01 9.070106e-01 9.140752e-01 9.216706e-01 9.298232e-01 9.385609e-01 9.479137e-01 9.579140e-01 9.685962e-01 9.799969e-01 9.921555e-01 1.005114e+00 1.018916e+00 1.033611e+00 1.049248e+00 1.063523e+00 1.074628e+00 1.084934e+00 1.094450e+00 1.103186e+00 1.111151e+00 1.118352e+00
2.183391e+00 2.207384e+00 2.231636e+00 2.256178e+00 2.281040e+00 2.306253e+00 2.331849e+00 2.362961e+00 2.397627e+00 2.430776e+00 2.462435e+00 2.492630e+00 2.521385e+00 2.548723e+00 2.574668e+00 2.599241e+00 2.622461e+00 2.644348e+00 2.664919e+00 2.684192e+00 2.702182e+00 2.718904e+00 2.734372e+00 2.748598e+00 2.761593e+00 2.773370e+00 2.783936e+00 2.793302e+00 2.801473e+00 2.808459e+00 2.814263e+00 2.818890e+00 2.822346e+00 2.824631e+00 2.825749e+00 2.825700e+00 2.824484e+00 2.822100e+00 2.818546e+00 2.813819e+00 2.807916e+00 2.800831e+00 2.792558e+00 2.783092e+00 2.772424e+00 2.760545e+00 2.747446e+00 2.733116e+00 2.717543e+00 2.700715e+00 2.682618e+00 2.663236e+00 2.642554e+00 2.620556e+00 2.597222e+00 2.572535e+00 2.546473e+00 2.519016e+00 2.490141e+00 2.459824e+00 2.428041e+00 2.394765e+00 2.359969e+00 2.323625e+00 2.285703e+00 2.246172e+00 2.204999e+00 2.162151e+00 2.117594e+00 2.071289e+00 2.023200e+00 1.973287e+00 1.921508e+00 1.877546e+00 1.844448e+00 1.812435e+00 1.781448e+00 1.751432e+00 1.722333e+00 1.694100e+00
2.019580e+00 2.037509e+00 2.055486e+00 2.073531e+00 2.091668e+00 2.109920e+00 2.128310e+00 2.150248e+00 2.174382e+00 2.197345e+00 2.219163e+00 2.239857e+00 2.259449e+00 2.277960e+00 2.295408e+00 2.311811e+00 2.327187e+00 2.341551e+00 2.354917e+00 2.367301e+00 2.378714e+00 2.389168e+00 2.398674e+00 2.407243e+00 2.414882e+00 2.421600e+00 2.427403e+00 2.432298e+00 2.436289e+00 2.439381e+00 2.441578e+00 2.442880e+00 2.443290e+00 2.442808e+00 2.441433e+00 2.439164e+00 2.435999e+00 2.431935e+00 2.426966e+00 2.421089e+00 2.414297e+00 2.406583e+00 2.397939e+00 2.388356e+00 2.377824e+00 2.366333e+00 2.353871e+00 2.340424e+00 2.325978e+00 2.310520e+00 2.294033e+00 2.276499e+00 2.257902e+00 2.238221e+00 2.217436e+00 2.195527e+00 2.172469e+00 2.148240e+00 2.122815e+00 2.096166e+00 2.068268e+00 2.039090e+00 2.008604e+00 1.976776e+00 1.943575e+00 1.908967e+00 1.872915e+00 1.835382e+00 1.796330e+00 1.755718e+00 1.713505e+00 1.669647e+00 1.624098e+00 1.577061e+00 1.532982e+00 1.491439e+00 1.452273e+00 1.415333e+00 1.380476e+00 1.347567e+00
1.263773e+00 1.253724e+00 1.242743e+00 1.230814e+00 1.217925e+00 1.204058e+00 1.189196e+00 1.174814e+00 1.162523e+00 1.150799e+00 1.139617e+00 1.128952e+00 1.118779e+00 1.109078e+00 1.099825e+00 1.090999e+00 1.082582e+00 1.074555e+00 1.066899e+00 1.059597e+00 1.052633e+00 1.045992e+00 1.039659e+00 1.033619e+00 1.027859e+00 1.022366e+00 1.017128e+00 1.012133e+00 1.007371e+00 1.002829e+00 9.984993e-01 9.943708e-01 9.904346e-01 9.866819e-01 9.831044e-01 9.796940e-01 9.764432e-01 9.733446e-01 9.703914e-01 9.675770e-01 9.648950e-01 9.623394e-01 9.599047e-01 9.575852e-01 9.553759e-01 9.532718e-01 9.512682e-01 9.493606e-01 9.475448e-01 9.458166e-01 9.441723e-01 9.426082e-01 9.411208e-01 9.397067e-01 9.383628e-01 9.370861e-01 9.358737e-01 9.347230e-01 9.336313e-01 9.325962e-01 9.316154e-01 9.306867e-01 9.298081e-01 9.289775e-01 9.281932e-01 9.274533e-01 9.267563e-01 9.261005e-01 9.254844e-01 9.249068e-01 9.243664e-01 9.238618e-01 9.233920e-01 9.227775e-01 9.219183e-01 9.209893e-01 9.199871e-01 9.189076e-01 9.177466e-01 9.164995e-01
1.263848e+00 1.253803e+00 1.242824e+00 1.230899e+00 1.218013e+00 1.204149e+00 1.189290e+00 1.177098e+00 1.168977e+00 1.161236e+00 1.153862e+00 1.146845e+00 1.140175e+00 1.133842e+00 1.127836e+00 1.122149e+00 1.116773e+00 1.111699e+00 1.106919e+00 1.102428e+00 1.098218e+00 1.094283e+00 1.090618e+00 1.087216e+00 1.084073e+00 1.081185e+00 1.078547e+00 1.076154e+00 1.074005e+00 1.072095e+00 1.070422e+00 1.068983e+00 1.067776e+00 1.066799e+00 1.066051e+00 1.065532e+00 1.065239e+00 1.065172e+00 1.065333e+00 1.065720e+00 1.066334e+00 1.067176e+00 1.068248e+00 1.069551e+00 1.071087e+00 1.072858e+00 1.074867e+00 1.077117e+00 1.079610e+00 1.082352e+00 1.085345e+00 1.088595e+00 1.092105e+00 1.095881e+00 1.099930e+00 1.104256e+00 1.108865e+00 1.113766e+00 1.118965e+00 1.124469e+00 1.130287e+00 1.136427e+00 1.142899e+00 1.149712e+00 1.156875e+00 1.164400e+00 1.172297e+00 1.180579e+00 1.189257e+00 1.198344e+00 1.207853e+00 1.217799e+00 1.228195e+00 1.243115e+00 1.260945e+00 1.277644e+00 1.293230e+00 1.307716e+00 1.321118e+00 1.333447e+00
1.741150e+00 1.748773e+00 1.756081e+00 1.763085e+00 1.769793e+00 1.776212e+00 1.782352e+00 1.787258e+00 1.790922e+00 1.794310e+00 1.797426e+00 1.800271e+00 1.802848e+00 1.805158e+00 1.807204e+00 1.808988e+00 1.810509e+00 1.811771e+00 1.812773e+00 1.813517e+00 1.814003e+00 1.814231e+00 1.814202e+00 1.813916e+00 1.813372e+00 1.812570e+00 1.811510e+00 1.810190e+00 1.808610e+00 1.806767e+00 1.804662e+00 1.802292e+00 1.799655e+00 1.796749e+00 1.793573e+00 1.790122e+00 1.786396e+00 1.782390e+00 1.778102e+00 1.773529e+00 1.768666e+00 1.763510e+00 1.758057e+00 1.752303e+00 1.746243e+00 1.739872e+00 1.733185e+00 1.726178e+00 1.718844e+00 1.711178e+00 1.703174e+00 1.694826e+00 1.686127e+00 1.677070e+00 1.667648e+00 1.657853e+00 1.647679e+00 1.637117e+00 1.626159e+00 1.614796e+00 1.603019e+00 1.590820e+00 1.578187e+00 1.565113e+00 1.551586e+00 1.537595e+00 1.523131e+00 1.508180e+00 1.492733e+00 1.476776e+00 1.460297e+00 1.443284e+00 1.425722e+00 1.406296e+00 1.386201e+00 1.366703e+00 1.347767e+00 1.329359e+00 1.311444e+00 1.293991e+00
1.156599e+00 1.142583e+00 1.127495e+00 1.111317e+00 1.094028e+00 1.075606e+00 1.056029e+00 1.037396e+00 1.021806e+00 1.007091e+00 9.932096e-01 9.801238e-01 9.677965e-01 9.561931e-01 9.452813e-01 9.350302e-01 9.254114e-01 9.163976e-01 9.079639e-01 9.000863e-01 8.927430e-01 8.859133e-01 8.795781e-01 8.737196e-01 8.683214e-01 8.633684e-01 8.588467e-01 8.547436e-01 8.510476e-01 8.477484e-01 8.448367e-01 8.423044e-01 8.401443e-01 8.383504e-01 8.369177e-01 8.358422e-01 8.351208e-01 8.347515e-01 8.347333e-01 8.350662e-01 8.357510e-01 8.367897e-01 8.381853e-01 8.399415e-01 8.420634e-01 8.445568e-01 8.474289e-01 8.506875e-01 8.543419e-01 8.584023e-01 8.628801e-01 8.677878e-01 8.731392e-01 8.789492e-01 8.852342e-01 8.920118e-01 8.993010e-01 9.071221e-01 9.154972e-01 9.244497e-01 9.340047e-01 9.441889e-01 9.550309e-01 9.665611e-01 9.788118e-01 9.918174e-01 1.005614e+00 1.020241e+00 1.035739e+00 1.052151e+00 1.069523e+00 1.087905e+00 1.107347e+00 1.130834e+00 1.155839e+00 1.179459e+00 1.201718e+00 1.222639e+00 1.242242e+00 1.260547e+00
1.239652e+00 1.228710e+00 1.216804e+00 1.203920e+00 1.190040e+00 1.175148e+00 1.159225e+00 1.139458e+00 1.118303e+00 1.098462e+00 1.079854e+00 1.062401e+00 1.046031e+00 1.030677e+00 1.016274e+00 1.002763e+00 9.900875e-01 9.781955e-01 9.670374e-01 9.565669e-01 9.467407e-01 9.375179e-01 9.288604e-01 9.207322e-01 9.130997e-01 9.059311e-01 8.991968e-01 8.928688e-01 8.869209e-01 8.813284e-01 8.760681e-01 8.711183e-01 8.664583e-01 8.620689e-01 8.579319e-01 8.540301e-01 8.503473e-01 8.468683e-01 8.435786e-01 8.404646e-01 8.375134e-01 8.347127e-01 8.320510e-01 8.295171e-01 8.271006e-01 8.247915e-01 8.225801e-01 8.204574e-01 8.184145e-01 8.164429e-01 8.145345e-01 8.126813e-01 8.108757e-01 8.091101e-01 8.073774e-01 8.056702e-01 8.039814e-01 8.023042e-01 8.006315e-01 7.989564e-01 7.972720e-01 7.955712e-01 7.938471e-01 7.920923e-01 7.902998e-01 7.884621e-01 7.865714e-01 7.846201e-01 7.826000e-01 7.805027e-01 7.783195e-01 7.760414e-01 7.736589e-01 7.710534e-01 7.684501e-01 7.659451e-01 7.635264e-01 7.611822e-01 7.589012e-01 7.566725e-01
1.855710e+00 1.867574e+00 1.879271e+00 1.890818e+00 1.902228e+00 1.913517e+00 1.924697e+00 1.940404e+00 1.959634e+00 1.977799e+00 1.994932e+00 2.011063e+00 2.026221e+00 2.040433e+00 2.053726e+00 2.066123e+00 2.077645e+00 2.088315e+00 2.098151e+00 2.107170e+00 2.115390e+00 2.122824e+00 2.129486e+00 2.135388e+00 2.140540e+00 2.144953e+00 2.148633e+00 2.151588e+00 2.153822e+00 2.155340e+00 2.156144e+00 2.156237e+00 2.155617e+00 2.154284e+00 2.152236e+00 2.149469e+00 2.145977e+00 2.141755e+00 2.136795e+00 2.131088e+00 2.124625e+00 2.117392e+00 2.109378e+00 2.100567e+00 2.090945e+00 2.080493e+00 2.069193e+00 2.057025e+00 2.043967e+00 2.029995e+00 2.015085e+00 1.999209e+00 1.982339e+00 1.964445e+00 1.945494e+00 1.925453e+00 1.904286e+00 1.881954e+00 1.858417e+00 1.833634e+00 1.807559e+00 1.780146e+00 1.751345e+00 1.721106e+00 1.689373e+00 1.656089e+00 1.621196e+00 1.584629e+00 1.546324e+00 1.506211e+00 1.464219e+00 1.420272e+00 1.374292e+00 1.339190e+00 1.317899e+00 1.297380e+00 1.277585e+00 1.258473e+00 1.240002e+00 1.222130e+00
1.643617e+00 1.647629e+00 1.651201e+00 1.654337e+00 1.657040e+00 1.659315e+00 1.661164e+00 1.662606e+00 1.663930e+00 1.665122e+00 1.666184e+00 1.667117e+00 1.667924e+00 1.668604e+00 1.669159e+00 1.669591e+00 1.669899e+00 1.670083e+00 1.670145e+00 1.670084e+00 1.669901e+00 1.669594e+00 1.669164e+00 1.668610e+00 1.667931e+00 1.667125e+00 1.666193e+00 1.665132e+00 1.663942e+00 1.662619e+00 1.661163e+00 1.659571e+00 1.657841e+00 1.655970e+00 1.653956e+00 1.651796e+00 1.649486e+00 1.647023e+00 1.644404e+00 1.641625e+00 1.638681e+00 1.635569e+00 1.632284e+00 1.628821e+00 1.625175e+00 1.621341e+00 1.617313e+00 1.613085e+00 1.608652e+00 1.604006e+00 1.599141e+00 1.594050e+00 1.588725e+00 1.583159e+00 1.577344e+00 1.571270e+00 1.564930e+00 1.558314e+00 1.551412e+00 1.544215e+00 1.536711e+00 1.528890e+00 1.520741e+00 1.512251e+00 1.503409e+00 1.494201e+00 1.484614e+00 1.474634e+00 1.464246e+00 1.453435e+00 1.442187e+00 1.430483e+00 1.418307e+00 1.405682e+00 1.393389e+00 1.381366e+00 1.369587e+00 1.358029e+00 1.346669e+00 1.335483e+00
2.106512e+00 2.127659e+00 2.148966e+00 2.170459e+00 2.192165e+00 2.214111e+00 2.236325e+00 2.253461e+00 2.264558e+00 2.274991e+00 2.284764e+00 2.293880e+00 2.302342e+00 2.310151e+00 2.317310e+00 2.323820e+00 2.329685e+00 2.334905e+00 2.339483e+00 2.343418e+00 2.346713e+00 2.349368e+00 2.351384e+00 2.352762e+00 2.353502e+00 2.353604e+00 2.353068e+00 2.351895e+00 2.350083e+00 2.347633e+00 2.344543e+00 2.340813e+00 2.336442e+00 2.331427e+00 2.325769e+00 2.319466e+00 2.312514e+00 2.304914e+00 2.296662e+00 2.287756e+00 2.278193e+00 2.267972e+00 2.257088e+00 2.245539e+00 2.233322e+00 2.220433e+00 2.206868e+00 2.192624e+00 2.177697e+00 2.162081e+00 2.145774e+00 2.128770e+00 2.111064e+00 2.092652e+00 2.073527e+00 2.053686e+00 2.033121e+00 2.011828e+00 1.989800e+00 1.967031e+00 1.943514e+00 1.919243e+00 1.894211e+00 1.868411e+00 1.841835e+00 1.814476e+00 1.786326e+00 1.757377e+00 1.727621e+00 1.697049e+00 1.665654e+00 1.633425e+00 1.600353e+00 1.558850e+00 1.512149e+00 1.467702e+00 1.425387e+00 1.385089e+00 1.346696e+00 1.310104e+00
1.405553e+00 1.400753e+00 1.395204e+00 1.388898e+00 1.381829e+00 1.373987e+00 1.365363e+00 1.357746e+00 1.352309e+00 1.347244e+00 1.342543e+00 1.338200e+00 1.334208e+00 1.330563e+00 1.327259e+00 1.324290e+00 1.321654e+00 1.319346e+00 1.317362e+00 1.315701e+00 1.314360e+00 1.313337e+00 1.312630e+00 1.312238e+00 1.312162e+00 1.312400e+00 1.312953e+00 1.313822e+00 1.315008e+00 1.316513e+00 1.318339e+00 1.320489e+00 1.322965e+00 1.325771e+00 1.328912e+00 1.332390e+00 1.336212e+00 1.340383e+00 1.344909e+00 1.349796e+00 1.355051e+00 1.360682e+00 1.366696e+00 1.373102e+00 1.379909e+00 1.387127e+00 1.394766e+00 1.402836e+00 1.411350e+00 1.420319e+00 1.429757e+00 1.439675e+00 1.450089e+00 1.461013e+00 1.472463e+00 1.484454e+00 1.497005e+00 1.510132e+00 1.523854e+00 1.538191e+00 1.553162e+00 1.568790e+00 1.585097e+00 1.602104e+00 1.619837e+00 1.638321e+00 1.657582e+00 1.677646e+00 1.698544e+00 1.720303e+00 1.742955e+00 1.766532e+00 1.791068e+00 1.821645e+00 1.855372e+00 1.887206e+00 1.917149e+00 1.945207e+00 1.971384e+00 1.995683e+00
1.258062e+00 1.247802e+00 1.236602e+00 1.224448e+00 1.211324e+00 1.197214e+00 1.182101e+00 1.163626e+00 1.144088e+00 1.125753e+00 1.108548e+00 1.092408e+00 1.077269e+00 1.063074e+00 1.049767e+00 1.037296e+00 1.025615e+00 1.014676e+00 1.004439e+00 9.948632e-01 9.859117e-01 9.775500e-01 9.697456e-01 9.624685e-01 9.556904e-01 9.493851e-01 9.435282e-01 9.380971e-01 9.330707e-01 9.284296e-01 9.241559e-01 9.202329e-01 9.166456e-01 9.133800e-01 9.104235e-01 9.077647e-01 9.053933e-01 9.033001e-01 9.014770e-01 8.999169e-01 8.986138e-01 8.975628e-01 8.967596e-01 8.962012e-01 8.958855e-01 8.958112e-01 8.959780e-01 8.963865e-01 8.970385e-01 8.979363e-01 8.990835e-01 9.004844e-01 9.021446e-01 9.040704e-01 9.062693e-01 9.087498e-01 9.115215e-01 9.145950e-01 9.179824e-01 9.216968e-01 9.257523e-01 9.301649e-01 9.349516e-01 9.401307e-01 9.457226e-01 9.517486e-01 9.582322e-01 9.651985e-01 9.726744e-01 9.806888e-01 9.892727e-01 9.984594e-01 1.008284e+00 1.015944e+00 1.020245e+00 1.024032e+00 1.027310e+00 1.030082e+00 1.032350e+00 1.034117e+00
1.186623e+00 1.173719e+00 1.159781e+00 1.144794e+00 1.128737e+00 1.111592e+00 1.093335e+00 1.076875e+00 1.063951e+00 1.051608e+00 1.039819e+00 1.028556e+00 1.017797e+00 1.007517e+00 9.976942e-01 9.883067e-01 9.793342e-01 9.707570e-01 9.625564e-01 9.547146e-01 9.472143e-01 9.400391e-01 9.331735e-01 9.266023e-01 9.203113e-01 9.142866e-01 9.085151e-01 9.029843e-01 8.976819e-01 8.925965e-01 8.877169e-01 8.830324e-01 8.785329e-01 8.742084e-01 8.700495e-01 8.660472e-01 8.621927e-01 8.584776e-01 8.548937e-01 8.514332e-01 8.480886e-01 8.448526e-01 8.417180e-01 8.386781e-01 8.357261e-01 8.328557e-01 8.300605e-01 8.273345e-01 8.246717e-01 8.220663e-01 8.195126e-01 8.170049e-01 8.145379e-01 8.121062e-01 8.097043e-01 8.073271e-01 8.049694e-01 8.026260e-01 8.002919e-01 7.979618e-01 7.956307e-01 7.932936e-01 7.909453e-01 7.885806e-01 7.861945e-01 7.837816e-01 7.813368e-01 7.788547e-01 7.763298e-01 7.737566e-01 7.711296e-01 7.684430e-01 7.656908e-01 7.628666e-01 7.600257e-01 7.571622e-01 7.542695e-01 7.513412e-01 7.483706e-01 7.453510e-01
1.174843e+00 1.161502e+00 1.147113e+00 1.131659e+00 1.115118e+00 1.097472e+00 1.078698e+00 1.061613e+00 1.048190e+00 1.035553e+00 1.023672e+00 1.012516e+00 1.002060e+00 9.922759e-01 9.831413e-01 9.746333e-01 9.667311e-01 9.594152e-01 9.526676e-01 9.464719e-01 9.408128e-01 9.356764e-01 9.310501e-01 9.269225e-01 9.232836e-01 9.201243e-01 9.174370e-01 9.152150e-01 9.134528e-01 9.121462e-01 9.112919e-01 9.108879e-01 9.109331e-01 9.114277e-01 9.123728e-01 9.137709e-01 9.156252e-01 9.179405e-01 9.207223e-01 9.239775e-01 9.277141e-01 9.319412e-01 9.366693e-01 9.419099e-01 9.476759e-01 9.539814e-01 9.608420e-01 9.682745e-01 9.762971e-01 9.849296e-01 9.941930e-01 1.004110e+00 1.014706e+00 1.026005e+00 1.038036e+00 1.050829e+00 1.064414e+00 1.078826e+00 1.094099e+00 1.110271e+00 1.127382e+00 1.145474e+00 1.164590e+00 1.184779e+00 1.206089e+00 1.228574e+00 1.252287e+00 1.277288e+00 1.303638e+00 1.331401e+00 1.360645e+00 1.391443e+00 1.423870e+00 1.467626e+00 1.518646e+00 1.567327e+00 1.613682e+00 1.657726e+00 1.699472e+00 1.738932e+00
2.435675e+00 2.469007e+00 2.502925e+00 2.537472e+00 2.572690e+00 2.608625e+00 2.645320e+00 2.675301e+00 2.697041e+00 2.718068e+00 2.738388e+00 2.758006e+00 2.776928e+00 2.795160e+00 2.812707e+00 2.829574e+00 2.845766e+00 2.861288e+00 2.876145e+00 2.890340e+00 2.903877e+00 2.916762e+00 2.928996e+00 2.940585e+00 2.951531e+00 2.961838e+00 2.971508e+00 2.980544e+00 2.988949e+00 2.996726e+00 3.003876e+00 3.010402e+00 3.016306e+00 3.021589e+00 3.026252e+00 3.030299e+00 3.033728e+00 3.036542e+00 3.038741e+00 3.040326e+00 3.041297e+00 3.041655e+00 3.041399e+00 3.040530e+00 3.039048e+00 3.036951e+00 3.034240e+00 3.030913e+00 3.026970e+00 3.022409e+00 3.017230e+00 3.011430e+00 3.005008e+00 2.997962e+00 2.990289e+00 2.981989e+00 2.973058e+00 2.963494e+00 2.953294e+00 2.942455e+00 2.930973e+00 2.918847e+00 2.906071e+00 2.892643e+00 2.878557e+00 2.863812e+00 2.848401e+00 2.832321e+00 2.815566e+00 2.798133e+00 2.780016e+00 2.761209e+00 2.741707e+00 2.722281e+00 2.703164e+00 2.683573e+00 2.663500e+00 2.642941e+00 2.621887e+00 2.600331e+00
2.221003e+00 2.246388e+00 2.272082e+00 2.298115e+00 2.324521e+00 2.351333e+00 2.378584e+00 2.407520e+00 2.436885e+00 2.465492e+00 2.493363e+00 2.520521e+00 2.546988e+00 2.572784e+00 2.597932e+00 2.622450e+00 2.646359e+00 2.669677e+00 2.692425e+00 2.714619e+00 2.736278e+00 2.757419e+00 2.778059e+00 2.798215e+00 2.817904e+00 2.837140e+00 2.855939e+00 2.874316e+00 2.892287e+00 2.909866e+00 2.927066e+00 2.943902e+00 2.960387e+00 2.976535e+00 2.992358e+00 3.007869e+00 3.023081e+00 3.038005e+00 3.052655e+00 3.067041e+00 3.081175e+00 3.095069e+00 3.108733e+00 3.122180e+00 3.135419e+00 3.148461e+00 3.161317e+00 3.173996e+00 3.186510e+00 3.198869e+00 3.211081e+00 3.223158e+00 3.235108e+00 3.246942e+00 3.258669e+00 3.270298e+00 3.281838e+00 3.293300e+00 3.304692e+00 3.316023e+00 3.327302e+00 3.338540e+00 3.349743e+00 3.360923e+00 3.372086e+00 3.383244e+00 3.394404e+00 3.405575e+00 3.416767e+00 3.427988e+00 3.439248e+00 3.450556e+00 3.461920e+00 3.476461e+00 3.492231e+00 3.506128e+00 3.518160e+00 3.528336e+00 3.536664e+00 3.543147e+00
1.509582e+00 1.508632e+00 1.507069e+00 1.504889e+00 1.502090e+00 1.498669e+00 1.494621e+00 1.489396e+00 1.483994e+00 1.478947e+00 1.474244e+00 1.469875e+00 1.465828e+00 1.462095e+00 1.458666e+00 1.455535e+00 1.452693e+00 1.450135e+00 1.447853e+00 1.445844e+00 1.444101e+00 1.442622e+00 1.441403e+00 1.440441e+00 1.439733e+00 1.439278e+00 1.439076e+00 1.439125e+00 1.439426e+00 1.439979e+00 1.440785e+00 1.441847e+00 1.443168e+00 1.444749e+00 1.446595e+00 1.448710e+00 1.451098e+00 1.453767e+00 1.456720e+00 1.459967e+00 1.463513e+00 1.467367e+00 1.471539e+00 1.476037e+00 1.480872e+00 1.486056e+00 1.491600e+00 1.497518e+00 1.503822e+00 1.510528e+00 1.517651e+00 1.525208e+00 1.533216e+00 1.541694e+00 1.550661e+00 1.560138e+00 1.570147e+00 1.580711e+00 1.591855e+00 1.603605e+00 1.615987e+00 1.629031e+00 1.642766e+00 1.657225e+00 1.672441e+00 1.688450e+00 1.705288e+00 1.722994e+00 1.741609e+00 1.761177e+00 1.781743e+00 1.803355e+00 1.826062e+00 1.857160e+00 1.893311e+00 1.927324e+00 1.959250e+00 1.989138e+00 2.017030e+00 2.042969e+00
1.364385e+00 1.358061e+00 1.350934e+00 1.342996e+00 1.334237e+00 1.324646e+00 1.314210e+00 1.297881e+00 1.277926e+00 1.259287e+00 1.241875e+00 1.225608e+00 1.210409e+00 1.196207e+00 1.182933e+00 1.170526e+00 1.158926e+00 1.148079e+00 1.137934e+00 1.128442e+00 1.119558e+00 1.111241e+00 1.103450e+00 1.096150e+00 1.089306e+00 1.082885e+00 1.076857e+00 1.071194e+00 1.065868e+00 1.060855e+00 1.056130e+00 1.051672e+00 1.047459e+00 1.043471e+00 1.039690e+00 1.036098e+00 1.032677e+00 1.029411e+00 1.026286e+00 1.023286e+00 1.020397e+00 1.017605e+00 1.014897e+00 1.012261e+00 1.009684e+00 1.007153e+00 1.004657e+00 1.002183e+00 9.997215e-01 9.972590e-01 9.947844e-01 9.922861e-01 9.897521e-01 9.871705e-01 9.845290e-01 9.818152e-01 9.790163e-01 9.761190e-01 9.731095e-01 9.699737e-01 9.666967e-01 9.632631e-01 9.596565e-01 9.558599e-01 9.518554e-01 9.476240e-01 9.431457e-01 9.383992e-01 9.333623e-01 9.280109e-01 9.223199e-01 9.162623e-01 9.098093e-01 9.050389e-01 9.022940e-01 8.994610e-01 8.965345e-01 8.935089e-01 8.903782e-01 8.871365e-01
2.826741e+00 2.874549e+00 2.923450e+00 2.973506e+00 3.024778e+00 3.077332e+00 3.131232e+00 3.174865e+00 3.205966e+00 3.236218e+00 3.265628e+00 3.294201e+00 3.321943e+00 3.348859e+00 3.374954e+00 3.400232e+00 3.424698e+00 3.448358e+00 3.471215e+00 3.493273e+00 3.514537e+00 3.535010e+00 3.554697e+00 3.573601e+00 3.591726e+00 3.609075e+00 3.625650e+00 3.641456e+00 3.656496e+00 3.670771e+00 3.684285e+00 3.697040e+00 3.709039e+00 3.720283e+00 3.730776e+00 3.740518e+00 3.749512e+00 3.757759e+00 3.765261e+00 3.772019e+00 3.778035e+00 3.783310e+00 3.787844e+00 3.791638e+00 3.794694e+00 3.797011e+00 3.798591e+00 3.799433e+00 3.799537e+00 3.798904e+00 3.797534e+00 3.795426e+00 3.792580e+00 3.788995e+00 3.784671e+00 3.779606e+00 3.773801e+00 3.767253e+00 3.759962e+00 3.751927e+00 3.743145e+00 3.733615e+00 3.723335e+00 3.712304e+00 3.700520e+00 3.687979e+00 3.674681e+00 3.660622e+00 3.645799e+00 3.630211e+00 3.613854e+00 3.596725e+00 3.578820e+00 3.553512e+00 3.521483e+00 3.489339e+00 3.457058e+00 3.424619e+00 3.392000e+00 3.359178e+00
1.640451e+00 1.644346e+00 1.647796e+00 1.650806e+00 1.653380e+00 1.655520e+00 1.657230e+00 1.658192e+00 1.658909e+00 1.659700e+00 1.660564e+00 1.661503e+00 1.662518e+00 1.663609e+00 1.664777e+00 1.666023e+00 1.667348e+00 1.668754e+00 1.670241e+00 1.671810e+00 1.673463e+00 1.675201e+00 1.677026e+00 1.678939e+00 1.680941e+00 1.683034e+00 1.685220e+00 1.687501e+00 1.689878e+00 1.692353e+00 1.694928e+00 1.697606e+00 1.700388e+00 1.703277e+00 1.706275e+00 1.709384e+00 1.712607e+00 1.715946e+00 1.719405e+00 1.722986e+00 1.726691e+00 1.730524e+00 1.734488e+00 1.738586e+00 1.742822e+00 1.747198e+00 1.751718e+00 1.756386e+00 1.761206e+00 1.766181e+00 1.771316e+00 1.776614e+00 1.782080e+00 1.787718e+00 1.793532e+00 1.799528e+00 1.805711e+00 1.812084e+00 1.818654e+00 1.825425e+00 1.832403e+00 1.839593e+00 1.847002e+00 1.854635e+00 1.862499e+00 1.870599e+00 1.878942e+00 1.887535e+00 1.896385e+00 1.905499e+00 1.914883e+00 1.924547e+00 1.934496e+00 1.951399e+00 1.973403e+00 1.993864e+00 2.012798e+00 2.030217e+00 2.046133e+00 2.060557e+00
1.707802e+00 1.714190e+00 1.720221e+00 1.725902e+00 1.731241e+00 1.736243e+00 1.740916e+00 1.745625e+00 1.750268e+00 1.754492e+00 1.758303e+00 1.761705e+00 1.764705e+00 1.767306e+00 1.769512e+00 1.771326e+00 1.772751e+00 1.773789e+00 1.774440e+00 1.774707e+00 1.774590e+00 1.774088e+00 1.773200e+00 1.771926e+00 1.770264e+00 1.768211e+00 1.765764e+00 1.762920e+00 1.759674e+00 1.756023e+00 1.751961e+00 1.747482e+00 1.742579e+00 1.737246e+00 1.731476e+00 1.725259e+00 1.718587e+00 1.711451e+00 1.703841e+00 1.695745e+00 1.687152e+00 1.678049e+00 1.668425e+00 1.658264e+00 1.647553e+00 1.636277e+00 1.624418e+00 1.611961e+00 1.598888e+00 1.585179e+00 1.570816e+00 1.555778e+00 1.540044e+00 1.523590e+00 1.506394e+00 1.488432e+00 1.469676e+00 1.450102e+00 1.429681e+00 1.408383e+00 1.386179e+00 1.363036e+00 1.338922e+00 1.313803e+00 1.287643e+00 1.260403e+00 1.232047e+00 1.202532e+00 1.171817e+00 1.139859e+00 1.106612e+00 1.072027e+00 1.036057e+00 1.009234e+00 9.934998e-01 9.782435e-01 9.634381e-01 9.490575e-01 9.350766e-01 9.214708e-01
1.222442e+00 1.210863e+00 1.198298e+00 1.184731e+00 1.170145e+00 1.154521e+00 1.137841e+00 1.114371e+00 1.087319e+00 1.062247e+00 1.039014e+00 1.017490e+00 9.975551e-01 9.790967e-01 9.620119e-01 9.462050e-01 9.315875e-01 9.180776e-01 9.055997e-01 8.940838e-01 8.834655e-01 8.736854e-01 8.646886e-01 8.564249e-01 8.488479e-01 8.419152e-01 8.355880e-01 8.298309e-01 8.246117e-01 8.199011e-01 8.156727e-01 8.119029e-01 8.085706e-01 8.056570e-01 8.031460e-01 8.010234e-01 7.992774e-01 7.978981e-01 7.968779e-01 7.962111e-01 7.958938e-01 7.959244e-01 7.963030e-01 7.970317e-01 7.981146e-01 7.995578e-01 8.013693e-01 8.035593e-01 8.061401e-01 8.091260e-01 8.125339e-01 8.163828e-01 8.206942e-01 8.254924e-01 8.308040e-01 8.366590e-01 8.430900e-01 8.501332e-01 8.578278e-01 8.662171e-01 8.753479e-01 8.852714e-01 8.960432e-01 9.077235e-01 9.203778e-01 9.340769e-01 9.488975e-01 9.649227e-01 9.822420e-01 1.000953e+00 1.021159e+00 1.042975e+00 1.066521e+00 1.087372e+00 1.102653e+00 1.116945e+00 1.130269e+00 1.142646e+00 1.154095e+00 1.164631e+00
1.260608e+00 1.250442e+00 1.239339e+00 1.227285e+00 1.214266e+00 1.200264e+00 1.185263e+00 1.172169e+00 1.162555e+00 1.153478e+00 1.144921e+00 1.136869e+00 1.129306e+00 1.122219e+00 1.115595e+00 1.109422e+00 1.103689e+00 1.098385e+00 1.093500e+00 1.089026e+00 1.084954e+00 1.081277e+00 1.077989e+00 1.075082e+00 1.072553e+00 1.070396e+00 1.068607e+00 1.067183e+00 1.066122e+00 1.065421e+00 1.065080e+00 1.065097e+00 1.065473e+00 1.066208e+00 1.067304e+00 1.068762e+00 1.070586e+00 1.072779e+00 1.075344e+00 1.078287e+00 1.081613e+00 1.085327e+00 1.089437e+00 1.093950e+00 1.098874e+00 1.104219e+00 1.109994e+00 1.116210e+00 1.122878e+00 1.130009e+00 1.137619e+00 1.145719e+00 1.154325e+00 1.163453e+00 1.173119e+00 1.183341e+00 1.194138e+00 1.205529e+00 1.217536e+00 1.230179e+00 1.243483e+00 1.257471e+00 1.272169e+00 1.287604e+00 1.303804e+00 1.320799e+00 1.338620e+00 1.357299e+00 1.376870e+00 1.397370e+00 1.418835e+00 1.441305e+00 1.464820e+00 1.499251e+00 1.541396e+00 1.581448e+00 1.619428e+00 1.655355e+00 1.689245e+00 1.721116e+00
1.258682e+00 1.248445e+00 1.237268e+00 1.225138e+00 1.212040e+00 1.197957e+00 1.182871e+00 1.167683e+00 1.154120e+00 1.141226e+00 1.128969e+00 1.117319e+00 1.106247e+00 1.095725e+00 1.085726e+00 1.076226e+00 1.067201e+00 1.058629e+00 1.050487e+00 1.042756e+00 1.035417e+00 1.028450e+00 1.021840e+00 1.015568e+00 1.009619e+00 1.003979e+00 9.986338e-01 9.935693e-01 9.887733e-01 9.842337e-01 9.799392e-01 9.758791e-01 9.720432e-01 9.684219e-01 9.650062e-01 9.617875e-01 9.587578e-01 9.559096e-01 9.532357e-01 9.507294e-01 9.483844e-01 9.461950e-01 9.441556e-01 9.422612e-01 9.405070e-01 9.388885e-01 9.374019e-01 9.360433e-01 9.348094e-01 9.336971e-01 9.327036e-01 9.318264e-01 9.310634e-01 9.304126e-01 9.298723e-01 9.294413e-01 9.291185e-01 9.289031e-01 9.287945e-01 9.287924e-01 9.288969e-01 9.291082e-01 9.294268e-01 9.298536e-01 9.303896e-01 9.310361e-01 9.317948e-01 9.326675e-01 9.336565e-01 9.347641e-01 9.359933e-01 9.373469e-01 9.388285e-01 9.410311e-01 9.435269e-01 9.457361e-01 9.476669e-01 9.493266e-01 9.507215e-01 9.518568e-01
1.382808e+00 1.377165e+00 1.370744e+00 1.363537e+00 1.355534e+00 1.346726e+00 1.337100e+00 1.327833e+00 1.320067e+00 1.312601e+00 1.305422e+00 1.298520e+00 1.291881e+00 1.285495e+00 1.279351e+00 1.273438e+00 1.267747e+00 1.262268e+00 1.256991e+00 1.251909e+00 1.247011e+00 1.242290e+00 1.237739e+00 1.233348e+00 1.229111e+00 1.225021e+00 1.221070e+00 1.217252e+00 1.213561e+00 1.209990e+00 1.206533e+00 1.203185e+00 1.199939e+00 1.196791e+00 1.193734e+00 1.190765e+00 1.187877e+00 1.185065e+00 1.182326e+00 1.179654e+00 1.177046e+00 1.174495e+00 1.171999e+00 1.169553e+00 1.167153e+00 1.164794e+00 1.162474e+00 1.160187e+00 1.157930e+00 1.155699e+00 1.153491e+00 1.151302e+00 1.149127e+00 1.146964e+00 1.144808e+00 1.142656e+00 1.140505e+00 1.138350e+00 1.136188e+00 1.134016e+00 1.131830e+00 1.129625e+00 1.127399e+00 1.125147e+00 1.122867e+00 1.120552e+00 1.118201e+00 1.115809e+00 1.113372e+00 1.110886e+00 1.108346e+00 1.105749e+00 1.103089e+00 1.100711e+00 1.098423e+00 1.095875e+00 1.093063e+00 1.089984e+00 1.086636e+00 1.083015e+00
1.495241e+00 1.493761e+00 1.491648e+00 1.488899e+00 1.485512e+00 1.481481e+00 1.476803e+00 1.472429e+00 1.469124e+00 1.465927e+00 1.462834e+00 1.459841e+00 1.456945e+00 1.454142e+00 1.451429e+00 1.448803e+00 1.446261e+00 1.443799e+00 1.441416e+00 1.439108e+00 1.436873e+00 1.434707e+00 1.432609e+00 1.430576e+00 1.428606e+00 1.426696e+00 1.424844e+00 1.423048e+00 1.421306e+00 1.419616e+00 1.417976e+00 1.416383e+00 1.414837e+00 1.413336e+00 1.411876e+00 1.410458e+00 1.409079e+00 1.407738e+00 1.406432e+00 1.405161e+00 1.403924e+00 1.402718e+00 1.401542e+00 1.400395e+00 1.399276e+00 1.398182e+00 1.397114e+00 1.396070e+00 1.395048e+00 1.394047e+00 1.393067e+00 1.392105e+00 1.391162e+00 1.390235e+00 1.389324e+00 1.388428e+00 1.387545e+00 1.386675e+00 1.385816e+00 1.384968e+00 1.384130e+00 1.383300e+00 1.382478e+00 1.381663e+00 1.380853e+00 1.380048e+00 1.379247e+00 1.378449e+00 1.377653e+00 1.376858e+00 1.376063e+00 1.375268e+00 1.374471e+00 1.373480e+00 1.371982e+00 1.370165e+00 1.368027e+00 1.365565e+00 1.362774e+00 1.359652e+00
1.699092e+00 1.705157e+00 1.710855e+00 1.716190e+00 1.721171e+00 1.725804e+00 1.730093e+00 1.733103e+00 1.734952e+00 1.736584e+00 1.737998e+00 1.739196e+00 1.740179e+00 1.740948e+00 1.741502e+00 1.741843e+00 1.741970e+00 1.741883e+00 1.741583e+00 1.741069e+00 1.740341e+00 1.739399e+00 1.738241e+00 1.736868e+00 1.735278e+00 1.733470e+00 1.731444e+00 1.729197e+00 1.726729e+00 1.724037e+00 1.721121e+00 1.717979e+00 1.714607e+00 1.711005e+00 1.707171e+00 1.703100e+00 1.698792e+00 1.694243e+00 1.689451e+00 1.684412e+00 1.679124e+00 1.673583e+00 1.667785e+00 1.661727e+00 1.655405e+00 1.648815e+00 1.641953e+00 1.634815e+00 1.627396e+00 1.619691e+00 1.611696e+00 1.603406e+00 1.594815e+00 1.585919e+00 1.576710e+00 1.567184e+00 1.557335e+00 1.547157e+00 1.536642e+00 1.525785e+00 1.514579e+00 1.503016e+00 1.491090e+00 1.478792e+00 1.466116e+00 1.453053e+00 1.439594e+00 1.425732e+00 1.411458e+00 1.396763e+00 1.381637e+00 1.366071e+00 1.350056e+00 1.328357e+00 1.302579e+00 1.277884e+00 1.254209e+00 1.231495e+00 1.209688e+00 1.188734e+00
2.412275e+00 2.444741e+00 2.477763e+00 2.511381e+00 2.545639e+00 2.580580e+00 2.616245e+00 2.667708e+00 2.731430e+00 2.792429e+00 2.850744e+00 2.906415e+00 2.959480e+00 3.009975e+00 3.057933e+00 3.103386e+00 3.146366e+00 3.186901e+00 3.225018e+00 3.260744e+00 3.294101e+00 3.325114e+00 3.353801e+00 3.380183e+00 3.404278e+00 3.426101e+00 3.445668e+00 3.462992e+00 3.478083e+00 3.490953e+00 3.501610e+00 3.510061e+00 3.516312e+00 3.520367e+00 3.522229e+00 3.521899e+00 3.519377e+00 3.514661e+00 3.507748e+00 3.498634e+00 3.487311e+00 3.473773e+00 3.458011e+00 3.440013e+00 3.419768e+00 3.397262e+00 3.372480e+00 3.345406e+00 3.316021e+00 3.284305e+00 3.250236e+00 3.213793e+00 3.174951e+00 3.133683e+00 3.089961e+00 3.043757e+00 2.995038e+00 2.943773e+00 2.889927e+00 2.833464e+00 2.774345e+00 2.712531e+00 2.647980e+00 2.580649e+00 2.510492e+00 2.437463e+00 2.361511e+00 2.282587e+00 2.200637e+00 2.115605e+00 2.027435e+00 1.936068e+00 1.841441e+00 1.776453e+00 1.745292e+00 1.714954e+00 1.685398e+00 1.656585e+00 1.628478e+00 1.601038e+00
1.218433e+00 1.206707e+00 1.193988e+00 1.180262e+00 1.165511e+00 1.149717e+00 1.132861e+00 1.119128e+00 1.109990e+00 1.101224e+00 1.092817e+00 1.084757e+00 1.077029e+00 1.069624e+00 1.062530e+00 1.055735e+00 1.049229e+00 1.043002e+00 1.037046e+00 1.031350e+00 1.025906e+00 1.020705e+00 1.015741e+00 1.011004e+00 1.006488e+00 1.002186e+00 9.980909e-01 9.941971e-01 9.904983e-01 9.869889e-01 9.836635e-01 9.805171e-01 9.775447e-01 9.747419e-01 9.721044e-01 9.696281e-01 9.673092e-01 9.651442e-01 9.631297e-01 9.612628e-01 9.595404e-01 9.579601e-01 9.565193e-01 9.552159e-01 9.540478e-01 9.530133e-01 9.521108e-01 9.513389e-01 9.506964e-01 9.501824e-01 9.497960e-01 9.495367e-01 9.494041e-01 9.493979e-01 9.495182e-01 9.497651e-01 9.501390e-01 9.506406e-01 9.512704e-01 9.520296e-01 9.529193e-01 9.539409e-01 9.550958e-01 9.563859e-01 9.578132e-01 9.593798e-01 9.610882e-01 9.629409e-01 9.649408e-01 9.670910e-01 9.693947e-01 9.718554e-01 9.744771e-01 9.784922e-01 9.832617e-01 9.875668e-01 9.914163e-01 9.948181e-01 9.977794e-01 1.000306e+00
1.405655e+00 1.400859e+00 1.395313e+00 1.389012e+00 1.381947e+00 1.374109e+00 1.365489e+00 1.354605e+00 1.342893e+00 1.331790e+00 1.321263e+00 1.311283e+00 1.301820e+00 1.292847e+00 1.284338e+00 1.276269e+00 1.268616e+00 1.261356e+00 1.254469e+00 1.247935e+00 1.241735e+00 1.235851e+00 1.230265e+00 1.224963e+00 1.219927e+00 1.215145e+00 1.210601e+00 1.206283e+00 1.202179e+00 1.198275e+00 1.194562e+00 1.191028e+00 1.187663e+00 1.184457e+00 1.181402e+00 1.178487e+00 1.175705e+00 1.173048e+00 1.170508e+00 1.168077e+00 1.165749e+00 1.163517e+00 1.161374e+00 1.159314e+00 1.157331e+00 1.155420e+00 1.153575e+00 1.151790e+00 1.150060e+00 1.148381e+00 1.146747e+00 1.145154e+00 1.143598e+00 1.142072e+00 1.140574e+00 1.139099e+00 1.137643e+00 1.136201e+00 1.134769e+00 1.133343e+00 1.131919e+00 1.130493e+00 1.129060e+00 1.127617e+00 1.126160e+00 1.124683e+00 1.123183e+00 1.121656e+00 1.120097e+00 1.118501e+00 1.116865e+00 1.115182e+00 1.113449e+00 1.112087e+00 1.110872e+00 1.109376e+00 1.107597e+00 1.105533e+00 1.103181e+00 1.100537e+00
1.180880e+00 1.167763e+00 1.153605e+00 1.138390e+00 1.122098e+00 1.104708e+00 1.086199e+00 1.061156e+00 1.032973e+00 1.006882e+00 9.827301e-01 9.603791e-01 9.396998e-01 9.205727e-01 9.028875e-01 8.865421e-01 8.714421e-01 8.575004e-01 8.446364e-01 8.327760e-01 8.218507e-01 8.117973e-01 8.025579e-01 7.940792e-01 7.863121e-01 7.792119e-01 7.727376e-01 7.668518e-01 7.615205e-01 7.567130e-01 7.524015e-01 7.485611e-01 7.451696e-01 7.422076e-01 7.396578e-01 7.375055e-01 7.357384e-01 7.343462e-01 7.333209e-01 7.326566e-01 7.323494e-01 7.323976e-01 7.328015e-01 7.335633e-01 7.346875e-01 7.361805e-01 7.380511e-01 7.403099e-01 7.429701e-01 7.460469e-01 7.495581e-01 7.535241e-01 7.579677e-01 7.629145e-01 7.683931e-01 7.744351e-01 7.810754e-01 7.883524e-01 7.963080e-01 8.049882e-01 8.144430e-01 8.247271e-01 8.358998e-01 8.480256e-01 8.611744e-01 8.754223e-01 8.908514e-01 9.075508e-01 9.256169e-01 9.451540e-01 9.662748e-01 9.891013e-01 1.013765e+00 1.034242e+00 1.047652e+00 1.060178e+00 1.071833e+00 1.082631e+00 1.092584e+00 1.101704e+00
1.131569e+00 1.116626e+00 1.100580e+00 1.083409e+00 1.065092e+00 1.045607e+00 1.024929e+00 1.006166e+00 9.913096e-01 9.771863e-01 9.637604e-01 9.509979e-01 9.388663e-01 9.273349e-01 9.163744e-01 9.059569e-01 8.960559e-01 8.866464e-01 8.777044e-01 8.692073e-01 8.611334e-01 8.534622e-01 8.461742e-01 8.392511e-01 8.326750e-01 8.264295e-01 8.204985e-01 8.148671e-01 8.095209e-01 8.044464e-01 7.996306e-01 7.950614e-01 7.907271e-01 7.866168e-01 7.827199e-01 7.790267e-01 7.755276e-01 7.722139e-01 7.690771e-01 7.661093e-01 7.633028e-01 7.606507e-01 7.581461e-01 7.557826e-01 7.535544e-01 7.514557e-01 7.494812e-01 7.476258e-01 7.458849e-01 7.442541e-01 7.427292e-01 7.413063e-01 7.399818e-01 7.387524e-01 7.376149e-01 7.365665e-01 7.356045e-01 7.347263e-01 7.339299e-01 7.332132e-01 7.325744e-01 7.320118e-01 7.315240e-01 7.311098e-01 7.307681e-01 7.304980e-01 7.302990e-01 7.301704e-01 7.301119e-01 7.301234e-01 7.302050e-01 7.303567e-01 7.305791e-01 7.309147e-01 7.311478e-01 7.312372e-01 7.311831e-01 7.309854e-01 7.306434e-01 7.301561e-01
1.957281e+00 1.972904e+00 1.988493e+00 2.004068e+00 2.019648e+00 2.035252e+00 2.050901e+00 2.073360e+00 2.101239e+00 2.127836e+00 2.153193e+00 2.177350e+00 2.200347e+00 2.222220e+00 2.243005e+00 2.262734e+00 2.281439e+00 2.299150e+00 2.315896e+00 2.331703e+00 2.346597e+00 2.360601e+00 2.373738e+00 2.386028e+00 2.397493e+00 2.408149e+00 2.418014e+00 2.427104e+00 2.435433e+00 2.443015e+00 2.449862e+00 2.455985e+00 2.461393e+00 2.466095e+00 2.470100e+00 2.473412e+00 2.476038e+00 2.477981e+00 2.479246e+00 2.479833e+00 2.479744e+00 2.478979e+00 2.477536e+00 2.475413e+00 2.472607e+00 2.469113e+00 2.464925e+00 2.460038e+00 2.454442e+00 2.448130e+00 2.441091e+00 2.433313e+00 2.424785e+00 2.415492e+00 2.405420e+00 2.394553e+00 2.382873e+00 2.370361e+00 2.356998e+00 2.342762e+00 2.327630e+00 2.311579e+00 2.294581e+00 2.276611e+00 2.257639e+00 2.237635e+00 2.216568e+00 2.194402e+00 2.171103e+00 2.146633e+00 2.120954e+00 2.094024e+00 2.065800e+00 2.046151e+00 2.036001e+00 2.025431e+00 2.014434e+00 2.003004e+00 1.991136e+00 1.978823e+00
1.208911e+00 1.196831e+00 1.183748e+00 1.169644e+00 1.154503e+00 1.138304e+00 1.121028e+00 1.104816e+00 1.091508e+00 1.078911e+00 1.066995e+00 1.055731e+00 1.045093e+00 1.035055e+00 1.025592e+00 1.016681e+00 1.008303e+00 1.000435e+00 9.930600e-01 9.861595e-01 9.797171e-01 9.737172e-01 9.681455e-01 9.629886e-01 9.582341e-01 9.538705e-01 9.498874e-01 9.462751e-01 9.430251e-01 9.401295e-01 9.375813e-01 9.353745e-01 9.335037e-01 9.319644e-01 9.307529e-01 9.298663e-01 9.293025e-01 9.290602e-01 9.291387e-01 9.295382e-01 9.302597e-01 9.313049e-01 9.326764e-01 9.343774e-01 9.364121e-01 9.387852e-01 9.415026e-01 9.445707e-01 9.479969e-01 9.517895e-01 9.559576e-01 9.605111e-01 9.654611e-01 9.708193e-01 9.765988e-01 9.828134e-01 9.894779e-01 9.966085e-01 1.004222e+00 1.012338e+00 1.020974e+00 1.030152e+00 1.039893e+00 1.050222e+00 1.061163e+00 1.072743e+00 1.084988e+00 1.097929e+00 1.111596e+00 1.126023e+00 1.141245e+00 1.157297e+00 1.174218e+00 1.190249e+00 1.203531e+00 1.215873e+00 1.227279e+00 1.237756e+00 1.247309e+00 1.255942e+00
1.136780e+00 1.122031e+00 1.106184e+00 1.089220e+00 1.071117e+00 1.051853e+00 1.031404e+00 1.014231e+00 1.002126e+00 9.905763e-01 9.795594e-01 9.690528e-01 9.590354e-01 9.494871e-01 9.403886e-01 9.317215e-01 9.234683e-01 9.156125e-01 9.081382e-01 9.010303e-01 8.942746e-01 8.878573e-01 8.817655e-01 8.759870e-01 8.705102e-01 8.653239e-01 8.604177e-01 8.557818e-01 8.514068e-01 8.472838e-01 8.434046e-01 8.397613e-01 8.363467e-01 8.331537e-01 8.301760e-01 8.274076e-01 8.248428e-01 8.224766e-01 8.203042e-01 8.183211e-01 8.165234e-01 8.149074e-01 8.134700e-01 8.122081e-01 8.111193e-01 8.102013e-01 8.094524e-01 8.088709e-01 8.084558e-01 8.082061e-01 8.081215e-01 8.082016e-01 8.084467e-01 8.088573e-01 8.094342e-01 8.101786e-01 8.110919e-01 8.121760e-01 8.134331e-01 8.148658e-01 8.164768e-01 8.182695e-01 8.202474e-01 8.224147e-01 8.247755e-01 8.273347e-01 8.300975e-01 8.330694e-01 8.362564e-01 8.396649e-01 8.433019e-01 8.471745e-01 8.512907e-01 8.553969e-01 8.588179e-01 8.618191e-01 8.644035e-01 8.665736e-01 8.683318e-01 8.696797e-01
1.296230e+00 1.287383e+00 1.277645e+00 1.267005e+00 1.255448e+00 1.242960e+00 1.229526e+00 1.217864e+00 1.209258e+00 1.200958e+00 1.192952e+00 1.185227e+00 1.177771e+00 1.170574e+00 1.163623e+00 1.156908e+00 1.150420e+00 1.144147e+00 1.138081e+00 1.132212e+00 1.126531e+00 1.121029e+00 1.115698e+00 1.110530e+00 1.105516e+00 1.100650e+00 1.095923e+00 1.091328e+00 1.086859e+00 1.082508e+00 1.078269e+00 1.074135e+00 1.070100e+00 1.066158e+00 1.062302e+00 1.058527e+00 1.054827e+00 1.051196e+00 1.047629e+00 1.044120e+00 1.040664e+00 1.037256e+00 1.033889e+00 1.030560e+00 1.027263e+00 1.023993e+00 1.020744e+00 1.017513e+00 1.014293e+00 1.011081e+00 1.007871e+00 1.004658e+00 1.001437e+00 9.982030e-01 9.949518e-01 9.916778e-01 9.883762e-01 9.850418e-01 9.816695e-01 9.782542e-01 9.747906e-01 9.712734e-01 9.676972e-01 9.640565e-01 9.603457e-01 9.565591e-01 9.526910e-01 9.487353e-01 9.446860e-01 9.405369e-01 9.362816e-01 9.319135e-01 9.274261e-01 9.229710e-01 9.186180e-01 9.142017e-01 9.097156e-01 9.051529e-01 9.005068e-01 8.957703e-01
1.212557e+00 1.200612e+00 1.187669e+00 1.173709e+00 1.158717e+00 1.142674e+00 1.125559e+00 1.105393e+00 1.084620e+00 1.065115e+00 1.046799e+00 1.029601e+00 1.013451e+00 9.982867e-01 9.840469e-01 9.706753e-01 9.581188e-01 9.463275e-01 9.352548e-01 9.248566e-01 9.150916e-01 9.059212e-01 8.973088e-01 8.892204e-01 8.816238e-01 8.744889e-01 8.677874e-01 8.614925e-01 8.555795e-01 8.500248e-01 8.448063e-01 8.399034e-01 8.352965e-01 8.309675e-01 8.268991e-01 8.230751e-01 8.194805e-01 8.161009e-01 8.129229e-01 8.099339e-01 8.071220e-01 8.044761e-01 8.019857e-01 7.996409e-01 7.974323e-01 7.953513e-01 7.933896e-01 7.915393e-01 7.897932e-01 7.881442e-01 7.865859e-01 7.851121e-01 7.837169e-01 7.823948e-01 7.811406e-01 7.799492e-01 7.788159e-01 7.777362e-01 7.767059e-01 7.757209e-01 7.747772e-01 7.738711e-01 7.729991e-01 7.721575e-01 7.713432e-01 7.705529e-01 7.697833e-01 7.690316e-01 7.682947e-01 7.675696e-01 7.668536e-01 7.661437e-01 7.654371e-01 7.648296e-01 7.642096e-01 7.634772e-01 7.626303e-01 7.616667e-01 7.605836e-01 7.593781e-01
1.370634e+00 1.364541e+00 1.357654e+00 1.349964e+00 1.341461e+00 1.332135e+00 1.321975e+00 1.313556e+00 1.307950e+00 1.302559e+00 1.297377e+00 1.292398e+00 1.287617e+00 1.283028e+00 1.278624e+00 1.274402e+00 1.270356e+00 1.266482e+00 1.262774e+00 1.259229e+00 1.255842e+00 1.252609e+00 1.249527e+00 1.246591e+00 1.243799e+00 1.241147e+00 1.238632e+00 1.236252e+00 1.234002e+00 1.231881e+00 1.229886e+00 1.228015e+00 1.226265e+00 1.224635e+00 1.223122e+00 1.221725e+00 1.220443e+00 1.219273e+00 1.218214e+00 1.217265e+00 1.216425e+00 1.215693e+00 1.215068e+00 1.214550e+00 1.214137e+00 1.213829e+00 1.213626e+00 1.213528e+00 1.213534e+00 1.213645e+00 1.213860e+00 1.214180e+00 1.214606e+00 1.215137e+00 1.215774e+00 1.216519e+00 1.217372e+00 1.218334e+00 1.219406e+00 1.220589e+00 1.221885e+00 1.223296e+00 1.224822e+00 1.226466e+00 1.228230e+00 1.230116e+00 1.232126e+00 1.234262e+00 1.236527e+00 1.238924e+00 1.241455e+00 1.244123e+00 1.246932e+00 1.252476e+00 1.259940e+00 1.266752e+00 1.272927e+00 1.278479e+00 1.283423e+00 1.287769e+00
1.144855e+00 1.130405e+00 1.114867e+00 1.098223e+00 1.080452e+00 1.061531e+00 1.041438e+00 1.024392e+00 1.012220e+00 1.000647e+00 9.896520e-01 9.792104e-01 9.693010e-01 9.599031e-01 9.509973e-01 9.425650e-01 9.345887e-01 9.270518e-01 9.199386e-01 9.132344e-01 9.069253e-01 9.009981e-01 8.954405e-01 8.902410e-01 8.853887e-01 8.808736e-01 8.766863e-01 8.728181e-01 8.692609e-01 8.660074e-01 8.630508e-01 8.603849e-01 8.580042e-01 8.559038e-01 8.540794e-01 8.525270e-01 8.512435e-01 8.502262e-01 8.494730e-01 8.489824e-01 8.487532e-01 8.487852e-01 8.490782e-01 8.496329e-01 8.504505e-01 8.515327e-01 8.528817e-01 8.545003e-01 8.563918e-01 8.585603e-01 8.610103e-01 8.637467e-01 8.667753e-01 8.701024e-01 8.737350e-01 8.776805e-01 8.819471e-01 8.865438e-01 8.914800e-01 8.967661e-01 9.024129e-01 9.084324e-01 9.148369e-01 9.216398e-01 9.288551e-01 9.364980e-01 9.445843e-01 9.531307e-01 9.621551e-01 9.716763e-01 9.817139e-01 9.922888e-01 1.003423e+00 1.017452e+00 1.032816e+00 1.047221e+00 1.060682e+00 1.073214e+00 1.084831e+00 1.095546e+00
1.201909e+00 1.189571e+00 1.176219e+00 1.161838e+00 1.146409e+00 1.129913e+00 1.112329e+00 1.097680e+00 1.087528e+00 1.077812e+00 1.068517e+00 1.059625e+00 1.051122e+00 1.042993e+00 1.035225e+00 1.027803e+00 1.020716e+00 1.013952e+00 1.007498e+00 1.001344e+00 9.954798e-01 9.898947e-01 9.845793e-01 9.795247e-01 9.747222e-01 9.701637e-01 9.658413e-01 9.617477e-01 9.578759e-01 9.542194e-01 9.507718e-01 9.475273e-01 9.444803e-01 9.416257e-01 9.389586e-01 9.364745e-01 9.341691e-01 9.320384e-01 9.300789e-01 9.282872e-01 9.266602e-01 9.251952e-01 9.238897e-01 9.227415e-01 9.217485e-01 9.209091e-01 9.202219e-01 9.196857e-01 9.192995e-01 9.190628e-01 9.189751e-01 9.190362e-01 9.192464e-01 9.196058e-01 9.201152e-01 9.207754e-01 9.215876e-01 9.225530e-01 9.236735e-01 9.249508e-01 9.263872e-01 9.279850e-01 9.297472e-01 9.316765e-01 9.337764e-01 9.360504e-01 9.385023e-01 9.411365e-01 9.439573e-01 9.469695e-01 9.501784e-01 9.535894e-01 9.572082e-01 9.657235e-01 9.779656e-01 9.893018e-01 9.997783e-01 1.009438e+00 1.018319e+00 1.026459e+00
1.087594e+00 1.071023e+00 1.053292e+00 1.034377e+00 1.014255e+00 9.929011e-01 9.702882e-01 9.521128e-01 9.402195e-01 9.288601e-01 9.180127e-01 9.076559e-01 8.977695e-01 8.883343e-01 8.793318e-01 8.707444e-01 8.625553e-01 8.547486e-01 8.473090e-01 8.402220e-01 8.334737e-01 8.270510e-01 8.209412e-01 8.151326e-01 8.096136e-01 8.043736e-01 7.994023e-01 7.946900e-01 7.902276e-01 7.860062e-01 7.820176e-01 7.782541e-01 7.747083e-01 7.713732e-01 7.682424e-01 7.653098e-01 7.625695e-01 7.600164e-01 7.576453e-01 7.554516e-01 7.534311e-01 7.515799e-01 7.498942e-01 7.483708e-01 7.470068e-01 7.457994e-01 7.447463e-01 7.438455e-01 7.430951e-01 7.424938e-01 7.420404e-01 7.417339e-01 7.415738e-01 7.415597e-01 7.416917e-01 7.419699e-01 7.423950e-01 7.429677e-01 7.436892e-01 7.445609e-01 7.455845e-01 7.467619e-01 7.480956e-01 7.495880e-01 7.512422e-01 7.530613e-01 7.550488e-01 7.572088e-01 7.595453e-01 7.620630e-01 7.647668e-01 7.676619e-01 7.707541e-01 7.745315e-01 7.784004e-01 7.818853e-01 7.849918e-01 7.877252e-01 7.900901e-01 7.920903e-01
1.282198e+00 1.272832e+00 1.262556e+00 1.251359e+00 1.239226e+00 1.226142e+00 1.212090e+00 1.195067e+00 1.177146e+00 1.160250e+00 1.144320e+00 1.129299e+00 1.115134e+00 1.101773e+00 1.089170e+00 1.077280e+00 1.066061e+00 1.055472e+00 1.045476e+00 1.036038e+00 1.027123e+00 1.018700e+00 1.010740e+00 1.003213e+00 9.960938e-01 9.893561e-01 9.829761e-01 9.769313e-01 9.712001e-01 9.657621e-01 9.605980e-01 9.556895e-01 9.510190e-01 9.465700e-01 9.423266e-01 9.382737e-01 9.343970e-01 9.306827e-01 9.271174e-01 9.236887e-01 9.203841e-01 9.171921e-01 9.141013e-01 9.111006e-01 9.081794e-01 9.053273e-01 9.025342e-01 8.997901e-01 8.970852e-01 8.944100e-01 8.917550e-01 8.891106e-01 8.864676e-01 8.838164e-01 8.811476e-01 8.784519e-01 8.757195e-01 8.729407e-01 8.701058e-01 8.672046e-01 8.642267e-01 8.611616e-01 8.579984e-01 8.547258e-01 8.513323e-01 8.478057e-01 8.441334e-01 8.403025e-01 8.362993e-01 8.321096e-01 8.277184e-01 8.231102e-01 8.182685e-01 8.146023e-01 8.122497e-01 8.097806e-01 8.071914e-01 8.044778e-01 8.016356e-01 7.986604e-01
1.502647e+00 1.501440e+00 1.499611e+00 1.497156e+00 1.494073e+00 1.490357e+00 1.486004e+00 1.481233e+00 1.477003e+00 1.473083e+00 1.469465e+00 1.466144e+00 1.463113e+00 1.460367e+00 1.457902e+00 1.455713e+00 1.453796e+00 1.452148e+00 1.450767e+00 1.449648e+00 1.448792e+00 1.448195e+00 1.447858e+00 1.447779e+00 1.447959e+00 1.448397e+00 1.449095e+00 1.450053e+00 1.451274e+00 1.452760e+00 1.454512e+00 1.456535e+00 1.458831e+00 1.461405e+00 1.464261e+00 1.467405e+00 1.470841e+00 1.474576e+00 1.478616e+00 1.482969e+00 1.487641e+00 1.492642e+00 1.497980e+00 1.503664e+00 1.509704e+00 1.516110e+00 1.522895e+00 1.530070e+00 1.537647e+00 1.545640e+00 1.554062e+00 1.562929e+00 1.572256e+00 1.582059e+00 1.592355e+00 1.603163e+00 1.614501e+00 1.626389e+00 1.638849e+00 1.651901e+00 1.665569e+00 1.679876e+00 1.694848e+00 1.710511e+00 1.726891e+00 1.744019e+00 1.761924e+00 1.780637e+00 1.800191e+00 1.820620e+00 1.841960e+00 1.864248e+00 1.887523e+00 1.908381e+00 1.924427e+00 1.939110e+00 1.952431e+00 1.964393e+00 1.974997e+00 1.984244e+00
1.501889e+00 1.500655e+00 1.498796e+00 1.496311e+00 1.493197e+00 1.489449e+00 1.485062e+00 1.478455e+00 1.470648e+00 1.463194e+00 1.456071e+00 1.449258e+00 1.442734e+00 1.436480e+00 1.430477e+00 1.424706e+00 1.419151e+00 1.413795e+00 1.408621e+00 1.403615e+00 1.398760e+00 1.394043e+00 1.389450e+00 1.384965e+00 1.380577e+00 1.376271e+00 1.372036e+00 1.367857e+00 1.363723e+00 1.359621e+00 1.355538e+00 1.351464e+00 1.347384e+00 1.343288e+00 1.339162e+00 1.334994e+00 1.330772e+00 1.326484e+00 1.322115e+00 1.317653e+00 1.313085e+00 1.308397e+00 1.303574e+00 1.298603e+00 1.293468e+00 1.288154e+00 1.282645e+00 1.276925e+00 1.270975e+00 1.264779e+00 1.258317e+00 1.251570e+00 1.244519e+00 1.237141e+00 1.229414e+00 1.221316e+00 1.212822e+00 1.203906e+00 1.194542e+00 1.184702e+00 1.174355e+00 1.163471e+00 1.152017e+00 1.139959e+00 1.127260e+00 1.113882e+00 1.099785e+00 1.084927e+00 1.069262e+00 1.052744e+00 1.035324e+00 1.016948e+00 9.975620e-01 9.840384e-01 9.774503e-01 9.708574e-01 9.642509e-01 9.576219e-01 9.509617e-01 9.442613e-01
1.415350e+00 1.410912e+00 1.405738e+00 1.399821e+00 1.393154e+00 1.385728e+00 1.377535e+00 1.370488e+00 1.365507e+00 1.360663e+00 1.355950e+00 1.351362e+00 1.346895e+00 1.342542e+00 1.338300e+00 1.334163e+00 1.330127e+00 1.326187e+00 1.322338e+00 1.318577e+00 1.314898e+00 1.311297e+00 1.307771e+00 1.304316e+00 1.300926e+00 1.297600e+00 1.294332e+00 1.291119e+00 1.287957e+00 1.284843e+00 1.281773e+00 1.278743e+00 1.275751e+00 1.272792e+00 1.269864e+00 1.266962e+00 1.264085e+00 1.261227e+00 1.258387e+00 1.255560e+00 1.252744e+00 1.249935e+00 1.247131e+00 1.244327e+00 1.241521e+00 1.238709e+00 1.235889e+00 1.233057e+00 1.230209e+00 1.227343e+00 1.224456e+00 1.221543e+00 1.218602e+00 1.215629e+00 1.212621e+00 1.209574e+00 1.206485e+00 1.203350e+00 1.200167e+00 1.196930e+00 1.193637e+00 1.190283e+00 1.186865e+00 1.183379e+00 1.179821e+00 1.176187e+00 1.172472e+00 1.168673e+00 1.164785e+00 1.160803e+00 1.156724e+00 1.152542e+00 1.148252e+00 1.143911e+00 1.139446e+00 1.134793e+00 1.129947e+00 1.124902e+00 1.119653e+00 1.114196e+00
1.577807e+00 1.579383e+00 1.580433e+00 1.580959e+00 1.580961e+00 1.580439e+00 1.579393e+00 1.577736e+00 1.575982e+00 1.574213e+00 1.572426e+00 1.570618e+00 1.568786e+00 1.566927e+00 1.565037e+00 1.563113e+00 1.561152e+00 1.559150e+00 1.557104e+00 1.555010e+00 1.552865e+00 1.550664e+00 1.548405e+00 1.546082e+00 1.543692e+00 1.541231e+00 1.538695e+00 1.536078e+00 1.533377e+00 1.530587e+00 1.527702e+00 1.524718e+00 1.521630e+00 1.518432e+00 1.515118e+00 1.511684e+00 1.508122e+00 1.504426e+00 1.500591e+00 1.496609e+00 1.492473e+00 1.488177e+00 1.483712e+00 1.479071e+00 1.474246e+00 1.469228e+00 1.464009e+00 1.458579e+00 1.452929e+00 1.447049e+00 1.440928e+00 1.434557e+00 1.427924e+00 1.421016e+00 1.413823e+00 1.406332e+00 1.398529e+00 1.390401e+00 1.381934e+00 1.373113e+00 1.363922e+00 1.354345e+00 1.344366e+00 1.333967e+00 1.323130e+00 1.311836e+00 1.300065e+00 1.287797e+00 1.275011e+00 1.261683e+00 1.247790e+00 1.233309e+00 1.218214e+00 1.202665e+00 1.187926e+00 1.173767e+00 1.160150e+00 1.147037e+00 1.134393e+00 1.122181e+00
1.519221e+00 1.518628e+00 1.517434e+00 1.515636e+00 1.513233e+00 1.510222e+00 1.506598e+00 1.503256e+00 1.500855e+00 1.498495e+00 1.496173e+00 1.493888e+00 1.491637e+00 1.489418e+00 1.487228e+00 1.485066e+00 1.482930e+00 1.480816e+00 1.478723e+00 1.476650e+00 1.474594e+00 1.472552e+00 1.470524e+00 1.468506e+00 1.466498e+00 1.464496e+00 1.462500e+00 1.460507e+00 1.458514e+00 1.456521e+00 1.454525e+00 1.452524e+00 1.450516e+00 1.448500e+00 1.446473e+00 1.444433e+00 1.442378e+00 1.440306e+00 1.438216e+00 1.436104e+00 1.433970e+00 1.431810e+00 1.429623e+00 1.427407e+00 1.425159e+00 1.422878e+00 1.420560e+00 1.418204e+00 1.415807e+00 1.413367e+00 1.410882e+00 1.408349e+00 1.405765e+00 1.403128e+00 1.400436e+00 1.397686e+00 1.394874e+00 1.391999e+00 1.389057e+00 1.386046e+00 1.382963e+00 1.379804e+00 1.376566e+00 1.373246e+00 1.369842e+00 1.366349e+00 1.362764e+00 1.359084e+00 1.355304e+00 1.351422e+00 1.347433e+00 1.343334e+00 1.339120e+00 1.334292e+00 1.328795e+00 1.323116e+00 1.317250e+00 1.311190e+00 1.304927e+00 1.298455e+00
1.804268e+00 1.814227e+00 1.823954e+00 1.833461e+00 1.842759e+00 1.851861e+00 1.860778e+00 1.871018e+00 1.882166e+00 1.892741e+00 1.902759e+00 1.912235e+00 1.921183e+00 1.929616e+00 1.937546e+00 1.944985e+00 1.951945e+00 1.958435e+00 1.964465e+00 1.970044e+00 1.975180e+00 1.979882e+00 1.984155e+00 1.988006e+00 1.991441e+00 1.994465e+00 1.997082e+00 1.999297e+00 2.001112e+00 2.002531e+00 2.003554e+00 2.004185e+00 2.004423e+00 2.004269e+00 2.003723e+00 2.002785e+00 2.001452e+00 1.999722e+00 1.997594e+00 1.995064e+00 1.992128e+00 1.988782e+00 1.985021e+00 1.980839e+00 1.976231e+00 1.971189e+00 1.965706e+00 1.959774e+00 1.953384e+00 1.946526e+00 1.939191e+00 1.931368e+00 1.923045e+00 1.914209e+00 1.904848e+00 1.894948e+00 1.884495e+00 1.873472e+00 1.861863e+00 1.849652e+00 1.836820e+00 1.823348e+00 1.809216e+00 1.794404e+00 1.778889e+00 1.762649e+00 1.745660e+00 1.727896e+00 1.709331e+00 1.689938e+00 1.669687e+00 1.648550e+00 1.626495e+00 1.601417e+00 1.575611e+00 1.551064e+00 1.527694e+00 1.505425e+00 1.484182e+00 1.463895e+00
2.934291e+00 2.986080e+00 3.039102e+00 3.093423e+00 3.149110e+00 3.206234e+00 3.264866e+00 3.327297e+00 3.390055e+00 3.450935e+00 3.509951e+00 3.567118e+00 3.622449e+00 3.675958e+00 3.727656e+00 3.777558e+00 3.825673e+00 3.872014e+00 3.916592e+00 3.959418e+00 4.000501e+00 4.039851e+00 4.077478e+00 4.113391e+00 4.147598e+00 4.180107e+00 4.210926e+00 4.240063e+00 4.267524e+00 4.293315e+00 4.317444e+00 4.339916e+00 4.360735e+00 4.379908e+00 4.397438e+00 4.413330e+00 4.427587e+00 4.440214e+00 4.451212e+00 4.460585e+00 4.468335e+00 4.474463e+00 4.478971e+00 4.481861e+00 4.483132e+00 4.482786e+00 4.480821e+00 4.477239e+00 4.472036e+00 4.465214e+00 4.456769e+00 4.446700e+00 4.435005e+00 4.421680e+00 4.406723e+00 4.390130e+00 4.371897e+00 4.352019e+00 4.330493e+00 4.307312e+00 4.282471e+00 4.255965e+00 4.227788e+00 4.197931e+00 4.166389e+00 4.133153e+00 4.098217e+00 4.061571e+00 4.023207e+00 3.983116e+00 3.941288e+00 3.897713e+00 3.852381e+00 3.799431e+00 3.741987e+00 3.685828e+00 3.630885e+00 3.577089e+00 3.524373e+00 3.472673e+00
1.142459e+00 1.127920e+00 1.112291e+00 1.095552e+00 1.077682e+00 1.058660e+00 1.038461e+00 1.019471e+00 1.003799e+00 9.889870e-01 9.749951e-01 9.617839e-01 9.493167e-01 9.375587e-01 9.264772e-01 9.160411e-01 9.062216e-01 8.969911e-01 8.883240e-01 8.801961e-01 8.725848e-01 8.654689e-01 8.588284e-01 8.526450e-01 8.469013e-01 8.415814e-01 8.366705e-01 8.321548e-01 8.280218e-01 8.242599e-01 8.208587e-01 8.178087e-01 8.151014e-01 8.127293e-01 8.106857e-01 8.089649e-01 8.075621e-01 8.064735e-01 8.056960e-01 8.052274e-01 8.050665e-01 8.052127e-01 8.056665e-01 8.064292e-01 8.075029e-01 8.088905e-01 8.105959e-01 8.126240e-01 8.149802e-01 8.176713e-01 8.207047e-01 8.240889e-01 8.278332e-01 8.319482e-01 8.364453e-01 8.413370e-01 8.466370e-01 8.523600e-01 8.585220e-01 8.651401e-01 8.722329e-01 8.798200e-01 8.879227e-01 8.965634e-01 9.057663e-01 9.155570e-01 9.259629e-01 9.370129e-01 9.487377e-01 9.611702e-01 9.743449e-01 9.882986e-01 1.003070e+00 1.017399e+00 1.029587e+00 1.040945e+00 1.051483e+00 1.061207e+00 1.070125e+00 1.078244e+00
1.151762e+00 1.137567e+00 1.122294e+00 1.105924e+00 1.088437e+00 1.069809e+00 1.050020e+00 1.033848e+00 1.022979e+00 1.012589e+00 1.002659e+00 9.931715e-01 9.841086e-01 9.754546e-01 9.671940e-01 9.593119e-01 9.517942e-01 9.446275e-01 9.377989e-01 9.312961e-01 9.251076e-01 9.192222e-01 9.136294e-01 9.083191e-01 9.032819e-01 8.985087e-01 8.939909e-01 8.897206e-01 8.856899e-01 8.818917e-01 8.783193e-01 8.749661e-01 8.718261e-01 8.688939e-01 8.661640e-01 8.636316e-01 8.612922e-01 8.591416e-01 8.571759e-01 8.553916e-01 8.537855e-01 8.523547e-01 8.510967e-01 8.500092e-01 8.490902e-01 8.483381e-01 8.477516e-01 8.473296e-01 8.470714e-01 8.469765e-01 8.470447e-01 8.472761e-01 8.476712e-01 8.482306e-01 8.489554e-01 8.498469e-01 8.509067e-01 8.521366e-01 8.535389e-01 8.551160e-01 8.568709e-01 8.588066e-01 8.609266e-01 8.632348e-01 8.657352e-01 8.684324e-01 8.713311e-01 8.744366e-01 8.777544e-01 8.812905e-01 8.850511e-01 8.890432e-01 8.932737e-01 8.981655e-01 9.029879e-01 9.073318e-01 9.112025e-01 9.146049e-01 9.175433e-01 9.200213e-01
2.062480e+00 2.081997e+00 2.101617e+00 2.121364e+00 2.141262e+00 2.161337e+00 2.181614e+00 2.197659e+00 2.209009e+00 2.220126e+00 2.231018e+00 2.241689e+00 2.252146e+00 2.262394e+00 2.272439e+00 2.282286e+00 2.291940e+00 2.301406e+00 2.310690e+00 2.319797e+00 2.328730e+00 2.337496e+00 2.346099e+00 2.354543e+00 2.362833e+00 2.370973e+00 2.378968e+00 2.386821e+00 2.394538e+00 2.402123e+00 2.409578e+00 2.416909e+00 2.424119e+00 2.431212e+00 2.438193e+00 2.445063e+00 2.451828e+00 2.458491e+00 2.465055e+00 2.471525e+00 2.477903e+00 2.484192e+00 2.490397e+00 2.496520e+00 2.502565e+00 2.508536e+00 2.514434e+00 2.520264e+00 2.526028e+00 2.531730e+00 2.537372e+00 2.542958e+00 2.548491e+00 2.553973e+00 2.559408e+00 2.564798e+00 2.570147e+00 2.575456e+00 2.580730e+00 2.585970e+00 2.591180e+00 2.596363e+00 2.601520e+00 2.606656e+00 2.611772e+00 2.616872e+00 2.621958e+00 2.627032e+00 2.632098e+00 2.637159e+00 2.642216e+00 2.647274e+00 2.652333e+00 2.662512e+00 2.676361e+00 2.688781e+00 2.699787e+00 2.709388e+00 2.717596e+00 2.724420e+00
1.187178e+00 1.174294e+00 1.160378e+00 1.145413e+00 1.129379e+00 1.112257e+00 1.094025e+00 1.068554e+00 1.039358e+00 1.012369e+00 9.874230e-01 9.643699e-01 9.430700e-01 9.233946e-01 9.052247e-01 8.884505e-01 8.729705e-01 8.586912e-01 8.455263e-01 8.333961e-01 8.222274e-01 8.119525e-01 8.025094e-01 7.938410e-01 7.858949e-01 7.786231e-01 7.719815e-01 7.659301e-01 7.604322e-01 7.554546e-01 7.509673e-01 7.469430e-01 7.433576e-01 7.401891e-01 7.374187e-01 7.350294e-01 7.330068e-01 7.313388e-01 7.300152e-01 7.290280e-01 7.283712e-01 7.280410e-01 7.280352e-01 7.283539e-01 7.289989e-01 7.299743e-01 7.312858e-01 7.329414e-01 7.349512e-01 7.373272e-01 7.400838e-01 7.432377e-01 7.468080e-01 7.508162e-01 7.552866e-01 7.602463e-01 7.657251e-01 7.717562e-01 7.783760e-01 7.856247e-01 7.935460e-01 8.021878e-01 8.116024e-01 8.218466e-01 8.329824e-01 8.450771e-01 8.582039e-01 8.724421e-01 8.878777e-01 9.046042e-01 9.227226e-01 9.423424e-01 9.635823e-01 9.788256e-01 9.857038e-01 9.919669e-01 9.976195e-01 1.002666e+00 1.007109e+00 1.010953e+00
2.602929e+00 2.642452e+00 2.682778e+00 2.723958e+00 2.766042e+00 2.809085e+00 2.853138e+00 2.889329e+00 2.915803e+00 2.941493e+00 2.966407e+00 2.990551e+00 3.013931e+00 3.036553e+00 3.058422e+00 3.079544e+00 3.099924e+00 3.119567e+00 3.138478e+00 3.156662e+00 3.174124e+00 3.190867e+00 3.206896e+00 3.222215e+00 3.236828e+00 3.250738e+00 3.263949e+00 3.276464e+00 3.288286e+00 3.299419e+00 3.309864e+00 3.319625e+00 3.328704e+00 3.337104e+00 3.344826e+00 3.351872e+00 3.358244e+00 3.363944e+00 3.368973e+00 3.373333e+00 3.377024e+00 3.380047e+00 3.382403e+00 3.384093e+00 3.385118e+00 3.385476e+00 3.385169e+00 3.384197e+00 3.382558e+00 3.380254e+00 3.377282e+00 3.373643e+00 3.369336e+00 3.364359e+00 3.358711e+00 3.352391e+00 3.345397e+00 3.337727e+00 3.329380e+00 3.320354e+00 3.310646e+00 3.300254e+00 3.289174e+00 3.277406e+00 3.264945e+00 3.251788e+00 3.237932e+00 3.223374e+00 3.208110e+00 3.192136e+00 3.175448e+00 3.158043e+00 3.139915e+00 3.121364e+00 3.102416e+00 3.082763e+00 3.062401e+00 3.041325e+00 3.019529e+00 2.997008e+00
1.509010e+00 1.508040e+00 1.506454e+00 1.504252e+00 1.501430e+00 1.497984e+00 1.493911e+00 1.489523e+00 1.485476e+00 1.481446e+00 1.477428e+00 1.473416e+00 1.469404e+00 1.465385e+00 1.461355e+00 1.457306e+00 1.453234e+00 1.449132e+00 1.444994e+00 1.440814e+00 1.436586e+00 1.432304e+00 1.427962e+00 1.423552e+00 1.419070e+00 1.414507e+00 1.409857e+00 1.405114e+00 1.400271e+00 1.395320e+00 1.390255e+00 1.385067e+00 1.379749e+00 1.374294e+00 1.368693e+00 1.362938e+00 1.357020e+00 1.350932e+00 1.344664e+00 1.338206e+00 1.331550e+00 1.324686e+00 1.317603e+00 1.310291e+00 1.302740e+00 1.294938e+00 1.286874e+00 1.278536e+00 1.269912e+00 1.260988e+00 1.251753e+00 1.242193e+00 1.232292e+00 1.222038e+00 1.211415e+00 1.200407e+00 1.188998e+00 1.177171e+00 1.164910e+00 1.152195e+00 1.139009e+00 1.125332e+00 1.111144e+00 1.096424e+00 1.081150e+00 1.065301e+00 1.048852e+00 1.031780e+00 1.014060e+00 9.956652e-01 9.765692e-01 9.567438e-01 9.361599e-01 9.190319e-01 9.065356e-01 8.944036e-01 8.826134e-01 8.711433e-01 8.599724e-01 8.490800e-01
1.275391e+00 1.265772e+00 1.255236e+00 1.243769e+00 1.231356e+00 1.217983e+00 1.203632e+00 1.190183e+00 1.179166e+00 1.168661e+00 1.158646e+00 1.149102e+00 1.140010e+00 1.131349e+00 1.123104e+00 1.115257e+00 1.107793e+00 1.100695e+00 1.093951e+00 1.087545e+00 1.081466e+00 1.075700e+00 1.070237e+00 1.065064e+00 1.060172e+00 1.055550e+00 1.051189e+00 1.047081e+00 1.043217e+00 1.039589e+00 1.036189e+00 1.033011e+00 1.030049e+00 1.027296e+00 1.024747e+00 1.022396e+00 1.020240e+00 1.018272e+00 1.016490e+00 1.014890e+00 1.013469e+00 1.012223e+00 1.011151e+00 1.010249e+00 1.009517e+00 1.008952e+00 1.008554e+00 1.008322e+00 1.008254e+00 1.008352e+00 1.008615e+00 1.009045e+00 1.009640e+00 1.010404e+00 1.011337e+00 1.012442e+00 1.013720e+00 1.015175e+00 1.016808e+00 1.018624e+00 1.020626e+00 1.022819e+00 1.025206e+00 1.027793e+00 1.030584e+00 1.033586e+00 1.036804e+00 1.040246e+00 1.043918e+00 1.047827e+00 1.051981e+00 1.056390e+00 1.061061e+00 1.065275e+00 1.068264e+00 1.070760e+00 1.072764e+00 1.074278e+00 1.075303e+00 1.075841e+00
1.362349e+00 1.355949e+00 1.348745e+00 1.340726e+00 1.331883e+00 1.322205e+00 1.311680e+00 1.302024e+00 1.294558e+00 1.287540e+00 1.280957e+00 1.274799e+00 1.269054e+00 1.263715e+00 1.258770e+00 1.254213e+00 1.250035e+00 1.246229e+00 1.242789e+00 1.239709e+00 1.236983e+00 1.234608e+00 1.232580e+00 1.230893e+00 1.229547e+00 1.228539e+00 1.227866e+00 1.227528e+00 1.227524e+00 1.227855e+00 1.228520e+00 1.229521e+00 1.230860e+00 1.232539e+00 1.234560e+00 1.236927e+00 1.239645e+00 1.242717e+00 1.246149e+00 1.249947e+00 1.254117e+00 1.258666e+00 1.263602e+00 1.268933e+00 1.274668e+00 1.280817e+00 1.287390e+00 1.294399e+00 1.301855e+00 1.309771e+00 1.318160e+00 1.327036e+00 1.336415e+00 1.346312e+00 1.356744e+00 1.367728e+00 1.379284e+00 1.391431e+00 1.404188e+00 1.417579e+00 1.431624e+00 1.446349e+00 1.461778e+00 1.477937e+00 1.494854e+00 1.512556e+00 1.531075e+00 1.550441e+00 1.570686e+00 1.591846e+00 1.613956e+00 1.637053e+00 1.661176e+00 1.690302e+00 1.721588e+00 1.751107e+00 1.778869e+00 1.804882e+00 1.829153e+00 1.851691e+00
1.248540e+00 1.237928e+00 1.226363e+00 1.213831e+00 1.200316e+00 1.185802e+00 1.170269e+00 1.152212e+00 1.133780e+00 1.116396e+00 1.099999e+00 1.084532e+00 1.069939e+00 1.056170e+00 1.043176e+00 1.030910e+00 1.019331e+00 1.008396e+00 9.980677e-01 9.883094e-01 9.790866e-01 9.703669e-01 9.621195e-01 9.543152e-01 9.469267e-01 9.399278e-01 9.332938e-01 9.270015e-01 9.210285e-01 9.153538e-01 9.099575e-01 9.048205e-01 8.999246e-01 8.952527e-01 8.907882e-01 8.865155e-01 8.824193e-01 8.784854e-01 8.746998e-01 8.710491e-01 8.675206e-01 8.641018e-01 8.607805e-01 8.575452e-01 8.543844e-01 8.512869e-01 8.482418e-01 8.452384e-01 8.422662e-01 8.393145e-01 8.363731e-01 8.334315e-01 8.304794e-01 8.275064e-01 8.245019e-01 8.214554e-01 8.183562e-01 8.151933e-01 8.119556e-01 8.086316e-01 8.052097e-01 8.016777e-01 7.980232e-01 7.942334e-01 7.902948e-01 7.861936e-01 7.819153e-01 7.774449e-01 7.727665e-01 7.678638e-01 7.627193e-01 7.573149e-01 7.516317e-01 7.465660e-01 7.425173e-01 7.385574e-01 7.346750e-01 7.308590e-01 7.270982e-01 7.233821e-01
1.688624e+00 1.694302e+00 1.699598e+00 1.704518e+00 1.709070e+00 1.713257e+00 1.717086e+00 1.719981e+00 1.722431e+00 1.725018e+00 1.727746e+00 1.730617e+00 1.733635e+00 1.736802e+00 1.740122e+00 1.743599e+00 1.747236e+00 1.751036e+00 1.755004e+00 1.759144e+00 1.763460e+00 1.767958e+00 1.772640e+00 1.777513e+00 1.782582e+00 1.787851e+00 1.793326e+00 1.799014e+00 1.804920e+00 1.811050e+00 1.817410e+00 1.824008e+00 1.830849e+00 1.837942e+00 1.845294e+00 1.852912e+00 1.860805e+00 1.868980e+00 1.877447e+00 1.886213e+00 1.895289e+00 1.904684e+00 1.914407e+00 1.924469e+00 1.934880e+00 1.945651e+00 1.956794e+00 1.968320e+00 1.980241e+00 1.992570e+00 2.005319e+00 2.018502e+00 2.032133e+00 2.046226e+00 2.060795e+00 2.075857e+00 2.091426e+00 2.107519e+00 2.124153e+00 2.141345e+00 2.159114e+00 2.177477e+00 2.196454e+00 2.216066e+00 2.236331e+00 2.257273e+00 2.278912e+00 2.301271e+00 2.324373e+00 2.348244e+00 2.372907e+00 2.398389e+00 2.424716e+00 2.464464e+00 2.514052e+00 2.560943e+00 2.605147e+00 2.646671e+00 2.685525e+00 2.721716e+00
1.857983e+00 1.869931e+00 1.881716e+00 1.893352e+00 1.904856e+00 1.916241e+00 1.927521e+00 1.936351e+00 1.942458e+00 1.948203e+00 1.953591e+00 1.958625e+00 1.963306e+00 1.967638e+00 1.971623e+00 1.975263e+00 1.978561e+00 1.981518e+00 1.984136e+00 1.986416e+00 1.988360e+00 1.989969e+00 1.991243e+00 1.992183e+00 1.992790e+00 1.993065e+00 1.993006e+00 1.992615e+00 1.991891e+00 1.990834e+00 1.989443e+00 1.987717e+00 1.985655e+00 1.983257e+00 1.980520e+00 1.977444e+00 1.974026e+00 1.970265e+00 1.966159e+00 1.961705e+00 1.956900e+00 1.951743e+00 1.946230e+00 1.940358e+00 1.934124e+00 1.927525e+00 1.920556e+00 1.913214e+00 1.905495e+00 1.897394e+00 1.888907e+00 1.880029e+00 1.870755e+00 1.861080e+00 1.850999e+00 1.840506e+00 1.829595e+00 1.818260e+00 1.806495e+00 1.794293e+00 1.781647e+00 1.768550e+00 1.754995e+00 1.740975e+00 1.726481e+00 1.711506e+00 1.696040e+00 1.680076e+00 1.663605e+00 1.646617e+00 1.629103e+00 1.611053e+00 1.592456e+00 1.572045e+00 1.550864e+00 1.530142e+00 1.509852e+00 1.489966e+00 1.470457e+00 1.451299e+00
1.559985e+00 1.560902e+00 1.561269e+00 1.561088e+00 1.560359e+00 1.559080e+00 1.557249e+00 1.554080e+00 1.550383e+00 1.546934e+00 1.543722e+00 1.540740e+00 1.537978e+00 1.535428e+00 1.533084e+00 1.530939e+00 1.528986e+00 1.527220e+00 1.525636e+00 1.524229e+00 1.522997e+00 1.521934e+00 1.521038e+00 1.520307e+00 1.519738e+00 1.519331e+00 1.519082e+00 1.518993e+00 1.519063e+00 1.519291e+00 1.519679e+00 1.520227e+00 1.520938e+00 1.521813e+00 1.522855e+00 1.524067e+00 1.525451e+00 1.527013e+00 1.528756e+00 1.530685e+00 1.532806e+00 1.535126e+00 1.537649e+00 1.540384e+00 1.543339e+00 1.546521e+00 1.549940e+00 1.553606e+00 1.557528e+00 1.561719e+00 1.566189e+00 1.570952e+00 1.576021e+00 1.581410e+00 1.587135e+00 1.593212e+00 1.599658e+00 1.606491e+00 1.613731e+00 1.621399e+00 1.629515e+00 1.638104e+00 1.647189e+00 1.656797e+00 1.666953e+00 1.677688e+00 1.689032e+00 1.701016e+00 1.713676e+00 1.727046e+00 1.741164e+00 1.756071e+00 1.771810e+00 1.785301e+00 1.794681e+00 1.803081e+00 1.810507e+00 1.816968e+00 1.822468e+00 1.827013e+00
1.299842e+00 1.291128e+00 1.281529e+00 1.271031e+00 1.259622e+00 1.247288e+00 1.234013e+00 1.221277e+00 1.210501e+00 1.200167e+00 1.190253e+00 1.180740e+00 1.171609e+00 1.162841e+00 1.154420e+00 1.146328e+00 1.138549e+00 1.131068e+00 1.123869e+00 1.116939e+00 1.110264e+00 1.103830e+00 1.097624e+00 1.091635e+00 1.085849e+00 1.080256e+00 1.074844e+00 1.069603e+00 1.064522e+00 1.059591e+00 1.054800e+00 1.050140e+00 1.045601e+00 1.041174e+00 1.036851e+00 1.032622e+00 1.028480e+00 1.024416e+00 1.020422e+00 1.016490e+00 1.012611e+00 1.008780e+00 1.004987e+00 1.001225e+00 9.974871e-01 9.937653e-01 9.900523e-01 9.863406e-01 9.826230e-01 9.788919e-01 9.751400e-01 9.713597e-01 9.675435e-01 9.636838e-01 9.597728e-01 9.558028e-01 9.517659e-01 9.476540e-01 9.434589e-01 9.391722e-01 9.347853e-01 9.302896e-01 9.256760e-01 9.209354e-01 9.160583e-01 9.110349e-01 9.058552e-01 9.005089e-01 8.949853e-01 8.892735e-01 8.833619e-01 8.772389e-01 8.708922e-01 8.639318e-01 8.568472e-01 8.499952e-01 8.433566e-01 8.369124e-01 8.306443e-01 8.245345e-01
2.032287e+00 2.050687e+00 2.069150e+00 2.087699e+00 2.106358e+00 2.125150e+00 2.144099e+00 2.166782e+00 2.192129e+00 2.216615e+00 2.240269e+00 2.263117e+00 2.285188e+00 2.306507e+00 2.327098e+00 2.346986e+00 2.366195e+00 2.384746e+00 2.402662e+00 2.419963e+00 2.436670e+00 2.452802e+00 2.468378e+00 2.483417e+00 2.497936e+00 2.511952e+00 2.525481e+00 2.538540e+00 2.551144e+00 2.563306e+00 2.575043e+00 2.586366e+00 2.597291e+00 2.607829e+00 2.617993e+00 2.627794e+00 2.637245e+00 2.646355e+00 2.655137e+00 2.663600e+00 2.671754e+00 2.679609e+00 2.687174e+00 2.694457e+00 2.701468e+00 2.708214e+00 2.714704e+00 2.720944e+00 2.726943e+00 2.732708e+00 2.738244e+00 2.743559e+00 2.748659e+00 2.753549e+00 2.758236e+00 2.762725e+00 2.767021e+00 2.771130e+00 2.775056e+00 2.778803e+00 2.782376e+00 2.785780e+00 2.789018e+00 2.792094e+00 2.795012e+00 2.797774e+00 2.800386e+00 2.802848e+00 2.805165e+00 2.807338e+00 2.809372e+00 2.811267e+00 2.813026e+00 2.814229e+00 2.813779e+00 2.812099e+00 2.809189e+00 2.805047e+00 2.799675e+00 2.793069e+00
1.288581e+00 1.279450e+00 1.269419e+00 1.258475e+00 1.246604e+00 1.233791e+00 1.220021e+00 1.208026e+00 1.199176e+00 1.190703e+00 1.182594e+00 1.174836e+00 1.167416e+00 1.160322e+00 1.153544e+00 1.147069e+00 1.140887e+00 1.134988e+00 1.129364e+00 1.124003e+00 1.118899e+00 1.114042e+00 1.109425e+00 1.105040e+00 1.100880e+00 1.096938e+00 1.093209e+00 1.089685e+00 1.086362e+00 1.083233e+00 1.080294e+00 1.077540e+00 1.074967e+00 1.072569e+00 1.070345e+00 1.068289e+00 1.066398e+00 1.064670e+00 1.063102e+00 1.061691e+00 1.060434e+00 1.059331e+00 1.058378e+00 1.057575e+00 1.056919e+00 1.056411e+00 1.056049e+00 1.055833e+00 1.055762e+00 1.055836e+00 1.056056e+00 1.056421e+00 1.056932e+00 1.057591e+00 1.058397e+00 1.059353e+00 1.060460e+00 1.061720e+00 1.063135e+00 1.064707e+00 1.066438e+00 1.068332e+00 1.070392e+00 1.072620e+00 1.075021e+00 1.077599e+00 1.080357e+00 1.083300e+00 1.086433e+00 1.089761e+00 1.093289e+00 1.097023e+00 1.100969e+00 1.105646e+00 1.110297e+00 1.114417e+00 1.118009e+00 1.121079e+00 1.123630e+00 1.125666e+00
2.229596e+00 2.255299e+00 2.281321e+00 2.307696e+00 2.334454e+00 2.361631e+00 2.389260e+00 2.413757e+00 2.433850e+00 2.453168e+00 2.471720e+00 2.489514e+00 2.506558e+00 2.522860e+00 2.538426e+00 2.553263e+00 2.567379e+00 2.580779e+00 2.593469e+00 2.605456e+00 2.616744e+00 2.627338e+00 2.637243e+00 2.646464e+00 2.655004e+00 2.662868e+00 2.670059e+00 2.676579e+00 2.682433e+00 2.687622e+00 2.692149e+00 2.696016e+00 2.699225e+00 2.701776e+00 2.703672e+00 2.704912e+00 2.705499e+00 2.705431e+00 2.704708e+00 2.703332e+00 2.701300e+00 2.698612e+00 2.695266e+00 2.691263e+00 2.686598e+00 2.681271e+00 2.675279e+00 2.668619e+00 2.661289e+00 2.653285e+00 2.644603e+00 2.635241e+00 2.625193e+00 2.614455e+00 2.603022e+00 2.590890e+00 2.578052e+00 2.564504e+00 2.550238e+00 2.535250e+00 2.519532e+00 2.503077e+00 2.485878e+00 2.467927e+00 2.449216e+00 2.429737e+00 2.409482e+00 2.388440e+00 2.366604e+00 2.343963e+00 2.320507e+00 2.296226e+00 2.271109e+00 2.239854e+00 2.204406e+00 2.169996e+00 2.136566e+00 2.104062e+00 2.072429e+00 2.041615e+00
1.226038e+00 1.214593e+00 1.202166e+00 1.188741e+00 1.174303e+00 1.158832e+00 1.142310e+00 1.126459e+00 1.113019e+00 1.100214e+00 1.088015e+00 1.076391e+00 1.065316e+00 1.054764e+00 1.044708e+00 1.035126e+00 1.025994e+00 1.017292e+00 1.008998e+00 1.001092e+00 9.935563e-01 9.863727e-01 9.795241e-01 9.729942e-01 9.667677e-01 9.608296e-01 9.551659e-01 9.497633e-01 9.446088e-01 9.396902e-01 9.349959e-01 9.305148e-01 9.262362e-01 9.221500e-01 9.182464e-01 9.145162e-01 9.109507e-01 9.075412e-01 9.042797e-01 9.011586e-01 8.981703e-01 8.953078e-01 8.925644e-01 8.899334e-01 8.874087e-01 8.849843e-01 8.826544e-01 8.804135e-01 8.782563e-01 8.761777e-01 8.741727e-01 8.722365e-01 8.703647e-01 8.685527e-01 8.667963e-01 8.650912e-01 8.634335e-01 8.618192e-01 8.602444e-01 8.587056e-01 8.571989e-01 8.557208e-01 8.542678e-01 8.528366e-01 8.514235e-01 8.500255e-01 8.486390e-01 8.472608e-01 8.458877e-01 8.445164e-01 8.431436e-01 8.417661e-01 8.403806e-01 8.390323e-01 8.376103e-01 8.360633e-01 8.343881e-01 8.325812e-01 8.306389e-01 8.285571e-01
1.510152e+00 1.509224e+00 1.507682e+00 1.505525e+00 1.502749e+00 1.499353e+00 1.495330e+00 1.491369e+00 1.488297e+00 1.485418e+00 1.482727e+00 1.480222e+00 1.477898e+00 1.475753e+00 1.473784e+00 1.471989e+00 1.470364e+00 1.468909e+00 1.467620e+00 1.466497e+00 1.465538e+00 1.464741e+00 1.464106e+00 1.463631e+00 1.463317e+00 1.463163e+00 1.463168e+00 1.463332e+00 1.463656e+00 1.464140e+00 1.464785e+00 1.465592e+00 1.466562e+00 1.467695e+00 1.468994e+00 1.470460e+00 1.472094e+00 1.473901e+00 1.475880e+00 1.478036e+00 1.480371e+00 1.482888e+00 1.485590e+00 1.488481e+00 1.491565e+00 1.494845e+00 1.498326e+00 1.502013e+00 1.505911e+00 1.510023e+00 1.514357e+00 1.518917e+00 1.523709e+00 1.528740e+00 1.534017e+00 1.539546e+00 1.545334e+00 1.551390e+00 1.557720e+00 1.564334e+00 1.571239e+00 1.578446e+00 1.585963e+00 1.593800e+00 1.601968e+00 1.610477e+00 1.619338e+00 1.628563e+00 1.638164e+00 1.648154e+00 1.658545e+00 1.669352e+00 1.680588e+00 1.693090e+00 1.705312e+00 1.716438e+00 1.726475e+00 1.735427e+00 1.743299e+00 1.750096e+00
1.154652e+00 1.140564e+00 1.125402e+00 1.109146e+00 1.091777e+00 1.073273e+00 1.053610e+00 1.036971e+00 1.025102e+00 1.013774e+00 1.002963e+00 9.926488e-01 9.828104e-01 9.734284e-01 9.644843e-01 9.559603e-01 9.478395e-01 9.401058e-01 9.327440e-01 9.257394e-01 9.190782e-01 9.127471e-01 9.067336e-01 9.010259e-01 8.956125e-01 8.904827e-01 8.856265e-01 8.810341e-01 8.766964e-01 8.726050e-01 8.687516e-01 8.651286e-01 8.617289e-01 8.585457e-01 8.555728e-01 8.528041e-01 8.502342e-01 8.478581e-01 8.456711e-01 8.436687e-01 8.418470e-01 8.402025e-01 8.387318e-01 8.374321e-01 8.363007e-01 8.353355e-01 8.345344e-01 8.338961e-01 8.334190e-01 8.331024e-01 8.329456e-01 8.329482e-01 8.331104e-01 8.334323e-01 8.339147e-01 8.345585e-01 8.353649e-01 8.363357e-01 8.374726e-01 8.387780e-01 8.402544e-01 8.419048e-01 8.437324e-01 8.457408e-01 8.479341e-01 8.503166e-01 8.528930e-01 8.556684e-01 8.586482e-01 8.618385e-01 8.652456e-01 8.688761e-01 8.727372e-01 8.770966e-01 8.812731e-01 8.850130e-01 8.883215e-01 8.912032e-01 8.936623e-01 8.957021e-01
1.411731e+00 1.407159e+00 1.401846e+00 1.395786e+00 1.388970e+00 1.381391e+00 1.373038e+00 1.365025e+00 1.358388e+00 1.351991e+00 1.345826e+00 1.339883e+00 1.334151e+00 1.328624e+00 1.323290e+00 1.318144e+00 1.313175e+00 1.308377e+00 1.303742e+00 1.299263e+00 1.294932e+00 1.290744e+00 1.286691e+00 1.282766e+00 1.278965e+00 1.275281e+00 1.271708e+00 1.268240e+00 1.264873e+00 1.261601e+00 1.258418e+00 1.255320e+00 1.252302e+00 1.249360e+00 1.246488e+00 1.243682e+00 1.240937e+00 1.238251e+00 1.235617e+00 1.233033e+00 1.230493e+00 1.227995e+00 1.225534e+00 1.223106e+00 1.220707e+00 1.218335e+00 1.215984e+00 1.213652e+00 1.211335e+00 1.209028e+00 1.206729e+00 1.204434e+00 1.202140e+00 1.199842e+00 1.197537e+00 1.195221e+00 1.192892e+00 1.190544e+00 1.188175e+00 1.185781e+00 1.183359e+00 1.180903e+00 1.178411e+00 1.175878e+00 1.173301e+00 1.170676e+00 1.167998e+00 1.165263e+00 1.162467e+00 1.159606e+00 1.156675e+00 1.153669e+00 1.150584e+00 1.147921e+00 1.145463e+00 1.142704e+00 1.139642e+00 1.136274e+00 1.132596e+00 1.128606e+00
1.244587e+00 1.233828e+00 1.222111e+00 1.209422e+00 1.195745e+00 1.181063e+00 1.165357e+00 1.142511e+00 1.115716e+00 1.090915e+00 1.067968e+00 1.046744e+00 1.027125e+00 1.008998e+00 9.922618e-01 9.768210e-01 9.625883e-01 9.494832e-01 9.374317e-01 9.263653e-01 9.162217e-01 9.069432e-01 8.984775e-01 8.907766e-01 8.837969e-01 8.774990e-01 8.718471e-01 8.668094e-01 8.623573e-01 8.584656e-01 8.551122e-01 8.522783e-01 8.499478e-01 8.481074e-01 8.467468e-01 8.458583e-01 8.454368e-01 8.454800e-01 8.459881e-01 8.469639e-01 8.484131e-01 8.503437e-01 8.527668e-01 8.556960e-01 8.591479e-01 8.631421e-01 8.677011e-01 8.728508e-01 8.786203e-01 8.850422e-01 8.921529e-01 8.999926e-01 9.086057e-01 9.180409e-01 9.283517e-01 9.395964e-01 9.518385e-01 9.651475e-01 9.795985e-01 9.952735e-01 1.012261e+00 1.030657e+00 1.050566e+00 1.072101e+00 1.095383e+00 1.120544e+00 1.147727e+00 1.177084e+00 1.208784e+00 1.243004e+00 1.279939e+00 1.319797e+00 1.362805e+00 1.399565e+00 1.425188e+00 1.449333e+00 1.472017e+00 1.493258e+00 1.513070e+00 1.531468e+00
1.130033e+00 1.115034e+00 1.098929e+00 1.081697e+00 1.063317e+00 1.043767e+00 1.023021e+00 1.006275e+00 9.952721e-01 9.847725e-01 9.747566e-01 9.652063e-01 9.561039e-01 9.474331e-01 9.391780e-01 9.313235e-01 9.238553e-01 9.167597e-01 9.100240e-01 9.036357e-01 8.975832e-01 8.918555e-01 8.864422e-01 8.813334e-01 8.765197e-01 8.719924e-01 8.677432e-01 8.637644e-01 8.600488e-01 8.565895e-01 8.533803e-01 8.504153e-01 8.476890e-01 8.451966e-01 8.429335e-01 8.408955e-01 8.390789e-01 8.374805e-01 8.360973e-01 8.349268e-01 8.339668e-01 8.332157e-01 8.326720e-01 8.323347e-01 8.322033e-01 8.322774e-01 8.325573e-01 8.330434e-01 8.337366e-01 8.346382e-01 8.357499e-01 8.370736e-01 8.386118e-01 8.403672e-01 8.423431e-01 8.445431e-01 8.469712e-01 8.496318e-01 8.525298e-01 8.556704e-01 8.590594e-01 8.627030e-01 8.666077e-01 8.707808e-01 8.752298e-01 8.799628e-01 8.849885e-01 8.903160e-01 8.959550e-01 9.019159e-01 9.082095e-01 9.148472e-01 9.218412e-01 9.326383e-01 9.459791e-01 9.584531e-01 9.700823e-01 9.808873e-01 9.908870e-01 1.000099e+00
2.443256e+00 2.476869e+00 2.511077e+00 2.545925e+00 2.581455e+00 2.617711e+00 2.654740e+00 2.693802e+00 2.732820e+00 2.770598e+00 2.807159e+00 2.842519e+00 2.876697e+00 2.909712e+00 2.941581e+00 2.972319e+00 3.001944e+00 3.030470e+00 3.057912e+00 3.084285e+00 3.109602e+00 3.133876e+00 3.157121e+00 3.179348e+00 3.200569e+00 3.220794e+00 3.240035e+00 3.258301e+00 3.275602e+00 3.291947e+00 3.307344e+00 3.321801e+00 3.335327e+00 3.347927e+00 3.359609e+00 3.370378e+00 3.380241e+00 3.389201e+00 3.397265e+00 3.404436e+00 3.410717e+00 3.416113e+00 3.420626e+00 3.424258e+00 3.427011e+00 3.428887e+00 3.429887e+00 3.430010e+00 3.429258e+00 3.427629e+00 3.425124e+00 3.421740e+00 3.417476e+00 3.412330e+00 3.406298e+00 3.399379e+00 3.391568e+00 3.382860e+00 3.373253e+00 3.362740e+00 3.351316e+00 3.338976e+00 3.325712e+00 3.311519e+00 3.296388e+00 3.280311e+00 3.263281e+00 3.245288e+00 3.226323e+00 3.206377e+00 3.185438e+00 3.163496e+00 3.140540e+00 3.119975e+00 3.102195e+00 3.083774e+00 3.064704e+00 3.044979e+00 3.024590e+00 3.003528e+00
1.503669e+00 1.502501e+00 1.500711e+00 1.498296e+00 1.495255e+00 1.491582e+00 1.487275e+00 1.482135e+00 1.476948e+00 1.471895e+00 1.466967e+00 1.462154e+00 1.457448e+00 1.452838e+00 1.448316e+00 1.443874e+00 1.439502e+00 1.435194e+00 1.430939e+00 1.426731e+00 1.422561e+00 1.418421e+00 1.414303e+00 1.410200e+00 1.406103e+00 1.402005e+00 1.397898e+00 1.393773e+00 1.389624e+00 1.385442e+00 1.381219e+00 1.376947e+00 1.372617e+00 1.368223e+00 1.363754e+00 1.359203e+00 1.354561e+00 1.349819e+00 1.344968e+00 1.339998e+00 1.334901e+00 1.329665e+00 1.324283e+00 1.318742e+00 1.313032e+00 1.307144e+00 1.301064e+00 1.294782e+00 1.288285e+00 1.281562e+00 1.274599e+00 1.267382e+00 1.259899e+00 1.252135e+00 1.244074e+00 1.235702e+00 1.227003e+00 1.217959e+00 1.208554e+00 1.198769e+00 1.188586e+00 1.177985e+00 1.166946e+00 1.155448e+00 1.143469e+00 1.130986e+00 1.117974e+00 1.104410e+00 1.090267e+00 1.075518e+00 1.060134e+00 1.044087e+00 1.027346e+00 1.014418e+00 1.006103e+00 9.978522e-01 9.896529e-01 9.814946e-01 9.733663e-01 9.652570e-01
1.092973e+00 1.076602e+00 1.059077e+00 1.040375e+00 1.020474e+00 9.993485e-01 9.769722e-01 9.587098e-01 9.464132e-01 9.346649e-01 9.234413e-01 9.127197e-01 9.024785e-01 8.926970e-01 8.833555e-01 8.744353e-01 8.659182e-01 8.577871e-01 8.500257e-01 8.426183e-01 8.355498e-01 8.288062e-01 8.223737e-01 8.162395e-01 8.103911e-01 8.048167e-01 7.995051e-01 7.944456e-01 7.896281e-01 7.850427e-01 7.806802e-01 7.765319e-01 7.725893e-01 7.688445e-01 7.652900e-01 7.619186e-01 7.587235e-01 7.556983e-01 7.528368e-01 7.501333e-01 7.475824e-01 7.451788e-01 7.429177e-01 7.407947e-01 7.388053e-01 7.369457e-01 7.352120e-01 7.336007e-01 7.321086e-01 7.307327e-01 7.294702e-01 7.283186e-01 7.272755e-01 7.263389e-01 7.255068e-01 7.247776e-01 7.241498e-01 7.236221e-01 7.231935e-01 7.228631e-01 7.226302e-01 7.224944e-01 7.224555e-01 7.225132e-01 7.226678e-01 7.229195e-01 7.232688e-01 7.237166e-01 7.242636e-01 7.249109e-01 7.256600e-01 7.265122e-01 7.274693e-01 7.287943e-01 7.301552e-01 7.312944e-01 7.322146e-01 7.329181e-01 7.334068e-01 7.336817e-01
1.191810e+00 1.179097e+00 1.165359e+00 1.150577e+00 1.134733e+00 1.117808e+00 1.099780e+00 1.083713e+00 1.071319e+00 1.059483e+00 1.048181e+00 1.037390e+00 1.027087e+00 1.017249e+00 1.007857e+00 9.988909e-01 9.903312e-01 9.821601e-01 9.743606e-01 9.669163e-01 9.598113e-01 9.530310e-01 9.465609e-01 9.403874e-01 9.344976e-01 9.288791e-01 9.235201e-01 9.184093e-01 9.135359e-01 9.088897e-01 9.044610e-01 9.002403e-01 8.962189e-01 8.923883e-01 8.887404e-01 8.852675e-01 8.819624e-01 8.788180e-01 8.758279e-01 8.729856e-01 8.702852e-01 8.677211e-01 8.652878e-01 8.629803e-01 8.607936e-01 8.587231e-01 8.567646e-01 8.549139e-01 8.531670e-01 8.515204e-01 8.499706e-01 8.485143e-01 8.471484e-01 8.458700e-01 8.446766e-01 8.435655e-01 8.425345e-01 8.415813e-01 8.407039e-01 8.399006e-01 8.391696e-01 8.385094e-01 8.379186e-01 8.373960e-01 8.369404e-01 8.365509e-01 8.362267e-01 8.359671e-01 8.357715e-01 8.356396e-01 8.355710e-01 8.355656e-01 8.356235e-01 8.358004e-01 8.359078e-01 8.358904e-01 8.357480e-01 8.354803e-01 8.350861e-01 8.345640e-01
1.853380e+00 1.865156e+00 1.876765e+00 1.888219e+00 1.899534e+00 1.910723e+00 1.921800e+00 1.930109e+00 1.935320e+00 1.940108e+00 1.944475e+00 1.948422e+00 1.951952e+00 1.955066e+00 1.957765e+00 1.960051e+00 1.961925e+00 1.963387e+00 1.964438e+00 1.965079e+00 1.965310e+00 1.965131e+00 1.964541e+00 1.963541e+00 1.962131e+00 1.960309e+00 1.958074e+00 1.955427e+00 1.952365e+00 1.948887e+00 1.944992e+00 1.940678e+00 1.935943e+00 1.930785e+00 1.925201e+00 1.919190e+00 1.912748e+00 1.905873e+00 1.898561e+00 1.890809e+00 1.882615e+00 1.873973e+00 1.864881e+00 1.855335e+00 1.845329e+00 1.834860e+00 1.823924e+00 1.812514e+00 1.800626e+00 1.788255e+00 1.775396e+00 1.762041e+00 1.748187e+00 1.733826e+00 1.718952e+00 1.703559e+00 1.687639e+00 1.671186e+00 1.654192e+00 1.636650e+00 1.618551e+00 1.599889e+00 1.580654e+00 1.560838e+00 1.540433e+00 1.519428e+00 1.497815e+00 1.475585e+00 1.452727e+00 1.429231e+00 1.405086e+00 1.380283e+00 1.354809e+00 1.323293e+00 1.288157e+00 1.254669e+00 1.222740e+00 1.192284e+00 1.163218e+00 1.135466e+00
3.111444e+00 3.169791e+00 3.229600e+00 3.290946e+00 3.353906e+00 3.418558e+00 3.484984e+00 3.554997e+00 3.624820e+00 3.692736e+00 3.758758e+00 3.822898e+00 3.885170e+00 3.945587e+00 4.004159e+00 4.060899e+00 4.115818e+00 4.168927e+00 4.220236e+00 4.269755e+00 4.317495e+00 4.363465e+00 4.407673e+00 4.450130e+00 4.490842e+00 4.529819e+00 4.567067e+00 4.602595e+00 4.636410e+00 4.668517e+00 4.698924e+00 4.727636e+00 4.754660e+00 4.780000e+00 4.803662e+00 4.825650e+00 4.845969e+00 4.864622e+00 4.881613e+00 4.896947e+00 4.910625e+00 4.922651e+00 4.933026e+00 4.941754e+00 4.948835e+00 4.954271e+00 4.958064e+00 4.960213e+00 4.960720e+00 4.959584e+00 4.956805e+00 4.952383e+00 4.946317e+00 4.938605e+00 4.929247e+00 4.918239e+00 4.905581e+00 4.891269e+00 4.875301e+00 4.857673e+00 4.838382e+00 4.817425e+00 4.794796e+00 4.770492e+00 4.744508e+00 4.716838e+00 4.687477e+00 4.656419e+00 4.623659e+00 4.589189e+00 4.553003e+00 4.515093e+00 4.475452e+00 4.441744e+00 4.414598e+00 4.386338e+00 4.356961e+00 4.326464e+00 4.294843e+00 4.262093e+00
1.473551e+00 1.471268e+00 1.468324e+00 1.464715e+00 1.460437e+00 1.455485e+00 1.449852e+00 1.443607e+00 1.437856e+00 1.432511e+00 1.427564e+00 1.423003e+00 1.418819e+00 1.415005e+00 1.411553e+00 1.408456e+00 1.405707e+00 1.403302e+00 1.401236e+00 1.399504e+00 1.398103e+00 1.397031e+00 1.396284e+00 1.395863e+00 1.395765e+00 1.395991e+00 1.396541e+00 1.397416e+00 1.398619e+00 1.400150e+00 1.402014e+00 1.404215e+00 1.406755e+00 1.409641e+00 1.412878e+00 1.416473e+00 1.420432e+00 1.424764e+00 1.429478e+00 1.434581e+00 1.440085e+00 1.446001e+00 1.452340e+00 1.459114e+00 1.466338e+00 1.474025e+00 1.482191e+00 1.490851e+00 1.500024e+00 1.509726e+00 1.519979e+00 1.530800e+00 1.542213e+00 1.554240e+00 1.566904e+00 1.580230e+00 1.594246e+00 1.608978e+00 1.624457e+00 1.640712e+00 1.657775e+00 1.675681e+00 1.694465e+00 1.714165e+00 1.734818e+00 1.756467e+00 1.779154e+00 1.802923e+00 1.827823e+00 1.853901e+00 1.881211e+00 1.909806e+00 1.939742e+00 1.971307e+00 2.001252e+00 2.029358e+00 2.055634e+00 2.080088e+00 2.102728e+00 2.123562e+00
1.177471e+00 1.164228e+00 1.149940e+00 1.134590e+00 1.118157e+00 1.100623e+00 1.081964e+00 1.065685e+00 1.053638e+00 1.042269e+00 1.031555e+00 1.021471e+00 1.011995e+00 1.003108e+00 9.947893e-01 9.870214e-01 9.797874e-01 9.730714e-01 9.668591e-01 9.611368e-01 9.558921e-01 9.511137e-01 9.467912e-01 9.429151e-01 9.394771e-01 9.364696e-01 9.338863e-01 9.317214e-01 9.299703e-01 9.286291e-01 9.276949e-01 9.271658e-01 9.270405e-01 9.273188e-01 9.280014e-01 9.290895e-01 9.305858e-01 9.324933e-01 9.348162e-01 9.375597e-01 9.407295e-01 9.443327e-01 9.483770e-01 9.528712e-01 9.578252e-01 9.632495e-01 9.691561e-01 9.755577e-01 9.824683e-01 9.899028e-01 9.978775e-01 1.006410e+00 1.015518e+00 1.025221e+00 1.035542e+00 1.046501e+00 1.058124e+00 1.070435e+00 1.083461e+00 1.097230e+00 1.111773e+00 1.127120e+00 1.143305e+00 1.160364e+00 1.178332e+00 1.197250e+00 1.217159e+00 1.238101e+00 1.260122e+00 1.283270e+00 1.307595e+00 1.333150e+00 1.359990e+00 1.397970e+00 1.443575e+00 1.487027e+00 1.528345e+00 1.567544e+00 1.604640e+00 1.639648e+00
1.511817e+00 1.510950e+00 1.509472e+00 1.507381e+00 1.504674e+00 1.501348e+00 1.497398e+00 1.493889e+00 1.491417e+00 1.488912e+00 1.486372e+00 1.483796e+00 1.481179e+00 1.478521e+00 1.475819e+00 1.473071e+00 1.470274e+00 1.467426e+00 1.464524e+00 1.461565e+00 1.458548e+00 1.455470e+00 1.452327e+00 1.449118e+00 1.445838e+00 1.442487e+00 1.439060e+00 1.435554e+00 1.431967e+00 1.428295e+00 1.424536e+00 1.420685e+00 1.416740e+00 1.412697e+00 1.408553e+00 1.404304e+00 1.399945e+00 1.395475e+00 1.390888e+00 1.386180e+00 1.381348e+00 1.376387e+00 1.371293e+00 1.366062e+00 1.360688e+00 1.355168e+00 1.349496e+00 1.343668e+00 1.337678e+00 1.331521e+00 1.325192e+00 1.318685e+00 1.311995e+00 1.305116e+00 1.298041e+00 1.290765e+00 1.283281e+00 1.275583e+00 1.267664e+00 1.259518e+00 1.251136e+00 1.242511e+00 1.233638e+00 1.224506e+00 1.215109e+00 1.205438e+00 1.195485e+00 1.185242e+00 1.174698e+00 1.163846e+00 1.152675e+00 1.141176e+00 1.129339e+00 1.111165e+00 1.088297e+00 1.066642e+00 1.046123e+00 1.026668e+00 1.008208e+00 9.906775e-01
2.117091e+00 2.138630e+00 2.160342e+00 2.182255e+00 2.204395e+00 2.226791e+00 2.249471e+00 2.272334e+00 2.293888e+00 2.314270e+00 2.333494e+00 2.351569e+00 2.368507e+00 2.384316e+00 2.399005e+00 2.412584e+00 2.425059e+00 2.436438e+00 2.446728e+00 2.455933e+00 2.464060e+00 2.471112e+00 2.477094e+00 2.482010e+00 2.485862e+00 2.488652e+00 2.490381e+00 2.491052e+00 2.490664e+00 2.489216e+00 2.486709e+00 2.483141e+00 2.478509e+00 2.472812e+00 2.466045e+00 2.458205e+00 2.449288e+00 2.439288e+00 2.428200e+00 2.416018e+00 2.402734e+00 2.388342e+00 2.372832e+00 2.356196e+00 2.338425e+00 2.319509e+00 2.299436e+00 2.278196e+00 2.255777e+00 2.232165e+00 2.207347e+00 2.181310e+00 2.154038e+00 2.125516e+00 2.095727e+00 2.064656e+00 2.032284e+00 1.998593e+00 1.963563e+00 1.927176e+00 1.889409e+00 1.850243e+00 1.809654e+00 1.767619e+00 1.724116e+00 1.679118e+00 1.632601e+00 1.584537e+00 1.534901e+00 1.483663e+00 1.430795e+00 1.376267e+00 1.320047e+00 1.276274e+00 1.247762e+00 1.220288e+00 1.193802e+00 1.168256e+00 1.143602e+00 1.119794e+00
1.964823e+00 1.980725e+00 1.996604e+00 2.012478e+00 2.028367e+00 2.044292e+00 2.060272e+00 2.073839e+00 2.084303e+00 2.094161e+00 2.103417e+00 2.112077e+00 2.120146e+00 2.127627e+00 2.134525e+00 2.140843e+00 2.146585e+00 2.151754e+00 2.156353e+00 2.160383e+00 2.163848e+00 2.166750e+00 2.169088e+00 2.170866e+00 2.172084e+00 2.172742e+00 2.172841e+00 2.172381e+00 2.171362e+00 2.169783e+00 2.167643e+00 2.164941e+00 2.161676e+00 2.157846e+00 2.153449e+00 2.148483e+00 2.142944e+00 2.136830e+00 2.130138e+00 2.122864e+00 2.115004e+00 2.106554e+00 2.097510e+00 2.087866e+00 2.077617e+00 2.066758e+00 2.055283e+00 2.043187e+00 2.030461e+00 2.017100e+00 2.003097e+00 1.988443e+00 1.973131e+00 1.957154e+00 1.940501e+00 1.923165e+00 1.905136e+00 1.886404e+00 1.866959e+00 1.846792e+00 1.825890e+00 1.804243e+00 1.781840e+00 1.758667e+00 1.734713e+00 1.709966e+00 1.684411e+00 1.658034e+00 1.630823e+00 1.602762e+00 1.573836e+00 1.544029e+00 1.513326e+00 1.481272e+00 1.450033e+00 1.419983e+00 1.391061e+00 1.363209e+00 1.336368e+00 1.310486e+00
1.490221e+00 1.488555e+00 1.486250e+00 1.483302e+00 1.479709e+00 1.475465e+00 1.470565e+00 1.465614e+00 1.461598e+00 1.457901e+00 1.454516e+00 1.451440e+00 1.448666e+00 1.446191e+00 1.444011e+00 1.442123e+00 1.440522e+00 1.439208e+00 1.438178e+00 1.437431e+00 1.436964e+00 1.436779e+00 1.436873e+00 1.437248e+00 1.437903e+00 1.438841e+00 1.440062e+00 1.441569e+00 1.443363e+00 1.445447e+00 1.447826e+00 1.450501e+00 1.453479e+00 1.456762e+00 1.460357e+00 1.464268e+00 1.468502e+00 1.473066e+00 1.477967e+00 1.483212e+00 1.488809e+00 1.494767e+00 1.501095e+00 1.507804e+00 1.514903e+00 1.522404e+00 1.530317e+00 1.538657e+00 1.547435e+00 1.556665e+00 1.566361e+00 1.576539e+00 1.587215e+00 1.598404e+00 1.610124e+00 1.622394e+00 1.635233e+00 1.648660e+00 1.662696e+00 1.677363e+00 1.692685e+00 1.708684e+00 1.725386e+00 1.742816e+00 1.761002e+00 1.779971e+00 1.799754e+00 1.820381e+00 1.841885e+00 1.864297e+00 1.887654e+00 1.911991e+00 1.937347e+00 1.980127e+00 2.036376e+00 2.089772e+00 2.140353e+00 2.188158e+00 2.233222e+00 2.275579e+00
1.275425e+00 1.265807e+00 1.255272e+00 1.243806e+00 1.231395e+00 1.218023e+00 1.203674e+00 1.185137e+00 1.164749e+00 1.145618e+00 1.127664e+00 1.110815e+00 1.095000e+00 1.080154e+00 1.066217e+00 1.053130e+00 1.040841e+00 1.029297e+00 1.018453e+00 1.008263e+00 9.986850e-01 9.896798e-01 9.812102e-01 9.732414e-01 9.657407e-01 9.586770e-01 9.520212e-01 9.457461e-01 9.398257e-01 9.342357e-01 9.289530e-01 9.239559e-01 9.192238e-01 9.147372e-01 9.104776e-01 9.064276e-01 9.025704e-01 8.988901e-01 8.953715e-01 8.920003e-01 8.887625e-01 8.856447e-01 8.826342e-01 8.797185e-01 8.768856e-01 8.741239e-01 8.714220e-01 8.687687e-01 8.661531e-01 8.635645e-01 8.609923e-01 8.584257e-01 8.558542e-01 8.532673e-01 8.506543e-01 8.480044e-01 8.453068e-01 8.425502e-01 8.397234e-01 8.368148e-01 8.338122e-01 8.307035e-01 8.274757e-01 8.241155e-01 8.206093e-01 8.169424e-01 8.130998e-01 8.090657e-01 8.048234e-01 8.003556e-01 7.956437e-01 7.906684e-01 7.854092e-01 7.799494e-01 7.748800e-01 7.700722e-01 7.655034e-01 7.611517e-01 7.569967e-01 7.530187e-01
1.468955e+00 1.466502e+00 1.463382e+00 1.459591e+00 1.455124e+00 1.449977e+00 1.444142e+00 1.435902e+00 1.426422e+00 1.417384e+00 1.408760e+00 1.400524e+00 1.392653e+00 1.385122e+00 1.377910e+00 1.370994e+00 1.364355e+00 1.357972e+00 1.351826e+00 1.345900e+00 1.340175e+00 1.334634e+00 1.329261e+00 1.324040e+00 1.318955e+00 1.313991e+00 1.309133e+00 1.304367e+00 1.299679e+00 1.295055e+00 1.290480e+00 1.285942e+00 1.281426e+00 1.276919e+00 1.272409e+00 1.267881e+00 1.263321e+00 1.258718e+00 1.254055e+00 1.249321e+00 1.244499e+00 1.239578e+00 1.234540e+00 1.229373e+00 1.224059e+00 1.218584e+00 1.212931e+00 1.207083e+00 1.201022e+00 1.194732e+00 1.188192e+00 1.181384e+00 1.174287e+00 1.166879e+00 1.159140e+00 1.151046e+00 1.142573e+00 1.133694e+00 1.124385e+00 1.114618e+00 1.104362e+00 1.093589e+00 1.082264e+00 1.070356e+00 1.057828e+00 1.044642e+00 1.030761e+00 1.016142e+00 1.000741e+00 9.845139e-01 9.674109e-01 9.493814e-01 9.303718e-01 9.143197e-01 9.028000e-01 8.917828e-01 8.812340e-01 8.711209e-01 8.614123e-01 8.520780e-01
1.320737e+00 1.312797e+00 1.303998e+00 1.294329e+00 1.283778e+00 1.272332e+00 1.259976e+00 1.249688e+00 1.242657e+00 1.235885e+00 1.229360e+00 1.223075e+00 1.217022e+00 1.211192e+00 1.205578e+00 1.200172e+00 1.194968e+00 1.189959e+00 1.185137e+00 1.180497e+00 1.176033e+00 1.171739e+00 1.167608e+00 1.163637e+00 1.159819e+00 1.156149e+00 1.152623e+00 1.149236e+00 1.145984e+00 1.142862e+00 1.139866e+00 1.136992e+00 1.134237e+00 1.131597e+00 1.129068e+00 1.126647e+00 1.124332e+00 1.122118e+00 1.120003e+00 1.117985e+00 1.116060e+00 1.114226e+00 1.112480e+00 1.110821e+00 1.109247e+00 1.107754e+00 1.106341e+00 1.105007e+00 1.103749e+00 1.102567e+00 1.101457e+00 1.100420e+00 1.099452e+00 1.098555e+00 1.097725e+00 1.096962e+00 1.096265e+00 1.095634e+00 1.095066e+00 1.094562e+00 1.094121e+00 1.093742e+00 1.093425e+00 1.093170e+00 1.092975e+00 1.092841e+00 1.092767e+00 1.092754e+00 1.092802e+00 1.092910e+00 1.093079e+00 1.093308e+00 1.093599e+00 1.093962e+00 1.093972e+00 1.093621e+00 1.092907e+00 1.091831e+00 1.090390e+00 1.088584e+00
1.352414e+00 1.345646e+00 1.338061e+00 1.329648e+00 1.320398e+00 1.310297e+00 1.299335e+00 1.289154e+00 1.281011e+00 1.273234e+00 1.265810e+00 1.258726e+00 1.251971e+00 1.245533e+00 1.239401e+00 1.233565e+00 1.228014e+00 1.222741e+00 1.217735e+00 1.212988e+00 1.208492e+00 1.204239e+00 1.200223e+00 1.196437e+00 1.192873e+00 1.189527e+00 1.186392e+00 1.183464e+00 1.180736e+00 1.178205e+00 1.175867e+00 1.173716e+00 1.171751e+00 1.169967e+00 1.168361e+00 1.166931e+00 1.165674e+00 1.164588e+00 1.163672e+00 1.162923e+00 1.162341e+00 1.161924e+00 1.161672e+00 1.161585e+00 1.161661e+00 1.161902e+00 1.162308e+00 1.162879e+00 1.163616e+00 1.164521e+00 1.165596e+00 1.166841e+00 1.168259e+00 1.169853e+00 1.171625e+00 1.173578e+00 1.175716e+00 1.178042e+00 1.180560e+00 1.183274e+00 1.186189e+00 1.189310e+00 1.192641e+00 1.196190e+00 1.199961e+00 1.203962e+00 1.208198e+00 1.212677e+00 1.217407e+00 1.222396e+00 1.227651e+00 1.233182e+00 1.238999e+00 1.245159e+00 1.250721e+00 1.255642e+00 1.259928e+00 1.263583e+00 1.266610e+00 1.269011e+00
1.813211e+00 1.823501e+00 1.833570e+00 1.843432e+00 1.853098e+00 1.862580e+00 1.871890e+00 1.882359e+00 1.893977e+00 1.905444e+00 1.916780e+00 1.928002e+00 1.939129e+00 1.950179e+00 1.961169e+00 1.972118e+00 1.983043e+00 1.993962e+00 2.004892e+00 2.015852e+00 2.026859e+00 2.037931e+00 2.049086e+00 2.060341e+00 2.071716e+00 2.083229e+00 2.094898e+00 2.106742e+00 2.118781e+00 2.131033e+00 2.143520e+00 2.156260e+00 2.169275e+00 2.182586e+00 2.196214e+00 2.210182e+00 2.224512e+00 2.239227e+00 2.254352e+00 2.269910e+00 2.285927e+00 2.302429e+00 2.319442e+00 2.336995e+00 2.355115e+00 2.373833e+00 2.393178e+00 2.413181e+00 2.433876e+00 2.455295e+00 2.477474e+00 2.500448e+00 2.524255e+00 2.548933e+00 2.574522e+00 2.601064e+00 2.628602e+00 2.657180e+00 2.686845e+00 2.717644e+00 2.749628e+00 2.782849e+00 2.817360e+00 2.853217e+00 2.890479e+00 2.929206e+00 2.969460e+00 3.011307e+00 3.054815e+00 3.100054e+00 3.147098e+00 3.196022e+00 3.246907e+00 3.311302e+00 3.383337e+00 3.451563e+00 3.515995e+00 3.576649e+00 3.633540e+00 3.686681e+00
1.247627e+00 1.236981e+00 1.225381e+00 1.212813e+00 1.199260e+00 1.184707e+00 1.169135e+00 1.151724e+00 1.134589e+00 1.118472e+00 1.103320e+00 1.089082e+00 1.075712e+00 1.063164e+00 1.051399e+00 1.040376e+00 1.030059e+00 1.020413e+00 1.011408e+00 1.003013e+00 9.952000e-01 9.879435e-01 9.812193e-01 9.750051e-01 9.692804e-01 9.640262e-01 9.592252e-01 9.548613e-01 9.509201e-01 9.473887e-01 9.442552e-01 9.415093e-01 9.391419e-01 9.371452e-01 9.355125e-01 9.342384e-01 9.333188e-01 9.327505e-01 9.325318e-01 9.326617e-01 9.331409e-01 9.339709e-01 9.351543e-01 9.366953e-01 9.385987e-01 9.408711e-01 9.435198e-01 9.465537e-01 9.499828e-01 9.538185e-01 9.580734e-01 9.627618e-01 9.678990e-01 9.735022e-01 9.795899e-01 9.861822e-01 9.933010e-01 1.000970e+00 1.009214e+00 1.018062e+00 1.027541e+00 1.037684e+00 1.048524e+00 1.060097e+00 1.072441e+00 1.085598e+00 1.099611e+00 1.114525e+00 1.130392e+00 1.147263e+00 1.165194e+00 1.184244e+00 1.204477e+00 1.221705e+00 1.233765e+00 1.244921e+00 1.255179e+00 1.264547e+00 1.273029e+00 1.280631e+00
1.620770e+00 1.623937e+00 1.626633e+00 1.628863e+00 1.630628e+00 1.631933e+00 1.632776e+00 1.633198e+00 1.633480e+00 1.633587e+00 1.633518e+00 1.633275e+00 1.632856e+00 1.632260e+00 1.631487e+00 1.630536e+00 1.629404e+00 1.628090e+00 1.626591e+00 1.624905e+00 1.623030e+00 1.620961e+00 1.618695e+00 1.616229e+00 1.613558e+00 1.610678e+00 1.607583e+00 1.604269e+00 1.600729e+00 1.596958e+00 1.592949e+00 1.588696e+00 1.584190e+00 1.579425e+00 1.574392e+00 1.569082e+00 1.563487e+00 1.557596e+00 1.551400e+00 1.544889e+00 1.538050e+00 1.530873e+00 1.523344e+00 1.515452e+00 1.507182e+00 1.498521e+00 1.489453e+00 1.479963e+00 1.470035e+00 1.459651e+00 1.448794e+00 1.437446e+00 1.425587e+00 1.413196e+00 1.400253e+00 1.386735e+00 1.372618e+00 1.357880e+00 1.342494e+00 1.326435e+00 1.309674e+00 1.292183e+00 1.273933e+00 1.254891e+00 1.235025e+00 1.214302e+00 1.192685e+00 1.170137e+00 1.146621e+00 1.122095e+00 1.096518e+00 1.069846e+00 1.042033e+00 1.017483e+00 9.983371e-01 9.800867e-01 9.626778e-01 9.460588e-01 9.301805e-01 9.149958e-01
1.389371e+00 1.383972e+00 1.377803e+00 1.370856e+00 1.363122e+00 1.354592e+00 1.345256e+00 1.335710e+00 1.327107e+00 1.318821e+00 1.310837e+00 1.303139e+00 1.295713e+00 1.288546e+00 1.281622e+00 1.274930e+00 1.268456e+00 1.262188e+00 1.256115e+00 1.250224e+00 1.244505e+00 1.238947e+00 1.233539e+00 1.228270e+00 1.223132e+00 1.218114e+00 1.213207e+00 1.208401e+00 1.203687e+00 1.199056e+00 1.194500e+00 1.190010e+00 1.185577e+00 1.181193e+00 1.176850e+00 1.172539e+00 1.168253e+00 1.163982e+00 1.159719e+00 1.155457e+00 1.151186e+00 1.146898e+00 1.142587e+00 1.138243e+00 1.133857e+00 1.129423e+00 1.124931e+00 1.120373e+00 1.115741e+00 1.111024e+00 1.106215e+00 1.101305e+00 1.096284e+00 1.091142e+00 1.085870e+00 1.080458e+00 1.074895e+00 1.069171e+00 1.063276e+00 1.057197e+00 1.050924e+00 1.044444e+00 1.037745e+00 1.030815e+00 1.023640e+00 1.016207e+00 1.008502e+00 1.000509e+00 9.922148e-01 9.836024e-01 9.746557e-01 9.653578e-01 9.556911e-01 9.423688e-01 9.268416e-01 9.123007e-01 8.986736e-01 8.858924e-01 8.738935e-01 8.626171e-01
1.139091e+00 1.124427e+00 1.108668e+00 1.091796e+00 1.073788e+00 1.054622e+00 1.034275e+00 1.016183e+00 1.002304e+00 9.891406e-01 9.766625e-01 9.648390e-01 9.536419e-01 9.430440e-01 9.330200e-01 9.235456e-01 9.145981e-01 9.061558e-01 8.981986e-01 8.907071e-01 8.836634e-01 8.770506e-01 8.708526e-01 8.650547e-01 8.596427e-01 8.546038e-01 8.499257e-01 8.455971e-01 8.416078e-01 8.379480e-01 8.346090e-01 8.315827e-01 8.288618e-01 8.264397e-01 8.243108e-01 8.224697e-01 8.209122e-01 8.196343e-01 8.186331e-01 8.179062e-01 8.174518e-01 8.172688e-01 8.173567e-01 8.177158e-01 8.183470e-01 8.192517e-01 8.204321e-01 8.218911e-01 8.236323e-01 8.256597e-01 8.279782e-01 8.305935e-01 8.335119e-01 8.367403e-01 8.402866e-01 8.441593e-01 8.483676e-01 8.529219e-01 8.578329e-01 8.631125e-01 8.687735e-01 8.748294e-01 8.812950e-01 8.881856e-01 8.955179e-01 9.033096e-01 9.115794e-01 9.203473e-01 9.296343e-01 9.394628e-01 9.498565e-01 9.608404e-01 9.724409e-01 9.840313e-01 9.942182e-01 1.003664e+00 1.012376e+00 1.020362e+00 1.027627e+00 1.034176e+00
1.227120e+00 1.215715e+00 1.203329e+00 1.189947e+00 1.175553e+00 1.160129e+00 1.143654e+00 1.122290e+00 1.098774e+00 1.076818e+00 1.056318e+00 1.037177e+00 1.019307e+00 1.002623e+00 9.870480e-01 9.725082e-01 9.589358e-01 9.462670e-01 9.344427e-01 9.234073e-01 9.131093e-01 9.035003e-01 8.945353e-01 8.861724e-01 8.783724e-01 8.710987e-01 8.643173e-01 8.579963e-01 8.521062e-01 8.466194e-01 8.415102e-01 8.367546e-01 8.323304e-01 8.282168e-01 8.243946e-01 8.208459e-01 8.175540e-01 8.145035e-01 8.116801e-01 8.090707e-01 8.066629e-01 8.044455e-01 8.024081e-01 8.005412e-01 7.988360e-01 7.972845e-01 7.958795e-01 7.946144e-01 7.934833e-01 7.924807e-01 7.916022e-01 7.908435e-01 7.902011e-01 7.896719e-01 7.892536e-01 7.889441e-01 7.887420e-01 7.886463e-01 7.886566e-01 7.887730e-01 7.889960e-01 7.893266e-01 7.897664e-01 7.903174e-01 7.909822e-01 7.917640e-01 7.926664e-01 7.936936e-01 7.948505e-01 7.961424e-01 7.975754e-01 7.991563e-01 8.008924e-01 8.023591e-01 8.031684e-01 8.037547e-01 8.041192e-01 8.042627e-01 8.041855e-01 8.038875e-01
1.707169e+00 1.713534e+00 1.719540e+00 1.725196e+00 1.730509e+00 1.735484e+00 1.740129e+00 1.744049e+00 1.747428e+00 1.750670e+00 1.753780e+00 1.756759e+00 1.759613e+00 1.762343e+00 1.764953e+00 1.767446e+00 1.769824e+00 1.772089e+00 1.774246e+00 1.776294e+00 1.778238e+00 1.780079e+00 1.781819e+00 1.783460e+00 1.785003e+00 1.786451e+00 1.787805e+00 1.789066e+00 1.790236e+00 1.791316e+00 1.792308e+00 1.793211e+00 1.794028e+00 1.794759e+00 1.795406e+00 1.795968e+00 1.796446e+00 1.796841e+00 1.797153e+00 1.797383e+00 1.797531e+00 1.797597e+00 1.797580e+00 1.797482e+00 1.797302e+00 1.797040e+00 1.796695e+00 1.796267e+00 1.795756e+00 1.795161e+00 1.794481e+00 1.793716e+00 1.792865e+00 1.791927e+00 1.790901e+00 1.789785e+00 1.788579e+00 1.787282e+00 1.785891e+00 1.784406e+00 1.782824e+00 1.781144e+00 1.779365e+00 1.777484e+00 1.775499e+00 1.773408e+00 1.771209e+00 1.768899e+00 1.766476e+00 1.763938e+00 1.761281e+00 1.758502e+00 1.755599e+00 1.753101e+00 1.750516e+00 1.747311e+00 1.743486e+00 1.739037e+00 1.733965e+00 1.728266e+00
1.115322e+00 1.099778e+00 1.083109e+00 1.065293e+00 1.046310e+00 1.026134e+00 1.004741e+00 9.855574e-01 9.706506e-01 9.565283e-01 9.431539e-01 9.304927e-01 9.185117e-01 9.071799e-01 8.964677e-01 8.863474e-01 8.767927e-01 8.677787e-01 8.592820e-01 8.512805e-01 8.437535e-01 8.366815e-01 8.300459e-01 8.238296e-01 8.180165e-01 8.125914e-01 8.075402e-01 8.028499e-01 7.985082e-01 7.945038e-01 7.908264e-01 7.874664e-01 7.844150e-01 7.816644e-01 7.792074e-01 7.770376e-01 7.751493e-01 7.735377e-01 7.721986e-01 7.711285e-01 7.703246e-01 7.697849e-01 7.695078e-01 7.694928e-01 7.697397e-01 7.702493e-01 7.710228e-01 7.720622e-01 7.733703e-01 7.749504e-01 7.768066e-01 7.789438e-01 7.813676e-01 7.840842e-01 7.871006e-01 7.904248e-01 7.940653e-01 7.980316e-01 8.023340e-01 8.069837e-01 8.119928e-01 8.173743e-01 8.231422e-01 8.293114e-01 8.358979e-01 8.429190e-01 8.503928e-01 8.583387e-01 8.667775e-01 8.757310e-01 8.852224e-01 8.952765e-01 9.059193e-01 9.158356e-01 9.237716e-01 9.310762e-01 9.377547e-01 9.438123e-01 9.492534e-01 9.540821e-01
1.940222e+00 1.955213e+00 1.970149e+00 1.985047e+00 1.999927e+00 2.014806e+00 2.029704e+00 2.042058e+00 2.051400e+00 2.060318e+00 2.068817e+00 2.076902e+00 2.084577e+00 2.091848e+00 2.098718e+00 2.105191e+00 2.111272e+00 2.116964e+00 2.122270e+00 2.127194e+00 2.131738e+00 2.135905e+00 2.139697e+00 2.143117e+00 2.146167e+00 2.148849e+00 2.151164e+00 2.153113e+00 2.154698e+00 2.155919e+00 2.156778e+00 2.157274e+00 2.157409e+00 2.157182e+00 2.156593e+00 2.155641e+00 2.154327e+00 2.152649e+00 2.150607e+00 2.148198e+00 2.145423e+00 2.142278e+00 2.138763e+00 2.134875e+00 2.130612e+00 2.125972e+00 2.120950e+00 2.115546e+00 2.109755e+00 2.103574e+00 2.097000e+00 2.090028e+00 2.082654e+00 2.074874e+00 2.066684e+00 2.058079e+00 2.049053e+00 2.039601e+00 2.029718e+00 2.019398e+00 2.008634e+00 1.997421e+00 1.985752e+00 1.973619e+00 1.961016e+00 1.947935e+00 1.934369e+00 1.920309e+00 1.905747e+00 1.890675e+00 1.875084e+00 1.858964e+00 1.842306e+00 1.822335e+00 1.800103e+00 1.778345e+00 1.757026e+00 1.736117e+00 1.715586e+00 1.695404e+00
1.215345e+00 1.203504e+00 1.190667e+00 1.176818e+00 1.161941e+00 1.146015e+00 1.129023e+00 1.111689e+00 1.095948e+00 1.081006e+00 1.066822e+00 1.053355e+00 1.040568e+00 1.028425e+00 1.016891e+00 1.005933e+00 9.955212e-01 9.856259e-01 9.762189e-01 9.672739e-01 9.587655e-01 9.506697e-01 9.429638e-01 9.356259e-01 9.286353e-01 9.219724e-01 9.156182e-01 9.095549e-01 9.037654e-01 8.982333e-01 8.929430e-01 8.878795e-01 8.830287e-01 8.783767e-01 8.739106e-01 8.696175e-01 8.654856e-01 8.615030e-01 8.576585e-01 8.539414e-01 8.503410e-01 8.468473e-01 8.434504e-01 8.401406e-01 8.369087e-01 8.337456e-01 8.306422e-01 8.275899e-01 8.245801e-01 8.216042e-01 8.186538e-01 8.157206e-01 8.127964e-01 8.098728e-01 8.069417e-01 8.039947e-01 8.010236e-01 7.980199e-01 7.949752e-01 7.918809e-01 7.887283e-01 7.855084e-01 7.822121e-01 7.788303e-01 7.753532e-01 7.717712e-01 7.680741e-01 7.642514e-01 7.602924e-01 7.561859e-01 7.519203e-01 7.474836e-01 7.428633e-01 7.382011e-01 7.338309e-01 7.295843e-01 7.254483e-01 7.214099e-01 7.174568e-01 7.135767e-01
1.561250e+00 1.562213e+00 1.562629e+00 1.562499e+00 1.561821e+00 1.560596e+00 1.558821e+00 1.556933e+00 1.555658e+00 1.554555e+00 1.553623e+00 1.552861e+00 1.552269e+00 1.551845e+00 1.551590e+00 1.551502e+00 1.551582e+00 1.551831e+00 1.552247e+00 1.552832e+00 1.553586e+00 1.554511e+00 1.555607e+00 1.556875e+00 1.558317e+00 1.559934e+00 1.561728e+00 1.563702e+00 1.565857e+00 1.568196e+00 1.570721e+00 1.573436e+00 1.576342e+00 1.579444e+00 1.582746e+00 1.586249e+00 1.589959e+00 1.593880e+00 1.598016e+00 1.602371e+00 1.606950e+00 1.611759e+00 1.616803e+00 1.622088e+00 1.627618e+00 1.633402e+00 1.639444e+00 1.645752e+00 1.652332e+00 1.659192e+00 1.666340e+00 1.673784e+00 1.681531e+00 1.689591e+00 1.697972e+00 1.706684e+00 1.715736e+00 1.725139e+00 1.734903e+00 1.745038e+00 1.755557e+00 1.766470e+00 1.777791e+00 1.789531e+00 1.801703e+00 1.814321e+00 1.827400e+00 1.840953e+00 1.854996e+00 1.869545e+00 1.884615e+00 1.900223e+00 1.916387e+00 1.932992e+00 1.948110e+00 1.961878e+00 1.974295e+00 1.985364e+00 1.995084e+00 2.003457e+00
1.158009e+00 1.144045e+00 1.129011e+00 1.112889e+00 1.095658e+00 1.077296e+00 1.057781e+00 1.036795e+00 1.016792e+00 9.979916e-01 9.803243e-01 9.637244e-01 9.481302e-01 9.334838e-01 9.197310e-01 9.068207e-01 8.947049e-01 8.833387e-01 8.726799e-01 8.626890e-01 8.533288e-01 8.445647e-01 8.363641e-01 8.286966e-01 8.215336e-01 8.148488e-01 8.086171e-01 8.028155e-01 7.974226e-01 7.924181e-01 7.877837e-01 7.835020e-01 7.795572e-01 7.759346e-01 7.726209e-01 7.696036e-01 7.668717e-01 7.644149e-01 7.622242e-01 7.602914e-01 7.586094e-01 7.571718e-01 7.559734e-01 7.550098e-01 7.542772e-01 7.537732e-01 7.534956e-01 7.534436e-01 7.536169e-01 7.540162e-01 7.546430e-01 7.554995e-01 7.565890e-01 7.579155e-01 7.594840e-01 7.613001e-01 7.633708e-01 7.657037e-01 7.683074e-01 7.711915e-01 7.743669e-01 7.778453e-01 7.816395e-01 7.857638e-01 7.902333e-01 7.950646e-01 8.002758e-01 8.058862e-01 8.119164e-01 8.183891e-01 8.253281e-01 8.327592e-01 8.407100e-01 8.503939e-01 8.605110e-01 8.699076e-01 8.786116e-01 8.866491e-01 8.940439e-01 9.008181e-01
2.219274e+00 2.244595e+00 2.270222e+00 2.296187e+00 2.322522e+00 2.349260e+00 2.376435e+00 2.399198e+00 2.416419e+00 2.432990e+00 2.448916e+00 2.464204e+00 2.478860e+00 2.492891e+00 2.506301e+00 2.519096e+00 2.531281e+00 2.542861e+00 2.553841e+00 2.564224e+00 2.574016e+00 2.583220e+00 2.591839e+00 2.599878e+00 2.607339e+00 2.614225e+00 2.620540e+00 2.626285e+00 2.631463e+00 2.636076e+00 2.640126e+00 2.643614e+00 2.646542e+00 2.648912e+00 2.650723e+00 2.651977e+00 2.652674e+00 2.652815e+00 2.652399e+00 2.651426e+00 2.649897e+00 2.647810e+00 2.645164e+00 2.641959e+00 2.638193e+00 2.633865e+00 2.628973e+00 2.623515e+00 2.617488e+00 2.610891e+00 2.603721e+00 2.595975e+00 2.587649e+00 2.578741e+00 2.569247e+00 2.559163e+00 2.548485e+00 2.537209e+00 2.525331e+00 2.512845e+00 2.499746e+00 2.486030e+00 2.471691e+00 2.456723e+00 2.441120e+00 2.424876e+00 2.407984e+00 2.390438e+00 2.372231e+00 2.353355e+00 2.333803e+00 2.313567e+00 2.292638e+00 2.270850e+00 2.248930e+00 2.227024e+00 2.205114e+00 2.183186e+00 2.161223e+00 2.139209e+00
1.390505e+00 1.385148e+00 1.379022e+00 1.372120e+00 1.364433e+00 1.355952e+00 1.346665e+00 1.334612e+00 1.321353e+00 1.308797e+00 1.296903e+00 1.285635e+00 1.274957e+00 1.264834e+00 1.255236e+00 1.246132e+00 1.237493e+00 1.229291e+00 1.221502e+00 1.214100e+00 1.207063e+00 1.200367e+00 1.193992e+00 1.187918e+00 1.182126e+00 1.176596e+00 1.171313e+00 1.166259e+00 1.161418e+00 1.156775e+00 1.152315e+00 1.148025e+00 1.143890e+00 1.139899e+00 1.136037e+00 1.132293e+00 1.128655e+00 1.125112e+00 1.121653e+00 1.118266e+00 1.114941e+00 1.111667e+00 1.108435e+00 1.105233e+00 1.102052e+00 1.098882e+00 1.095712e+00 1.092534e+00 1.089336e+00 1.086108e+00 1.082842e+00 1.079525e+00 1.076148e+00 1.072700e+00 1.069170e+00 1.065548e+00 1.061821e+00 1.057978e+00 1.054006e+00 1.049894e+00 1.045628e+00 1.041195e+00 1.036581e+00 1.031771e+00 1.026750e+00 1.021502e+00 1.016011e+00 1.010259e+00 1.004229e+00 9.979009e-01 9.912551e-01 9.842705e-01 9.769253e-01 9.683922e-01 9.596055e-01 9.513261e-01 9.435135e-01 9.361296e-01 9.291382e-01 9.225051e-01
1.436046e+00 1.432375e+00 1.427994e+00 1.422898e+00 1.417080e+00 1.410534e+00 1.403251e+00 1.395988e+00 1.389647e+00 1.383451e+00 1.377390e+00 1.371457e+00 1.365640e+00 1.359932e+00 1.354323e+00 1.348804e+00 1.343367e+00 1.338004e+00 1.332706e+00 1.327464e+00 1.322271e+00 1.317118e+00 1.311998e+00 1.306902e+00 1.301823e+00 1.296752e+00 1.291682e+00 1.286604e+00 1.281512e+00 1.276396e+00 1.271249e+00 1.266063e+00 1.260829e+00 1.255540e+00 1.250188e+00 1.244763e+00 1.239258e+00 1.233664e+00 1.227972e+00 1.222173e+00 1.216259e+00 1.210219e+00 1.204046e+00 1.197728e+00 1.191256e+00 1.184620e+00 1.177810e+00 1.170815e+00 1.163624e+00 1.156225e+00 1.148608e+00 1.140761e+00 1.132671e+00 1.124325e+00 1.115711e+00 1.106815e+00 1.097623e+00 1.088121e+00 1.078294e+00 1.068127e+00 1.057603e+00 1.046707e+00 1.035422e+00 1.023729e+00 1.011611e+00 9.990479e-01 9.860214e-01 9.725105e-01 9.584942e-01 9.439507e-01 9.288573e-01 9.131903e-01 8.969254e-01 8.827288e-01 8.715740e-01 8.607474e-01 8.502278e-01 8.399947e-01 8.300280e-01 8.203082e-01
1.394463e+00 1.389252e+00 1.383277e+00 1.376532e+00 1.369008e+00 1.360694e+00 1.351582e+00 1.343349e+00 1.337003e+00 1.330846e+00 1.324871e+00 1.319068e+00 1.313430e+00 1.307949e+00 1.302618e+00 1.297428e+00 1.292374e+00 1.287448e+00 1.282643e+00 1.277953e+00 1.273371e+00 1.268891e+00 1.264507e+00 1.260213e+00 1.256002e+00 1.251870e+00 1.247810e+00 1.243817e+00 1.239885e+00 1.236009e+00 1.232184e+00 1.228404e+00 1.224664e+00 1.220959e+00 1.217284e+00 1.213634e+00 1.210003e+00 1.206388e+00 1.202782e+00 1.199182e+00 1.195581e+00 1.191975e+00 1.188359e+00 1.184729e+00 1.181078e+00 1.177403e+00 1.173698e+00 1.169957e+00 1.166176e+00 1.162350e+00 1.158473e+00 1.154541e+00 1.150546e+00 1.146485e+00 1.142352e+00 1.138140e+00 1.133844e+00 1.129458e+00 1.124977e+00 1.120393e+00 1.115701e+00 1.110894e+00 1.105966e+00 1.100910e+00 1.095718e+00 1.090384e+00 1.084901e+00 1.079260e+00 1.073455e+00 1.067476e+00 1.061317e+00 1.054968e+00 1.048420e+00 1.035981e+00 1.019080e+00 1.003312e+00 9.885906e-01 9.748347e-01 9.619698e-01 9.499256e-01
2.675367e+00 2.717571e+00 2.760673e+00 2.804725e+00 2.849784e+00 2.895904e+00 2.943144e+00 2.982024e+00 3.010547e+00 3.038258e+00 3.065165e+00 3.091274e+00 3.116591e+00 3.141121e+00 3.164871e+00 3.187846e+00 3.210052e+00 3.231493e+00 3.252175e+00 3.272102e+00 3.291280e+00 3.309712e+00 3.327403e+00 3.344357e+00 3.360579e+00 3.376071e+00 3.390837e+00 3.404882e+00 3.418207e+00 3.430817e+00 3.442715e+00 3.453902e+00 3.464382e+00 3.474157e+00 3.483230e+00 3.491602e+00 3.499275e+00 3.506252e+00 3.512534e+00 3.518122e+00 3.523017e+00 3.527222e+00 3.530736e+00 3.533561e+00 3.535698e+00 3.537146e+00 3.537906e+00 3.537979e+00 3.537363e+00 3.536060e+00 3.534069e+00 3.531390e+00 3.528021e+00 3.523962e+00 3.519212e+00 3.513770e+00 3.507635e+00 3.500805e+00 3.493278e+00 3.485054e+00 3.476129e+00 3.466502e+00 3.456171e+00 3.445133e+00 3.433386e+00 3.420927e+00 3.407752e+00 3.393860e+00 3.379246e+00 3.363907e+00 3.347840e+00 3.331040e+00 3.313505e+00 3.290422e+00 3.262375e+00 3.234151e+00 3.205732e+00 3.177100e+00 3.148236e+00 3.119121e+00
1.234719e+00 1.223595e+00 1.211501e+00 1.198421e+00 1.184338e+00 1.169237e+00 1.153096e+00 1.139054e+00 1.128641e+00 1.118683e+00 1.109161e+00 1.100059e+00 1.091360e+00 1.083048e+00 1.075109e+00 1.067527e+00 1.060290e+00 1.053384e+00 1.046797e+00 1.040517e+00 1.034532e+00 1.028832e+00 1.023407e+00 1.018246e+00 1.013341e+00 1.008682e+00 1.004262e+00 1.000071e+00 9.961031e-01 9.923505e-01 9.888066e-01 9.854650e-01 9.823195e-01 9.793645e-01 9.765948e-01 9.740053e-01 9.715913e-01 9.693484e-01 9.672727e-01 9.653603e-01 9.636079e-01 9.620122e-01 9.605704e-01 9.592799e-01 9.581384e-01 9.571437e-01 9.562941e-01 9.555881e-01 9.550244e-01 9.546019e-01 9.543199e-01 9.541779e-01 9.541757e-01 9.543132e-01 9.545907e-01 9.550087e-01 9.555679e-01 9.562694e-01 9.571143e-01 9.581043e-01 9.592412e-01 9.605269e-01 9.619638e-01 9.635545e-01 9.653019e-01 9.672091e-01 9.692796e-01 9.715170e-01 9.739255e-01 9.765094e-01 9.792733e-01 9.822222e-01 9.853615e-01 9.891830e-01 9.930408e-01 9.964551e-01 9.994312e-01 1.001974e+00 1.004088e+00 1.005776e+00
2.278775e+00 2.306299e+00 2.334206e+00 2.362531e+00 2.391308e+00 2.420575e+00 2.450368e+00 2.473240e+00 2.488009e+00 2.502164e+00 2.515707e+00 2.528643e+00 2.540975e+00 2.552706e+00 2.563838e+00 2.574376e+00 2.584322e+00 2.593678e+00 2.602447e+00 2.610630e+00 2.618232e+00 2.625252e+00 2.631694e+00 2.637558e+00 2.642847e+00 2.647561e+00 2.651703e+00 2.655272e+00 2.658271e+00 2.660699e+00 2.662557e+00 2.663847e+00 2.664568e+00 2.664720e+00 2.664304e+00 2.663319e+00 2.661765e+00 2.659641e+00 2.656948e+00 2.653685e+00 2.649850e+00 2.645442e+00 2.640461e+00 2.634905e+00 2.628773e+00 2.622062e+00 2.614772e+00 2.606901e+00 2.598445e+00 2.589404e+00 2.579774e+00 2.569554e+00 2.558740e+00 2.547330e+00 2.535320e+00 2.522708e+00 2.509491e+00 2.495664e+00 2.481224e+00 2.466167e+00 2.450490e+00 2.434188e+00 2.417257e+00 2.399693e+00 2.381491e+00 2.362646e+00 2.343153e+00 2.323007e+00 2.302203e+00 2.280736e+00 2.258599e+00 2.235787e+00 2.212294e+00 2.180161e+00 2.141270e+00 2.103518e+00 2.066846e+00 2.031200e+00 1.996525e+00 1.962769e+00
1.406522e+00 1.401758e+00 1.396245e+00 1.389978e+00 1.382949e+00 1.375148e+00 1.366566e+00 1.358187e+00 1.351118e+00 1.344356e+00 1.337888e+00 1.331703e+00 1.325792e+00 1.320144e+00 1.314750e+00 1.309600e+00 1.304686e+00 1.300000e+00 1.295534e+00 1.291280e+00 1.287231e+00 1.283380e+00 1.279721e+00 1.276248e+00 1.272954e+00 1.269835e+00 1.266885e+00 1.264099e+00 1.261472e+00 1.258999e+00 1.256678e+00 1.254503e+00 1.252472e+00 1.250580e+00 1.248825e+00 1.247204e+00 1.245713e+00 1.244350e+00 1.243114e+00 1.242002e+00 1.241011e+00 1.240141e+00 1.239390e+00 1.238757e+00 1.238240e+00 1.237840e+00 1.237554e+00 1.237383e+00 1.237326e+00 1.237383e+00 1.237555e+00 1.237841e+00 1.238242e+00 1.238759e+00 1.239393e+00 1.240144e+00 1.241014e+00 1.242005e+00 1.243118e+00 1.244355e+00 1.245718e+00 1.247209e+00 1.248831e+00 1.250586e+00 1.252479e+00 1.254511e+00 1.256686e+00 1.259007e+00 1.261480e+00 1.264108e+00 1.266894e+00 1.269845e+00 1.272965e+00 1.276691e+00 1.280325e+00 1.283442e+00 1.286047e+00 1.288144e+00 1.289736e+00 1.290825e+00
1.614578e+00 1.617515e+00 1.619975e+00 1.621959e+00 1.623470e+00 1.624511e+00 1.625083e+00 1.625221e+00 1.625326e+00 1.625362e+00 1.625329e+00 1.625227e+00 1.625057e+00 1.624816e+00 1.624506e+00 1.624124e+00 1.623671e+00 1.623144e+00 1.622543e+00 1.621866e+00 1.621111e+00 1.620277e+00 1.619360e+00 1.618360e+00 1.617273e+00 1.616096e+00 1.614827e+00 1.613462e+00 1.611998e+00 1.610430e+00 1.608756e+00 1.606971e+00 1.605069e+00 1.603047e+00 1.600899e+00 1.598620e+00 1.596203e+00 1.593643e+00 1.590933e+00 1.588066e+00 1.585034e+00 1.581831e+00 1.578448e+00 1.574875e+00 1.571105e+00 1.567127e+00 1.562931e+00 1.558506e+00 1.553841e+00 1.548925e+00 1.543744e+00 1.538286e+00 1.532535e+00 1.526479e+00 1.520100e+00 1.513383e+00 1.506311e+00 1.498865e+00 1.491026e+00 1.482775e+00 1.474090e+00 1.464949e+00 1.455329e+00 1.445204e+00 1.434550e+00 1.423338e+00 1.411541e+00 1.399127e+00 1.386065e+00 1.372322e+00 1.357863e+00 1.342649e+00 1.326644e+00 1.313822e+00 1.305101e+00 1.296449e+00 1.287851e+00 1.279292e+00 1.270756e+00 1.262229e+00
2.265948e+00 2.292997e+00 2.320413e+00 2.348228e+00 2.376479e+00 2.405201e+00 2.434429e+00 2.459041e+00 2.477764e+00 2.495765e+00 2.513050e+00 2.529625e+00 2.545496e+00 2.560670e+00 2.575152e+00 2.588947e+00 2.602061e+00 2.614498e+00 2.626262e+00 2.637359e+00 2.647791e+00 2.657564e+00 2.666680e+00 2.675143e+00 2.682956e+00 2.690122e+00 2.696644e+00 2.702523e+00 2.707763e+00 2.712364e+00 2.716330e+00 2.719660e+00 2.722357e+00 2.724421e+00 2.725854e+00 2.726655e+00 2.726825e+00 2.726364e+00 2.725272e+00 2.723548e+00 2.721193e+00 2.718204e+00 2.714581e+00 2.710322e+00 2.705427e+00 2.699893e+00 2.693717e+00 2.686899e+00 2.679435e+00 2.671323e+00 2.662559e+00 2.653141e+00 2.643065e+00 2.632326e+00 2.620923e+00 2.608849e+00 2.596101e+00 2.582674e+00 2.568563e+00 2.553762e+00 2.538267e+00 2.522072e+00 2.505171e+00 2.487557e+00 2.469224e+00 2.450166e+00 2.430375e+00 2.409844e+00 2.388565e+00 2.366531e+00 2.343734e+00 2.320165e+00 2.295815e+00 2.270349e+00 2.244783e+00 2.219420e+00 2.194241e+00 2.169223e+00 2.144345e+00 2.119588e+00
1.413945e+00 1.409455e+00 1.404228e+00 1.398255e+00 1.391530e+00 1.384045e+00 1.375790e+00 1.364384e+00 1.351365e+00 1.339059e+00 1.327426e+00 1.316427e+00 1.306023e+00 1.296182e+00 1.286869e+00 1.278054e+00 1.269707e+00 1.261800e+00 1.254307e+00 1.247202e+00 1.240462e+00 1.234064e+00 1.227987e+00 1.222210e+00 1.216714e+00 1.211481e+00 1.206493e+00 1.201733e+00 1.197186e+00 1.192837e+00 1.188670e+00 1.184671e+00 1.180828e+00 1.177128e+00 1.173557e+00 1.170105e+00 1.166759e+00 1.163509e+00 1.160343e+00 1.157251e+00 1.154223e+00 1.151248e+00 1.148316e+00 1.145418e+00 1.142544e+00 1.139684e+00 1.136829e+00 1.133969e+00 1.131095e+00 1.128196e+00 1.125264e+00 1.122288e+00 1.119259e+00 1.116166e+00 1.112999e+00 1.109747e+00 1.106400e+00 1.102946e+00 1.099373e+00 1.095671e+00 1.091826e+00 1.087825e+00 1.083655e+00 1.079302e+00 1.074752e+00 1.069989e+00 1.064997e+00 1.059760e+00 1.054260e+00 1.048479e+00 1.042397e+00 1.035994e+00 1.029249e+00 1.024520e+00 1.021943e+00 1.019132e+00 1.016084e+00 1.012797e+00 1.009267e+00 1.005490e+00
3.291546e+00 3.356560e+00 3.423270e+00 3.491758e+00 3.562112e+00 3.634417e+00 3.708766e+00 3.768156e+00 3.809402e+00 3.849604e+00 3.888766e+00 3.926891e+00 3.963983e+00 4.000044e+00 4.035079e+00 4.069090e+00 4.102080e+00 4.134053e+00 4.165010e+00 4.194955e+00 4.223891e+00 4.251820e+00 4.278744e+00 4.304666e+00 4.329588e+00 4.353513e+00 4.376442e+00 4.398378e+00 4.419322e+00 4.439277e+00 4.458243e+00 4.476224e+00 4.493220e+00 4.509233e+00 4.524264e+00 4.538316e+00 4.551388e+00 4.563482e+00 4.574599e+00 4.584741e+00 4.593907e+00 4.602100e+00 4.609319e+00 4.615565e+00 4.620839e+00 4.625142e+00 4.628473e+00 4.630833e+00 4.632223e+00 4.632641e+00 4.632089e+00 4.630567e+00 4.628073e+00 4.624608e+00 4.620172e+00 4.614764e+00 4.608384e+00 4.601032e+00 4.592705e+00 4.583405e+00 4.573129e+00 4.561878e+00 4.549649e+00 4.536443e+00 4.522257e+00 4.507091e+00 4.490943e+00 4.473811e+00 4.455695e+00 4.436593e+00 4.416502e+00 4.395422e+00 4.373350e+00 4.344575e+00 4.309507e+00 4.273844e+00 4.237572e+00 4.200680e+00 4.163156e+00 4.124986e+00
1.304017e+00 1.295458e+00 1.286018e+00 1.275686e+00 1.264449e+00 1.252292e+00 1.239200e+00 1.228159e+00 1.220570e+00 1.213419e+00 1.206696e+00 1.200391e+00 1.194493e+00 1.188994e+00 1.183885e+00 1.179159e+00 1.174808e+00 1.170826e+00 1.167206e+00 1.163943e+00 1.161032e+00 1.158468e+00 1.156248e+00 1.154368e+00 1.152825e+00 1.151617e+00 1.150743e+00 1.150200e+00 1.149988e+00 1.150106e+00 1.150555e+00 1.151336e+00 1.152449e+00 1.153896e+00 1.155680e+00 1.157804e+00 1.160269e+00 1.163082e+00 1.166244e+00 1.169762e+00 1.173641e+00 1.177887e+00 1.182506e+00 1.187506e+00 1.192893e+00 1.198677e+00 1.204866e+00 1.211470e+00 1.218498e+00 1.225962e+00 1.233873e+00 1.242242e+00 1.251084e+00 1.260411e+00 1.270238e+00 1.280580e+00 1.291452e+00 1.302872e+00 1.314856e+00 1.327424e+00 1.340593e+00 1.354386e+00 1.368822e+00 1.383924e+00 1.399715e+00 1.416219e+00 1.433462e+00 1.451469e+00 1.470269e+00 1.489890e+00 1.510362e+00 1.531717e+00 1.553988e+00 1.579868e+00 1.606838e+00 1.632239e+00 1.656074e+00 1.678347e+00 1.699059e+00 1.718213e+00
1.331108e+00 1.323552e+00 1.315150e+00 1.305893e+00 1.295767e+00 1.284762e+00 1.272862e+00 1.258760e+00 1.244198e+00 1.230425e+00 1.217401e+00 1.205084e+00 1.193437e+00 1.182425e+00 1.172014e+00 1.162172e+00 1.152870e+00 1.144079e+00 1.135772e+00 1.127924e+00 1.120511e+00 1.113510e+00 1.106901e+00 1.100662e+00 1.094775e+00 1.089221e+00 1.083985e+00 1.079050e+00 1.074400e+00 1.070022e+00 1.065903e+00 1.062029e+00 1.058389e+00 1.054972e+00 1.051768e+00 1.048766e+00 1.045958e+00 1.043335e+00 1.040888e+00 1.038612e+00 1.036497e+00 1.034539e+00 1.032731e+00 1.031068e+00 1.029544e+00 1.028155e+00 1.026897e+00 1.025765e+00 1.024757e+00 1.023869e+00 1.023099e+00 1.022444e+00 1.021902e+00 1.021472e+00 1.021153e+00 1.020942e+00 1.020840e+00 1.020847e+00 1.020962e+00 1.021185e+00 1.021518e+00 1.021962e+00 1.022517e+00 1.023186e+00 1.023970e+00 1.024872e+00 1.025895e+00 1.027041e+00 1.028315e+00 1.029720e+00 1.031260e+00 1.032941e+00 1.034766e+00 1.037107e+00 1.039508e+00 1.041611e+00 1.043426e+00 1.044959e+00 1.046215e+00 1.047200e+00
2.309092e+00 2.337738e+00 2.366806e+00 2.396333e+00 2.426355e+00 2.456910e+00 2.488037e+00 2.513098e+00 2.530779e+00 2.547762e+00 2.564052e+00 2.579653e+00 2.594569e+00 2.608806e+00 2.622368e+00 2.635258e+00 2.647480e+00 2.659038e+00 2.669936e+00 2.680177e+00 2.689763e+00 2.698697e+00 2.706983e+00 2.714622e+00 2.721617e+00 2.727970e+00 2.733683e+00 2.738757e+00 2.743195e+00 2.746997e+00 2.750164e+00 2.752697e+00 2.754598e+00 2.755866e+00 2.756503e+00 2.756508e+00 2.755881e+00 2.754622e+00 2.752731e+00 2.750207e+00 2.747049e+00 2.743257e+00 2.738829e+00 2.733764e+00 2.728061e+00 2.721718e+00 2.714732e+00 2.707103e+00 2.698827e+00 2.689902e+00 2.680326e+00 2.670095e+00 2.659208e+00 2.647659e+00 2.635447e+00 2.622567e+00 2.609016e+00 2.594789e+00 2.579882e+00 2.564292e+00 2.548013e+00 2.531040e+00 2.513369e+00 2.494994e+00 2.475910e+00 2.456111e+00 2.435592e+00 2.414345e+00 2.392366e+00 2.369647e+00 2.346181e+00 2.321962e+00 2.296983e+00 2.272752e+00 2.249996e+00 2.227189e+00 2.204318e+00 2.181369e+00 2.158332e+00 2.135193e+00
1.648741e+00 1.652943e+00 1.656711e+00 1.660050e+00 1.662964e+00 1.665457e+00 1.667531e+00 1.668831e+00 1.669552e+00 1.670053e+00 1.670335e+00 1.670397e+00 1.670241e+00 1.669866e+00 1.669271e+00 1.668456e+00 1.667421e+00 1.666165e+00 1.664686e+00 1.662985e+00 1.661059e+00 1.658907e+00 1.656528e+00 1.653921e+00 1.651082e+00 1.648010e+00 1.644704e+00 1.641159e+00 1.637375e+00 1.633348e+00 1.629076e+00 1.624555e+00 1.619781e+00 1.614753e+00 1.609465e+00 1.603915e+00 1.598098e+00 1.592010e+00 1.585647e+00 1.579004e+00 1.572076e+00 1.564859e+00 1.557347e+00 1.549535e+00 1.541417e+00 1.532987e+00 1.524240e+00 1.515169e+00 1.505768e+00 1.496029e+00 1.485946e+00 1.475511e+00 1.464718e+00 1.453558e+00 1.442024e+00 1.430106e+00 1.417797e+00 1.405088e+00 1.391969e+00 1.378432e+00 1.364466e+00 1.350061e+00 1.335207e+00 1.319894e+00 1.304110e+00 1.287844e+00 1.271085e+00 1.253820e+00 1.236037e+00 1.217723e+00 1.198865e+00 1.179450e+00 1.159463e+00 1.138601e+00 1.118200e+00 1.098510e+00 1.079492e+00 1.061109e+00 1.043327e+00 1.026110e+00
1.643431e+00 1.647436e+00 1.651000e+00 1.654129e+00 1.656825e+00 1.659092e+00 1.660933e+00 1.662754e+00 1.664828e+00 1.666757e+00 1.668543e+00 1.670192e+00 1.671708e+00 1.673092e+00 1.674350e+00 1.675483e+00 1.676494e+00 1.677386e+00 1.678160e+00 1.678819e+00 1.679363e+00 1.679794e+00 1.680113e+00 1.680320e+00 1.680417e+00 1.680403e+00 1.680278e+00 1.680043e+00 1.679695e+00 1.679236e+00 1.678663e+00 1.677976e+00 1.677172e+00 1.676251e+00 1.675209e+00 1.674045e+00 1.672755e+00 1.671338e+00 1.669789e+00 1.668106e+00 1.666284e+00 1.664319e+00 1.662207e+00 1.659943e+00 1.657521e+00 1.654938e+00 1.652185e+00 1.649258e+00 1.646150e+00 1.642853e+00 1.639360e+00 1.635663e+00 1.631754e+00 1.627624e+00 1.623263e+00 1.618662e+00 1.613810e+00 1.608696e+00 1.603309e+00 1.597636e+00 1.591664e+00 1.585380e+00 1.578770e+00 1.571818e+00 1.564509e+00 1.556826e+00 1.548752e+00 1.540269e+00 1.531356e+00 1.521995e+00 1.512163e+00 1.501838e+00 1.490997e+00 1.480559e+00 1.471248e+00 1.462098e+00 1.453088e+00 1.444198e+00 1.435406e+00 1.426693e+00
1.706624e+00 1.712968e+00 1.718954e+00 1.724588e+00 1.729879e+00 1.734831e+00 1.739452e+00 1.743354e+00 1.746576e+00 1.749516e+00 1.752177e+00 1.754561e+00 1.756670e+00 1.758507e+00 1.760073e+00 1.761371e+00 1.762401e+00 1.763164e+00 1.763662e+00 1.763894e+00 1.763861e+00 1.763564e+00 1.763000e+00 1.762171e+00 1.761076e+00 1.759712e+00 1.758079e+00 1.756175e+00 1.753998e+00 1.751547e+00 1.748817e+00 1.745808e+00 1.742515e+00 1.738936e+00 1.735067e+00 1.730903e+00 1.726441e+00 1.721677e+00 1.716605e+00 1.711220e+00 1.705517e+00 1.699490e+00 1.693133e+00 1.686440e+00 1.679404e+00 1.672018e+00 1.664274e+00 1.656165e+00 1.647682e+00 1.638818e+00 1.629562e+00 1.619905e+00 1.609839e+00 1.599352e+00 1.588435e+00 1.577076e+00 1.565264e+00 1.552986e+00 1.540231e+00 1.526986e+00 1.513237e+00 1.498970e+00 1.484171e+00 1.468826e+00 1.452919e+00 1.436433e+00 1.419352e+00 1.401659e+00 1.383336e+00 1.364365e+00 1.344726e+00 1.324400e+00 1.303366e+00 1.268978e+00 1.225493e+00 1.185265e+00 1.148041e+00 1.113589e+00 1.081693e+00 1.052154e+00
1.318344e+00 1.310316e+00 1.301425e+00 1.291661e+00 1.281012e+00 1.269464e+00 1.257003e+00 1.246826e+00 1.240133e+00 1.233701e+00 1.227522e+00 1.221588e+00 1.215892e+00 1.210427e+00 1.205185e+00 1.200161e+00 1.195347e+00 1.190738e+00 1.186329e+00 1.182112e+00 1.178084e+00 1.174239e+00 1.170572e+00 1.167079e+00 1.163755e+00 1.160596e+00 1.157598e+00 1.154757e+00 1.152070e+00 1.149534e+00 1.147144e+00 1.144899e+00 1.142794e+00 1.140829e+00 1.138999e+00 1.137304e+00 1.135740e+00 1.134306e+00 1.133000e+00 1.131820e+00 1.130765e+00 1.129834e+00 1.129025e+00 1.128337e+00 1.127769e+00 1.127322e+00 1.126993e+00 1.126783e+00 1.126692e+00 1.126719e+00 1.126864e+00 1.127128e+00 1.127511e+00 1.128014e+00 1.128636e+00 1.129379e+00 1.130244e+00 1.131232e+00 1.132344e+00 1.133581e+00 1.134945e+00 1.136438e+00 1.138062e+00 1.139819e+00 1.141710e+00 1.143738e+00 1.145907e+00 1.148218e+00 1.150674e+00 1.153279e+00 1.156036e+00 1.158948e+00 1.162019e+00 1.167995e+00 1.176030e+00 1.183401e+00 1.190126e+00 1.196221e+00 1.201700e+00 1.206577e+00
1.166144e+00 1.152482e+00 1.137760e+00 1.121960e+00 1.105063e+00 1.087047e+00 1.067890e+00 1.049752e+00 1.034584e+00 1.020161e+00 1.006445e+00 9.934004e-01 9.809928e-01 9.691900e-01 9.579610e-01 9.472764e-01 9.371082e-01 9.274299e-01 9.182161e-01 9.094426e-01 9.010867e-01 8.931263e-01 8.855406e-01 8.783099e-01 8.714151e-01 8.648382e-01 8.585621e-01 8.525703e-01 8.468470e-01 8.413774e-01 8.361472e-01 8.311426e-01 8.263505e-01 8.217584e-01 8.173543e-01 8.131267e-01 8.090644e-01 8.051569e-01 8.013940e-01 7.977658e-01 7.942627e-01 7.908757e-01 7.875958e-01 7.844146e-01 7.813236e-01 7.783147e-01 7.753802e-01 7.725123e-01 7.697035e-01 7.669464e-01 7.642339e-01 7.615589e-01 7.589143e-01 7.562932e-01 7.536888e-01 7.510943e-01 7.485028e-01 7.459076e-01 7.433019e-01 7.406789e-01 7.380316e-01 7.353533e-01 7.326368e-01 7.298751e-01 7.270609e-01 7.241869e-01 7.212456e-01 7.182292e-01 7.151298e-01 7.119395e-01 7.086497e-01 7.052519e-01 7.017372e-01 6.983510e-01 6.952453e-01 6.921577e-01 6.890806e-01 6.860066e-01 6.829280e-01 6.798373e-01
2.186697e+00 2.210813e+00 2.235192e+00 2.259864e+00 2.284862e+00 2.310216e+00 2.335958e+00 2.358300e+00 2.376014e+00 2.392925e+00 2.409041e+00 2.424366e+00 2.438909e+00 2.452675e+00 2.465669e+00 2.477897e+00 2.489363e+00 2.500073e+00 2.510031e+00 2.519240e+00 2.527705e+00 2.535429e+00 2.542415e+00 2.548666e+00 2.554185e+00 2.558973e+00 2.563033e+00 2.566366e+00 2.568974e+00 2.570858e+00 2.572019e+00 2.572456e+00 2.572171e+00 2.571163e+00 2.569431e+00 2.566976e+00 2.563795e+00 2.559888e+00 2.555253e+00 2.549889e+00 2.543792e+00 2.536961e+00 2.529393e+00 2.521084e+00 2.512032e+00 2.502232e+00 2.491681e+00 2.480374e+00 2.468307e+00 2.455475e+00 2.441872e+00 2.427493e+00 2.412333e+00 2.396384e+00 2.379642e+00 2.362097e+00 2.343745e+00 2.324576e+00 2.304584e+00 2.283760e+00 2.262095e+00 2.239581e+00 2.216209e+00 2.191970e+00 2.166852e+00 2.140847e+00 2.113943e+00 2.086129e+00 2.057395e+00 2.027728e+00 1.997117e+00 1.965549e+00 1.933010e+00 1.903424e+00 1.878148e+00 1.853224e+00 1.828632e+00 1.804347e+00 1.780349e+00 1.756614e+00
1.098145e+00 1.081965e+00 1.064638e+00 1.046142e+00 1.026453e+00 1.005547e+00 9.833983e-01 9.653560e-01 9.532581e-01 9.417036e-01 9.306692e-01 9.201333e-01 9.100747e-01 9.004736e-01 8.913108e-01 8.825680e-01 8.742280e-01 8.662741e-01 8.586906e-01 8.514623e-01 8.445748e-01 8.380146e-01 8.317685e-01 8.258241e-01 8.201696e-01 8.147937e-01 8.096858e-01 8.048358e-01 8.002339e-01 7.958710e-01 7.917385e-01 7.878281e-01 7.841321e-01 7.806430e-01 7.773541e-01 7.742587e-01 7.713506e-01 7.686242e-01 7.660739e-01 7.636947e-01 7.614819e-01 7.594311e-01 7.575382e-01 7.557994e-01 7.542113e-01 7.527707e-01 7.514748e-01 7.503209e-01 7.493069e-01 7.484306e-01 7.476903e-01 7.470846e-01 7.466122e-01 7.462723e-01 7.460641e-01 7.459872e-01 7.460415e-01 7.462270e-01 7.465442e-01 7.469937e-01 7.475763e-01 7.482933e-01 7.491460e-01 7.501362e-01 7.512658e-01 7.525371e-01 7.539525e-01 7.555150e-01 7.572276e-01 7.590937e-01 7.611170e-01 7.633015e-01 7.656517e-01 7.714432e-01 7.797911e-01 7.874690e-01 7.945184e-01 8.009770e-01 8.068796e-01 8.122578e-01
2.732469e+00 2.776787e+00 2.822077e+00 2.868393e+00 2.915796e+00 2.964343e+00 3.014096e+00 3.069456e+00 3.127178e+00 3.182940e+00 3.236759e+00 3.288652e+00 3.338634e+00 3.386722e+00 3.432931e+00 3.477273e+00 3.519764e+00 3.560416e+00 3.599241e+00 3.636252e+00 3.671460e+00 3.704877e+00 3.736511e+00 3.766374e+00 3.794474e+00 3.820820e+00 3.845420e+00 3.868282e+00 3.889413e+00 3.908818e+00 3.926505e+00 3.942479e+00 3.956745e+00 3.969306e+00 3.980168e+00 3.989332e+00 3.996803e+00 4.002582e+00 4.006672e+00 4.009073e+00 4.009786e+00 4.008812e+00 4.006149e+00 4.001798e+00 3.995757e+00 3.988024e+00 3.978597e+00 3.967473e+00 3.954648e+00 3.940118e+00 3.923880e+00 3.905927e+00 3.886255e+00 3.864856e+00 3.841726e+00 3.816856e+00 3.790239e+00 3.761867e+00 3.731731e+00 3.699821e+00 3.666128e+00 3.630641e+00 3.593350e+00 3.554243e+00 3.513307e+00 3.470531e+00 3.425900e+00 3.379402e+00 3.331022e+00 3.280744e+00 3.228554e+00 3.174435e+00 3.118371e+00 3.076906e+00 3.051550e+00 3.025732e+00 2.999446e+00 2.972686e+00 2.945445e+00 2.917715e+00
1.332796e+00 1.325302e+00 1.316965e+00 1.307775e+00 1.297719e+00 1.286785e+00 1.274959e+00 1.265332e+00 1.258984e+00 1.252804e+00 1.246784e+00 1.240918e+00 1.235199e+00 1.229621e+00 1.224176e+00 1.218858e+00 1.213663e+00 1.208582e+00 1.203612e+00 1.198745e+00 1.193977e+00 1.189302e+00 1.184714e+00 1.180209e+00 1.175780e+00 1.171424e+00 1.167134e+00 1.162907e+00 1.158736e+00 1.154618e+00 1.150548e+00 1.146520e+00 1.142531e+00 1.138575e+00 1.134649e+00 1.130747e+00 1.126866e+00 1.123000e+00 1.119145e+00 1.115297e+00 1.111451e+00 1.107604e+00 1.103750e+00 1.099884e+00 1.096004e+00 1.092104e+00 1.088179e+00 1.084226e+00 1.080239e+00 1.076214e+00 1.072147e+00 1.068032e+00 1.063866e+00 1.059642e+00 1.055357e+00 1.051005e+00 1.046582e+00 1.042082e+00 1.037500e+00 1.032831e+00 1.028069e+00 1.023210e+00 1.018247e+00 1.013174e+00 1.007987e+00 1.002678e+00 9.972421e-01 9.916728e-01 9.859636e-01 9.801079e-01 9.740991e-01 9.679302e-01 9.615940e-01 9.507711e-01 9.364765e-01 9.229652e-01 9.101830e-01 8.980784e-01 8.866029e-01 8.757104e-01
1.198994e+00 1.186548e+00 1.173084e+00 1.158587e+00 1.143039e+00 1.126419e+00 1.108707e+00 1.093810e+00 1.083267e+00 1.073130e+00 1.063383e+00 1.054008e+00 1.044989e+00 1.036311e+00 1.027959e+00 1.019918e+00 1.012175e+00 1.004716e+00 9.975285e-01 9.906001e-01 9.839189e-01 9.774733e-01 9.712524e-01 9.652454e-01 9.594420e-01 9.538321e-01 9.484062e-01 9.431549e-01 9.380692e-01 9.331404e-01 9.283599e-01 9.237195e-01 9.192113e-01 9.148275e-01 9.105606e-01 9.064032e-01 9.023481e-01 8.983885e-01 8.945175e-01 8.907284e-01 8.870147e-01 8.833701e-01 8.797882e-01 8.762629e-01 8.727882e-01 8.693580e-01 8.659665e-01 8.626079e-01 8.592763e-01 8.559660e-01 8.526714e-01 8.493867e-01 8.461064e-01 8.428247e-01 8.395361e-01 8.362348e-01 8.329153e-01 8.295717e-01 8.261984e-01 8.227895e-01 8.193393e-01 8.158416e-01 8.122906e-01 8.086801e-01 8.050039e-01 8.012558e-01 7.974291e-01 7.935175e-01 7.895140e-01 7.854119e-01 7.812042e-01 7.768834e-01 7.724423e-01 7.672047e-01 7.614763e-01 7.559101e-01 7.504912e-01 7.452051e-01 7.400375e-01 7.349747e-01
1.317247e+00 1.309178e+00 1.300246e+00 1.290438e+00 1.279744e+00 1.268149e+00 1.255640e+00 1.245092e+00 1.237752e+00 1.230720e+00 1.223984e+00 1.217536e+00 1.211366e+00 1.205466e+00 1.199828e+00 1.194443e+00 1.189305e+00 1.184406e+00 1.179738e+00 1.175297e+00 1.171075e+00 1.167066e+00 1.163266e+00 1.159667e+00 1.156267e+00 1.153059e+00 1.150040e+00 1.147205e+00 1.144550e+00 1.142071e+00 1.139765e+00 1.137629e+00 1.135660e+00 1.133855e+00 1.132211e+00 1.130726e+00 1.129399e+00 1.128226e+00 1.127207e+00 1.126341e+00 1.125625e+00 1.125060e+00 1.124643e+00 1.124375e+00 1.124256e+00 1.124284e+00 1.124461e+00 1.124785e+00 1.125259e+00 1.125882e+00 1.126655e+00 1.127580e+00 1.128658e+00 1.129889e+00 1.131277e+00 1.132822e+00 1.134528e+00 1.136395e+00 1.138428e+00 1.140629e+00 1.143001e+00 1.145547e+00 1.148270e+00 1.151176e+00 1.154267e+00 1.157548e+00 1.161024e+00 1.164699e+00 1.168579e+00 1.172668e+00 1.176974e+00 1.181501e+00 1.186257e+00 1.191380e+00 1.196028e+00 1.200070e+00 1.203511e+00 1.206352e+00 1.208596e+00 1.210244e+00
2.228757e+00 2.254429e+00 2.280420e+00 2.306760e+00 2.333485e+00 2.360626e+00 2.388218e+00 2.413562e+00 2.435382e+00 2.456421e+00 2.476690e+00 2.496200e+00 2.514960e+00 2.532979e+00 2.550268e+00 2.566834e+00 2.582686e+00 2.597832e+00 2.612280e+00 2.626037e+00 2.639110e+00 2.651506e+00 2.663231e+00 2.674290e+00 2.684690e+00 2.694435e+00 2.703531e+00 2.711983e+00 2.719793e+00 2.726968e+00 2.733509e+00 2.739421e+00 2.744706e+00 2.749367e+00 2.753407e+00 2.756827e+00 2.759629e+00 2.761815e+00 2.763386e+00 2.764342e+00 2.764684e+00 2.764413e+00 2.763527e+00 2.762027e+00 2.759912e+00 2.757180e+00 2.753831e+00 2.749863e+00 2.745273e+00 2.740060e+00 2.734221e+00 2.727752e+00 2.720650e+00 2.712913e+00 2.704535e+00 2.695514e+00 2.685843e+00 2.675519e+00 2.664536e+00 2.652888e+00 2.640570e+00 2.627575e+00 2.613897e+00 2.599529e+00 2.584463e+00 2.568692e+00 2.552209e+00 2.535003e+00 2.517068e+00 2.498394e+00 2.478971e+00 2.458790e+00 2.437840e+00 2.408391e+00 2.372447e+00 2.337657e+00 2.303953e+00 2.271270e+00 2.239544e+00 2.208715e+00
1.109544e+00 1.093786e+00 1.076896e+00 1.058851e+00 1.039630e+00 1.019209e+00 9.975619e-01 9.794531e-01 9.667476e-01 9.546269e-01 9.430656e-01 9.320392e-01 9.215245e-01 9.114993e-01 9.019425e-01 8.928339e-01 8.841543e-01 8.758854e-01 8.680098e-01 8.605108e-01 8.533727e-01 8.465804e-01 8.401196e-01 8.339766e-01 8.281385e-01 8.225929e-01 8.173283e-01 8.123334e-01 8.075978e-01 8.031115e-01 7.988649e-01 7.948492e-01 7.910559e-01 7.874769e-01 7.841048e-01 7.809324e-01 7.779530e-01 7.751604e-01 7.725487e-01 7.701122e-01 7.678460e-01 7.657453e-01 7.638055e-01 7.620226e-01 7.603929e-01 7.589129e-01 7.575795e-01 7.563899e-01 7.553416e-01 7.544323e-01 7.536602e-01 7.530236e-01 7.525211e-01 7.521518e-01 7.519148e-01 7.518096e-01 7.518361e-01 7.519942e-01 7.522844e-01 7.527071e-01 7.532634e-01 7.539543e-01 7.547814e-01 7.557463e-01 7.568512e-01 7.580983e-01 7.594903e-01 7.610301e-01 7.627210e-01 7.645664e-01 7.665704e-01 7.687372e-01 7.710712e-01 7.744840e-01 7.784299e-01 7.820135e-01 7.852445e-01 7.881318e-01 7.906835e-01 7.929065e-01
1.216994e+00 1.205214e+00 1.192441e+00 1.178657e+00 1.163848e+00 1.147993e+00 1.131073e+00 1.106721e+00 1.078295e+00 1.051972e+00 1.027595e+00 1.005021e+00 9.841175e-01 9.647603e-01 9.468354e-01 9.302368e-01 9.148668e-01 9.006346e-01 8.874561e-01 8.752536e-01 8.639551e-01 8.534939e-01 8.438083e-01 8.348410e-01 8.265391e-01 8.188537e-01 8.117395e-01 8.051543e-01 7.990593e-01 7.934186e-01 7.881989e-01 7.833694e-01 7.789015e-01 7.747689e-01 7.709472e-01 7.674138e-01 7.641479e-01 7.611302e-01 7.583430e-01 7.557697e-01 7.533951e-01 7.512053e-01 7.491873e-01 7.473293e-01 7.456201e-01 7.440499e-01 7.426092e-01 7.412896e-01 7.400833e-01 7.389832e-01 7.379827e-01 7.370761e-01 7.362579e-01 7.355232e-01 7.348679e-01 7.342879e-01 7.337800e-01 7.333409e-01 7.329683e-01 7.326599e-01 7.324138e-01 7.322286e-01 7.321033e-01 7.320370e-01 7.320294e-01 7.320805e-01 7.321905e-01 7.323601e-01 7.325903e-01 7.328825e-01 7.332383e-01 7.336599e-01 7.341498e-01 7.345612e-01 7.346667e-01 7.346162e-01 7.344096e-01 7.340464e-01 7.335256e-01 7.328461e-01
1.533975e+00 1.533928e+00 1.533299e+00 1.532086e+00 1.530289e+00 1.527905e+00 1.524930e+00 1.521849e+00 1.519345e+00 1.516927e+00 1.514592e+00 1.512337e+00 1.510159e+00 1.508056e+00 1.506024e+00 1.504062e+00 1.502166e+00 1.500335e+00 1.498566e+00 1.496856e+00 1.495205e+00 1.493609e+00 1.492067e+00 1.490577e+00 1.489137e+00 1.487744e+00 1.486398e+00 1.485097e+00 1.483839e+00 1.482622e+00 1.481445e+00 1.480307e+00 1.479206e+00 1.478140e+00 1.477109e+00 1.476111e+00 1.475144e+00 1.474208e+00 1.473302e+00 1.472424e+00 1.471573e+00 1.470748e+00 1.469948e+00 1.469172e+00 1.468420e+00 1.467689e+00 1.466980e+00 1.466291e+00 1.465622e+00 1.464971e+00 1.464338e+00 1.463722e+00 1.463123e+00 1.462539e+00 1.461969e+00 1.461414e+00 1.460872e+00 1.460343e+00 1.459826e+00 1.459321e+00 1.458826e+00 1.458341e+00 1.457866e+00 1.457400e+00 1.456942e+00 1.456492e+00 1.456049e+00 1.455613e+00 1.455183e+00 1.454758e+00 1.454339e+00 1.453924e+00 1.453513e+00 1.452957e+00 1.451951e+00 1.450642e+00 1.449028e+00 1.447106e+00 1.444872e+00 1.442322e+00
2.453634e+00 2.487631e+00 2.522237e+00 2.557496e+00 2.593452e+00 2.630150e+00 2.667635e+00 2.700822e+00 2.727656e+00 2.753277e+00 2.777690e+00 2.800902e+00 2.822917e+00 2.843741e+00 2.863377e+00 2.881831e+00 2.899107e+00 2.915209e+00 2.930140e+00 2.943904e+00 2.956503e+00 2.967941e+00 2.978220e+00 2.987343e+00 2.995311e+00 3.002127e+00 3.007792e+00 3.012307e+00 3.015673e+00 3.017891e+00 3.018962e+00 3.018885e+00 3.017661e+00 3.015290e+00 3.011771e+00 3.007103e+00 3.001284e+00 2.994315e+00 2.986193e+00 2.976916e+00 2.966483e+00 2.954890e+00 2.942135e+00 2.928216e+00 2.913130e+00 2.896872e+00 2.879439e+00 2.860827e+00 2.841032e+00 2.820050e+00 2.797876e+00 2.774504e+00 2.749930e+00 2.724148e+00 2.697152e+00 2.668935e+00 2.639493e+00 2.608817e+00 2.576901e+00 2.543738e+00 2.509320e+00 2.473640e+00 2.436689e+00 2.398459e+00 2.358942e+00 2.318128e+00 2.276008e+00 2.232573e+00 2.187813e+00 2.141717e+00 2.094276e+00 2.045478e+00 1.995313e+00 1.931567e+00 1.859968e+00 1.792460e+00 1.728795e+00 1.668741e+00 1.612080e+00 1.558604e+00
2.418214e+00 2.450900e+00 2.484149e+00 2.518003e+00 2.552505e+00 2.587698e+00 2.623625e+00 2.658171e+00 2.689449e+00 2.719635e+00 2.748739e+00 2.776774e+00 2.803751e+00 2.829683e+00 2.854579e+00 2.878449e+00 2.901305e+00 2.923154e+00 2.944007e+00 2.963871e+00 2.982755e+00 3.000667e+00 3.017614e+00 3.033603e+00 3.048641e+00 3.062734e+00 3.075888e+00 3.088108e+00 3.099400e+00 3.109767e+00 3.119215e+00 3.127747e+00 3.135367e+00 3.142077e+00 3.147881e+00 3.152781e+00 3.156780e+00 3.159878e+00 3.162077e+00 3.163378e+00 3.163781e+00 3.163287e+00 3.161895e+00 3.159605e+00 3.156417e+00 3.152327e+00 3.147336e+00 3.141440e+00 3.134638e+00 3.126926e+00 3.118302e+00 3.108762e+00 3.098301e+00 3.086916e+00 3.074602e+00 3.061353e+00 3.047165e+00 3.032031e+00 3.015945e+00 2.998901e+00 2.980891e+00 2.961908e+00 2.941945e+00 2.920992e+00 2.899041e+00 2.876084e+00 2.852110e+00 2.827110e+00 2.801073e+00 2.773989e+00 2.745847e+00 2.716634e+00 2.686339e+00 2.651325e+00 2.613613e+00 2.576776e+00 2.540763e+00 2.505524e+00 2.471012e+00 2.437178e+00
2.453146e+00 2.487125e+00 2.521713e+00 2.556952e+00 2.592888e+00 2.629565e+00 2.667029e+00 2.720149e+00 2.785290e+00 2.847667e+00 2.907319e+00 2.964281e+00 3.018587e+00 3.070270e+00 3.119361e+00 3.165889e+00 3.209883e+00 3.251368e+00 3.290370e+00 3.326912e+00 3.361016e+00 3.392703e+00 3.421991e+00 3.448898e+00 3.473440e+00 3.495632e+00 3.515487e+00 3.533018e+00 3.548234e+00 3.561145e+00 3.571759e+00 3.580082e+00 3.586118e+00 3.589872e+00 3.591346e+00 3.590541e+00 3.587456e+00 3.582090e+00 3.574438e+00 3.564497e+00 3.552261e+00 3.537722e+00 3.520871e+00 3.501699e+00 3.480194e+00 3.456343e+00 3.430131e+00 3.401544e+00 3.370563e+00 3.337170e+00 3.301346e+00 3.263068e+00 3.222314e+00 3.179059e+00 3.133277e+00 3.084941e+00 3.034022e+00 2.980488e+00 2.924309e+00 2.865450e+00 2.803877e+00 2.739551e+00 2.672434e+00 2.602487e+00 2.529666e+00 2.453929e+00 2.375230e+00 2.293522e+00 2.208755e+00 2.120879e+00 2.029841e+00 1.935587e+00 1.838059e+00 1.760585e+00 1.709181e+00 1.660314e+00 1.613843e+00 1.569635e+00 1.527563e+00 1.487506e+00
1.388885e+00 1.383468e+00 1.377280e+00 1.370314e+00 1.362560e+00 1.354010e+00 1.344652e+00 1.334524e+00 1.325036e+00 1.316119e+00 1.307752e+00 1.299917e+00 1.292594e+00 1.285768e+00 1.279422e+00 1.273543e+00 1.268115e+00 1.263128e+00 1.258569e+00 1.254428e+00 1.250696e+00 1.247364e+00 1.244423e+00 1.241869e+00 1.239694e+00 1.237893e+00 1.236463e+00 1.235400e+00 1.234702e+00 1.234367e+00 1.234394e+00 1.234784e+00 1.235537e+00 1.236655e+00 1.238140e+00 1.239997e+00 1.242229e+00 1.244841e+00 1.247840e+00 1.251232e+00 1.255025e+00 1.259229e+00 1.263851e+00 1.268904e+00 1.274399e+00 1.280348e+00 1.286765e+00 1.293664e+00 1.301063e+00 1.308977e+00 1.317426e+00 1.326427e+00 1.336003e+00 1.346175e+00 1.356966e+00 1.368401e+00 1.380507e+00 1.393312e+00 1.406844e+00 1.421136e+00 1.436219e+00 1.452129e+00 1.468902e+00 1.486576e+00 1.505193e+00 1.524795e+00 1.545428e+00 1.567138e+00 1.589975e+00 1.613993e+00 1.639246e+00 1.665793e+00 1.693694e+00 1.724215e+00 1.754173e+00 1.782384e+00 1.808863e+00 1.833623e+00 1.856678e+00 1.878040e+00
2.546962e+00 2.584414e+00 2.622596e+00 2.661556e+00 2.701343e+00 2.742007e+00 2.783598e+00 2.817143e+00 2.840682e+00 2.863244e+00 2.884833e+00 2.905452e+00 2.925105e+00 2.943796e+00 2.961526e+00 2.978299e+00 2.994118e+00 3.008985e+00 3.022903e+00 3.035874e+00 3.047900e+00 3.058983e+00 3.069125e+00 3.078327e+00 3.086592e+00 3.093920e+00 3.100312e+00 3.105770e+00 3.110294e+00 3.113886e+00 3.116545e+00 3.118273e+00 3.119069e+00 3.118934e+00 3.117867e+00 3.115869e+00 3.112939e+00 3.109077e+00 3.104281e+00 3.098552e+00 3.091889e+00 3.084289e+00 3.075753e+00 3.066278e+00 3.055863e+00 3.044506e+00 3.032206e+00 3.018960e+00 3.004767e+00 2.989624e+00 2.973528e+00 2.956477e+00 2.938469e+00 2.919499e+00 2.899566e+00 2.878665e+00 2.856794e+00 2.833949e+00 2.810126e+00 2.785322e+00 2.759531e+00 2.732751e+00 2.704976e+00 2.676202e+00 2.646425e+00 2.615639e+00 2.583840e+00 2.551023e+00 2.517181e+00 2.482310e+00 2.446404e+00 2.409456e+00 2.371462e+00 2.299198e+00 2.200617e+00 2.108473e+00 2.022331e+00 1.941790e+00 1.866469e+00 1.796017e+00
2.480803e+00 2.515805e+00 2.551452e+00 2.587789e+00 2.624860e+00 2.662712e+00 2.701393e+00 2.734373e+00 2.760065e+00 2.785053e+00 2.809346e+00 2.832953e+00 2.855883e+00 2.878143e+00 2.899741e+00 2.920684e+00 2.940981e+00 2.960637e+00 2.979661e+00 2.998058e+00 3.015835e+00 3.032998e+00 3.049554e+00 3.065507e+00 3.080864e+00 3.095630e+00 3.109810e+00 3.123410e+00 3.136433e+00 3.148884e+00 3.160768e+00 3.172090e+00 3.182852e+00 3.193058e+00 3.202713e+00 3.211820e+00 3.220381e+00 3.228400e+00 3.235880e+00 3.242822e+00 3.249231e+00 3.255107e+00 3.260453e+00 3.265271e+00 3.269562e+00 3.273329e+00 3.276571e+00 3.279292e+00 3.281490e+00 3.283168e+00 3.284325e+00 3.284962e+00 3.285080e+00 3.284678e+00 3.283757e+00 3.282315e+00 3.280353e+00 3.277870e+00 3.274864e+00 3.271335e+00 3.267282e+00 3.262703e+00 3.257597e+00 3.251961e+00 3.245794e+00 3.239094e+00 3.231858e+00 3.224084e+00 3.215769e+00 3.206910e+00 3.197505e+00 3.187548e+00 3.177039e+00 3.164002e+00 3.148328e+00 3.131980e+00 3.114949e+00 3.097226e+00 3.078804e+00 3.059671e+00
1.743345e+00 1.751049e+00 1.758442e+00 1.765532e+00 1.772330e+00 1.778843e+00 1.785080e+00 1.789725e+00 1.792687e+00 1.795292e+00 1.797540e+00 1.799432e+00 1.800970e+00 1.802155e+00 1.802987e+00 1.803466e+00 1.803594e+00 1.803370e+00 1.802794e+00 1.801865e+00 1.800584e+00 1.798949e+00 1.796959e+00 1.794613e+00 1.791911e+00 1.788850e+00 1.785428e+00 1.781644e+00 1.777496e+00 1.772980e+00 1.768095e+00 1.762838e+00 1.757205e+00 1.751194e+00 1.744800e+00 1.738021e+00 1.730852e+00 1.723289e+00 1.715328e+00 1.706964e+00 1.698192e+00 1.689008e+00 1.679406e+00 1.669380e+00 1.658925e+00 1.648035e+00 1.636703e+00 1.624923e+00 1.612688e+00 1.599991e+00 1.586825e+00 1.573182e+00 1.559054e+00 1.544433e+00 1.529311e+00 1.513679e+00 1.497528e+00 1.480848e+00 1.463631e+00 1.445865e+00 1.427542e+00 1.408649e+00 1.389177e+00 1.369114e+00 1.348449e+00 1.327169e+00 1.305263e+00 1.282717e+00 1.259520e+00 1.235656e+00 1.211114e+00 1.185877e+00 1.159933e+00 1.134525e+00 1.111256e+00 1.088823e+00 1.067184e+00 1.046298e+00 1.026125e+00 1.006628e+00
1.151473e+00 1.137267e+00 1.121983e+00 1.105601e+00 1.088102e+00 1.069462e+00 1.049660e+00 1.033431e+00 1.022449e+00 1.011933e+00 1.001864e+00 9.922242e-01 9.829955e-01 9.741618e-01 9.657073e-01 9.576169e-01 9.498760e-01 9.424707e-01 9.353880e-01 9.286149e-01 9.221395e-01 9.159500e-01 9.100355e-01 9.043853e-01 8.989893e-01 8.938379e-01 8.889218e-01 8.842321e-01 8.797606e-01 8.754992e-01 8.714402e-01 8.675765e-01 8.639010e-01 8.604072e-01 8.570888e-01 8.539400e-01 8.509549e-01 8.481284e-01 8.454553e-01 8.429309e-01 8.405506e-01 8.383101e-01 8.362055e-01 8.342330e-01 8.323890e-01 8.306703e-01 8.290738e-01 8.275965e-01 8.262360e-01 8.249896e-01 8.238552e-01 8.228308e-01 8.219146e-01 8.211048e-01 8.204000e-01 8.197990e-01 8.193007e-01 8.189042e-01 8.186088e-01 8.184140e-01 8.183194e-01 8.183248e-01 8.184303e-01 8.186360e-01 8.189423e-01 8.193498e-01 8.198592e-01 8.204714e-01 8.211875e-01 8.220087e-01 8.229367e-01 8.239729e-01 8.251193e-01 8.264429e-01 8.275475e-01 8.283698e-01 8.289112e-01 8.291723e-01 8.291536e-01 8.288551e-01
1.391892e+00 1.386586e+00 1.380513e+00 1.373666e+00 1.366036e+00 1.357614e+00 1.348388e+00 1.334338e+00 1.317370e+00 1.301427e+00 1.286440e+00 1.272346e+00 1.259088e+00 1.246608e+00 1.234856e+00 1.223781e+00 1.213338e+00 1.203482e+00 1.194172e+00 1.185369e+00 1.177036e+00 1.169139e+00 1.161644e+00 1.154520e+00 1.147737e+00 1.141266e+00 1.135081e+00 1.129155e+00 1.123464e+00 1.117983e+00 1.112691e+00 1.107564e+00 1.102582e+00 1.097722e+00 1.092966e+00 1.088293e+00 1.083683e+00 1.079117e+00 1.074576e+00 1.070041e+00 1.065493e+00 1.060913e+00 1.056281e+00 1.051579e+00 1.046786e+00 1.041883e+00 1.036849e+00 1.031663e+00 1.026302e+00 1.020745e+00 1.014969e+00 1.008949e+00 1.002659e+00 9.960746e-01 9.891667e-01 9.819068e-01 9.742645e-01 9.662077e-01 9.577027e-01 9.487138e-01 9.392034e-01 9.291316e-01 9.184562e-01 9.071325e-01 8.951129e-01 8.823472e-01 8.687818e-01 8.543599e-01 8.390211e-01 8.227010e-01 8.053313e-01 7.868391e-01 7.671470e-01 7.533324e-01 7.468411e-01 7.404993e-01 7.342936e-01 7.282109e-01 7.222384e-01 7.163635e-01
1.560508e+00 1.561444e+00 1.561832e+00 1.561671e+00 1.560963e+00 1.559706e+00 1.557899e+00 1.555328e+00 1.552615e+00 1.549964e+00 1.547371e+00 1.544831e+00 1.542338e+00 1.539888e+00 1.537476e+00 1.535097e+00 1.532748e+00 1.530422e+00 1.528117e+00 1.525826e+00 1.523546e+00 1.521273e+00 1.519002e+00 1.516728e+00 1.514448e+00 1.512156e+00 1.509849e+00 1.507522e+00 1.505170e+00 1.502788e+00 1.500373e+00 1.497920e+00 1.495423e+00 1.492878e+00 1.490280e+00 1.487624e+00 1.484904e+00 1.482116e+00 1.479255e+00 1.476314e+00 1.473287e+00 1.470170e+00 1.466956e+00 1.463638e+00 1.460211e+00 1.456667e+00 1.453000e+00 1.449203e+00 1.445268e+00 1.441188e+00 1.436955e+00 1.432560e+00 1.427995e+00 1.423252e+00 1.418320e+00 1.413191e+00 1.407854e+00 1.402300e+00 1.396517e+00 1.390494e+00 1.384220e+00 1.377682e+00 1.370868e+00 1.363764e+00 1.356357e+00 1.348632e+00 1.340575e+00 1.332170e+00 1.323400e+00 1.314248e+00 1.304697e+00 1.294729e+00 1.284323e+00 1.276405e+00 1.271203e+00 1.265766e+00 1.260090e+00 1.254169e+00 1.247998e+00 1.241573e+00
1.489965e+00 1.488289e+00 1.485974e+00 1.483016e+00 1.479412e+00 1.475157e+00 1.470246e+00 1.462167e+00 1.452144e+00 1.442650e+00 1.433649e+00 1.425109e+00 1.416998e+00 1.409288e+00 1.401950e+00 1.394958e+00 1.388286e+00 1.381910e+00 1.375807e+00 1.369954e+00 1.364331e+00 1.358917e+00 1.353692e+00 1.348637e+00 1.343733e+00 1.338964e+00 1.334312e+00 1.329760e+00 1.325290e+00 1.320888e+00 1.316537e+00 1.312221e+00 1.307924e+00 1.303632e+00 1.299327e+00 1.294996e+00 1.290621e+00 1.286187e+00 1.281679e+00 1.277078e+00 1.272370e+00 1.267536e+00 1.262560e+00 1.257422e+00 1.252105e+00 1.246589e+00 1.240854e+00 1.234879e+00 1.228643e+00 1.222122e+00 1.215293e+00 1.208132e+00 1.200612e+00 1.192706e+00 1.184385e+00 1.175619e+00 1.166377e+00 1.156623e+00 1.146324e+00 1.135441e+00 1.123936e+00 1.111766e+00 1.098887e+00 1.085252e+00 1.070812e+00 1.055514e+00 1.039302e+00 1.022119e+00 1.003900e+00 9.845811e-01 9.640907e-01 9.423546e-01 9.192940e-01 9.035503e-01 8.966144e-01 8.897499e-01 8.829457e-01 8.761911e-01 8.694752e-01 8.627872e-01
1.275393e+00 1.265774e+00 1.255238e+00 1.243771e+00 1.231358e+00 1.217985e+00 1.203634e+00 1.190314e+00 1.179493e+00 1.169126e+00 1.159193e+00 1.149673e+00 1.140549e+00 1.131803e+00 1.123417e+00 1.115377e+00 1.107664e+00 1.100266e+00 1.093168e+00 1.086355e+00 1.079814e+00 1.073533e+00 1.067500e+00 1.061702e+00 1.056129e+00 1.050769e+00 1.045613e+00 1.040650e+00 1.035870e+00 1.031265e+00 1.026825e+00 1.022542e+00 1.018407e+00 1.014412e+00 1.010550e+00 1.006813e+00 1.003194e+00 9.996850e-01 9.962803e-01 9.929728e-01 9.897562e-01 9.866241e-01 9.835705e-01 9.805895e-01 9.776753e-01 9.748221e-01 9.720245e-01 9.692770e-01 9.665743e-01 9.639110e-01 9.612821e-01 9.586824e-01 9.561069e-01 9.535505e-01 9.510083e-01 9.484753e-01 9.459467e-01 9.434174e-01 9.408827e-01 9.383374e-01 9.357768e-01 9.331958e-01 9.305894e-01 9.279525e-01 9.252800e-01 9.225668e-01 9.198074e-01 9.169967e-01 9.141290e-01 9.111989e-01 9.082005e-01 9.051282e-01 9.019759e-01 8.976037e-01 8.923155e-01 8.872255e-01 8.823148e-01 8.775650e-01 8.729584e-01 8.684778e-01
1.626284e+00 1.629655e+00 1.632562e+00 1.635011e+00 1.637003e+00 1.638541e+00 1.639628e+00 1.640295e+00 1.640922e+00 1.641476e+00 1.641960e+00 1.642373e+00 1.642717e+00 1.642992e+00 1.643198e+00 1.643336e+00 1.643406e+00 1.643408e+00 1.643342e+00 1.643208e+00 1.643006e+00 1.642736e+00 1.642397e+00 1.641988e+00 1.641509e+00 1.640958e+00 1.640337e+00 1.639642e+00 1.638873e+00 1.638029e+00 1.637108e+00 1.636109e+00 1.635031e+00 1.633870e+00 1.632627e+00 1.631298e+00 1.629881e+00 1.628375e+00 1.626776e+00 1.625082e+00 1.623290e+00 1.621397e+00 1.619401e+00 1.617298e+00 1.615084e+00 1.612756e+00 1.610311e+00 1.607743e+00 1.605050e+00 1.602226e+00 1.599266e+00 1.596167e+00 1.592924e+00 1.589529e+00 1.585980e+00 1.582268e+00 1.578389e+00 1.574336e+00 1.570102e+00 1.565681e+00 1.561066e+00 1.556248e+00 1.551220e+00 1.545974e+00 1.540501e+00 1.534792e+00 1.528838e+00 1.522629e+00 1.516156e+00 1.509407e+00 1.502371e+00 1.495038e+00 1.487394e+00 1.478085e+00 1.467737e+00 1.457666e+00 1.447843e+00 1.438244e+00 1.428842e+00 1.419612e+00
1.424476e+00 1.420376e+00 1.415552e+00 1.409997e+00 1.403704e+00 1.396667e+00 1.388875e+00 1.381756e+00 1.376300e+00 1.371063e+00 1.366038e+00 1.361219e+00 1.356597e+00 1.352168e+00 1.347925e+00 1.343862e+00 1.339974e+00 1.336256e+00 1.332702e+00 1.329307e+00 1.326067e+00 1.322978e+00 1.320035e+00 1.317234e+00 1.314572e+00 1.312044e+00 1.309647e+00 1.307379e+00 1.305236e+00 1.303214e+00 1.301312e+00 1.299527e+00 1.297855e+00 1.296296e+00 1.294846e+00 1.293505e+00 1.292269e+00 1.291137e+00 1.290109e+00 1.289181e+00 1.288354e+00 1.287626e+00 1.286995e+00 1.286462e+00 1.286025e+00 1.285684e+00 1.285438e+00 1.285288e+00 1.285232e+00 1.285270e+00 1.285404e+00 1.285632e+00 1.285956e+00 1.286375e+00 1.286890e+00 1.287503e+00 1.288213e+00 1.289022e+00 1.289931e+00 1.290941e+00 1.292054e+00 1.293270e+00 1.294592e+00 1.296022e+00 1.297561e+00 1.299212e+00 1.300976e+00 1.302857e+00 1.304856e+00 1.306977e+00 1.309222e+00 1.311595e+00 1.314098e+00 1.318137e+00 1.323021e+00 1.327363e+00 1.331170e+00 1.334451e+00 1.337215e+00 1.339465e+00
1.191696e+00 1.178979e+00 1.165236e+00 1.150450e+00 1.134601e+00 1.117671e+00 1.099638e+00 1.083001e+00 1.069560e+00 1.056762e+00 1.044577e+00 1.032978e+00 1.021936e+00 1.011426e+00 1.001424e+00 9.919074e-01 9.828530e-01 9.742401e-01 9.660487e-01 9.582598e-01 9.508553e-01 9.438180e-01 9.371315e-01 9.307803e-01 9.247497e-01 9.190256e-01 9.135948e-01 9.084446e-01 9.035630e-01 8.989388e-01 8.945611e-01 8.904198e-01 8.865054e-01 8.828086e-01 8.793209e-01 8.760342e-01 8.729408e-01 8.700336e-01 8.673059e-01 8.647512e-01 8.623637e-01 8.601378e-01 8.580683e-01 8.561504e-01 8.543797e-01 8.527520e-01 8.512636e-01 8.499110e-01 8.486911e-01 8.476010e-01 8.466382e-01 8.458005e-01 8.450859e-01 8.444928e-01 8.440197e-01 8.436656e-01 8.434297e-01 8.433114e-01 8.433104e-01 8.434268e-01 8.436607e-01 8.440128e-01 8.444839e-01 8.450750e-01 8.457876e-01 8.466232e-01 8.475839e-01 8.486719e-01 8.498896e-01 8.512400e-01 8.527261e-01 8.543514e-01 8.561197e-01 8.582999e-01 8.604469e-01 8.623010e-01 8.638666e-01 8.651474e-01 8.661465e-01 8.668664e-01
1.397000e+00 1.391883e+00 1.386006e+00 1.379362e+00 1.371941e+00 1.363736e+00 1.354735e+00 1.341655e+00 1.326254e+00 1.311745e+00 1.298074e+00 1.285187e+00 1.273035e+00 1.261573e+00 1.250757e+00 1.240545e+00 1.230898e+00 1.221779e+00 1.213154e+00 1.204990e+00 1.197256e+00 1.189922e+00 1.182960e+00 1.176343e+00 1.170047e+00 1.164047e+00 1.158321e+00 1.152846e+00 1.147601e+00 1.142568e+00 1.137726e+00 1.133056e+00 1.128542e+00 1.124166e+00 1.119911e+00 1.115761e+00 1.111700e+00 1.107713e+00 1.103784e+00 1.099899e+00 1.096042e+00 1.092200e+00 1.088356e+00 1.084497e+00 1.080608e+00 1.076674e+00 1.072680e+00 1.068611e+00 1.064451e+00 1.060184e+00 1.055795e+00 1.051265e+00 1.046579e+00 1.041718e+00 1.036663e+00 1.031396e+00 1.025896e+00 1.020143e+00 1.014113e+00 1.007785e+00 1.001134e+00 9.941352e-01 9.867611e-01 9.789839e-01 9.707739e-01 9.620998e-01 9.529285e-01 9.432251e-01 9.329524e-01 9.220713e-01 9.105403e-01 8.983153e-01 8.853498e-01 8.758503e-01 8.706467e-01 8.654731e-01 8.603199e-01 8.551776e-01 8.500364e-01 8.448871e-01
1.315380e+00 1.307242e+00 1.298238e+00 1.288356e+00 1.277586e+00 1.265912e+00 1.253320e+00 1.238966e+00 1.224603e+00 1.211017e+00 1.198170e+00 1.186023e+00 1.174541e+00 1.163691e+00 1.153440e+00 1.143758e+00 1.134618e+00 1.125992e+00 1.117855e+00 1.110184e+00 1.102956e+00 1.096149e+00 1.089745e+00 1.083723e+00 1.078067e+00 1.072760e+00 1.067787e+00 1.063132e+00 1.058782e+00 1.054725e+00 1.050949e+00 1.047442e+00 1.044194e+00 1.041197e+00 1.038440e+00 1.035916e+00 1.033618e+00 1.031538e+00 1.029672e+00 1.028013e+00 1.026556e+00 1.025297e+00 1.024233e+00 1.023360e+00 1.022676e+00 1.022178e+00 1.021866e+00 1.021739e+00 1.021796e+00 1.022036e+00 1.022462e+00 1.023074e+00 1.023874e+00 1.024864e+00 1.026048e+00 1.027428e+00 1.029009e+00 1.030795e+00 1.032792e+00 1.035005e+00 1.037441e+00 1.040108e+00 1.043012e+00 1.046162e+00 1.049568e+00 1.053239e+00 1.057187e+00 1.061422e+00 1.065958e+00 1.070807e+00 1.075984e+00 1.081504e+00 1.087383e+00 1.092000e+00 1.094494e+00 1.096504e+00 1.098031e+00 1.099078e+00 1.099644e+00 1.099729e+00
1.167251e+00 1.153630e+00 1.138950e+00 1.123194e+00 1.106343e+00 1.088374e+00 1.069265e+00 1.053695e+00 1.043275e+00 1.033287e+00 1.023715e+00 1.014541e+00 1.005751e+00 9.973292e-01 9.892613e-01 9.815336e-01 9.741332e-01 9.670474e-01 9.602642e-01 9.537720e-01 9.475599e-01 9.416172e-01 9.359339e-01 9.305003e-01 9.253071e-01 9.203457e-01 9.156075e-01 9.110844e-01 9.067689e-01 9.026535e-01 8.987312e-01 8.949955e-01 8.914400e-01 8.880585e-01 8.848455e-01 8.817953e-01 8.789029e-01 8.761633e-01 8.735718e-01 8.711242e-01 8.688161e-01 8.666437e-01 8.646033e-01 8.626914e-01 8.609048e-01 8.592404e-01 8.576954e-01 8.562672e-01 8.549534e-01 8.537517e-01 8.526601e-01 8.516767e-01 8.507999e-01 8.500282e-01 8.493602e-01 8.487948e-01 8.483311e-01 8.479683e-01 8.477057e-01 8.475429e-01 8.474797e-01 8.475159e-01 8.476516e-01 8.478870e-01 8.482226e-01 8.486588e-01 8.491965e-01 8.498365e-01 8.505799e-01 8.514281e-01 8.523824e-01 8.534444e-01 8.546160e-01 8.564017e-01 8.584025e-01 8.601210e-01 8.615613e-01 8.627269e-01 8.636208e-01 8.642451e-01
1.951425e+00 1.966831e+00 1.982196e+00 1.997539e+00 2.012878e+00 2.028234e+00 2.043625e+00 2.058294e+00 2.071589e+00 2.084295e+00 2.096424e+00 2.107983e+00 2.118984e+00 2.129434e+00 2.139343e+00 2.148717e+00 2.157565e+00 2.165894e+00 2.173709e+00 2.181019e+00 2.187828e+00 2.194141e+00 2.199965e+00 2.205303e+00 2.210160e+00 2.214540e+00 2.218446e+00 2.221882e+00 2.224850e+00 2.227352e+00 2.229391e+00 2.230968e+00 2.232084e+00 2.232741e+00 2.232939e+00 2.232678e+00 2.231957e+00 2.230777e+00 2.229136e+00 2.227033e+00 2.224467e+00 2.221434e+00 2.217934e+00 2.213962e+00 2.209516e+00 2.204593e+00 2.199188e+00 2.193296e+00 2.186914e+00 2.180037e+00 2.172658e+00 2.164771e+00 2.156371e+00 2.147451e+00 2.138003e+00 2.128020e+00 2.117494e+00 2.106416e+00 2.094778e+00 2.082570e+00 2.069783e+00 2.056406e+00 2.042429e+00 2.027840e+00 2.012628e+00 1.996780e+00 1.980283e+00 1.963126e+00 1.945293e+00 1.926770e+00 1.907543e+00 1.887597e+00 1.866914e+00 1.850115e+00 1.837699e+00 1.825022e+00 1.812078e+00 1.798859e+00 1.785358e+00 1.771569e+00
1.395016e+00 1.389825e+00 1.383872e+00 1.377149e+00 1.369647e+00 1.361358e+00 1.352270e+00 1.343473e+00 1.336055e+00 1.328902e+00 1.322003e+00 1.315347e+00 1.308922e+00 1.302717e+00 1.296723e+00 1.290929e+00 1.285327e+00 1.279906e+00 1.274657e+00 1.269573e+00 1.264645e+00 1.259863e+00 1.255222e+00 1.250712e+00 1.246327e+00 1.242058e+00 1.237900e+00 1.233846e+00 1.229887e+00 1.226019e+00 1.222234e+00 1.218527e+00 1.214891e+00 1.211320e+00 1.207808e+00 1.204349e+00 1.200939e+00 1.197571e+00 1.194239e+00 1.190938e+00 1.187663e+00 1.184407e+00 1.181167e+00 1.177936e+00 1.174709e+00 1.171481e+00 1.168247e+00 1.165000e+00 1.161736e+00 1.158449e+00 1.155134e+00 1.151786e+00 1.148398e+00 1.144966e+00 1.141483e+00 1.137944e+00 1.134343e+00 1.130674e+00 1.126930e+00 1.123107e+00 1.119197e+00 1.115193e+00 1.111091e+00 1.106881e+00 1.102558e+00 1.098115e+00 1.093544e+00 1.088837e+00 1.083987e+00 1.078986e+00 1.073825e+00 1.068496e+00 1.062990e+00 1.057532e+00 1.052278e+00 1.046985e+00 1.041644e+00 1.036246e+00 1.030783e+00 1.025244e+00
1.420787e+00 1.416551e+00 1.411585e+00 1.405884e+00 1.399440e+00 1.392245e+00 1.384291e+00 1.377522e+00 1.372836e+00 1.368275e+00 1.363833e+00 1.359505e+00 1.355287e+00 1.351174e+00 1.347161e+00 1.343244e+00 1.339419e+00 1.335682e+00 1.332027e+00 1.328453e+00 1.324954e+00 1.321526e+00 1.318167e+00 1.314872e+00 1.311637e+00 1.308460e+00 1.305336e+00 1.302262e+00 1.299236e+00 1.296252e+00 1.293310e+00 1.290404e+00 1.287532e+00 1.284690e+00 1.281877e+00 1.279087e+00 1.276320e+00 1.273570e+00 1.270836e+00 1.268115e+00 1.265403e+00 1.262697e+00 1.259995e+00 1.257293e+00 1.254589e+00 1.251880e+00 1.249162e+00 1.246433e+00 1.243690e+00 1.240929e+00 1.238148e+00 1.235344e+00 1.232513e+00 1.229652e+00 1.226759e+00 1.223830e+00 1.220862e+00 1.217852e+00 1.214796e+00 1.211691e+00 1.208533e+00 1.205320e+00 1.202048e+00 1.198712e+00 1.195310e+00 1.191838e+00 1.188291e+00 1.184667e+00 1.180960e+00 1.177168e+00 1.173285e+00 1.169308e+00 1.165232e+00 1.159626e+00 1.152682e+00 1.145812e+00 1.139002e+00 1.132237e+00 1.125503e+00 1.118787e+00
1.983842e+00 2.000448e+00 2.017055e+00 2.033683e+00 2.050353e+00 2.067087e+00 2.083904e+00 2.097859e+00 2.108444e+00 2.118631e+00 2.128425e+00 2.137834e+00 2.146862e+00 2.155514e+00 2.163796e+00 2.171713e+00 2.179268e+00 2.186466e+00 2.193312e+00 2.199810e+00 2.205962e+00 2.211774e+00 2.217247e+00 2.222387e+00 2.227194e+00 2.231673e+00 2.235825e+00 2.239654e+00 2.243161e+00 2.246348e+00 2.249218e+00 2.251772e+00 2.254011e+00 2.255937e+00 2.257551e+00 2.258854e+00 2.259846e+00 2.260528e+00 2.260901e+00 2.260965e+00 2.260720e+00 2.260165e+00 2.259301e+00 2.258126e+00 2.256640e+00 2.254843e+00 2.252733e+00 2.250309e+00 2.247570e+00 2.244514e+00 2.241139e+00 2.237443e+00 2.233424e+00 2.229081e+00 2.224409e+00 2.219407e+00 2.214072e+00 2.208400e+00 2.202388e+00 2.196033e+00 2.189332e+00 2.182279e+00 2.174872e+00 2.167105e+00 2.158974e+00 2.150475e+00 2.141603e+00 2.132352e+00 2.122717e+00 2.112692e+00 2.102272e+00 2.091451e+00 2.080222e+00 2.063638e+00 2.042579e+00 2.021950e+00 2.001715e+00 1.981842e+00 1.962295e+00 1.943044e+00
1.667737e+00 1.672642e+00 1.677138e+00 1.681230e+00 1.684924e+00 1.688224e+00 1.691134e+00 1.693966e+00 1.696860e+00 1.699514e+00 1.701932e+00 1.704118e+00 1.706077e+00 1.707811e+00 1.709323e+00 1.710615e+00 1.711691e+00 1.712552e+00 1.713198e+00 1.713632e+00 1.713855e+00 1.713865e+00 1.713664e+00 1.713251e+00 1.712626e+00 1.711787e+00 1.710733e+00 1.709462e+00 1.707972e+00 1.706261e+00 1.704325e+00 1.702162e+00 1.699767e+00 1.697137e+00 1.694267e+00 1.691152e+00 1.687788e+00 1.684167e+00 1.680285e+00 1.676135e+00 1.671709e+00 1.667001e+00 1.662002e+00 1.656703e+00 1.651097e+00 1.645172e+00 1.638920e+00 1.632330e+00 1.625391e+00 1.618090e+00 1.610416e+00 1.602355e+00 1.593894e+00 1.585019e+00 1.575714e+00 1.565964e+00 1.555753e+00 1.545063e+00 1.533876e+00 1.522173e+00 1.509934e+00 1.497139e+00 1.483766e+00 1.469792e+00 1.455194e+00 1.439947e+00 1.424026e+00 1.407403e+00 1.390050e+00 1.371938e+00 1.353036e+00 1.333313e+00 1.312734e+00 1.288438e+00 1.262935e+00 1.238944e+00 1.216363e+00 1.195094e+00 1.175044e+00 1.156129e+00
1.294987e+00 1.286094e+00 1.276308e+00 1.265618e+00 1.254010e+00 1.241469e+00 1.227981e+00 1.212567e+00 1.197056e+00 1.182358e+00 1.168429e+00 1.155227e+00 1.142712e+00 1.130845e+00 1.119590e+00 1.108914e+00 1.098782e+00 1.089166e+00 1.080034e+00 1.071361e+00 1.063118e+00 1.055281e+00 1.047827e+00 1.040731e+00 1.033974e+00 1.027534e+00 1.021391e+00 1.015527e+00 1.009925e+00 1.004566e+00 9.994348e-01 9.945158e-01 9.897938e-01 9.852545e-01 9.808840e-01 9.766691e-01 9.725968e-01 9.686548e-01 9.648311e-01 9.611140e-01 9.574923e-01 9.539548e-01 9.504908e-01 9.470898e-01 9.437414e-01 9.404353e-01 9.371617e-01 9.339103e-01 9.306715e-01 9.274352e-01 9.241917e-01 9.209310e-01 9.176432e-01 9.143184e-01 9.109464e-01 9.075168e-01 9.040194e-01 9.004434e-01 8.967779e-01 8.930117e-01 8.891335e-01 8.851313e-01 8.809931e-01 8.767061e-01 8.722573e-01 8.676333e-01 8.628198e-01 8.578023e-01 8.525655e-01 8.470933e-01 8.413692e-01 8.353757e-01 8.290946e-01 8.237986e-01 8.198116e-01 8.158330e-01 8.118545e-01 8.078678e-01 8.038643e-01 7.998357e-01
1.334240e+00 1.326799e+00 1.318518e+00 1.309384e+00 1.299388e+00 1.288515e+00 1.276753e+00 1.267086e+00 1.260653e+00 1.254449e+00 1.248467e+00 1.242699e+00 1.237137e+00 1.231776e+00 1.226609e+00 1.221628e+00 1.216829e+00 1.212205e+00 1.207751e+00 1.203461e+00 1.199329e+00 1.195351e+00 1.191523e+00 1.187838e+00 1.184293e+00 1.180884e+00 1.177606e+00 1.174455e+00 1.171427e+00 1.168519e+00 1.165726e+00 1.163047e+00 1.160477e+00 1.158013e+00 1.155652e+00 1.153391e+00 1.151228e+00 1.149159e+00 1.147183e+00 1.145297e+00 1.143498e+00 1.141785e+00 1.140155e+00 1.138606e+00 1.137136e+00 1.135744e+00 1.134428e+00 1.133187e+00 1.132017e+00 1.130919e+00 1.129892e+00 1.128932e+00 1.128041e+00 1.127215e+00 1.126455e+00 1.125760e+00 1.125128e+00 1.124559e+00 1.124052e+00 1.123606e+00 1.123222e+00 1.122898e+00 1.122634e+00 1.122430e+00 1.122285e+00 1.122200e+00 1.122174e+00 1.122207e+00 1.122300e+00 1.122452e+00 1.122663e+00 1.122934e+00 1.123266e+00 1.123736e+00 1.123943e+00 1.123810e+00 1.123336e+00 1.122520e+00 1.121361e+00 1.119858e+00
2.498683e+00 2.534347e+00 2.570679e+00 2.607725e+00 2.645530e+00 2.684142e+00 2.723609e+00 2.755326e+00 2.777924e+00 2.800068e+00 2.821765e+00 2.843022e+00 2.863847e+00 2.884248e+00 2.904231e+00 2.923803e+00 2.942972e+00 2.961744e+00 2.980126e+00 2.998123e+00 3.015743e+00 3.032992e+00 3.049875e+00 3.066399e+00 3.082568e+00 3.098390e+00 3.113870e+00 3.129012e+00 3.143822e+00 3.158306e+00 3.172469e+00 3.186315e+00 3.199849e+00 3.213076e+00 3.226001e+00 3.238628e+00 3.250962e+00 3.263006e+00 3.274766e+00 3.286245e+00 3.297448e+00 3.308377e+00 3.319038e+00 3.329434e+00 3.339568e+00 3.349444e+00 3.359065e+00 3.368435e+00 3.377558e+00 3.386435e+00 3.395072e+00 3.403469e+00 3.411631e+00 3.419560e+00 3.427259e+00 3.434731e+00 3.441979e+00 3.449004e+00 3.455809e+00 3.462398e+00 3.468771e+00 3.474931e+00 3.480881e+00 3.486623e+00 3.492158e+00 3.497488e+00 3.502616e+00 3.507543e+00 3.512270e+00 3.516800e+00 3.521135e+00 3.525275e+00 3.529222e+00 3.535728e+00 3.543340e+00 3.549308e+00 3.553636e+00 3.556326e+00 3.557380e+00 3.556799e+00
1.273960e+00 1.264289e+00 1.253698e+00 1.242174e+00 1.229702e+00 1.216268e+00 1.201854e+00 1.189577e+00 1.180745e+00 1.172211e+00 1.163962e+00 1.155987e+00 1.148272e+00 1.140806e+00 1.133579e+00 1.126578e+00 1.119794e+00 1.113217e+00 1.106835e+00 1.100641e+00 1.094624e+00 1.088775e+00 1.083085e+00 1.077547e+00 1.072151e+00 1.066889e+00 1.061754e+00 1.056737e+00 1.051832e+00 1.047031e+00 1.042325e+00 1.037710e+00 1.033176e+00 1.028719e+00 1.024330e+00 1.020003e+00 1.015732e+00 1.011511e+00 1.007332e+00 1.003190e+00 9.990782e-01 9.949905e-01 9.909209e-01 9.868630e-01 9.828109e-01 9.787584e-01 9.746994e-01 9.706277e-01 9.665372e-01 9.624218e-01 9.582752e-01 9.540912e-01 9.498634e-01 9.455856e-01 9.412511e-01 9.368536e-01 9.323863e-01 9.278425e-01 9.232154e-01 9.184980e-01 9.136831e-01 9.087636e-01 9.037319e-01 8.985805e-01 8.933016e-01 8.878872e-01 8.823292e-01 8.766193e-01 8.707486e-01 8.647086e-01 8.584899e-01 8.520832e-01 8.454789e-01 8.387613e-01 8.322512e-01 8.258421e-01 8.195223e-01 8.132799e-01 8.071035e-01 8.009815e-01
1.873349e+00 1.885865e+00 1.898238e+00 1.910485e+00 1.922619e+00 1.934657e+00 1.946613e+00 1.958113e+00 1.968630e+00 1.978562e+00 1.987918e+00 1.996706e+00 2.004935e+00 2.012611e+00 2.019742e+00 2.026333e+00 2.032391e+00 2.037921e+00 2.042927e+00 2.047415e+00 2.051389e+00 2.054851e+00 2.057805e+00 2.060254e+00 2.062199e+00 2.063643e+00 2.064587e+00 2.065031e+00 2.064977e+00 2.064423e+00 2.063370e+00 2.061816e+00 2.059761e+00 2.057201e+00 2.054136e+00 2.050562e+00 2.046477e+00 2.041875e+00 2.036754e+00 2.031109e+00 2.024935e+00 2.018226e+00 2.010977e+00 2.003180e+00 1.994830e+00 1.985918e+00 1.976436e+00 1.966377e+00 1.955731e+00 1.944488e+00 1.932640e+00 1.920174e+00 1.907081e+00 1.893349e+00 1.878964e+00 1.863915e+00 1.848188e+00 1.831769e+00 1.814644e+00 1.796796e+00 1.778211e+00 1.758872e+00 1.738762e+00 1.717862e+00 1.696155e+00 1.673620e+00 1.650238e+00 1.625987e+00 1.600848e+00 1.574796e+00 1.547809e+00 1.519863e+00 1.490933e+00 1.467336e+00 1.450330e+00 1.433555e+00 1.416991e+00 1.400622e+00 1.384428e+00 1.368393e+00
1.535723e+00 1.535742e+00 1.535180e+00 1.534036e+00 1.532311e+00 1.530001e+00 1.527103e+00 1.524275e+00 1.522224e+00 1.520286e+00 1.518458e+00 1.516740e+00 1.515128e+00 1.513622e+00 1.512219e+00 1.510918e+00 1.509718e+00 1.508617e+00 1.507615e+00 1.506709e+00 1.505899e+00 1.505185e+00 1.504564e+00 1.504038e+00 1.503604e+00 1.503264e+00 1.503015e+00 1.502858e+00 1.502794e+00 1.502821e+00 1.502939e+00 1.503150e+00 1.503452e+00 1.503848e+00 1.504336e+00 1.504917e+00 1.505593e+00 1.506363e+00 1.507229e+00 1.508191e+00 1.509252e+00 1.510411e+00 1.511670e+00 1.513030e+00 1.514493e+00 1.516061e+00 1.517736e+00 1.519518e+00 1.521410e+00 1.523415e+00 1.525533e+00 1.527769e+00 1.530123e+00 1.532599e+00 1.535199e+00 1.537927e+00 1.540784e+00 1.543775e+00 1.546903e+00 1.550171e+00 1.553582e+00 1.557140e+00 1.560850e+00 1.564715e+00 1.568739e+00 1.572927e+00 1.577284e+00 1.581814e+00 1.586522e+00 1.591413e+00 1.596493e+00 1.601768e+00 1.607242e+00 1.618741e+00 1.634847e+00 1.649777e+00 1.663564e+00 1.676237e+00 1.687825e+00 1.698352e+00
1.240447e+00 1.229535e+00 1.217660e+00 1.204806e+00 1.190959e+00 1.176101e+00 1.160213e+00 1.140088e+00 1.118356e+00 1.098110e+00 1.079260e+00 1.061722e+00 1.045420e+00 1.030282e+00 1.016242e+00 1.003236e+00 9.912087e-01 9.801063e-01 9.698801e-01 9.604850e-01 9.518796e-01 9.440260e-01 9.368897e-01 9.304392e-01 9.246461e-01 9.194849e-01 9.149328e-01 9.109698e-01 9.075784e-01 9.047438e-01 9.024534e-01 9.006971e-01 8.994672e-01 8.987582e-01 8.985671e-01 8.988931e-01 8.997374e-01 9.011040e-01 9.029987e-01 9.054300e-01 9.084085e-01 9.119473e-01 9.160621e-01 9.207710e-01 9.260947e-01 9.320566e-01 9.386831e-01 9.460032e-01 9.540493e-01 9.628568e-01 9.724645e-01 9.829147e-01 9.942534e-01 1.006531e+00 1.019800e+00 1.034121e+00 1.049556e+00 1.066173e+00 1.084045e+00 1.103251e+00 1.123875e+00 1.146009e+00 1.169750e+00 1.195203e+00 1.222479e+00 1.251698e+00 1.282991e+00 1.316493e+00 1.352353e+00 1.390729e+00 1.431790e+00 1.475716e+00 1.522701e+00 1.562286e+00 1.589619e+00 1.615375e+00 1.639560e+00 1.662181e+00 1.683243e+00 1.702752e+00
2.177523e+00 2.201299e+00 2.225326e+00 2.249635e+00 2.274256e+00 2.299220e+00 2.324558e+00 2.347023e+00 2.365217e+00 2.382425e+00 2.398652e+00 2.413907e+00 2.428193e+00 2.441517e+00 2.453883e+00 2.465296e+00 2.475760e+00 2.485279e+00 2.493857e+00 2.501497e+00 2.508201e+00 2.513972e+00 2.518812e+00 2.522723e+00 2.525706e+00 2.527764e+00 2.528895e+00 2.529101e+00 2.528382e+00 2.526738e+00 2.524167e+00 2.520669e+00 2.516243e+00 2.510887e+00 2.504599e+00 2.497377e+00 2.489218e+00 2.480119e+00 2.470076e+00 2.459087e+00 2.447146e+00 2.434249e+00 2.420393e+00 2.405570e+00 2.389777e+00 2.373007e+00 2.355253e+00 2.336510e+00 2.316771e+00 2.296027e+00 2.274272e+00 2.251497e+00 2.227694e+00 2.202854e+00 2.176967e+00 2.150025e+00 2.122017e+00 2.092933e+00 2.062762e+00 2.031493e+00 1.999114e+00 1.965613e+00 1.930978e+00 1.895196e+00 1.858253e+00 1.820137e+00 1.780833e+00 1.740325e+00 1.698600e+00 1.655642e+00 1.611435e+00 1.565962e+00 1.519207e+00 1.476227e+00 1.439830e+00 1.404868e+00 1.371270e+00 1.338967e+00 1.307896e+00 1.277993e+00
1.184249e+00 1.171256e+00 1.157228e+00 1.142146e+00 1.125992e+00 1.108746e+00 1.090385e+00 1.073017e+00 1.058515e+00 1.044713e+00 1.031577e+00 1.019074e+00 1.007172e+00 9.958418e-01 9.850545e-01 9.747832e-01 9.650022e-01 9.556871e-01 9.468143e-01 9.383617e-01 9.303081e-01 9.226332e-01 9.153179e-01 9.083438e-01 9.016934e-01 8.953500e-01 8.892978e-01 8.835215e-01 8.780067e-01 8.727395e-01 8.677067e-01 8.628958e-01 8.582946e-01 8.538916e-01 8.496758e-01 8.456366e-01 8.417639e-01 8.380480e-01 8.344795e-01 8.310494e-01 8.277493e-01 8.245708e-01 8.215060e-01 8.185471e-01 8.156868e-01 8.129179e-01 8.102334e-01 8.076266e-01 8.050910e-01 8.026202e-01 8.002080e-01 7.978483e-01 7.955353e-01 7.932632e-01 7.910262e-01 7.888188e-01 7.866353e-01 7.844704e-01 7.823187e-01 7.801746e-01 7.780328e-01 7.758880e-01 7.737348e-01 7.715678e-01 7.693816e-01 7.671706e-01 7.649294e-01 7.626522e-01 7.603335e-01 7.579673e-01 7.555478e-01 7.530689e-01 7.505243e-01 7.482301e-01 7.461732e-01 7.440275e-01 7.417890e-01 7.394535e-01 7.370167e-01 7.344740e-01
1.518129e+00 1.517496e+00 1.516260e+00 1.514419e+00 1.511971e+00 1.508913e+00 1.505242e+00 1.501660e+00 1.498750e+00 1.495802e+00 1.492812e+00 1.489777e+00 1.486694e+00 1.483558e+00 1.480368e+00 1.477118e+00 1.473806e+00 1.470429e+00 1.466981e+00 1.463461e+00 1.459863e+00 1.456184e+00 1.452420e+00 1.448566e+00 1.444619e+00 1.440575e+00 1.436428e+00 1.432174e+00 1.427809e+00 1.423328e+00 1.418726e+00 1.413998e+00 1.409138e+00 1.404143e+00 1.399005e+00 1.393719e+00 1.388281e+00 1.382683e+00 1.376919e+00 1.370984e+00 1.364871e+00 1.358573e+00 1.352083e+00 1.345395e+00 1.338500e+00 1.331392e+00 1.324062e+00 1.316503e+00 1.308707e+00 1.300664e+00 1.292366e+00 1.283805e+00 1.274970e+00 1.265852e+00 1.256441e+00 1.246727e+00 1.236699e+00 1.226347e+00 1.215658e+00 1.204622e+00 1.193226e+00 1.181458e+00 1.169305e+00 1.156753e+00 1.143790e+00 1.130400e+00 1.116570e+00 1.102284e+00 1.087526e+00 1.072281e+00 1.056531e+00 1.040261e+00 1.023451e+00 1.007502e+00 9.934124e-01 9.797389e-01 9.664561e-01 9.535397e-01 9.409660e-01 9.287121e-01
1.338256e+00 1.330965e+00 1.322837e+00 1.313863e+00 1.304031e+00 1.293329e+00 1.281744e+00 1.272272e+00 1.265991e+00 1.259881e+00 1.253936e+00 1.248149e+00 1.242513e+00 1.237022e+00 1.231668e+00 1.226447e+00 1.221352e+00 1.216377e+00 1.211517e+00 1.206765e+00 1.202116e+00 1.197565e+00 1.193107e+00 1.188736e+00 1.184447e+00 1.180236e+00 1.176098e+00 1.172027e+00 1.168019e+00 1.164069e+00 1.160174e+00 1.156327e+00 1.152525e+00 1.148764e+00 1.145039e+00 1.141345e+00 1.137680e+00 1.134037e+00 1.130413e+00 1.126804e+00 1.123206e+00 1.119614e+00 1.116025e+00 1.112434e+00 1.108837e+00 1.105229e+00 1.101607e+00 1.097967e+00 1.094304e+00 1.090614e+00 1.086893e+00 1.083136e+00 1.079340e+00 1.075499e+00 1.071609e+00 1.067666e+00 1.063665e+00 1.059602e+00 1.055472e+00 1.051269e+00 1.046990e+00 1.042629e+00 1.038182e+00 1.033642e+00 1.029005e+00 1.024266e+00 1.019419e+00 1.014457e+00 1.009377e+00 1.004171e+00 9.988338e-01 9.933591e-01 9.877406e-01 9.745089e-01 9.553512e-01 9.376086e-01 9.211688e-01 9.059276e-01 8.917882e-01 8.786611e-01
1.571939e+00 1.573298e+00 1.574123e+00 1.574416e+00 1.574178e+00 1.573406e+00 1.572102e+00 1.570499e+00 1.569099e+00 1.567665e+00 1.566196e+00 1.564688e+00 1.563141e+00 1.561553e+00 1.559922e+00 1.558246e+00 1.556523e+00 1.554752e+00 1.552929e+00 1.551053e+00 1.549122e+00 1.547134e+00 1.545086e+00 1.542975e+00 1.540800e+00 1.538558e+00 1.536246e+00 1.533862e+00 1.531402e+00 1.528865e+00 1.526246e+00 1.523543e+00 1.520753e+00 1.517873e+00 1.514899e+00 1.511827e+00 1.508655e+00 1.505378e+00 1.501993e+00 1.498496e+00 1.494882e+00 1.491148e+00 1.487289e+00 1.483300e+00 1.479178e+00 1.474917e+00 1.470512e+00 1.465958e+00 1.461250e+00 1.456382e+00 1.451350e+00 1.446146e+00 1.440765e+00 1.435200e+00 1.429446e+00 1.423495e+00 1.417340e+00 1.410975e+00 1.404392e+00 1.397583e+00 1.390540e+00 1.383256e+00 1.375721e+00 1.367928e+00 1.359866e+00 1.351527e+00 1.342900e+00 1.333977e+00 1.324746e+00 1.315196e+00 1.305318e+00 1.295098e+00 1.284526e+00 1.275314e+00 1.267700e+00 1.259950e+00 1.252059e+00 1.244018e+00 1.235820e+00 1.227459e+00
1.991362e+00 2.008247e+00 2.025142e+00 2.042068e+00 2.059047e+00 2.076100e+00 2.093248e+00 2.108966e+00 2.122375e+00 2.135028e+00 2.146934e+00 2.158100e+00 2.168532e+00 2.178237e+00 2.187222e+00 2.195490e+00 2.203048e+00 2.209901e+00 2.216051e+00 2.221504e+00 2.226262e+00 2.230328e+00 2.233705e+00 2.236395e+00 2.238399e+00 2.239719e+00 2.240355e+00 2.240309e+00 2.239579e+00 2.238165e+00 2.236068e+00 2.233284e+00 2.229813e+00 2.225653e+00 2.220800e+00 2.215252e+00 2.209006e+00 2.202058e+00 2.194403e+00 2.186037e+00 2.176954e+00 2.167150e+00 2.156618e+00 2.145352e+00 2.133344e+00 2.120588e+00 2.107076e+00 2.092799e+00 2.077749e+00 2.061916e+00 2.045291e+00 2.027864e+00 2.009624e+00 1.990560e+00 1.970660e+00 1.949912e+00 1.928303e+00 1.905821e+00 1.882451e+00 1.858180e+00 1.832991e+00 1.806871e+00 1.779803e+00 1.751770e+00 1.722755e+00 1.692741e+00 1.661710e+00 1.629641e+00 1.596516e+00 1.562315e+00 1.527016e+00 1.490598e+00 1.453039e+00 1.418036e+00 1.387951e+00 1.359004e+00 1.331137e+00 1.304293e+00 1.278418e+00 1.253460e+00
1.223381e+00 1.211838e+00 1.199309e+00 1.185779e+00 1.171231e+00 1.155648e+00 1.139009e+00 1.113473e+00 1.082750e+00 1.054457e+00 1.028407e+00 1.004428e+00 9.823624e-01 9.620647e-01 9.434011e-01 9.262487e-01 9.104943e-01 8.960340e-01 8.827727e-01 8.706228e-01 8.595044e-01 8.493440e-01 8.400748e-01 8.316356e-01 8.239708e-01 8.170299e-01 8.107672e-01 8.051414e-01 8.001153e-01 7.956559e-01 7.917337e-01 7.883230e-01 7.854012e-01 7.829491e-01 7.809505e-01 7.793922e-01 7.782640e-01 7.775585e-01 7.772709e-01 7.773994e-01 7.779448e-01 7.789108e-01 7.803037e-01 7.821326e-01 7.844097e-01 7.871499e-01 7.903713e-01 7.940951e-01 7.983459e-01 8.031518e-01 8.085442e-01 8.145590e-01 8.212355e-01 8.286180e-01 8.367549e-01 8.457001e-01 8.555123e-01 8.662563e-01 8.780030e-01 8.908297e-01 9.048210e-01 9.200690e-01 9.366744e-01 9.547465e-01 9.744045e-01 9.957780e-01 1.019008e+00 1.044247e+00 1.071662e+00 1.101433e+00 1.133758e+00 1.168848e+00 1.206935e+00 1.244599e+00 1.276735e+00 1.307064e+00 1.335635e+00 1.362496e+00 1.387688e+00 1.411254e+00
1.110937e+00 1.095231e+00 1.078394e+00 1.060405e+00 1.041241e+00 1.020879e+00 9.992930e-01 9.814103e-01 9.690843e-01 9.573355e-01 9.461396e-01 9.354737e-01 9.253159e-01 9.156452e-01 9.064418e-01 8.976867e-01 8.893620e-01 8.814505e-01 8.739360e-01 8.668030e-01 8.600368e-01 8.536236e-01 8.475501e-01 8.418040e-01 8.363732e-01 8.312468e-01 8.264141e-01 8.218652e-01 8.175908e-01 8.135820e-01 8.098307e-01 8.063291e-01 8.030700e-01 8.000467e-01 7.972531e-01 7.946832e-01 7.923320e-01 7.901945e-01 7.882663e-01 7.865435e-01 7.850226e-01 7.837004e-01 7.825741e-01 7.816416e-01 7.809007e-01 7.803502e-01 7.799887e-01 7.798156e-01 7.798305e-01 7.800334e-01 7.804248e-01 7.810055e-01 7.817766e-01 7.827397e-01 7.838968e-01 7.852504e-01 7.868031e-01 7.885582e-01 7.905193e-01 7.926903e-01 7.950759e-01 7.976808e-01 8.005105e-01 8.035707e-01 8.068678e-01 8.104085e-01 8.142001e-01 8.182504e-01 8.225678e-01 8.271610e-01 8.320396e-01 8.372135e-01 8.426935e-01 8.523573e-01 8.649957e-01 8.767781e-01 8.877378e-01 8.979058e-01 9.073110e-01 9.159798e-01
1.415263e+00 1.410822e+00 1.405645e+00 1.399724e+00 1.393054e+00 1.385625e+00 1.377427e+00 1.370182e+00 1.364815e+00 1.359588e+00 1.354495e+00 1.349530e+00 1.344687e+00 1.339960e+00 1.335343e+00 1.330830e+00 1.326416e+00 1.322095e+00 1.317862e+00 1.313712e+00 1.309640e+00 1.305641e+00 1.301709e+00 1.297841e+00 1.294031e+00 1.290274e+00 1.286567e+00 1.282904e+00 1.279280e+00 1.275693e+00 1.272136e+00 1.268606e+00 1.265098e+00 1.261609e+00 1.258133e+00 1.254666e+00 1.251205e+00 1.247745e+00 1.244282e+00 1.240811e+00 1.237328e+00 1.233829e+00 1.230310e+00 1.226767e+00 1.223194e+00 1.219587e+00 1.215943e+00 1.212257e+00 1.208524e+00 1.204739e+00 1.200898e+00 1.196996e+00 1.193029e+00 1.188991e+00 1.184878e+00 1.180685e+00 1.176405e+00 1.172035e+00 1.167568e+00 1.163000e+00 1.158325e+00 1.153536e+00 1.148628e+00 1.143595e+00 1.138432e+00 1.133130e+00 1.127685e+00 1.122088e+00 1.116334e+00 1.110416e+00 1.104325e+00 1.098055e+00 1.091598e+00 1.082197e+00 1.070558e+00 1.059397e+00 1.048678e+00 1.038368e+00 1.028436e+00 1.018852e+00
1.256720e+00 1.246410e+00 1.235158e+00 1.222951e+00 1.209772e+00 1.195605e+00 1.180432e+00 1.167062e+00 1.157054e+00 1.147565e+00 1.138577e+00 1.130074e+00 1.122039e+00 1.114458e+00 1.107316e+00 1.100601e+00 1.094299e+00 1.088400e+00 1.082892e+00 1.077765e+00 1.073010e+00 1.068617e+00 1.064579e+00 1.060888e+00 1.057537e+00 1.054521e+00 1.051832e+00 1.049467e+00 1.047422e+00 1.045691e+00 1.044273e+00 1.043164e+00 1.042362e+00 1.041866e+00 1.041675e+00 1.041789e+00 1.042208e+00 1.042932e+00 1.043963e+00 1.045303e+00 1.046954e+00 1.048920e+00 1.051203e+00 1.053809e+00 1.056743e+00 1.060008e+00 1.063612e+00 1.067562e+00 1.071864e+00 1.076527e+00 1.081559e+00 1.086970e+00 1.092769e+00 1.098967e+00 1.105577e+00 1.112609e+00 1.120078e+00 1.127997e+00 1.136380e+00 1.145244e+00 1.154605e+00 1.164479e+00 1.174886e+00 1.185845e+00 1.197376e+00 1.209500e+00 1.222240e+00 1.235619e+00 1.249663e+00 1.264398e+00 1.279850e+00 1.296048e+00 1.313023e+00 1.330369e+00 1.346181e+00 1.360902e+00 1.374538e+00 1.387093e+00 1.398570e+00 1.408975e+00
1.250155e+00 1.239603e+00 1.228100e+00 1.215631e+00 1.202183e+00 1.187737e+00 1.172276e+00 1.154934e+00 1.137776e+00 1.121591e+00 1.106327e+00 1.091934e+00 1.078365e+00 1.065574e+00 1.053521e+00 1.042165e+00 1.031469e+00 1.021399e+00 1.011921e+00 1.003004e+00 9.946194e-01 9.867390e-01 9.793372e-01 9.723897e-01 9.658738e-01 9.597681e-01 9.540526e-01 9.487085e-01 9.437184e-01 9.390659e-01 9.347356e-01 9.307135e-01 9.269863e-01 9.235418e-01 9.203687e-01 9.174566e-01 9.147960e-01 9.123782e-01 9.101952e-01 9.082398e-01 9.065056e-01 9.049871e-01 9.036791e-01 9.025774e-01 9.016784e-01 9.009791e-01 9.004773e-01 9.001712e-01 9.000600e-01 9.001432e-01 9.004211e-01 9.008945e-01 9.015652e-01 9.024352e-01 9.035075e-01 9.047855e-01 9.062734e-01 9.079760e-01 9.098991e-01 9.120489e-01 9.144324e-01 9.170574e-01 9.199327e-01 9.230674e-01 9.264721e-01 9.301578e-01 9.341366e-01 9.384215e-01 9.430266e-01 9.479671e-01 9.532590e-01 9.589198e-01 9.649680e-01 9.737046e-01 9.839071e-01 9.933352e-01 1.002027e+00 1.010016e+00 1.017335e+00 1.024013e+00
1.257010e+00 1.246711e+00 1.235470e+00 1.223274e+00 1.210107e+00 1.195952e+00 1.180793e+00 1.163438e+00 1.145948e+00 1.129435e+00 1.113845e+00 1.099125e+00 1.085226e+00 1.072101e+00 1.059706e+00 1.047999e+00 1.036942e+00 1.026498e+00 1.016630e+00 1.007308e+00 9.984978e-01 9.901716e-01 9.823010e-01 9.748598e-01 9.678229e-01 9.611668e-01 9.548692e-01 9.489090e-01 9.432663e-01 9.379220e-01 9.328583e-01 9.280583e-01 9.235059e-01 9.191858e-01 9.150835e-01 9.111853e-01 9.074781e-01 9.039495e-01 9.005877e-01 8.973815e-01 8.943200e-01 8.913931e-01 8.885908e-01 8.859039e-01 8.833233e-01 8.808404e-01 8.784469e-01 8.761347e-01 8.738961e-01 8.717236e-01 8.696099e-01 8.675479e-01 8.655307e-01 8.635517e-01 8.616040e-01 8.596813e-01 8.577770e-01 8.558848e-01 8.539984e-01 8.521114e-01 8.502175e-01 8.483103e-01 8.463835e-01 8.444307e-01 8.424452e-01 8.404204e-01 8.383495e-01 8.362257e-01 8.340417e-01 8.317903e-01 8.294639e-01 8.270547e-01 8.245547e-01 8.224804e-01 8.208143e-01 8.190281e-01 8.171185e-01 8.150818e-01 8.129140e-01 8.106110e-01
1.140891e+00 1.126294e+00 1.110604e+00 1.093803e+00 1.075869e+00 1.056780e+00 1.036512e+00 1.019788e+00 1.008390e+00 9.975475e-01 9.872403e-01 9.774479e-01 9.681515e-01 9.593332e-01 9.509757e-01 9.430631e-01 9.355799e-01 9.285118e-01 9.218450e-01 9.155666e-01 9.096646e-01 9.041274e-01 8.989445e-01 8.941057e-01 8.896017e-01 8.854238e-01 8.815639e-01 8.780145e-01 8.747689e-01 8.718206e-01 8.691641e-01 8.667941e-01 8.647061e-01 8.628961e-01 8.613605e-01 8.600964e-01 8.591013e-01 8.583733e-01 8.579111e-01 8.577136e-01 8.577805e-01 8.581121e-01 8.587088e-01 8.595718e-01 8.607029e-01 8.621042e-01 8.637784e-01 8.657287e-01 8.679590e-01 8.704735e-01 8.732772e-01 8.763753e-01 8.797739e-01 8.834797e-01 8.874997e-01 8.918417e-01 8.965142e-01 9.015261e-01 9.068872e-01 9.126077e-01 9.186989e-01 9.251725e-01 9.320409e-01 9.393175e-01 9.470163e-01 9.551523e-01 9.637411e-01 9.727994e-01 9.823447e-01 9.923954e-01 1.002971e+00 1.014092e+00 1.025780e+00 1.050624e+00 1.085968e+00 1.119317e+00 1.150740e+00 1.180303e+00 1.208067e+00 1.234090e+00
1.731359e+00 1.738619e+00 1.745552e+00 1.752168e+00 1.758473e+00 1.764477e+00 1.770186e+00 1.777121e+00 1.784987e+00 1.792284e+00 1.799027e+00 1.805228e+00 1.810899e+00 1.816050e+00 1.820691e+00 1.824830e+00 1.828475e+00 1.831633e+00 1.834310e+00 1.836511e+00 1.838240e+00 1.839500e+00 1.840293e+00 1.840621e+00 1.840485e+00 1.839885e+00 1.838818e+00 1.837284e+00 1.835279e+00 1.832800e+00 1.829841e+00 1.826398e+00 1.822465e+00 1.818033e+00 1.813094e+00 1.807640e+00 1.801660e+00 1.795143e+00 1.788076e+00 1.780448e+00 1.772242e+00 1.763445e+00 1.754040e+00 1.744008e+00 1.733332e+00 1.721992e+00 1.709966e+00 1.697233e+00 1.683767e+00 1.669545e+00 1.654540e+00 1.638723e+00 1.622065e+00 1.604536e+00 1.586102e+00 1.566729e+00 1.546381e+00 1.525020e+00 1.502607e+00 1.479099e+00 1.454453e+00 1.428622e+00 1.401560e+00 1.373214e+00 1.343532e+00 1.312460e+00 1.279938e+00 1.245907e+00 1.210303e+00 1.173060e+00 1.134107e+00 1.093374e+00 1.050783e+00 1.020928e+00 1.006196e+00 9.918902e-01 9.779843e-01 9.644545e-01 9.512773e-01 9.384295e-01
1.658977e+00 1.663557e+00 1.667718e+00 1.671462e+00 1.674797e+00 1.677724e+00 1.680249e+00 1.683063e+00 1.686281e+00 1.689221e+00 1.691889e+00 1.694293e+00 1.696437e+00 1.698326e+00 1.699965e+00 1.701357e+00 1.702505e+00 1.703413e+00 1.704082e+00 1.704513e+00 1.704708e+00 1.704667e+00 1.704390e+00 1.703877e+00 1.703126e+00 1.702135e+00 1.700903e+00 1.699425e+00 1.697700e+00 1.695724e+00 1.693490e+00 1.690996e+00 1.688234e+00 1.685198e+00 1.681883e+00 1.678279e+00 1.674380e+00 1.670175e+00 1.665655e+00 1.660811e+00 1.655631e+00 1.650103e+00 1.644215e+00 1.637953e+00 1.631303e+00 1.624250e+00 1.616777e+00 1.608868e+00 1.600505e+00 1.591669e+00 1.582339e+00 1.572494e+00 1.562112e+00 1.551169e+00 1.539640e+00 1.527499e+00 1.514719e+00 1.501269e+00 1.487120e+00 1.472240e+00 1.456593e+00 1.440145e+00 1.422859e+00 1.404694e+00 1.385609e+00 1.365562e+00 1.344505e+00 1.322392e+00 1.299171e+00 1.274791e+00 1.249195e+00 1.222324e+00 1.194119e+00 1.169544e+00 1.150928e+00 1.133182e+00 1.116249e+00 1.100078e+00 1.084617e+00 1.069819e+00
1.142047e+00 1.127493e+00 1.111848e+00 1.095092e+00 1.077206e+00 1.058166e+00 1.037948e+00 1.019634e+00 1.005248e+00 9.916491e-01 9.788018e-01 9.666737e-01 9.552338e-01 9.444530e-01 9.343038e-01 9.247605e-01 9.157985e-01 9.073952e-01 8.995291e-01 8.921801e-01 8.853296e-01 8.789600e-01 8.730551e-01 8.676000e-01 8.625806e-01 8.579843e-01 8.537992e-01 8.500147e-01 8.466212e-01 8.436101e-01 8.409736e-01 8.387050e-01 8.367986e-01 8.352495e-01 8.340537e-01 8.332082e-01 8.327109e-01 8.325605e-01 8.327565e-01 8.332996e-01 8.341910e-01 8.354331e-01 8.370290e-01 8.389828e-01 8.412995e-01 8.439849e-01 8.470459e-01 8.504904e-01 8.543270e-01 8.585656e-01 8.632169e-01 8.682929e-01 8.738065e-01 8.797716e-01 8.862035e-01 8.931187e-01 9.005346e-01 9.084703e-01 9.169459e-01 9.259830e-01 9.356047e-01 9.458355e-01 9.567015e-01 9.682302e-01 9.804513e-01 9.933956e-01 1.007096e+00 1.021588e+00 1.036909e+00 1.053096e+00 1.070192e+00 1.088240e+00 1.107286e+00 1.138960e+00 1.180018e+00 1.218937e+00 1.255772e+00 1.290575e+00 1.323396e+00 1.354282e+00
1.558298e+00 1.559152e+00 1.559455e+00 1.559207e+00 1.558408e+00 1.557057e+00 1.555153e+00 1.553198e+00 1.551629e+00 1.549941e+00 1.548131e+00 1.546197e+00 1.544139e+00 1.541953e+00 1.539640e+00 1.537195e+00 1.534618e+00 1.531906e+00 1.529056e+00 1.526066e+00 1.522934e+00 1.519657e+00 1.516231e+00 1.512655e+00 1.508924e+00 1.505036e+00 1.500987e+00 1.496774e+00 1.492392e+00 1.487839e+00 1.483110e+00 1.478201e+00 1.473108e+00 1.467826e+00 1.462351e+00 1.456678e+00 1.450802e+00 1.444718e+00 1.438420e+00 1.431904e+00 1.425163e+00 1.418191e+00 1.410983e+00 1.403533e+00 1.395832e+00 1.387876e+00 1.379657e+00 1.371168e+00 1.362401e+00 1.353349e+00 1.344004e+00 1.334358e+00 1.324403e+00 1.314129e+00 1.303527e+00 1.292590e+00 1.281306e+00 1.269666e+00 1.257661e+00 1.245279e+00 1.232510e+00 1.219342e+00 1.205765e+00 1.191766e+00 1.177333e+00 1.162453e+00 1.147114e+00 1.131302e+00 1.115004e+00 1.098205e+00 1.080890e+00 1.063045e+00 1.044654e+00 1.026069e+00 1.008506e+00 9.915603e-01 9.751977e-01 9.593854e-01 9.440915e-01 9.292853e-01
1.694185e+00 1.700069e+00 1.705578e+00 1.710720e+00 1.715499e+00 1.719923e+00 1.723997e+00 1.727037e+00 1.729157e+00 1.731047e+00 1.732708e+00 1.734142e+00 1.735350e+00 1.736333e+00 1.737091e+00 1.737625e+00 1.737935e+00 1.738023e+00 1.737887e+00 1.737528e+00 1.736945e+00 1.736138e+00 1.735106e+00 1.733849e+00 1.732366e+00 1.730655e+00 1.728715e+00 1.726545e+00 1.724142e+00 1.721505e+00 1.718633e+00 1.715522e+00 1.712170e+00 1.708575e+00 1.704734e+00 1.700644e+00 1.696301e+00 1.691703e+00 1.686845e+00 1.681725e+00 1.676337e+00 1.670678e+00 1.664744e+00 1.658529e+00 1.652029e+00 1.645239e+00 1.638153e+00 1.630767e+00 1.623073e+00 1.615067e+00 1.606742e+00 1.598092e+00 1.589109e+00 1.579788e+00 1.570119e+00 1.560097e+00 1.549713e+00 1.538960e+00 1.527828e+00 1.516309e+00 1.504394e+00 1.492074e+00 1.479339e+00 1.466180e+00 1.452585e+00 1.438545e+00 1.424049e+00 1.409085e+00 1.393642e+00 1.377707e+00 1.361268e+00 1.344313e+00 1.326828e+00 1.302828e+00 1.274373e+00 1.247345e+00 1.221657e+00 1.197228e+00 1.173980e+00 1.151840e+00
1.338487e+00 1.331204e+00 1.323086e+00 1.314121e+00 1.304298e+00 1.293606e+00 1.282031e+00 1.272528e+00 1.266185e+00 1.260026e+00 1.254044e+00 1.248232e+00 1.242584e+00 1.237091e+00 1.231749e+00 1.226550e+00 1.221488e+00 1.216558e+00 1.211754e+00 1.207070e+00 1.202500e+00 1.198039e+00 1.193682e+00 1.189424e+00 1.185259e+00 1.181183e+00 1.177191e+00 1.173278e+00 1.169440e+00 1.165672e+00 1.161970e+00 1.158328e+00 1.154744e+00 1.151213e+00 1.147730e+00 1.144291e+00 1.140893e+00 1.137531e+00 1.134202e+00 1.130901e+00 1.127625e+00 1.124369e+00 1.121131e+00 1.117905e+00 1.114689e+00 1.111478e+00 1.108269e+00 1.105058e+00 1.101840e+00 1.098614e+00 1.095373e+00 1.092115e+00 1.088837e+00 1.085533e+00 1.082200e+00 1.078834e+00 1.075432e+00 1.071988e+00 1.068500e+00 1.064963e+00 1.061372e+00 1.057724e+00 1.054014e+00 1.050238e+00 1.046392e+00 1.042470e+00 1.038469e+00 1.034383e+00 1.030208e+00 1.025939e+00 1.021570e+00 1.017097e+00 1.012514e+00 1.007708e+00 1.002710e+00 9.976234e-01 9.924411e-01 9.871565e-01 9.817630e-01 9.762536e-01
1.843085e+00 1.854481e+00 1.865695e+00 1.876741e+00 1.887633e+00 1.898385e+00 1.909009e+00 1.918042e+00 1.925189e+00 1.931933e+00 1.938280e+00 1.944233e+00 1.949798e+00 1.954978e+00 1.959776e+00 1.964198e+00 1.968244e+00 1.971920e+00 1.975227e+00 1.978167e+00 1.980743e+00 1.982957e+00 1.984810e+00 1.986303e+00 1.987439e+00 1.988216e+00 1.988637e+00 1.988701e+00 1.988409e+00 1.987759e+00 1.986753e+00 1.985388e+00 1.983665e+00 1.981581e+00 1.979135e+00 1.976326e+00 1.973151e+00 1.969609e+00 1.965696e+00 1.961409e+00 1.956747e+00 1.951704e+00 1.946278e+00 1.940465e+00 1.934261e+00 1.927660e+00 1.920658e+00 1.913251e+00 1.905432e+00 1.897197e+00 1.888538e+00 1.879451e+00 1.869927e+00 1.859962e+00 1.849546e+00 1.838673e+00 1.827334e+00 1.815522e+00 1.803229e+00 1.790444e+00 1.777159e+00 1.763364e+00 1.749049e+00 1.734205e+00 1.718819e+00 1.702881e+00 1.686380e+00 1.669303e+00 1.651638e+00 1.633372e+00 1.614493e+00 1.594986e+00 1.574837e+00 1.557025e+00 1.542257e+00 1.527527e+00 1.512821e+00 1.498128e+00 1.483435e+00 1.468729e+00
1.300333e+00 1.291638e+00 1.282057e+00 1.271579e+00 1.260190e+00 1.247877e+00 1.234623e+00 1.217294e+00 1.198107e+00 1.180106e+00 1.163220e+00 1.147380e+00 1.132524e+00 1.118592e+00 1.105529e+00 1.093281e+00 1.081802e+00 1.071044e+00 1.060965e+00 1.051524e+00 1.042684e+00 1.034409e+00 1.026667e+00 1.019427e+00 1.012659e+00 1.006337e+00 1.000435e+00 9.949295e-01 9.897991e-01 9.850231e-01 9.805823e-01 9.764590e-01 9.726368e-01 9.691005e-01 9.658357e-01 9.628297e-01 9.600703e-01 9.575465e-01 9.552482e-01 9.531664e-01 9.512926e-01 9.496194e-01 9.481400e-01 9.468487e-01 9.457402e-01 9.448101e-01 9.440548e-01 9.434711e-01 9.430567e-01 9.428101e-01 9.427302e-01 9.428166e-01 9.430699e-01 9.434908e-01 9.440812e-01 9.448434e-01 9.457804e-01 9.468960e-01 9.481946e-01 9.496814e-01 9.513624e-01 9.532442e-01 9.553344e-01 9.576413e-01 9.601742e-01 9.629431e-01 9.659591e-01 9.692342e-01 9.727816e-01 9.766153e-01 9.807507e-01 9.852043e-01 9.899939e-01 9.947028e-01 9.985617e-01 1.002016e+00 1.005076e+00 1.007748e+00 1.010039e+00 1.011956e+00
2.117054e+00 2.138591e+00 2.160302e+00 2.182213e+00 2.204352e+00 2.226746e+00 2.249424e+00 2.267640e+00 2.280501e+00 2.292788e+00 2.304504e+00 2.315654e+00 2.326242e+00 2.336273e+00 2.345750e+00 2.354677e+00 2.363058e+00 2.370895e+00 2.378192e+00 2.384952e+00 2.391177e+00 2.396869e+00 2.402032e+00 2.406666e+00 2.410774e+00 2.414358e+00 2.417418e+00 2.419956e+00 2.421972e+00 2.423469e+00 2.424445e+00 2.424903e+00 2.424841e+00 2.424259e+00 2.423159e+00 2.421538e+00 2.419397e+00 2.416734e+00 2.413549e+00 2.409841e+00 2.405607e+00 2.400847e+00 2.395558e+00 2.389738e+00 2.383386e+00 2.376498e+00 2.369072e+00 2.361106e+00 2.352595e+00 2.343537e+00 2.333928e+00 2.323764e+00 2.313042e+00 2.301757e+00 2.289905e+00 2.277482e+00 2.264482e+00 2.250900e+00 2.236732e+00 2.221971e+00 2.206612e+00 2.190649e+00 2.174075e+00 2.156885e+00 2.139072e+00 2.120628e+00 2.101547e+00 2.081821e+00 2.061442e+00 2.040403e+00 2.018695e+00 1.996310e+00 1.973239e+00 1.948071e+00 1.921980e+00 1.896336e+00 1.871114e+00 1.846286e+00 1.821825e+00 1.797703e+00
1.912903e+00 1.926883e+00 1.940772e+00 1.954587e+00 1.968345e+00 1.982064e+00 1.995760e+00 2.007309e+00 2.016445e+00 2.025317e+00 2.033931e+00 2.042294e+00 2.050412e+00 2.058290e+00 2.065934e+00 2.073350e+00 2.080542e+00 2.087517e+00 2.094279e+00 2.100834e+00 2.107184e+00 2.113337e+00 2.119295e+00 2.125063e+00 2.130645e+00 2.136046e+00 2.141269e+00 2.146318e+00 2.151196e+00 2.155907e+00 2.160455e+00 2.164843e+00 2.169074e+00 2.173150e+00 2.177076e+00 2.180853e+00 2.184485e+00 2.187974e+00 2.191322e+00 2.194533e+00 2.197608e+00 2.200549e+00 2.203359e+00 2.206040e+00 2.208593e+00 2.211021e+00 2.213325e+00 2.215507e+00 2.217568e+00 2.219510e+00 2.221335e+00 2.223043e+00 2.224637e+00 2.226116e+00 2.227482e+00 2.228736e+00 2.229880e+00 2.230913e+00 2.231837e+00 2.232652e+00 2.233359e+00 2.233958e+00 2.234450e+00 2.234835e+00 2.235113e+00 2.235285e+00 2.235351e+00 2.235310e+00 2.235163e+00 2.234910e+00 2.234550e+00 2.234084e+00 2.233510e+00 2.232903e+00 2.231444e+00 2.229058e+00 2.225746e+00 2.221506e+00 2.216338e+00 2.210240e+00
3.128082e+00 3.187044e+00 3.247491e+00 3.309497e+00 3.373140e+00 3.438499e+00 3.505657e+00 3.558722e+00 3.595000e+00 3.630470e+00 3.665137e+00 3.699007e+00 3.732085e+00 3.764376e+00 3.795884e+00 3.826614e+00 3.856570e+00 3.885758e+00 3.914182e+00 3.941845e+00 3.968752e+00 3.994906e+00 4.020313e+00 4.044975e+00 4.068896e+00 4.092081e+00 4.114531e+00 4.136251e+00 4.157244e+00 4.177512e+00 4.197060e+00 4.215889e+00 4.234003e+00 4.251405e+00 4.268096e+00 4.284080e+00 4.299359e+00 4.313934e+00 4.327809e+00 4.340986e+00 4.353465e+00 4.365250e+00 4.376342e+00 4.386742e+00 4.396452e+00 4.405474e+00 4.413809e+00 4.421458e+00 4.428422e+00 4.434703e+00 4.440300e+00 4.445216e+00 4.449451e+00 4.453005e+00 4.455879e+00 4.458073e+00 4.459588e+00 4.460424e+00 4.460582e+00 4.460060e+00 4.458859e+00 4.456979e+00 4.454420e+00 4.451181e+00 4.447261e+00 4.442661e+00 4.437379e+00 4.431415e+00 4.424767e+00 4.417436e+00 4.409419e+00 4.400715e+00 4.391324e+00 4.373319e+00 4.346767e+00 4.319577e+00 4.291730e+00 4.263208e+00 4.233993e+00 4.204066e+00
1.142198e+00 1.127649e+00 1.112010e+00 1.095260e+00 1.077380e+00 1.058346e+00 1.038136e+00 1.019973e+00 1.005933e+00 9.927289e-01 9.803277e-01 9.686975e-01 9.578082e-01 9.476322e-01 9.381432e-01 9.293169e-01 9.211308e-01 9.135639e-01 9.065968e-01 9.002115e-01 8.943919e-01 8.891229e-01 8.843910e-01 8.801842e-01 8.764917e-01 8.733039e-01 8.706127e-01 8.684113e-01 8.666940e-01 8.654563e-01 8.646951e-01 8.644086e-01 8.645958e-01 8.652573e-01 8.663949e-01 8.680114e-01 8.701109e-01 8.726989e-01 8.757819e-01 8.793679e-01 8.834661e-01 8.880869e-01 8.932422e-01 8.989452e-01 9.052106e-01 9.120543e-01 9.194940e-01 9.275486e-01 9.362388e-01 9.455869e-01 9.556169e-01 9.663543e-01 9.778269e-01 9.900638e-01 1.003097e+00 1.016959e+00 1.031685e+00 1.047314e+00 1.063886e+00 1.081443e+00 1.100029e+00 1.119693e+00 1.140485e+00 1.162458e+00 1.185669e+00 1.210177e+00 1.236045e+00 1.263338e+00 1.292128e+00 1.322487e+00 1.354494e+00 1.388231e+00 1.423784e+00 1.480701e+00 1.553960e+00 1.624126e+00 1.691218e+00 1.755256e+00 1.816260e+00 1.874246e+00
1.162367e+00 1.148564e+00 1.133697e+00 1.117748e+00 1.100696e+00 1.082519e+00 1.063196e+00 1.046575e+00 1.034379e+00 1.022711e+00 1.011547e+00 1.000863e+00 9.906401e-01 9.808559e-01 9.714912e-01 9.625273e-01 9.539459e-01 9.457299e-01 9.378627e-01 9.303284e-01 9.231120e-01 9.161988e-01 9.095750e-01 9.032273e-01 8.971427e-01 8.913092e-01 8.857150e-01 8.803487e-01 8.751996e-01 8.702574e-01 8.655120e-01 8.609540e-01 8.565741e-01 8.523635e-01 8.483138e-01 8.444168e-01 8.406647e-01 8.370499e-01 8.335651e-01 8.302033e-01 8.269578e-01 8.238220e-01 8.207896e-01 8.178545e-01 8.150107e-01 8.122527e-01 8.095747e-01 8.069715e-01 8.044378e-01 8.019684e-01 7.995585e-01 7.972031e-01 7.948976e-01 7.926372e-01 7.904174e-01 7.882338e-01 7.860820e-01 7.839576e-01 7.818563e-01 7.797740e-01 7.777064e-01 7.756493e-01 7.735988e-01 7.715505e-01 7.695003e-01 7.674443e-01 7.653781e-01 7.632977e-01 7.611989e-01 7.590774e-01 7.569290e-01 7.547493e-01 7.525340e-01 7.502640e-01 7.479213e-01 7.455157e-01 7.430423e-01 7.404963e-01 7.378723e-01 7.351652e-01
1.193730e+00 1.181088e+00 1.167423e+00 1.152718e+00 1.136953e+00 1.120109e+00 1.102166e+00 1.087208e+00 1.076780e+00 1.066756e+00 1.057117e+00 1.047849e+00 1.038934e+00 1.030359e+00 1.022108e+00 1.014167e+00 1.006524e+00 9.991645e-01 9.920768e-01 9.852487e-01 9.786686e-01 9.723253e-01 9.662082e-01 9.603067e-01 9.546110e-01 9.491114e-01 9.437985e-01 9.386633e-01 9.336971e-01 9.288916e-01 9.242385e-01 9.197300e-01 9.153583e-01 9.111162e-01 9.069964e-01 9.029920e-01 8.990961e-01 8.953021e-01 8.916036e-01 8.879943e-01 8.844681e-01 8.810191e-01 8.776414e-01 8.743292e-01 8.710769e-01 8.678791e-01 8.647303e-01 8.616252e-01 8.585584e-01 8.555248e-01 8.525193e-01 8.495368e-01 8.465721e-01 8.436204e-01 8.406765e-01 8.377355e-01 8.347923e-01 8.318421e-01 8.288798e-01 8.259003e-01 8.228987e-01 8.198698e-01 8.168085e-01 8.137096e-01 8.105679e-01 8.073780e-01 8.041345e-01 8.008320e-01 7.974647e-01 7.940271e-01 7.905132e-01 7.869172e-01 7.832329e-01 7.792605e-01 7.751237e-01 7.710079e-01 7.669045e-01 7.628051e-01 7.587013e-01 7.545848e-01
1.221951e+00 1.210354e+00 1.197770e+00 1.184183e+00 1.169577e+00 1.153933e+00 1.137231e+00 1.117004e+00 1.095771e+00 1.075889e+00 1.057276e+00 1.039855e+00 1.023554e+00 1.008304e+00 9.940439e-01 9.807133e-01 9.682574e-01 9.566245e-01 9.457665e-01 9.356383e-01 9.261981e-01 9.174068e-01 9.092278e-01 9.016274e-01 8.945740e-01 8.880385e-01 8.819937e-01 8.764147e-01 8.712782e-01 8.665631e-01 8.622497e-01 8.583204e-01 8.547586e-01 8.515498e-01 8.486805e-01 8.461390e-01 8.439147e-01 8.419984e-01 8.403821e-01 8.390592e-01 8.380241e-01 8.372726e-01 8.368016e-01 8.366091e-01 8.366943e-01 8.370575e-01 8.377004e-01 8.386255e-01 8.398367e-01 8.413389e-01 8.431385e-01 8.452428e-01 8.476606e-01 8.504020e-01 8.534781e-01 8.569019e-01 8.606874e-01 8.648504e-01 8.694081e-01 8.743794e-01 8.797849e-01 8.856469e-01 8.919898e-01 8.988399e-01 9.062254e-01 9.141770e-01 9.227276e-01 9.319127e-01 9.417703e-01 9.523413e-01 9.636693e-01 9.758014e-01 9.887878e-01 9.988853e-01 1.004612e+00 1.009769e+00 1.014363e+00 1.018395e+00 1.021871e+00 1.024793e+00
2.180172e+00 2.204046e+00 2.228175e+00 2.252589e+00 2.277319e+00 2.302396e+00 2.327850e+00 2.347381e+00 2.359963e+00 2.371937e+00 2.383304e+00 2.394068e+00 2.404232e+00 2.413799e+00 2.422772e+00 2.431153e+00 2.438944e+00 2.446148e+00 2.452767e+00 2.458803e+00 2.464257e+00 2.469130e+00 2.473425e+00 2.477143e+00 2.480284e+00 2.482849e+00 2.484840e+00 2.486256e+00 2.487098e+00 2.487367e+00 2.487062e+00 2.486183e+00 2.484730e+00 2.482703e+00 2.480101e+00 2.476924e+00 2.473169e+00 2.468838e+00 2.463927e+00 2.458436e+00 2.452364e+00 2.445708e+00 2.438466e+00 2.430637e+00 2.422219e+00 2.413209e+00 2.403604e+00 2.393401e+00 2.382599e+00 2.371194e+00 2.359182e+00 2.346560e+00 2.333325e+00 2.319473e+00 2.305000e+00 2.289902e+00 2.274174e+00 2.257813e+00 2.240813e+00 2.223171e+00 2.204880e+00 2.185935e+00 2.166333e+00 2.146065e+00 2.125128e+00 2.103516e+00 2.081221e+00 2.058238e+00 2.034560e+00 2.010181e+00 1.985094e+00 1.959291e+00 1.932766e+00 1.905590e+00 1.878915e+00 1.852636e+00 1.826732e+00 1.801178e+00 1.775953e+00 1.751033e+00
1.993163e+00 2.010114e+00 2.027078e+00 2.044076e+00 2.061129e+00 2.078258e+00 2.095486e+00 2.110669e+00 2.123039e+00 2.134768e+00 2.145861e+00 2.156326e+00 2.166168e+00 2.175393e+00 2.184007e+00 2.192014e+00 2.199419e+00 2.206227e+00 2.212442e+00 2.218066e+00 2.223104e+00 2.227558e+00 2.231430e+00 2.234724e+00 2.237441e+00 2.239582e+00 2.241149e+00 2.242143e+00 2.242565e+00 2.242413e+00 2.241690e+00 2.240393e+00 2.238522e+00 2.236077e+00 2.233056e+00 2.229456e+00 2.225277e+00 2.220515e+00 2.215168e+00 2.209232e+00 2.202705e+00 2.195582e+00 2.187859e+00 2.179532e+00 2.170595e+00 2.161045e+00 2.150875e+00 2.140079e+00 2.128650e+00 2.116584e+00 2.103871e+00 2.090506e+00 2.076479e+00 2.061784e+00 2.046411e+00 2.030351e+00 2.013596e+00 1.996135e+00 1.977958e+00 1.959055e+00 1.939415e+00 1.919026e+00 1.897876e+00 1.875954e+00 1.853246e+00 1.829739e+00 1.805419e+00 1.780273e+00 1.754286e+00 1.727443e+00 1.699727e+00 1.671123e+00 1.641615e+00 1.610141e+00 1.578832e+00 1.548668e+00 1.519589e+00 1.491537e+00 1.464455e+00 1.438291e+00
1.690276e+00 1.696015e+00 1.701374e+00 1.706360e+00 1.710979e+00 1.715237e+00 1.719139e+00 1.723991e+00 1.729671e+00 1.734888e+00 1.739655e+00 1.743982e+00 1.747879e+00 1.751355e+00 1.754417e+00 1.757072e+00 1.759327e+00 1.761186e+00 1.762653e+00 1.763732e+00 1.764425e+00 1.764733e+00 1.764658e+00 1.764199e+00 1.763356e+00 1.762125e+00 1.760505e+00 1.758492e+00 1.756081e+00 1.753267e+00 1.750044e+00 1.746405e+00 1.742341e+00 1.737842e+00 1.732901e+00 1.727504e+00 1.721640e+00 1.715296e+00 1.708458e+00 1.701110e+00 1.693236e+00 1.684819e+00 1.675839e+00 1.666276e+00 1.656109e+00 1.645316e+00 1.633872e+00 1.621751e+00 1.608926e+00 1.595369e+00 1.581050e+00 1.565936e+00 1.549993e+00 1.533186e+00 1.515477e+00 1.496826e+00 1.477192e+00 1.456531e+00 1.434797e+00 1.411940e+00 1.387911e+00 1.362654e+00 1.336114e+00 1.308231e+00 1.278942e+00 1.248183e+00 1.215884e+00 1.181973e+00 1.146374e+00 1.109008e+00 1.069790e+00 1.028633e+00 9.854458e-01 9.558207e-01 9.423144e-01 9.292115e-01 9.164881e-01 9.041205e-01 8.920862e-01 8.803627e-01
1.242367e+00 1.231526e+00 1.219724e+00 1.206947e+00 1.193179e+00 1.178402e+00 1.162599e+00 1.143871e+00 1.124500e+00 1.106287e+00 1.089166e+00 1.073072e+00 1.057944e+00 1.043726e+00 1.030365e+00 1.017811e+00 1.006015e+00 9.949353e-01 9.845289e-01 9.747571e-01 9.655833e-01 9.569731e-01 9.488941e-01 9.413162e-01 9.342109e-01 9.275516e-01 9.213132e-01 9.154724e-01 9.100073e-01 9.048974e-01 9.001236e-01 8.956679e-01 8.915137e-01 8.876453e-01 8.840483e-01 8.807091e-01 8.776153e-01 8.747553e-01 8.721182e-01 8.696944e-01 8.674745e-01 8.654504e-01 8.636145e-01 8.619598e-01 8.604801e-01 8.591699e-01 8.580244e-01 8.570391e-01 8.562104e-01 8.555353e-01 8.550111e-01 8.546358e-01 8.544082e-01 8.543273e-01 8.543929e-01 8.546051e-01 8.549648e-01 8.554733e-01 8.561326e-01 8.569450e-01 8.579137e-01 8.590423e-01 8.603350e-01 8.617967e-01 8.634328e-01 8.652494e-01 8.672535e-01 8.694524e-01 8.718545e-01 8.744688e-01 8.773050e-01 8.803738e-01 8.836866e-01 8.864207e-01 8.879964e-01 8.892513e-01 8.901873e-01 8.908056e-01 8.911073e-01 8.910928e-01
1.978251e+00 1.994651e+00 2.011043e+00 2.027450e+00 2.043891e+00 2.060386e+00 2.076957e+00 2.090659e+00 2.100921e+00 2.110714e+00 2.120044e+00 2.128916e+00 2.137335e+00 2.145305e+00 2.152832e+00 2.159917e+00 2.166567e+00 2.172784e+00 2.178571e+00 2.183933e+00 2.188871e+00 2.193388e+00 2.197487e+00 2.201171e+00 2.204440e+00 2.207298e+00 2.209744e+00 2.211782e+00 2.213411e+00 2.214633e+00 2.215449e+00 2.215858e+00 2.215861e+00 2.215459e+00 2.214650e+00 2.213435e+00 2.211812e+00 2.209782e+00 2.207342e+00 2.204491e+00 2.201229e+00 2.197552e+00 2.193460e+00 2.188949e+00 2.184018e+00 2.178664e+00 2.172884e+00 2.166674e+00 2.160032e+00 2.152953e+00 2.145435e+00 2.137472e+00 2.129060e+00 2.120196e+00 2.110873e+00 2.101088e+00 2.090834e+00 2.080106e+00 2.068899e+00 2.057206e+00 2.045020e+00 2.032336e+00 2.019146e+00 2.005444e+00 1.991221e+00 1.976470e+00 1.961183e+00 1.945351e+00 1.928967e+00 1.912021e+00 1.894504e+00 1.876406e+00 1.857717e+00 1.820002e+00 1.767402e+00 1.718106e+00 1.671891e+00 1.628549e+00 1.587883e+00 1.549710e+00
1.686040e+00 1.691623e+00 1.696820e+00 1.701638e+00 1.706083e+00 1.710161e+00 1.713876e+00 1.716979e+00 1.719609e+00 1.722027e+00 1.724236e+00 1.726237e+00 1.728032e+00 1.729624e+00 1.731015e+00 1.732206e+00 1.733198e+00 1.733993e+00 1.734591e+00 1.734993e+00 1.735199e+00 1.735210e+00 1.735026e+00 1.734647e+00 1.734071e+00 1.733299e+00 1.732329e+00 1.731161e+00 1.729793e+00 1.728224e+00 1.726452e+00 1.724475e+00 1.722290e+00 1.719896e+00 1.717290e+00 1.714468e+00 1.711428e+00 1.708167e+00 1.704680e+00 1.700964e+00 1.697015e+00 1.692828e+00 1.688399e+00 1.683722e+00 1.678794e+00 1.673607e+00 1.668157e+00 1.662437e+00 1.656441e+00 1.650163e+00 1.643594e+00 1.636729e+00 1.629560e+00 1.622078e+00 1.614275e+00 1.606143e+00 1.597673e+00 1.588855e+00 1.579679e+00 1.570135e+00 1.560213e+00 1.549902e+00 1.539190e+00 1.528066e+00 1.516516e+00 1.504529e+00 1.492090e+00 1.479187e+00 1.465805e+00 1.451928e+00 1.437542e+00 1.422631e+00 1.407178e+00 1.390667e+00 1.374161e+00 1.358126e+00 1.342529e+00 1.327341e+00 1.312530e+00 1.298069e+00
1.189858e+00 1.177074e+00 1.163260e+00 1.148401e+00 1.132477e+00 1.115469e+00 1.097355e+00 1.081621e+00 1.069926e+00 1.058741e+00 1.048044e+00 1.037813e+00 1.028030e+00 1.018673e+00 1.009726e+00 1.001170e+00 9.929897e-01 9.851677e-01 9.776890e-01 9.705392e-01 9.637041e-01 9.571703e-01 9.509251e-01 9.449561e-01 9.392516e-01 9.338006e-01 9.285922e-01 9.236164e-01 9.188632e-01 9.143234e-01 9.099882e-01 9.058489e-01 9.018975e-01 8.981262e-01 8.945276e-01 8.910947e-01 8.878208e-01 8.846993e-01 8.817243e-01 8.788898e-01 8.761903e-01 8.736206e-01 8.711755e-01 8.688502e-01 8.666403e-01 8.645414e-01 8.625493e-01 8.606602e-01 8.588704e-01 8.571763e-01 8.555746e-01 8.540622e-01 8.526361e-01 8.512935e-01 8.500318e-01 8.488486e-01 8.477414e-01 8.467081e-01 8.457467e-01 8.448553e-01 8.440322e-01 8.432757e-01 8.425844e-01 8.419569e-01 8.413920e-01 8.408885e-01 8.404455e-01 8.400622e-01 8.397376e-01 8.394713e-01 8.392627e-01 8.391114e-01 8.390171e-01 8.389670e-01 8.387689e-01 8.384348e-01 8.379636e-01 8.373540e-01 8.366042e-01 8.357118e-01
1.395064e+00 1.389875e+00 1.383924e+00 1.377203e+00 1.369703e+00 1.361415e+00 1.352329e+00 1.342377e+00 1.332938e+00 1.324044e+00 1.315677e+00 1.307816e+00 1.300444e+00 1.293543e+00 1.287099e+00 1.281094e+00 1.275517e+00 1.270354e+00 1.265593e+00 1.261223e+00 1.257235e+00 1.253618e+00 1.250365e+00 1.247467e+00 1.244920e+00 1.242715e+00 1.240849e+00 1.239317e+00 1.238116e+00 1.237242e+00 1.236694e+00 1.236471e+00 1.236572e+00 1.236997e+00 1.237747e+00 1.238824e+00 1.240230e+00 1.241969e+00 1.244045e+00 1.246462e+00 1.249226e+00 1.252344e+00 1.255822e+00 1.259669e+00 1.263893e+00 1.268505e+00 1.273515e+00 1.278934e+00 1.284774e+00 1.291051e+00 1.297777e+00 1.304969e+00 1.312642e+00 1.320816e+00 1.329508e+00 1.338738e+00 1.348528e+00 1.358901e+00 1.369881e+00 1.381492e+00 1.393761e+00 1.406718e+00 1.420391e+00 1.434813e+00 1.450016e+00 1.466035e+00 1.482909e+00 1.500674e+00 1.519374e+00 1.539049e+00 1.559747e+00 1.581515e+00 1.604402e+00 1.630426e+00 1.656798e+00 1.681577e+00 1.704781e+00 1.726431e+00 1.746543e+00 1.765134e+00
2.925957e+00 2.977438e+00 3.030141e+00 3.084131e+00 3.139476e+00 3.196246e+00 3.254511e+00 3.311275e+00 3.363317e+00 3.413716e+00 3.462479e+00 3.509617e+00 3.555137e+00 3.599047e+00 3.641356e+00 3.682070e+00 3.721198e+00 3.758745e+00 3.794720e+00 3.829127e+00 3.861974e+00 3.893267e+00 3.923009e+00 3.951208e+00 3.977869e+00 4.002994e+00 4.026591e+00 4.048662e+00 4.069211e+00 4.088242e+00 4.105759e+00 4.121765e+00 4.136262e+00 4.149253e+00 4.160741e+00 4.170727e+00 4.179214e+00 4.186202e+00 4.191693e+00 4.195688e+00 4.198188e+00 4.199193e+00 4.198703e+00 4.196719e+00 4.193239e+00 4.188264e+00 4.181792e+00 4.173822e+00 4.164353e+00 4.153384e+00 4.140911e+00 4.126933e+00 4.111448e+00 4.094452e+00 4.075943e+00 4.055918e+00 4.034372e+00 4.011302e+00 3.986704e+00 3.960573e+00 3.932905e+00 3.903695e+00 3.872938e+00 3.840628e+00 3.806759e+00 3.771325e+00 3.734321e+00 3.695738e+00 3.655572e+00 3.613814e+00 3.570456e+00 3.525492e+00 3.478913e+00 3.441371e+00 3.413892e+00 3.385813e+00 3.357128e+00 3.327832e+00 3.297919e+00 3.267383e+00
1.227749e+00 1.216367e+00 1.204005e+00 1.190649e+00 1.176280e+00 1.160882e+00 1.144435e+00 1.131157e+00 1.122449e+00 1.114063e+00 1.105987e+00 1.098209e+00 1.090717e+00 1.083502e+00 1.076552e+00 1.069857e+00 1.063409e+00 1.057197e+00 1.051213e+00 1.045449e+00 1.039895e+00 1.034545e+00 1.029389e+00 1.024422e+00 1.019635e+00 1.015023e+00 1.010577e+00 1.006292e+00 1.002163e+00 9.981816e-01 9.943436e-01 9.906432e-01 9.870751e-01 9.836340e-01 9.803152e-01 9.771138e-01 9.740253e-01 9.710451e-01 9.681690e-01 9.653929e-01 9.627129e-01 9.601249e-01 9.576254e-01 9.552107e-01 9.528774e-01 9.506221e-01 9.484416e-01 9.463328e-01 9.442926e-01 9.423180e-01 9.404064e-01 9.385548e-01 9.367607e-01 9.350214e-01 9.333346e-01 9.316977e-01 9.301084e-01 9.285644e-01 9.270635e-01 9.256036e-01 9.241825e-01 9.227983e-01 9.214488e-01 9.201323e-01 9.188467e-01 9.175903e-01 9.163613e-01 9.151578e-01 9.139781e-01 9.128207e-01 9.116837e-01 9.105656e-01 9.094647e-01 9.078010e-01 9.055280e-01 9.032177e-01 9.008632e-01 8.984578e-01 8.959945e-01 8.934662e-01
1.208369e+00 1.196269e+00 1.183165e+00 1.169040e+00 1.153876e+00 1.137654e+00 1.120355e+00 1.099371e+00 1.077384e+00 1.056881e+00 1.037773e+00 1.019977e+00 1.003416e+00 9.880179e-01 9.737155e-01 9.604466e-01 9.481536e-01 9.367828e-01 9.262849e-01 9.166142e-01 9.077287e-01 8.995896e-01 8.921616e-01 8.854123e-01 8.793124e-01 8.738354e-01 8.689575e-01 8.646573e-01 8.609162e-01 8.577180e-01 8.550487e-01 8.528967e-01 8.512526e-01 8.501093e-01 8.494619e-01 8.493074e-01 8.496453e-01 8.504770e-01 8.518061e-01 8.536384e-01 8.559818e-01 8.588467e-01 8.622453e-01 8.661926e-01 8.707056e-01 8.758041e-01 8.815102e-01 8.878487e-01 8.948472e-01 9.025361e-01 9.109489e-01 9.201222e-01 9.300958e-01 9.409133e-01 9.526216e-01 9.652716e-01 9.789184e-01 9.936214e-01 1.009445e+00 1.026457e+00 1.044732e+00 1.064349e+00 1.085395e+00 1.107959e+00 1.132141e+00 1.158046e+00 1.185787e+00 1.215483e+00 1.247265e+00 1.281270e+00 1.317646e+00 1.356553e+00 1.398158e+00 1.449812e+00 1.505840e+00 1.559127e+00 1.609727e+00 1.657690e+00 1.703063e+00 1.745892e+00
1.419448e+00 1.415162e+00 1.410145e+00 1.404391e+00 1.397892e+00 1.390641e+00 1.382627e+00 1.373868e+00 1.365523e+00 1.357551e+00 1.349934e+00 1.342656e+00 1.335702e+00 1.329058e+00 1.322709e+00 1.316643e+00 1.310847e+00 1.305308e+00 1.300015e+00 1.294958e+00 1.290124e+00 1.285505e+00 1.281090e+00 1.276870e+00 1.272837e+00 1.268983e+00 1.265298e+00 1.261775e+00 1.258407e+00 1.255187e+00 1.252108e+00 1.249164e+00 1.246348e+00 1.243655e+00 1.241079e+00 1.238614e+00 1.236256e+00 1.234000e+00 1.231840e+00 1.229772e+00 1.227792e+00 1.225897e+00 1.224080e+00 1.222340e+00 1.220673e+00 1.219074e+00 1.217540e+00 1.216069e+00 1.214658e+00 1.213302e+00 1.212000e+00 1.210749e+00 1.209546e+00 1.208388e+00 1.207274e+00 1.206200e+00 1.205165e+00 1.204167e+00 1.203202e+00 1.202271e+00 1.201369e+00 1.200496e+00 1.199650e+00 1.198828e+00 1.198030e+00 1.197253e+00 1.196496e+00 1.195757e+00 1.195035e+00 1.194329e+00 1.193636e+00 1.192955e+00 1.192285e+00 1.191695e+00 1.190865e+00 1.189725e+00 1.188274e+00 1.186510e+00 1.184430e+00 1.182031e+00
2.083029e+00 2.103307e+00 2.123714e+00 2.144276e+00 2.165018e+00 2.185966e+00 2.207147e+00 2.227257e+00 2.245087e+00 2.261979e+00 2.277942e+00 2.292983e+00 2.307112e+00 2.320337e+00 2.332665e+00 2.344102e+00 2.354656e+00 2.364332e+00 2.373135e+00 2.381070e+00 2.388142e+00 2.394355e+00 2.399712e+00 2.404217e+00 2.407871e+00 2.410676e+00 2.412635e+00 2.413748e+00 2.414016e+00 2.413439e+00 2.412018e+00 2.409750e+00 2.406634e+00 2.402670e+00 2.397855e+00 2.392185e+00 2.385659e+00 2.378272e+00 2.370020e+00 2.360899e+00 2.350903e+00 2.340027e+00 2.328265e+00 2.315611e+00 2.302056e+00 2.287595e+00 2.272218e+00 2.255917e+00 2.238683e+00 2.220507e+00 2.201378e+00 2.181286e+00 2.160219e+00 2.138166e+00 2.115114e+00 2.091051e+00 2.065963e+00 2.039836e+00 2.012656e+00 1.984407e+00 1.955074e+00 1.924641e+00 1.893090e+00 1.860403e+00 1.826564e+00 1.791552e+00 1.755349e+00 1.717934e+00 1.679286e+00 1.639384e+00 1.598205e+00 1.555727e+00 1.511926e+00 1.469423e+00 1.431393e+00 1.395093e+00 1.360430e+00 1.327316e+00 1.295666e+00 1.265399e+00
1.335734e+00 1.328349e+00 1.320124e+00 1.311050e+00 1.301115e+00 1.290306e+00 1.278610e+00 1.267864e+00 1.259342e+00 1.251177e+00 1.243354e+00 1.235862e+00 1.228687e+00 1.221817e+00 1.215241e+00 1.208947e+00 1.202926e+00 1.197166e+00 1.191658e+00 1.186393e+00 1.181362e+00 1.176557e+00 1.171969e+00 1.167590e+00 1.163414e+00 1.159433e+00 1.155640e+00 1.152030e+00 1.148596e+00 1.145332e+00 1.142233e+00 1.139293e+00 1.136508e+00 1.133873e+00 1.131383e+00 1.129034e+00 1.126823e+00 1.124746e+00 1.122798e+00 1.120978e+00 1.119281e+00 1.117705e+00 1.116247e+00 1.114905e+00 1.113676e+00 1.112559e+00 1.111552e+00 1.110652e+00 1.109858e+00 1.109170e+00 1.108586e+00 1.108104e+00 1.107724e+00 1.107446e+00 1.107269e+00 1.107192e+00 1.107216e+00 1.107341e+00 1.107566e+00 1.107892e+00 1.108320e+00 1.108851e+00 1.109485e+00 1.110223e+00 1.111067e+00 1.112018e+00 1.113077e+00 1.114247e+00 1.115529e+00 1.116926e+00 1.118440e+00 1.120073e+00 1.121829e+00 1.123502e+00 1.124535e+00 1.125137e+00 1.125307e+00 1.125047e+00 1.124355e+00 1.123232e+00
1.166517e+00 1.152868e+00 1.138160e+00 1.122375e+00 1.105493e+00 1.087493e+00 1.068352e+00 1.052213e+00 1.040845e+00 1.030061e+00 1.019838e+00 1.010158e+00 1.001000e+00 9.923465e-01 9.841807e-01 9.764863e-01 9.692480e-01 9.624516e-01 9.560835e-01 9.501312e-01 9.445830e-01 9.394278e-01 9.346556e-01 9.302567e-01 9.262226e-01 9.225453e-01 9.192175e-01 9.162326e-01 9.135848e-01 9.112687e-01 9.092799e-01 9.076143e-01 9.062687e-01 9.052405e-01 9.045275e-01 9.041284e-01 9.040425e-01 9.042694e-01 9.048098e-01 9.056645e-01 9.068354e-01 9.083248e-01 9.101356e-01 9.122713e-01 9.147362e-01 9.175352e-01 9.206738e-01 9.241582e-01 9.279953e-01 9.321927e-01 9.367586e-01 9.417021e-01 9.470331e-01 9.527619e-01 9.589000e-01 9.654594e-01 9.724532e-01 9.798951e-01 9.877999e-01 9.961833e-01 1.005062e+00 1.014453e+00 1.024375e+00 1.034848e+00 1.045892e+00 1.057530e+00 1.069784e+00 1.082679e+00 1.096240e+00 1.110494e+00 1.125468e+00 1.141194e+00 1.157701e+00 1.174385e+00 1.189425e+00 1.203465e+00 1.216509e+00 1.228560e+00 1.239622e+00 1.249700e+00
2.131669e+00 2.153748e+00 2.176018e+00 2.198509e+00 2.221248e+00 2.244263e+00 2.267584e+00 2.285655e+00 2.297642e+00 2.309130e+00 2.320124e+00 2.330628e+00 2.340645e+00 2.350180e+00 2.359236e+00 2.367816e+00 2.375922e+00 2.383559e+00 2.390728e+00 2.397432e+00 2.403674e+00 2.409456e+00 2.414779e+00 2.419647e+00 2.424060e+00 2.428020e+00 2.431528e+00 2.434586e+00 2.437196e+00 2.439357e+00 2.441070e+00 2.442337e+00 2.443157e+00 2.443532e+00 2.443460e+00 2.442942e+00 2.441979e+00 2.440569e+00 2.438711e+00 2.436407e+00 2.433653e+00 2.430451e+00 2.426797e+00 2.422692e+00 2.418133e+00 2.413120e+00 2.407649e+00 2.401720e+00 2.395330e+00 2.388477e+00 2.381158e+00 2.373371e+00 2.365113e+00 2.356381e+00 2.347171e+00 2.337482e+00 2.327308e+00 2.316647e+00 2.305495e+00 2.293848e+00 2.281701e+00 2.269050e+00 2.255891e+00 2.242218e+00 2.228028e+00 2.213315e+00 2.198074e+00 2.182299e+00 2.165984e+00 2.149125e+00 2.131714e+00 2.113745e+00 2.095213e+00 2.076442e+00 2.057892e+00 2.039220e+00 2.020416e+00 2.001470e+00 1.982370e+00 1.963106e+00
1.721404e+00 1.728296e+00 1.734848e+00 1.741068e+00 1.746965e+00 1.752546e+00 1.757817e+00 1.762511e+00 1.766602e+00 1.770369e+00 1.773816e+00 1.776947e+00 1.779765e+00 1.782273e+00 1.784474e+00 1.786370e+00 1.787963e+00 1.789255e+00 1.790248e+00 1.790942e+00 1.791339e+00 1.791438e+00 1.791239e+00 1.790743e+00 1.789949e+00 1.788857e+00 1.787464e+00 1.785769e+00 1.783771e+00 1.781468e+00 1.778857e+00 1.775934e+00 1.772698e+00 1.769144e+00 1.765270e+00 1.761069e+00 1.756539e+00 1.751674e+00 1.746469e+00 1.740918e+00 1.735015e+00 1.728755e+00 1.722130e+00 1.715133e+00 1.707756e+00 1.699993e+00 1.691834e+00 1.683270e+00 1.674293e+00 1.664892e+00 1.655058e+00 1.644781e+00 1.634048e+00 1.622848e+00 1.611170e+00 1.599001e+00 1.586328e+00 1.573137e+00 1.559414e+00 1.545144e+00 1.530311e+00 1.514901e+00 1.498896e+00 1.482279e+00 1.465033e+00 1.447138e+00 1.428576e+00 1.409326e+00 1.389368e+00 1.368680e+00 1.347240e+00 1.325026e+00 1.302012e+00 1.274988e+00 1.246395e+00 1.219319e+00 1.193666e+00 1.169348e+00 1.146279e+00 1.124379e+00
1.163210e+00 1.149439e+00 1.134604e+00 1.118688e+00 1.101670e+00 1.083530e+00 1.064244e+00 1.043581e+00 1.023929e+00 1.005423e+00 9.879981e-01 9.715900e-01 9.561396e-01 9.415913e-01 9.278924e-01 9.149936e-01 9.028482e-01 8.914124e-01 8.806449e-01 8.705068e-01 8.609616e-01 8.519746e-01 8.435136e-01 8.355479e-01 8.280487e-01 8.209890e-01 8.143434e-01 8.080877e-01 8.021995e-01 7.966573e-01 7.914414e-01 7.865327e-01 7.819136e-01 7.775674e-01 7.734784e-01 7.696318e-01 7.660138e-01 7.626113e-01 7.594120e-01 7.564043e-01 7.535774e-01 7.509210e-01 7.484257e-01 7.460823e-01 7.438824e-01 7.418181e-01 7.398819e-01 7.380669e-01 7.363664e-01 7.347743e-01 7.332849e-01 7.318928e-01 7.305930e-01 7.293807e-01 7.282517e-01 7.272017e-01 7.262271e-01 7.253244e-01 7.244901e-01 7.237215e-01 7.230155e-01 7.223698e-01 7.217820e-01 7.212500e-01 7.207717e-01 7.203456e-01 7.199701e-01 7.196438e-01 7.193655e-01 7.191343e-01 7.189493e-01 7.188098e-01 7.187153e-01 7.186585e-01 7.185212e-01 7.183097e-01 7.180231e-01 7.176602e-01 7.172193e-01 7.166984e-01
1.188326e+00 1.175484e+00 1.161612e+00 1.146692e+00 1.130706e+00 1.113632e+00 1.095451e+00 1.070298e+00 1.041590e+00 1.014998e+00 9.903658e-01 9.675489e-01 9.464128e-01 9.268332e-01 9.086949e-01 8.918910e-01 8.763228e-01 8.618986e-01 8.485336e-01 8.361491e-01 8.246723e-01 8.140356e-01 8.041764e-01 7.950367e-01 7.865628e-01 7.787048e-01 7.714165e-01 7.646549e-01 7.583803e-01 7.525557e-01 7.471469e-01 7.421222e-01 7.374518e-01 7.331083e-01 7.290662e-01 7.253016e-01 7.217925e-01 7.185182e-01 7.154594e-01 7.125981e-01 7.099174e-01 7.074017e-01 7.050361e-01 7.028067e-01 7.007003e-01 6.987046e-01 6.968079e-01 6.949989e-01 6.932670e-01 6.916021e-01 6.899943e-01 6.884342e-01 6.869125e-01 6.854205e-01 6.839492e-01 6.824900e-01 6.810343e-01 6.795736e-01 6.780992e-01 6.766026e-01 6.750748e-01 6.735069e-01 6.718896e-01 6.702136e-01 6.684688e-01 6.666450e-01 6.647315e-01 6.627171e-01 6.605898e-01 6.583372e-01 6.559460e-01 6.534022e-01 6.506907e-01 6.487732e-01 6.477223e-01 6.465583e-01 6.452790e-01 6.438822e-01 6.423653e-01 6.407254e-01
1.329664e+00 1.322054e+00 1.313597e+00 1.304282e+00 1.294098e+00 1.283031e+00 1.271068e+00 1.256988e+00 1.242603e+00 1.229073e+00 1.216357e+00 1.204415e+00 1.193210e+00 1.182708e+00 1.172878e+00 1.163688e+00 1.155110e+00 1.147118e+00 1.139687e+00 1.132794e+00 1.126419e+00 1.120542e+00 1.115144e+00 1.110209e+00 1.105722e+00 1.101668e+00 1.098036e+00 1.094815e+00 1.091993e+00 1.089564e+00 1.087518e+00 1.085851e+00 1.084556e+00 1.083631e+00 1.083071e+00 1.082875e+00 1.083043e+00 1.083575e+00 1.084473e+00 1.085740e+00 1.087379e+00 1.089396e+00 1.091796e+00 1.094587e+00 1.097778e+00 1.101378e+00 1.105399e+00 1.109853e+00 1.114754e+00 1.120116e+00 1.125957e+00 1.132294e+00 1.139146e+00 1.146535e+00 1.154484e+00 1.163017e+00 1.172159e+00 1.181941e+00 1.192390e+00 1.203540e+00 1.215425e+00 1.228082e+00 1.241549e+00 1.255868e+00 1.271082e+00 1.287240e+00 1.304389e+00 1.322584e+00 1.341880e+00 1.362337e+00 1.384017e+00 1.406987e+00 1.431318e+00 1.451452e+00 1.464895e+00 1.477285e+00 1.488625e+00 1.498922e+00 1.508179e+00 1.516401e+00
1.277964e+00 1.268441e+00 1.258003e+00 1.246638e+00 1.234331e+00 1.221067e+00 1.206829e+00 1.194738e+00 1.186161e+00 1.177949e+00 1.170089e+00 1.162569e+00 1.155377e+00 1.148502e+00 1.141933e+00 1.135661e+00 1.129675e+00 1.123966e+00 1.118526e+00 1.113345e+00 1.108417e+00 1.103733e+00 1.099286e+00 1.095069e+00 1.091076e+00 1.087301e+00 1.083737e+00 1.080380e+00 1.077223e+00 1.074263e+00 1.071494e+00 1.068912e+00 1.066514e+00 1.064295e+00 1.062252e+00 1.060382e+00 1.058683e+00 1.057150e+00 1.055783e+00 1.054579e+00 1.053536e+00 1.052652e+00 1.051927e+00 1.051358e+00 1.050946e+00 1.050689e+00 1.050587e+00 1.050640e+00 1.050848e+00 1.051212e+00 1.051731e+00 1.052407e+00 1.053241e+00 1.054233e+00 1.055387e+00 1.056702e+00 1.058182e+00 1.059829e+00 1.061645e+00 1.063633e+00 1.065796e+00 1.068137e+00 1.070661e+00 1.073370e+00 1.076270e+00 1.079364e+00 1.082658e+00 1.086156e+00 1.089864e+00 1.093788e+00 1.097934e+00 1.102307e+00 1.106916e+00 1.112018e+00 1.116803e+00 1.121023e+00 1.124682e+00 1.127784e+00 1.130331e+00 1.132327e+00
1.269576e+00 1.259742e+00 1.248983e+00 1.237285e+00 1.224634e+00 1.211014e+00 1.196407e+00 1.174124e+00 1.147298e+00 1.122447e+00 1.099427e+00 1.078107e+00 1.058363e+00 1.040081e+00 1.023156e+00 1.007491e+00 9.929946e-01 9.795841e-01 9.671819e-01 9.557167e-01 9.451223e-01 9.353376e-01 9.263063e-01 9.179763e-01 9.102997e-01 9.032321e-01 8.967329e-01 8.907646e-01 8.852928e-01 8.802860e-01 8.757152e-01 8.715543e-01 8.677791e-01 8.643680e-01 8.613012e-01 8.585612e-01 8.561320e-01 8.539998e-01 8.521522e-01 8.505786e-01 8.492698e-01 8.482185e-01 8.474184e-01 8.468651e-01 8.465553e-01 8.464871e-01 8.466604e-01 8.470759e-01 8.477362e-01 8.486450e-01 8.498075e-01 8.512305e-01 8.529222e-01 8.548923e-01 8.571522e-01 8.597149e-01 8.625951e-01 8.658095e-01 8.693765e-01 8.733169e-01 8.776531e-01 8.824103e-01 8.876159e-01 8.932998e-01 8.994948e-01 9.062366e-01 9.135641e-01 9.215195e-01 9.301487e-01 9.395013e-01 9.496312e-01 9.605970e-01 9.724616e-01 9.850686e-01 9.965641e-01 1.007215e+00 1.017060e+00 1.026136e+00 1.034474e+00 1.042106e+00
3.118841e+00 3.177462e+00 3.237554e+00 3.299194e+00 3.362457e+00 3.427424e+00 3.494175e+00 3.552248e+00 3.598441e+00 3.643308e+00 3.686852e+00 3.729078e+00 3.769991e+00 3.809596e+00 3.847897e+00 3.884898e+00 3.920604e+00 3.955019e+00 3.988146e+00 4.019989e+00 4.050552e+00 4.079838e+00 4.107851e+00 4.134593e+00 4.160068e+00 4.184278e+00 4.207226e+00 4.228916e+00 4.249348e+00 4.268526e+00 4.286451e+00 4.303126e+00 4.318553e+00 4.332733e+00 4.345668e+00 4.357359e+00 4.367807e+00 4.377015e+00 4.384982e+00 4.391710e+00 4.397199e+00 4.401451e+00 4.404465e+00 4.406242e+00 4.406782e+00 4.406085e+00 4.404152e+00 4.400981e+00 4.396573e+00 4.390926e+00 4.384041e+00 4.375917e+00 4.366552e+00 4.355946e+00 4.344098e+00 4.331006e+00 4.316668e+00 4.301083e+00 4.284250e+00 4.266166e+00 4.246829e+00 4.226238e+00 4.204389e+00 4.181281e+00 4.156911e+00 4.131275e+00 4.104373e+00 4.076199e+00 4.046751e+00 4.016026e+00 3.984021e+00 3.950731e+00 3.916153e+00 3.863194e+00 3.795096e+00 3.728853e+00 3.664373e+00 3.601568e+00 3.540352e+00 3.480639e+00
1.305512e+00 1.297008e+00 1.287626e+00 1.277353e+00 1.266177e+00 1.254084e+00 1.241058e+00 1.229032e+00 1.219342e+00 1.210023e+00 1.201057e+00 1.192428e+00 1.184122e+00 1.176123e+00 1.168418e+00 1.160991e+00 1.153832e+00 1.146925e+00 1.140260e+00 1.133824e+00 1.127606e+00 1.121594e+00 1.115779e+00 1.110149e+00 1.104695e+00 1.099406e+00 1.094274e+00 1.089290e+00 1.084444e+00 1.079727e+00 1.075132e+00 1.070651e+00 1.066274e+00 1.061995e+00 1.057806e+00 1.053699e+00 1.049667e+00 1.045703e+00 1.041799e+00 1.037950e+00 1.034147e+00 1.030384e+00 1.026655e+00 1.022953e+00 1.019271e+00 1.015603e+00 1.011942e+00 1.008281e+00 1.004615e+00 1.000936e+00 9.972375e-01 9.935138e-01 9.897579e-01 9.859630e-01 9.821225e-01 9.782294e-01 9.742768e-01 9.702576e-01 9.661648e-01 9.619910e-01 9.577288e-01 9.533705e-01 9.489084e-01 9.443347e-01 9.396410e-01 9.348190e-01 9.298602e-01 9.247558e-01 9.194965e-01 9.140731e-01 9.084758e-01 9.026948e-01 8.967196e-01 8.871390e-01 8.749997e-01 8.636392e-01 8.529982e-01 8.430212e-01 8.336562e-01 8.248542e-01
1.392161e+00 1.386865e+00 1.380803e+00 1.373966e+00 1.366347e+00 1.357936e+00 1.348722e+00 1.340947e+00 1.335549e+00 1.330271e+00 1.325107e+00 1.320051e+00 1.315098e+00 1.310242e+00 1.305477e+00 1.300799e+00 1.296202e+00 1.291680e+00 1.287229e+00 1.282844e+00 1.278520e+00 1.274252e+00 1.270035e+00 1.265864e+00 1.261736e+00 1.257644e+00 1.253585e+00 1.249555e+00 1.245547e+00 1.241559e+00 1.237585e+00 1.233622e+00 1.229664e+00 1.225707e+00 1.221747e+00 1.217780e+00 1.213800e+00 1.209804e+00 1.205787e+00 1.201744e+00 1.197671e+00 1.193564e+00 1.189417e+00 1.185227e+00 1.180988e+00 1.176695e+00 1.172345e+00 1.167931e+00 1.163450e+00 1.158895e+00 1.154263e+00 1.149547e+00 1.144742e+00 1.139844e+00 1.134846e+00 1.129743e+00 1.124529e+00 1.119199e+00 1.113746e+00 1.108165e+00 1.102448e+00 1.096590e+00 1.090584e+00 1.084424e+00 1.078102e+00 1.071611e+00 1.064945e+00 1.058094e+00 1.051053e+00 1.043813e+00 1.036366e+00 1.028703e+00 1.020817e+00 1.012977e+00 1.005447e+00 9.979376e-01 9.904398e-01 9.829434e-01 9.754389e-01 9.679164e-01
1.415667e+00 1.411241e+00 1.406079e+00 1.400175e+00 1.393521e+00 1.386109e+00 1.377930e+00 1.370056e+00 1.363547e+00 1.357311e+00 1.351337e+00 1.345616e+00 1.340139e+00 1.334896e+00 1.329880e+00 1.325082e+00 1.320496e+00 1.316113e+00 1.311927e+00 1.307931e+00 1.304118e+00 1.300483e+00 1.297020e+00 1.293724e+00 1.290588e+00 1.287609e+00 1.284781e+00 1.282100e+00 1.279562e+00 1.277162e+00 1.274897e+00 1.272764e+00 1.270758e+00 1.268877e+00 1.267117e+00 1.265476e+00 1.263951e+00 1.262541e+00 1.261241e+00 1.260052e+00 1.258969e+00 1.257993e+00 1.257121e+00 1.256352e+00 1.255685e+00 1.255118e+00 1.254651e+00 1.254283e+00 1.254014e+00 1.253842e+00 1.253769e+00 1.253792e+00 1.253914e+00 1.254133e+00 1.254451e+00 1.254867e+00 1.255383e+00 1.255998e+00 1.256715e+00 1.257535e+00 1.258457e+00 1.259485e+00 1.260620e+00 1.261863e+00 1.263217e+00 1.264683e+00 1.266264e+00 1.267963e+00 1.269781e+00 1.271723e+00 1.273791e+00 1.275989e+00 1.278319e+00 1.280866e+00 1.283003e+00 1.284654e+00 1.285820e+00 1.286503e+00 1.286704e+00 1.286422e+00
1.733837e+00 1.741189e+00 1.748217e+00 1.754931e+00 1.761338e+00 1.767447e+00 1.773265e+00 1.777426e+00 1.780164e+00 1.782856e+00 1.785504e+00 1.788110e+00 1.790675e+00 1.793202e+00 1.795691e+00 1.798145e+00 1.800565e+00 1.802953e+00 1.805310e+00 1.807639e+00 1.809940e+00 1.812216e+00 1.814467e+00 1.816696e+00 1.818903e+00 1.821092e+00 1.823261e+00 1.825415e+00 1.827553e+00 1.829677e+00 1.831789e+00 1.833891e+00 1.835983e+00 1.838067e+00 1.840144e+00 1.842216e+00 1.844285e+00 1.846351e+00 1.848416e+00 1.850482e+00 1.852549e+00 1.854620e+00 1.856696e+00 1.858778e+00 1.860867e+00 1.862965e+00 1.865074e+00 1.867194e+00 1.869328e+00 1.871477e+00 1.873641e+00 1.875824e+00 1.878025e+00 1.880247e+00 1.882492e+00 1.884760e+00 1.887053e+00 1.889373e+00 1.891722e+00 1.894100e+00 1.896510e+00 1.898954e+00 1.901432e+00 1.903947e+00 1.906500e+00 1.909093e+00 1.911728e+00 1.914407e+00 1.917131e+00 1.919902e+00 1.922723e+00 1.925594e+00 1.928519e+00 1.935360e+00 1.945095e+00 1.953880e+00 1.961731e+00 1.968663e+00 1.974689e+00 1.979819e+00
1.122280e+00 1.106994e+00 1.090591e+00 1.073052e+00 1.054354e+00 1.034474e+00 1.013387e+00 9.945374e-01 9.799670e-01 9.661676e-01 9.531042e-01 9.407435e-01 9.290540e-01 9.180061e-01 9.075716e-01 8.977240e-01 8.884382e-01 8.796905e-01 8.714588e-01 8.637220e-01 8.564605e-01 8.496558e-01 8.432907e-01 8.373488e-01 8.318151e-01 8.266755e-01 8.219169e-01 8.175272e-01 8.134952e-01 8.098108e-01 8.064644e-01 8.034476e-01 8.007528e-01 7.983730e-01 7.963022e-01 7.945351e-01 7.930673e-01 7.918949e-01 7.910151e-01 7.904256e-01 7.901248e-01 7.901120e-01 7.903873e-01 7.909512e-01 7.918052e-01 7.929515e-01 7.943930e-01 7.961334e-01 7.981771e-01 8.005293e-01 8.031960e-01 8.061840e-01 8.095008e-01 8.131550e-01 8.171557e-01 8.215133e-01 8.262387e-01 8.313441e-01 8.368423e-01 8.427475e-01 8.490745e-01 8.558396e-01 8.630599e-01 8.707538e-01 8.789408e-01 8.876419e-01 8.968791e-01 9.066760e-01 9.170575e-01 9.280499e-01 9.396814e-01 9.519814e-01 9.649812e-01 9.789750e-01 9.923542e-01 1.004870e+00 1.016535e+00 1.027359e+00 1.037353e+00 1.046526e+00
1.247714e+00 1.237070e+00 1.225474e+00 1.212909e+00 1.199360e+00 1.184811e+00 1.169242e+00 1.147738e+00 1.123243e+00 1.100529e+00 1.079480e+00 1.059987e+00 1.041952e+00 1.025281e+00 1.009889e+00 9.956974e-01 9.826333e-01 9.706298e-01 9.596254e-01 9.495637e-01 9.403931e-01 9.320666e-01 9.245416e-01 9.177796e-01 9.117458e-01 9.064093e-01 9.017429e-01 8.977225e-01 8.943277e-01 8.915409e-01 8.893480e-01 8.877376e-01 8.867016e-01 8.862346e-01 8.863342e-01 8.870010e-01 8.882383e-01 8.900525e-01 8.924529e-01 8.954518e-01 8.990646e-01 9.033097e-01 9.082090e-01 9.137875e-01 9.200738e-01 9.271001e-01 9.349024e-01 9.435208e-01 9.529993e-01 9.633865e-01 9.747358e-01 9.871051e-01 1.000558e+00 1.015163e+00 1.030996e+00 1.048137e+00 1.066674e+00 1.086702e+00 1.108324e+00 1.131651e+00 1.156802e+00 1.183906e+00 1.213102e+00 1.244539e+00 1.278379e+00 1.314795e+00 1.353973e+00 1.396115e+00 1.441437e+00 1.490169e+00 1.542563e+00 1.598887e+00 1.659428e+00 1.722326e+00 1.780263e+00 1.835443e+00 1.887896e+00 1.937650e+00 1.984731e+00 2.029165e+00
1.326838e+00 1.319124e+00 1.310559e+00 1.301132e+00 1.290831e+00 1.279644e+00 1.267557e+00 1.252638e+00 1.236749e+00 1.221753e+00 1.207599e+00 1.194241e+00 1.181633e+00 1.169735e+00 1.158505e+00 1.147906e+00 1.137904e+00 1.128465e+00 1.119557e+00 1.111150e+00 1.103216e+00 1.095730e+00 1.088665e+00 1.081998e+00 1.075708e+00 1.069773e+00 1.064172e+00 1.058889e+00 1.053904e+00 1.049201e+00 1.044765e+00 1.040581e+00 1.036634e+00 1.032912e+00 1.029402e+00 1.026093e+00 1.022973e+00 1.020032e+00 1.017260e+00 1.014647e+00 1.012186e+00 1.009868e+00 1.007685e+00 1.005630e+00 1.003696e+00 1.001877e+00 1.000166e+00 9.985580e-01 9.970473e-01 9.956291e-01 9.942984e-01 9.930510e-01 9.918826e-01 9.907894e-01 9.897677e-01 9.888140e-01 9.879252e-01 9.870984e-01 9.863307e-01 9.856196e-01 9.849627e-01 9.843579e-01 9.838031e-01 9.832964e-01 9.828362e-01 9.824210e-01 9.820493e-01 9.817199e-01 9.814317e-01 9.811837e-01 9.809752e-01 9.808054e-01 9.806737e-01 9.805607e-01 9.803343e-01 9.800123e-01 9.795935e-01 9.790757e-01 9.784568e-01 9.777339e-01
1.380365e+00 1.374632e+00 1.368118e+00 1.360814e+00 1.352710e+00 1.343798e+00 1.334065e+00 1.326047e+00 1.320791e+00 1.315746e+00 1.310906e+00 1.306265e+00 1.301819e+00 1.297561e+00 1.293487e+00 1.289593e+00 1.285873e+00 1.282325e+00 1.278943e+00 1.275724e+00 1.272664e+00 1.269760e+00 1.267008e+00 1.264406e+00 1.261949e+00 1.259637e+00 1.257465e+00 1.255431e+00 1.253534e+00 1.251771e+00 1.250139e+00 1.248637e+00 1.247264e+00 1.246018e+00 1.244897e+00 1.243899e+00 1.243025e+00 1.242273e+00 1.241642e+00 1.241131e+00 1.240740e+00 1.240468e+00 1.240315e+00 1.240281e+00 1.240366e+00 1.240570e+00 1.240893e+00 1.241335e+00 1.241898e+00 1.242581e+00 1.243385e+00 1.244312e+00 1.245362e+00 1.246537e+00 1.247838e+00 1.249266e+00 1.250823e+00 1.252511e+00 1.254332e+00 1.256287e+00 1.258380e+00 1.260611e+00 1.262985e+00 1.265504e+00 1.268170e+00 1.270987e+00 1.273957e+00 1.277085e+00 1.280373e+00 1.283826e+00 1.287448e+00 1.291242e+00 1.295212e+00 1.299545e+00 1.303421e+00 1.306662e+00 1.309272e+00 1.311250e+00 1.312599e+00 1.313318e+00
1.318452e+00 1.310428e+00 1.301541e+00 1.291782e+00 1.281137e+00 1.269594e+00 1.257137e+00 1.247068e+00 1.240526e+00 1.234187e+00 1.228043e+00 1.222087e+00 1.216313e+00 1.210712e+00 1.205279e+00 1.200007e+00 1.194891e+00 1.189923e+00 1.185098e+00 1.180411e+00 1.175855e+00 1.171426e+00 1.167118e+00 1.162927e+00 1.158846e+00 1.154872e+00 1.151000e+00 1.147225e+00 1.143542e+00 1.139948e+00 1.136438e+00 1.133008e+00 1.129654e+00 1.126372e+00 1.123157e+00 1.120008e+00 1.116918e+00 1.113886e+00 1.110907e+00 1.107978e+00 1.105095e+00 1.102255e+00 1.099455e+00 1.096691e+00 1.093960e+00 1.091259e+00 1.088584e+00 1.085934e+00 1.083303e+00 1.080690e+00 1.078090e+00 1.075502e+00 1.072922e+00 1.070347e+00 1.067774e+00 1.065200e+00 1.062622e+00 1.060037e+00 1.057441e+00 1.054832e+00 1.052207e+00 1.049562e+00 1.046895e+00 1.044202e+00 1.041480e+00 1.038726e+00 1.035937e+00 1.033109e+00 1.030239e+00 1.027324e+00 1.024359e+00 1.021343e+00 1.018271e+00 1.015039e+00 1.011541e+00 1.007871e+00 1.004025e+00 9.999985e-01 9.957866e-01 9.913847e-01
1.462876e+00 1.460198e+00 1.456845e+00 1.452813e+00 1.448097e+00 1.442691e+00 1.436588e+00 1.429109e+00 1.421474e+00 1.414337e+00 1.407680e+00 1.401488e+00 1.395745e+00 1.390437e+00 1.385551e+00 1.381075e+00 1.376998e+00 1.373309e+00 1.370001e+00 1.367064e+00 1.364492e+00 1.362278e+00 1.360416e+00 1.358903e+00 1.357734e+00 1.356907e+00 1.356420e+00 1.356270e+00 1.356459e+00 1.356986e+00 1.357853e+00 1.359062e+00 1.360616e+00 1.362518e+00 1.364774e+00 1.367388e+00 1.370368e+00 1.373721e+00 1.377454e+00 1.381577e+00 1.386101e+00 1.391035e+00 1.396393e+00 1.402188e+00 1.408434e+00 1.415145e+00 1.422340e+00 1.430034e+00 1.438248e+00 1.447001e+00 1.456315e+00 1.466213e+00 1.476719e+00 1.487859e+00 1.499660e+00 1.512151e+00 1.525363e+00 1.539329e+00 1.554083e+00 1.569660e+00 1.586100e+00 1.603442e+00 1.621729e+00 1.641007e+00 1.661322e+00 1.682725e+00 1.705267e+00 1.729005e+00 1.753997e+00 1.780304e+00 1.807991e+00 1.837125e+00 1.867779e+00 1.903272e+00 1.939899e+00 1.974443e+00 2.006931e+00 2.037388e+00 2.065838e+00 2.092304e+00
1.186574e+00 1.173668e+00 1.159729e+00 1.144739e+00 1.128681e+00 1.111533e+00 1.093275e+00 1.077580e+00 1.066113e+00 1.055155e+00 1.044687e+00 1.034686e+00 1.025135e+00 1.016014e+00 1.007306e+00 9.989945e-01 9.910631e-01 9.834965e-01 9.762801e-01 9.694001e-01 9.628432e-01 9.565968e-01 9.506487e-01 9.449875e-01 9.396023e-01 9.344828e-01 9.296189e-01 9.250014e-01 9.206213e-01 9.164702e-01 9.125401e-01 9.088234e-01 9.053129e-01 9.020019e-01 8.988839e-01 8.959530e-01 8.932035e-01 8.906301e-01 8.882278e-01 8.859921e-01 8.839185e-01 8.820031e-01 8.802422e-01 8.786324e-01 8.771706e-01 8.758539e-01 8.746799e-01 8.736463e-01 8.727510e-01 8.719924e-01 8.713689e-01 8.708795e-01 8.705230e-01 8.702990e-01 8.702068e-01 8.702464e-01 8.704178e-01 8.707213e-01 8.711576e-01 8.717274e-01 8.724319e-01 8.732725e-01 8.742506e-01 8.753684e-01 8.766278e-01 8.780314e-01 8.795817e-01 8.812819e-01 8.831352e-01 8.851452e-01 8.873158e-01 8.896510e-01 8.921556e-01 8.961324e-01 9.009618e-01 9.053596e-01 9.093387e-01 9.129104e-01 9.160852e-01 9.188723e-01
2.269517e+00 2.296698e+00 2.324251e+00 2.352208e+00 2.380606e+00 2.409479e+00 2.438864e+00 2.464647e+00 2.485284e+00 2.504933e+00 2.523600e+00 2.541290e+00 2.558011e+00 2.573767e+00 2.588564e+00 2.602406e+00 2.615298e+00 2.627244e+00 2.638249e+00 2.648315e+00 2.657447e+00 2.665647e+00 2.672917e+00 2.679261e+00 2.684680e+00 2.689177e+00 2.692752e+00 2.695406e+00 2.697142e+00 2.697958e+00 2.697857e+00 2.696836e+00 2.694897e+00 2.692038e+00 2.688259e+00 2.683558e+00 2.677934e+00 2.671384e+00 2.663908e+00 2.655501e+00 2.646163e+00 2.635888e+00 2.624675e+00 2.612519e+00 2.599417e+00 2.585363e+00 2.570354e+00 2.554385e+00 2.537449e+00 2.519543e+00 2.500659e+00 2.480791e+00 2.459934e+00 2.438080e+00 2.415221e+00 2.391351e+00 2.366462e+00 2.340545e+00 2.313592e+00 2.285594e+00 2.256541e+00 2.226425e+00 2.195235e+00 2.162961e+00 2.129593e+00 2.095118e+00 2.059527e+00 2.022807e+00 1.984947e+00 1.945933e+00 1.905753e+00 1.864393e+00 1.821841e+00 1.762182e+00 1.691460e+00 1.625255e+00 1.563268e+00 1.505219e+00 1.450846e+00 1.399903e+00
2.313501e+00 2.342310e+00 2.371547e+00 2.401249e+00 2.431452e+00 2.462195e+00 2.493515e+00 2.521656e+00 2.544941e+00 2.567175e+00 2.588364e+00 2.608517e+00 2.627639e+00 2.645737e+00 2.662818e+00 2.678886e+00 2.693948e+00 2.708008e+00 2.721071e+00 2.733142e+00 2.744224e+00 2.754321e+00 2.763437e+00 2.771575e+00 2.778737e+00 2.784926e+00 2.790144e+00 2.794393e+00 2.797673e+00 2.799987e+00 2.801335e+00 2.801717e+00 2.801134e+00 2.799585e+00 2.797070e+00 2.793588e+00 2.789137e+00 2.783717e+00 2.777326e+00 2.769961e+00 2.761620e+00 2.752299e+00 2.741997e+00 2.730709e+00 2.718432e+00 2.705162e+00 2.690894e+00 2.675623e+00 2.659344e+00 2.642052e+00 2.623741e+00 2.604405e+00 2.584037e+00 2.562631e+00 2.540179e+00 2.516674e+00 2.492107e+00 2.466471e+00 2.439758e+00 2.411957e+00 2.383060e+00 2.353057e+00 2.321938e+00 2.289693e+00 2.256311e+00 2.221779e+00 2.186088e+00 2.149225e+00 2.111177e+00 2.071932e+00 2.031477e+00 1.989798e+00 1.946881e+00 1.908728e+00 1.877318e+00 1.846599e+00 1.816538e+00 1.787102e+00 1.758257e+00 1.729971e+00
1.286482e+00 1.277274e+00 1.267163e+00 1.256136e+00 1.244178e+00 1.231276e+00 1.217413e+00 1.203366e+00 1.190734e+00 1.178693e+00 1.167216e+00 1.156275e+00 1.145844e+00 1.135899e+00 1.126415e+00 1.117370e+00 1.108743e+00 1.100514e+00 1.092662e+00 1.085170e+00 1.078019e+00 1.071192e+00 1.064674e+00 1.058448e+00 1.052500e+00 1.046817e+00 1.041383e+00 1.036188e+00 1.031217e+00 1.026460e+00 1.021905e+00 1.017542e+00 1.013359e+00 1.009348e+00 1.005498e+00 1.001800e+00 9.982467e-01 9.948281e-01 9.915366e-01 9.883645e-01 9.853041e-01 9.823483e-01 9.794899e-01 9.767224e-01 9.740389e-01 9.714333e-01 9.688993e-01 9.664310e-01 9.640224e-01 9.616678e-01 9.593617e-01 9.570986e-01 9.548732e-01 9.526800e-01 9.505140e-01 9.483701e-01 9.462430e-01 9.441278e-01 9.420195e-01 9.399130e-01 9.378034e-01 9.356856e-01 9.335547e-01 9.314056e-01 9.292331e-01 9.270322e-01 9.247975e-01 9.225239e-01 9.202059e-01 9.178380e-01 9.154146e-01 9.129300e-01 9.103782e-01 9.062167e-01 9.008712e-01 8.958475e-01 8.911167e-01 8.866518e-01 8.824270e-01 8.784181e-01
1.849203e+00 1.860826e+00 1.872274e+00 1.883563e+00 1.894706e+00 1.905717e+00 1.916611e+00 1.926609e+00 1.935564e+00 1.944277e+00 1.952756e+00 1.961009e+00 1.969045e+00 1.976871e+00 1.984495e+00 1.991924e+00 1.999166e+00 2.006228e+00 2.013116e+00 2.019838e+00 2.026400e+00 2.032808e+00 2.039068e+00 2.045188e+00 2.051172e+00 2.057026e+00 2.062757e+00 2.068370e+00 2.073870e+00 2.079262e+00 2.084553e+00 2.089747e+00 2.094849e+00 2.099864e+00 2.104798e+00 2.109654e+00 2.114438e+00 2.119154e+00 2.123807e+00 2.128402e+00 2.132943e+00 2.137434e+00 2.141880e+00 2.146285e+00 2.150653e+00 2.154989e+00 2.159297e+00 2.163582e+00 2.167846e+00 2.172096e+00 2.176333e+00 2.180564e+00 2.184792e+00 2.189020e+00 2.193254e+00 2.197497e+00 2.201754e+00 2.206028e+00 2.210324e+00 2.214646e+00 2.218998e+00 2.223385e+00 2.227811e+00 2.232279e+00 2.236795e+00 2.241363e+00 2.245987e+00 2.250672e+00 2.255423e+00 2.260243e+00 2.265139e+00 2.270114e+00 2.275173e+00 2.280046e+00 2.283587e+00 2.286074e+00 2.287508e+00 2.287889e+00 2.287217e+00 2.285492e+00
1.627091e+00 1.630491e+00 1.633430e+00 1.635910e+00 1.637935e+00 1.639508e+00 1.640630e+00 1.641278e+00 1.641741e+00 1.642043e+00 1.642184e+00 1.642165e+00 1.641986e+00 1.641647e+00 1.641146e+00 1.640484e+00 1.639659e+00 1.638671e+00 1.637518e+00 1.636198e+00 1.634711e+00 1.633053e+00 1.631223e+00 1.629218e+00 1.627036e+00 1.624674e+00 1.622129e+00 1.619397e+00 1.616474e+00 1.613358e+00 1.610044e+00 1.606527e+00 1.602802e+00 1.598866e+00 1.594713e+00 1.590337e+00 1.585732e+00 1.580893e+00 1.575814e+00 1.570486e+00 1.564904e+00 1.559061e+00 1.552947e+00 1.546556e+00 1.539880e+00 1.532908e+00 1.525632e+00 1.518043e+00 1.510131e+00 1.501884e+00 1.493293e+00 1.484346e+00 1.475031e+00 1.465336e+00 1.455248e+00 1.444754e+00 1.433841e+00 1.422493e+00 1.410696e+00 1.398434e+00 1.385692e+00 1.372452e+00 1.358697e+00 1.344409e+00 1.329570e+00 1.314159e+00 1.298156e+00 1.281541e+00 1.264292e+00 1.246385e+00 1.227798e+00 1.208506e+00 1.188483e+00 1.171474e+00 1.158506e+00 1.145789e+00 1.133304e+00 1.121032e+00 1.108956e+00 1.097057e+00
1.943895e+00 1.959023e+00 1.974099e+00 1.989143e+00 2.004174e+00 2.019209e+00 2.034269e+00 2.052585e+00 2.073116e+00 2.092676e+00 2.111288e+00 2.128977e+00 2.145764e+00 2.161670e+00 2.176714e+00 2.190917e+00 2.204295e+00 2.216866e+00 2.228644e+00 2.239646e+00 2.249884e+00 2.259371e+00 2.268119e+00 2.276139e+00 2.283442e+00 2.290036e+00 2.295929e+00 2.301129e+00 2.305643e+00 2.309475e+00 2.312632e+00 2.315116e+00 2.316931e+00 2.318079e+00 2.318562e+00 2.318380e+00 2.317533e+00 2.316020e+00 2.313839e+00 2.310987e+00 2.307460e+00 2.303256e+00 2.298367e+00 2.292788e+00 2.286512e+00 2.279531e+00 2.271836e+00 2.263418e+00 2.254267e+00 2.244370e+00 2.233716e+00 2.222291e+00 2.210080e+00 2.197069e+00 2.183242e+00 2.168580e+00 2.153066e+00 2.136680e+00 2.119402e+00 2.101211e+00 2.082082e+00 2.061993e+00 2.040919e+00 2.018832e+00 1.995706e+00 1.971512e+00 1.946218e+00 1.919795e+00 1.892208e+00 1.863422e+00 1.833404e+00 1.802113e+00 1.769512e+00 1.739853e+00 1.715323e+00 1.691581e+00 1.668580e+00 1.646273e+00 1.624615e+00 1.603563e+00
1.530459e+00 1.530282e+00 1.529518e+00 1.528167e+00 1.526225e+00 1.523691e+00 1.520562e+00 1.516188e+00 1.511357e+00 1.506704e+00 1.502217e+00 1.497887e+00 1.493703e+00 1.489654e+00 1.485733e+00 1.481929e+00 1.478234e+00 1.474638e+00 1.471134e+00 1.467714e+00 1.464368e+00 1.461090e+00 1.457872e+00 1.454706e+00 1.451585e+00 1.448501e+00 1.445448e+00 1.442417e+00 1.439402e+00 1.436397e+00 1.433393e+00 1.430384e+00 1.427363e+00 1.424322e+00 1.421255e+00 1.418154e+00 1.415013e+00 1.411823e+00 1.408577e+00 1.405268e+00 1.401888e+00 1.398428e+00 1.394882e+00 1.391240e+00 1.387494e+00 1.383635e+00 1.379655e+00 1.375543e+00 1.371290e+00 1.366887e+00 1.362322e+00 1.357586e+00 1.352667e+00 1.347553e+00 1.342233e+00 1.336694e+00 1.330923e+00 1.324907e+00 1.318631e+00 1.312080e+00 1.305241e+00 1.298095e+00 1.290627e+00 1.282820e+00 1.274654e+00 1.266111e+00 1.257170e+00 1.247811e+00 1.238012e+00 1.227749e+00 1.216999e+00 1.205737e+00 1.193936e+00 1.184650e+00 1.178382e+00 1.172042e+00 1.165621e+00 1.159111e+00 1.152503e+00 1.145787e+00
3.062530e+00 3.119066e+00 3.177001e+00 3.236407e+00 3.297359e+00 3.359933e+00 3.424206e+00 3.505953e+00 3.600420e+00 3.691935e+00 3.780515e+00 3.866180e+00 3.948947e+00 4.028833e+00 4.105853e+00 4.180024e+00 4.251361e+00 4.319878e+00 4.385589e+00 4.448508e+00 4.508648e+00 4.566021e+00 4.620638e+00 4.672512e+00 4.721651e+00 4.768067e+00 4.811769e+00 4.852766e+00 4.891066e+00 4.926677e+00 4.959606e+00 4.989860e+00 5.017445e+00 5.042368e+00 5.064632e+00 5.084242e+00 5.101203e+00 5.115518e+00 5.127190e+00 5.136221e+00 5.142613e+00 5.146368e+00 5.147486e+00 5.145967e+00 5.141811e+00 5.135017e+00 5.125584e+00 5.113510e+00 5.098793e+00 5.081429e+00 5.061415e+00 5.038746e+00 5.013419e+00 4.985428e+00 4.954767e+00 4.921430e+00 4.885411e+00 4.846701e+00 4.805293e+00 4.761179e+00 4.714349e+00 4.664794e+00 4.612504e+00 4.557468e+00 4.499675e+00 4.439113e+00 4.375769e+00 4.309632e+00 4.240687e+00 4.168919e+00 4.094316e+00 4.016861e+00 3.936538e+00 3.862533e+00 3.799209e+00 3.737295e+00 3.676720e+00 3.617415e+00 3.559314e+00 3.502352e+00
1.457371e+00 1.454489e+00 1.450925e+00 1.446675e+00 1.441733e+00 1.436093e+00 1.429748e+00 1.423882e+00 1.419285e+00 1.414759e+00 1.410300e+00 1.405902e+00 1.401560e+00 1.397268e+00 1.393021e+00 1.388814e+00 1.384642e+00 1.380500e+00 1.376382e+00 1.372285e+00 1.368202e+00 1.364128e+00 1.360060e+00 1.355991e+00 1.351918e+00 1.347834e+00 1.343735e+00 1.339617e+00 1.335473e+00 1.331299e+00 1.327090e+00 1.322841e+00 1.318546e+00 1.314201e+00 1.309799e+00 1.305336e+00 1.300807e+00 1.296205e+00 1.291525e+00 1.286762e+00 1.281909e+00 1.276961e+00 1.271912e+00 1.266755e+00 1.261485e+00 1.256094e+00 1.250577e+00 1.244926e+00 1.239135e+00 1.233196e+00 1.227103e+00 1.220848e+00 1.214423e+00 1.207821e+00 1.201033e+00 1.194052e+00 1.186868e+00 1.179474e+00 1.171859e+00 1.164015e+00 1.155932e+00 1.147600e+00 1.139010e+00 1.130150e+00 1.121011e+00 1.111580e+00 1.101846e+00 1.091798e+00 1.081423e+00 1.070709e+00 1.059642e+00 1.048210e+00 1.036397e+00 1.023599e+00 1.010664e+00 9.981560e-01 9.860475e-01 9.743113e-01 9.629214e-01 9.518525e-01
1.573425e+00 1.574839e+00 1.575721e+00 1.576073e+00 1.575896e+00 1.575188e+00 1.573949e+00 1.572536e+00 1.571423e+00 1.570251e+00 1.569019e+00 1.567726e+00 1.566370e+00 1.564950e+00 1.563466e+00 1.561914e+00 1.560295e+00 1.558607e+00 1.556847e+00 1.555016e+00 1.553110e+00 1.551128e+00 1.549069e+00 1.546930e+00 1.544710e+00 1.542406e+00 1.540016e+00 1.537539e+00 1.534972e+00 1.532312e+00 1.529558e+00 1.526706e+00 1.523755e+00 1.520701e+00 1.517542e+00 1.514274e+00 1.510896e+00 1.507403e+00 1.503792e+00 1.500062e+00 1.496206e+00 1.492224e+00 1.488110e+00 1.483861e+00 1.479474e+00 1.474943e+00 1.470266e+00 1.465438e+00 1.460453e+00 1.455309e+00 1.450000e+00 1.444522e+00 1.438869e+00 1.433036e+00 1.427018e+00 1.420810e+00 1.414406e+00 1.407799e+00 1.400985e+00 1.393957e+00 1.386708e+00 1.379232e+00 1.371521e+00 1.363570e+00 1.355371e+00 1.346916e+00 1.338198e+00 1.329209e+00 1.319940e+00 1.310384e+00 1.300531e+00 1.290372e+00 1.279899e+00 1.267365e+00 1.253464e+00 1.239908e+00 1.226671e+00 1.213729e+00 1.201059e+00 1.188636e+00
1.184847e+00 1.171876e+00 1.157871e+00 1.142813e+00 1.126683e+00 1.109462e+00 1.091128e+00 1.072027e+00 1.054379e+00 1.037758e+00 1.022111e+00 1.007385e+00 9.935332e-01 9.805103e-01 9.682740e-01 9.567843e-01 9.460040e-01 9.358979e-01 9.264330e-01 9.175787e-01 9.093060e-01 9.015881e-01 8.943998e-01 8.877178e-01 8.815202e-01 8.757869e-01 8.704992e-01 8.656400e-01 8.611934e-01 8.571449e-01 8.534813e-01 8.501908e-01 8.472626e-01 8.446872e-01 8.424562e-01 8.405623e-01 8.389994e-01 8.377624e-01 8.368473e-01 8.362510e-01 8.359717e-01 8.360084e-01 8.363612e-01 8.370314e-01 8.380210e-01 8.393334e-01 8.409727e-01 8.429443e-01 8.452546e-01 8.479112e-01 8.509227e-01 8.542989e-01 8.580508e-01 8.621906e-01 8.667318e-01 8.716891e-01 8.770787e-01 8.829182e-01 8.892265e-01 8.960242e-01 9.033334e-01 9.111779e-01 9.195832e-01 9.285768e-01 9.381878e-01 9.484476e-01 9.593895e-01 9.710492e-01 9.834647e-01 9.966763e-01 1.010727e+00 1.025663e+00 1.041532e+00 1.054561e+00 1.063049e+00 1.070824e+00 1.077892e+00 1.084257e+00 1.089921e+00 1.094888e+00
2.395973e+00 2.427836e+00 2.460233e+00 2.493205e+00 2.526794e+00 2.561041e+00 2.595990e+00 2.637189e+00 2.682073e+00 2.725162e+00 2.766479e+00 2.806048e+00 2.843890e+00 2.880025e+00 2.914475e+00 2.947257e+00 2.978389e+00 3.007890e+00 3.035775e+00 3.062059e+00 3.086757e+00 3.109883e+00 3.131449e+00 3.151467e+00 3.169948e+00 3.186903e+00 3.202340e+00 3.216268e+00 3.228695e+00 3.239628e+00 3.249072e+00 3.257033e+00 3.263516e+00 3.268523e+00 3.272057e+00 3.274122e+00 3.274716e+00 3.273842e+00 3.271498e+00 3.267684e+00 3.262396e+00 3.255633e+00 3.247390e+00 3.237663e+00 3.226447e+00 3.213735e+00 3.199520e+00 3.183795e+00 3.166551e+00 3.147778e+00 3.127467e+00 3.105605e+00 3.082181e+00 3.057183e+00 3.030595e+00 3.002404e+00 2.972594e+00 2.941149e+00 2.908051e+00 2.873283e+00 2.836824e+00 2.798656e+00 2.758756e+00 2.717103e+00 2.673675e+00 2.628447e+00 2.581394e+00 2.532490e+00 2.481709e+00 2.429022e+00 2.374401e+00 2.317816e+00 2.259235e+00 2.206422e+00 2.162987e+00 2.121055e+00 2.080548e+00 2.041394e+00 2.003521e+00 1.966860e+00
1.687256e+00 1.692884e+00 1.698127e+00 1.702994e+00 1.707489e+00 1.711618e+00 1.715387e+00 1.718048e+00 1.719789e+00 1.721364e+00 1.722774e+00 1.724020e+00 1.725102e+00 1.726022e+00 1.726781e+00 1.727377e+00 1.727814e+00 1.728089e+00 1.728204e+00 1.728159e+00 1.727954e+00 1.727588e+00 1.727061e+00 1.726374e+00 1.725525e+00 1.724513e+00 1.723339e+00 1.722001e+00 1.720499e+00 1.718830e+00 1.716995e+00 1.714991e+00 1.712818e+00 1.710473e+00 1.707955e+00 1.705263e+00 1.702394e+00 1.699346e+00 1.696117e+00 1.692705e+00 1.689108e+00 1.685322e+00 1.681345e+00 1.677174e+00 1.672806e+00 1.668239e+00 1.663468e+00 1.658491e+00 1.653303e+00 1.647902e+00 1.642283e+00 1.636442e+00 1.630375e+00 1.624078e+00 1.617546e+00 1.610774e+00 1.603758e+00 1.596493e+00 1.588973e+00 1.581193e+00 1.573147e+00 1.564830e+00 1.556236e+00 1.547358e+00 1.538191e+00 1.528727e+00 1.518961e+00 1.508884e+00 1.498489e+00 1.487770e+00 1.476719e+00 1.465327e+00 1.453586e+00 1.438743e+00 1.421611e+00 1.404905e+00 1.388596e+00 1.372655e+00 1.357057e+00 1.341772e+00
1.678531e+00 1.683836e+00 1.688745e+00 1.693265e+00 1.697402e+00 1.701161e+00 1.704546e+00 1.707558e+00 1.710328e+00 1.712862e+00 1.715165e+00 1.717238e+00 1.719086e+00 1.720710e+00 1.722112e+00 1.723294e+00 1.724258e+00 1.725005e+00 1.725536e+00 1.725853e+00 1.725954e+00 1.725840e+00 1.725512e+00 1.724969e+00 1.724209e+00 1.723233e+00 1.722038e+00 1.720623e+00 1.718987e+00 1.717127e+00 1.715040e+00 1.712725e+00 1.710177e+00 1.707394e+00 1.704371e+00 1.701106e+00 1.697593e+00 1.693827e+00 1.689805e+00 1.685520e+00 1.680967e+00 1.676141e+00 1.671033e+00 1.665639e+00 1.659950e+00 1.653959e+00 1.647658e+00 1.641040e+00 1.634094e+00 1.626813e+00 1.619186e+00 1.611203e+00 1.602854e+00 1.594128e+00 1.585013e+00 1.575497e+00 1.565568e+00 1.555212e+00 1.544416e+00 1.533166e+00 1.521446e+00 1.509242e+00 1.496536e+00 1.483313e+00 1.469555e+00 1.455244e+00 1.440360e+00 1.424885e+00 1.408797e+00 1.392076e+00 1.374699e+00 1.356643e+00 1.337885e+00 1.321019e+00 1.307075e+00 1.293412e+00 1.280007e+00 1.266838e+00 1.253885e+00 1.241127e+00
1.812075e+00 1.822322e+00 1.832348e+00 1.842165e+00 1.851784e+00 1.861217e+00 1.870478e+00 1.877433e+00 1.881980e+00 1.886264e+00 1.890287e+00 1.894053e+00 1.897563e+00 1.900819e+00 1.903824e+00 1.906577e+00 1.909082e+00 1.911340e+00 1.913351e+00 1.915118e+00 1.916640e+00 1.917920e+00 1.918956e+00 1.919752e+00 1.920305e+00 1.920618e+00 1.920690e+00 1.920520e+00 1.920110e+00 1.919459e+00 1.918566e+00 1.917432e+00 1.916054e+00 1.914433e+00 1.912568e+00 1.910457e+00 1.908099e+00 1.905494e+00 1.902639e+00 1.899534e+00 1.896175e+00 1.892562e+00 1.888692e+00 1.884563e+00 1.880173e+00 1.875520e+00 1.870600e+00 1.865411e+00 1.859950e+00 1.854214e+00 1.848199e+00 1.841903e+00 1.835322e+00 1.828452e+00 1.821289e+00 1.813830e+00 1.806069e+00 1.798003e+00 1.789627e+00 1.780936e+00 1.771926e+00 1.762591e+00 1.752927e+00 1.742927e+00 1.732586e+00 1.721898e+00 1.710858e+00 1.699458e+00 1.687694e+00 1.675557e+00 1.663041e+00 1.650140e+00 1.636845e+00 1.619785e+00 1.599835e+00 1.580327e+00 1.561233e+00 1.542524e+00 1.524171e+00 1.506146e+00
1.199785e+00 1.187368e+00 1.173935e+00 1.159469e+00 1.143953e+00 1.127367e+00 1.109690e+00 1.092088e+00 1.076573e+00 1.061914e+00 1.048069e+00 1.034999e+00 1.022668e+00 1.011041e+00 1.000084e+00 9.897674e-01 9.800612e-01 9.709383e-01 9.623729e-01 9.543408e-01 9.468194e-01 9.397874e-01 9.332249e-01 9.271135e-01 9.214358e-01 9.161759e-01 9.113189e-01 9.068511e-01 9.027598e-01 8.990336e-01 8.956618e-01 8.926350e-01 8.899447e-01 8.875831e-01 8.855438e-01 8.838208e-01 8.824094e-01 8.813055e-01 8.805061e-01 8.800088e-01 8.798124e-01 8.799161e-01 8.803204e-01 8.810263e-01 8.820358e-01 8.833519e-01 8.849782e-01 8.869193e-01 8.891806e-01 8.917687e-01 8.946907e-01 8.979550e-01 9.015707e-01 9.055480e-01 9.098983e-01 9.146337e-01 9.197676e-01 9.253146e-01 9.312903e-01 9.377116e-01 9.445965e-01 9.519646e-01 9.598367e-01 9.682349e-01 9.771830e-01 9.867062e-01 9.968315e-01 1.007587e+00 1.019004e+00 1.031114e+00 1.043952e+00 1.057553e+00 1.071956e+00 1.084754e+00 1.094337e+00 1.103162e+00 1.111233e+00 1.118557e+00 1.125138e+00 1.130981e+00
2.665240e+00 2.707070e+00 2.749783e+00 2.793434e+00 2.838076e+00 2.883767e+00 2.930561e+00 2.972959e+00 3.008374e+00 3.042372e+00 3.074960e+00 3.106143e+00 3.135926e+00 3.164314e+00 3.191312e+00 3.216924e+00 3.241155e+00 3.264009e+00 3.285489e+00 3.305600e+00 3.324344e+00 3.341724e+00 3.357745e+00 3.372407e+00 3.385715e+00 3.397669e+00 3.408272e+00 3.417526e+00 3.425433e+00 3.431993e+00 3.437207e+00 3.441078e+00 3.443604e+00 3.444787e+00 3.444628e+00 3.443124e+00 3.440278e+00 3.436088e+00 3.430553e+00 3.423672e+00 3.415445e+00 3.405870e+00 3.394945e+00 3.382668e+00 3.369039e+00 3.354053e+00 3.337709e+00 3.320004e+00 3.300934e+00 3.280498e+00 3.258691e+00 3.235510e+00 3.210950e+00 3.185008e+00 3.157680e+00 3.128960e+00 3.098844e+00 3.067327e+00 3.034404e+00 3.000069e+00 2.964316e+00 2.927139e+00 2.888533e+00 2.848490e+00 2.807005e+00 2.764069e+00 2.719676e+00 2.673819e+00 2.626489e+00 2.577679e+00 2.527381e+00 2.475585e+00 2.422285e+00 2.374940e+00 2.335845e+00 2.297494e+00 2.259853e+00 2.222887e+00 2.186561e+00 2.150844e+00
1.471955e+00 1.469613e+00 1.466608e+00 1.462936e+00 1.458592e+00 1.453572e+00 1.447869e+00 1.442732e+00 1.438908e+00 1.435138e+00 1.431419e+00 1.427745e+00 1.424113e+00 1.420519e+00 1.416958e+00 1.413428e+00 1.409924e+00 1.406442e+00 1.402978e+00 1.399530e+00 1.396092e+00 1.392662e+00 1.389235e+00 1.385807e+00 1.382376e+00 1.378937e+00 1.375486e+00 1.372020e+00 1.368535e+00 1.365027e+00 1.361493e+00 1.357928e+00 1.354328e+00 1.350690e+00 1.347009e+00 1.343283e+00 1.339505e+00 1.335673e+00 1.331783e+00 1.327829e+00 1.323808e+00 1.319715e+00 1.315546e+00 1.311296e+00 1.306960e+00 1.302535e+00 1.298015e+00 1.293394e+00 1.288669e+00 1.283833e+00 1.278882e+00 1.273811e+00 1.268613e+00 1.263282e+00 1.257814e+00 1.252203e+00 1.246441e+00 1.240523e+00 1.234442e+00 1.228192e+00 1.221765e+00 1.215156e+00 1.208355e+00 1.201357e+00 1.194154e+00 1.186737e+00 1.179099e+00 1.171231e+00 1.163124e+00 1.154770e+00 1.146160e+00 1.137284e+00 1.128132e+00 1.108565e+00 1.081086e+00 1.055651e+00 1.032102e+00 1.010288e+00 9.900730e-01 9.713286e-01
2.679780e+00 2.722148e+00 2.765418e+00 2.809646e+00 2.854885e+00 2.901193e+00 2.948628e+00 2.988879e+00 3.019478e+00 3.048798e+00 3.076843e+00 3.103615e+00 3.129119e+00 3.153356e+00 3.176331e+00 3.198045e+00 3.218501e+00 3.237702e+00 3.255650e+00 3.272348e+00 3.287796e+00 3.301997e+00 3.314954e+00 3.326666e+00 3.337136e+00 3.346365e+00 3.354353e+00 3.361103e+00 3.366614e+00 3.370888e+00 3.373925e+00 3.375725e+00 3.376288e+00 3.375615e+00 3.373706e+00 3.370560e+00 3.366176e+00 3.360555e+00 3.353696e+00 3.345597e+00 3.336258e+00 3.325678e+00 3.313856e+00 3.300790e+00 3.286478e+00 3.270919e+00 3.254111e+00 3.236052e+00 3.216740e+00 3.196172e+00 3.174346e+00 3.151260e+00 3.126911e+00 3.101295e+00 3.074410e+00 3.046252e+00 3.016819e+00 2.986106e+00 2.954111e+00 2.920828e+00 2.886255e+00 2.850387e+00 2.813219e+00 2.774748e+00 2.734969e+00 2.693877e+00 2.651466e+00 2.607733e+00 2.562672e+00 2.516277e+00 2.468543e+00 2.419465e+00 2.369035e+00 2.286761e+00 2.181508e+00 2.083254e+00 1.991523e+00 1.905870e+00 1.825881e+00 1.751168e+00
1.852381e+00 1.864120e+00 1.875691e+00 1.887105e+00 1.898379e+00 1.909526e+00 1.920559e+00 1.931723e+00 1.942574e+00 1.952891e+00 1.962688e+00 1.971973e+00 1.980757e+00 1.989050e+00 1.996860e+00 2.004195e+00 2.011063e+00 2.017473e+00 2.023429e+00 2.028940e+00 2.034010e+00 2.038645e+00 2.042851e+00 2.046631e+00 2.049989e+00 2.052930e+00 2.055456e+00 2.057570e+00 2.059274e+00 2.060571e+00 2.061461e+00 2.061945e+00 2.062024e+00 2.061698e+00 2.060967e+00 2.059830e+00 2.058285e+00 2.056332e+00 2.053967e+00 2.051189e+00 2.047994e+00 2.044380e+00 2.040341e+00 2.035875e+00 2.030975e+00 2.025638e+00 2.019856e+00 2.013625e+00 2.006937e+00 1.999785e+00 1.992162e+00 1.984059e+00 1.975468e+00 1.966380e+00 1.956785e+00 1.946672e+00 1.936032e+00 1.924852e+00 1.913120e+00 1.900825e+00 1.887953e+00 1.874490e+00 1.860422e+00 1.845734e+00 1.830410e+00 1.814434e+00 1.797789e+00 1.780457e+00 1.762419e+00 1.743657e+00 1.724150e+00 1.703878e+00 1.682818e+00 1.662592e+00 1.644408e+00 1.626595e+00 1.609124e+00 1.591968e+00 1.575100e+00 1.558494e+00
2.336824e+00 2.366496e+00 2.396627e+00 2.427254e+00 2.458414e+00 2.490148e+00 2.522494e+00 2.554567e+00 2.584381e+00 2.612875e+00 2.640062e+00 2.665952e+00 2.690555e+00 2.713881e+00 2.735940e+00 2.756741e+00 2.776291e+00 2.794599e+00 2.811673e+00 2.827519e+00 2.842143e+00 2.855551e+00 2.867749e+00 2.878742e+00 2.888533e+00 2.897128e+00 2.904529e+00 2.910740e+00 2.915762e+00 2.919599e+00 2.922250e+00 2.923719e+00 2.924005e+00 2.923107e+00 2.921027e+00 2.917763e+00 2.913314e+00 2.907677e+00 2.900852e+00 2.892834e+00 2.883621e+00 2.873209e+00 2.861593e+00 2.848770e+00 2.834734e+00 2.819479e+00 2.803000e+00 2.785289e+00 2.766339e+00 2.746143e+00 2.724693e+00 2.701980e+00 2.677995e+00 2.652728e+00 2.626169e+00 2.598308e+00 2.569133e+00 2.538632e+00 2.506793e+00 2.473604e+00 2.439051e+00 2.403120e+00 2.365796e+00 2.327065e+00 2.286911e+00 2.245318e+00 2.202269e+00 2.157747e+00 2.111734e+00 2.064211e+00 2.015159e+00 1.964559e+00 1.912390e+00 1.868311e+00 1.834843e+00 1.802261e+00 1.770522e+00 1.739585e+00 1.709409e+00 1.679954e+00
1.194855e+00 1.182255e+00 1.168633e+00 1.153972e+00 1.138253e+00 1.121457e+00 1.103563e+00 1.078130e+00 1.048671e+00 1.021426e+00 9.962293e-01 9.729259e-01 9.513740e-01 9.314421e-01 9.130084e-01 8.959605e-01 8.801943e-01 8.656134e-01 8.521290e-01 8.396587e-01 8.281263e-01 8.174614e-01 8.075991e-01 7.984789e-01 7.900454e-01 7.822469e-01 7.750359e-01 7.683683e-01 7.622035e-01 7.565039e-01 7.512345e-01 7.463633e-01 7.418606e-01 7.376987e-01 7.338524e-01 7.302982e-01 7.270142e-01 7.239806e-01 7.211788e-01 7.185916e-01 7.162034e-01 7.139994e-01 7.119663e-01 7.100916e-01 7.083639e-01 7.067726e-01 7.053081e-01 7.039614e-01 7.027242e-01 7.015891e-01 7.005490e-01 6.995977e-01 6.987293e-01 6.979386e-01 6.972206e-01 6.965711e-01 6.959860e-01 6.954618e-01 6.949953e-01 6.945836e-01 6.942242e-01 6.939150e-01 6.936540e-01 6.934397e-01 6.932707e-01 6.931460e-01 6.930648e-01 6.930267e-01 6.930314e-01 6.930790e-01 6.931697e-01 6.933041e-01 6.934830e-01 6.936376e-01 6.935630e-01 6.933290e-01 6.929351e-01 6.923805e-01 6.916641e-01 6.907844e-01
1.661578e+00 1.666255e+00 1.670515e+00 1.674363e+00 1.677804e+00 1.680842e+00 1.683481e+00 1.686300e+00 1.689463e+00 1.692401e+00 1.695120e+00 1.697625e+00 1.699922e+00 1.702015e+00 1.703910e+00 1.705610e+00 1.707119e+00 1.708440e+00 1.709575e+00 1.710527e+00 1.711299e+00 1.711891e+00 1.712305e+00 1.712542e+00 1.712602e+00 1.712485e+00 1.712192e+00 1.711721e+00 1.711072e+00 1.710243e+00 1.709232e+00 1.708038e+00 1.706658e+00 1.705088e+00 1.703327e+00 1.701369e+00 1.699210e+00 1.696848e+00 1.694275e+00 1.691487e+00 1.688478e+00 1.685242e+00 1.681771e+00 1.678059e+00 1.674098e+00 1.669879e+00 1.665394e+00 1.660632e+00 1.655585e+00 1.650241e+00 1.644589e+00 1.638617e+00 1.632313e+00 1.625663e+00 1.618654e+00 1.611270e+00 1.603496e+00 1.595316e+00 1.586713e+00 1.577667e+00 1.568161e+00 1.558175e+00 1.547686e+00 1.536674e+00 1.525114e+00 1.512984e+00 1.500256e+00 1.486905e+00 1.472901e+00 1.458217e+00 1.442820e+00 1.426679e+00 1.409758e+00 1.393634e+00 1.379627e+00 1.366091e+00 1.352991e+00 1.340293e+00 1.327965e+00 1.315975e+00
1.242254e+00 1.231409e+00 1.219603e+00 1.206821e+00 1.193048e+00 1.178267e+00 1.162458e+00 1.147199e+00 1.134174e+00 1.121756e+00 1.109916e+00 1.098627e+00 1.087863e+00 1.077598e+00 1.067808e+00 1.058471e+00 1.049566e+00 1.041071e+00 1.032967e+00 1.025236e+00 1.017858e+00 1.010817e+00 1.004097e+00 9.976812e-01 9.915560e-01 9.857067e-01 9.801197e-01 9.747820e-01 9.696812e-01 9.648055e-01 9.601436e-01 9.556846e-01 9.514182e-01 9.473345e-01 9.434240e-01 9.396776e-01 9.360866e-01 9.326427e-01 9.293379e-01 9.261645e-01 9.231152e-01 9.201828e-01 9.173606e-01 9.146420e-01 9.120206e-01 9.094905e-01 9.070457e-01 9.046806e-01 9.023897e-01 9.001675e-01 8.980091e-01 8.959094e-01 8.938634e-01 8.918665e-01 8.899140e-01 8.880014e-01 8.861242e-01 8.842781e-01 8.824588e-01 8.806621e-01 8.788837e-01 8.771197e-01 8.753658e-01 8.736180e-01 8.718722e-01 8.701244e-01 8.683706e-01 8.666066e-01 8.648284e-01 8.630318e-01 8.612127e-01 8.593668e-01 8.574899e-01 8.557817e-01 8.541316e-01 8.523328e-01 8.503823e-01 8.482767e-01 8.460126e-01 8.435859e-01
1.422446e+00 1.418271e+00 1.413368e+00 1.407733e+00 1.401357e+00 1.394233e+00 1.386352e+00 1.375043e+00 1.361880e+00 1.349480e+00 1.337797e+00 1.326792e+00 1.316424e+00 1.306658e+00 1.297458e+00 1.288794e+00 1.280633e+00 1.272948e+00 1.265711e+00 1.258896e+00 1.252481e+00 1.246441e+00 1.240756e+00 1.235406e+00 1.230372e+00 1.225636e+00 1.221181e+00 1.216993e+00 1.213055e+00 1.209354e+00 1.205877e+00 1.202613e+00 1.199548e+00 1.196673e+00 1.193978e+00 1.191452e+00 1.189087e+00 1.186875e+00 1.184808e+00 1.182878e+00 1.181079e+00 1.179404e+00 1.177848e+00 1.176405e+00 1.175070e+00 1.173838e+00 1.172705e+00 1.171667e+00 1.170720e+00 1.169862e+00 1.169087e+00 1.168396e+00 1.167783e+00 1.167249e+00 1.166790e+00 1.166405e+00 1.166093e+00 1.165852e+00 1.165682e+00 1.165582e+00 1.165552e+00 1.165592e+00 1.165702e+00 1.165882e+00 1.166132e+00 1.166455e+00 1.166850e+00 1.167319e+00 1.167865e+00 1.168488e+00 1.169191e+00 1.169977e+00 1.170848e+00 1.171498e+00 1.171439e+00 1.170981e+00 1.170122e+00 1.168862e+00 1.167200e+00 1.165135e+00
2.095456e+00 2.116194e+00 2.137077e+00 2.158132e+00 2.179384e+00 2.200860e+00 2.222588e+00 2.255280e+00 2.296658e+00 2.336089e+00 2.373624e+00 2.409312e+00 2.443199e+00 2.475329e+00 2.505743e+00 2.534482e+00 2.561582e+00 2.587078e+00 2.611005e+00 2.633392e+00 2.654270e+00 2.673664e+00 2.691600e+00 2.708102e+00 2.723190e+00 2.736885e+00 2.749204e+00 2.760164e+00 2.769778e+00 2.778058e+00 2.785017e+00 2.790662e+00 2.795001e+00 2.798039e+00 2.799781e+00 2.800229e+00 2.799384e+00 2.797244e+00 2.793806e+00 2.789066e+00 2.783019e+00 2.775655e+00 2.766966e+00 2.756940e+00 2.745565e+00 2.732824e+00 2.718703e+00 2.703183e+00 2.686242e+00 2.667861e+00 2.648014e+00 2.626675e+00 2.603818e+00 2.579413e+00 2.553427e+00 2.525827e+00 2.496578e+00 2.465641e+00 2.432976e+00 2.398540e+00 2.362290e+00 2.324178e+00 2.284154e+00 2.242167e+00 2.198162e+00 2.152082e+00 2.103867e+00 2.053454e+00 2.000779e+00 1.945773e+00 1.888363e+00 1.828477e+00 1.766036e+00 1.705018e+00 1.651734e+00 1.601877e+00 1.555213e+00 1.511522e+00 1.470601e+00 1.432257e+00
1.878562e+00 1.891272e+00 1.903845e+00 1.916298e+00 1.928646e+00 1.940905e+00 1.953091e+00 1.962758e+00 1.969725e+00 1.976458e+00 1.982960e+00 1.989236e+00 1.995290e+00 2.001125e+00 2.006745e+00 2.012155e+00 2.017356e+00 2.022353e+00 2.027148e+00 2.031746e+00 2.036147e+00 2.040357e+00 2.044376e+00 2.048208e+00 2.051856e+00 2.055320e+00 2.058605e+00 2.061711e+00 2.064640e+00 2.067396e+00 2.069978e+00 2.072390e+00 2.074632e+00 2.076705e+00 2.078612e+00 2.080354e+00 2.081931e+00 2.083344e+00 2.084595e+00 2.085684e+00 2.086612e+00 2.087380e+00 2.087987e+00 2.088435e+00 2.088724e+00 2.088853e+00 2.088823e+00 2.088634e+00 2.088286e+00 2.087779e+00 2.087112e+00 2.086284e+00 2.085296e+00 2.084146e+00 2.082835e+00 2.081360e+00 2.079722e+00 2.077919e+00 2.075950e+00 2.073813e+00 2.071508e+00 2.069033e+00 2.066386e+00 2.063566e+00 2.060570e+00 2.057398e+00 2.054046e+00 2.050514e+00 2.046798e+00 2.042896e+00 2.038806e+00 2.034525e+00 2.030050e+00 2.024874e+00 2.018670e+00 2.011939e+00 2.004678e+00 1.996882e+00 1.988545e+00 1.979663e+00
1.827543e+00 1.838364e+00 1.848982e+00 1.859412e+00 1.869666e+00 1.879757e+00 1.889698e+00 1.897943e+00 1.904322e+00 1.910399e+00 1.916178e+00 1.921664e+00 1.926860e+00 1.931770e+00 1.936398e+00 1.940747e+00 1.944821e+00 1.948622e+00 1.952153e+00 1.955417e+00 1.958417e+00 1.961153e+00 1.963630e+00 1.965847e+00 1.967808e+00 1.969513e+00 1.970963e+00 1.972160e+00 1.973105e+00 1.973798e+00 1.974240e+00 1.974431e+00 1.974371e+00 1.974060e+00 1.973498e+00 1.972685e+00 1.971620e+00 1.970302e+00 1.968730e+00 1.966904e+00 1.964821e+00 1.962480e+00 1.959879e+00 1.957017e+00 1.953892e+00 1.950501e+00 1.946841e+00 1.942910e+00 1.938705e+00 1.934223e+00 1.929461e+00 1.924415e+00 1.919081e+00 1.913456e+00 1.907535e+00 1.901314e+00 1.894789e+00 1.887954e+00 1.880804e+00 1.873335e+00 1.865541e+00 1.857415e+00 1.848953e+00 1.840147e+00 1.830992e+00 1.821480e+00 1.811605e+00 1.801360e+00 1.790736e+00 1.779726e+00 1.768321e+00 1.756514e+00 1.744296e+00 1.729712e+00 1.713432e+00 1.697375e+00 1.681521e+00 1.665846e+00 1.650327e+00 1.634943e+00
2.016063e+00 2.033862e+00 2.051704e+00 2.069610e+00 2.087603e+00 2.105705e+00 2.123940e+00 2.139927e+00 2.152914e+00 2.165314e+00 2.177133e+00 2.188377e+00 2.199054e+00 2.209170e+00 2.218731e+00 2.227742e+00 2.236208e+00 2.244135e+00 2.251527e+00 2.258389e+00 2.264724e+00 2.270536e+00 2.275828e+00 2.280605e+00 2.284867e+00 2.288619e+00 2.291862e+00 2.294597e+00 2.296828e+00 2.298554e+00 2.299777e+00 2.300498e+00 2.300717e+00 2.300434e+00 2.299649e+00 2.298362e+00 2.296572e+00 2.294277e+00 2.291477e+00 2.288169e+00 2.284353e+00 2.280025e+00 2.275183e+00 2.269824e+00 2.263946e+00 2.257544e+00 2.250615e+00 2.243155e+00 2.235160e+00 2.226624e+00 2.217544e+00 2.207913e+00 2.197726e+00 2.186976e+00 2.175659e+00 2.163767e+00 2.151293e+00 2.138229e+00 2.124569e+00 2.110304e+00 2.095426e+00 2.079927e+00 2.063796e+00 2.047025e+00 2.029604e+00 2.011523e+00 1.992770e+00 1.973337e+00 1.953209e+00 1.932377e+00 1.910828e+00 1.888549e+00 1.865528e+00 1.839857e+00 1.813050e+00 1.786958e+00 1.761539e+00 1.736754e+00 1.712563e+00 1.688929e+00
1.408234e+00 1.403533e+00 1.398086e+00 1.391887e+00 1.384928e+00 1.377200e+00 1.368693e+00 1.359391e+00 1.350439e+00 1.341823e+00 1.333527e+00 1.325531e+00 1.317820e+00 1.310377e+00 1.303187e+00 1.296234e+00 1.289504e+00 1.282982e+00 1.276656e+00 1.270511e+00 1.264535e+00 1.258715e+00 1.253039e+00 1.247495e+00 1.242071e+00 1.236756e+00 1.231539e+00 1.226409e+00 1.221354e+00 1.216365e+00 1.211431e+00 1.206541e+00 1.201686e+00 1.196854e+00 1.192037e+00 1.187223e+00 1.182402e+00 1.177565e+00 1.172701e+00 1.167800e+00 1.162852e+00 1.157846e+00 1.152772e+00 1.147619e+00 1.142377e+00 1.137033e+00 1.131578e+00 1.125999e+00 1.120285e+00 1.114424e+00 1.108403e+00 1.102210e+00 1.095831e+00 1.089254e+00 1.082465e+00 1.075449e+00 1.068191e+00 1.060677e+00 1.052889e+00 1.044813e+00 1.036431e+00 1.027726e+00 1.018678e+00 1.009270e+00 9.994809e-01 9.892906e-01 9.786775e-01 9.676194e-01 9.560930e-01 9.440740e-01 9.315373e-01 9.184563e-01 9.048037e-01 8.902002e-01 8.760633e-01 8.626888e-01 8.500249e-01 8.380226e-01 8.266356e-01 8.158198e-01
1.219868e+00 1.208194e+00 1.195531e+00 1.181862e+00 1.167170e+00 1.151437e+00 1.134643e+00 1.120113e+00 1.109375e+00 1.099067e+00 1.089170e+00 1.079665e+00 1.070536e+00 1.061767e+00 1.053341e+00 1.045244e+00 1.037461e+00 1.029978e+00 1.022781e+00 1.015858e+00 1.009196e+00 1.002783e+00 9.966083e-01 9.906598e-01 9.849272e-01 9.794001e-01 9.740687e-01 9.689234e-01 9.639549e-01 9.591542e-01 9.545129e-01 9.500224e-01 9.456748e-01 9.414622e-01 9.373771e-01 9.334121e-01 9.295601e-01 9.258142e-01 9.221676e-01 9.186138e-01 9.151464e-01 9.117591e-01 9.084460e-01 9.052010e-01 9.020183e-01 8.988921e-01 8.958170e-01 8.927872e-01 8.897975e-01 8.868423e-01 8.839165e-01 8.810147e-01 8.781318e-01 8.752625e-01 8.724017e-01 8.695442e-01 8.666850e-01 8.638188e-01 8.609406e-01 8.580452e-01 8.551272e-01 8.521816e-01 8.492031e-01 8.461861e-01 8.431255e-01 8.400155e-01 8.368508e-01 8.336254e-01 8.303338e-01 8.269699e-01 8.235277e-01 8.200011e-01 8.163836e-01 8.126262e-01 8.088224e-01 8.050074e-01 8.011738e-01 7.973140e-01 7.934203e-01 7.894853e-01
1.161935e+00 1.148116e+00 1.133233e+00 1.117266e+00 1.100196e+00 1.082002e+00 1.062659e+00 1.043500e+00 1.026649e+00 1.010702e+00 9.956121e-01 9.813333e-01 9.678229e-01 9.550406e-01 9.429481e-01 9.315091e-01 9.206894e-01 9.104566e-01 9.007801e-01 8.916309e-01 8.829817e-01 8.748064e-01 8.670806e-01 8.597812e-01 8.528864e-01 8.463755e-01 8.402289e-01 8.344283e-01 8.289564e-01 8.237967e-01 8.189338e-01 8.143531e-01 8.100409e-01 8.059843e-01 8.021712e-01 7.985901e-01 7.952303e-01 7.920817e-01 7.891350e-01 7.863813e-01 7.838123e-01 7.814204e-01 7.791984e-01 7.771396e-01 7.752379e-01 7.734877e-01 7.718835e-01 7.704207e-01 7.690949e-01 7.679020e-01 7.668386e-01 7.659014e-01 7.650877e-01 7.643949e-01 7.638210e-01 7.633644e-01 7.630236e-01 7.627976e-01 7.626858e-01 7.626877e-01 7.628035e-01 7.630334e-01 7.633781e-01 7.638388e-01 7.644166e-01 7.651135e-01 7.659314e-01 7.668729e-01 7.679407e-01 7.691381e-01 7.704685e-01 7.719361e-01 7.735452e-01 7.749802e-01 7.758348e-01 7.764305e-01 7.767680e-01 7.768480e-01 7.766704e-01 7.762351e-01
1.291703e+00 1.282688e+00 1.272777e+00 1.261957e+00 1.250214e+00 1.237534e+00 1.223900e+00 1.212944e+00 1.205842e+00 1.198940e+00 1.192228e+00 1.185699e+00 1.179346e+00 1.173160e+00 1.167134e+00 1.161260e+00 1.155532e+00 1.149943e+00 1.144486e+00 1.139155e+00 1.133943e+00 1.128843e+00 1.123850e+00 1.118958e+00 1.114160e+00 1.109452e+00 1.104826e+00 1.100279e+00 1.095804e+00 1.091396e+00 1.087049e+00 1.082759e+00 1.078520e+00 1.074327e+00 1.070175e+00 1.066059e+00 1.061975e+00 1.057916e+00 1.053879e+00 1.049859e+00 1.045850e+00 1.041848e+00 1.037848e+00 1.033845e+00 1.029834e+00 1.025811e+00 1.021771e+00 1.017708e+00 1.013619e+00 1.009498e+00 1.005339e+00 1.001139e+00 9.968918e-01 9.925925e-01 9.882359e-01 9.838169e-01 9.793300e-01 9.747700e-01 9.701312e-01 9.654082e-01 9.605952e-01 9.556865e-01 9.506761e-01 9.455581e-01 9.403262e-01 9.349742e-01 9.294956e-01 9.238838e-01 9.181322e-01 9.122337e-01 9.061813e-01 8.999677e-01 8.935854e-01 8.859468e-01 8.774695e-01 8.692150e-01 8.611657e-01 8.533043e-01 8.456138e-01 8.380776e-01
1.233350e+00 1.222175e+00 1.210028e+00 1.196894e+00 1.182756e+00 1.167596e+00 1.151395e+00 1.137225e+00 1.126660e+00 1.116588e+00 1.106991e+00 1.097851e+00 1.089151e+00 1.080875e+00 1.073008e+00 1.065534e+00 1.058439e+00 1.051712e+00 1.045338e+00 1.039307e+00 1.033607e+00 1.028227e+00 1.023157e+00 1.018388e+00 1.013912e+00 1.009719e+00 1.005801e+00 1.002153e+00 9.987658e-01 9.956344e-01 9.927526e-01 9.901151e-01 9.877170e-01 9.855537e-01 9.836213e-01 9.819161e-01 9.804350e-01 9.791753e-01 9.781345e-01 9.773108e-01 9.767026e-01 9.763088e-01 9.761286e-01 9.761617e-01 9.764082e-01 9.768685e-01 9.775435e-01 9.784344e-01 9.795429e-01 9.808711e-01 9.824215e-01 9.841968e-01 9.862005e-01 9.884363e-01 9.909083e-01 9.936211e-01 9.965798e-01 9.997899e-01 1.003257e+00 1.006989e+00 1.010991e+00 1.015271e+00 1.019838e+00 1.024699e+00 1.029864e+00 1.035342e+00 1.041144e+00 1.047280e+00 1.053763e+00 1.060603e+00 1.067813e+00 1.075408e+00 1.083401e+00 1.095233e+00 1.109513e+00 1.122841e+00 1.135239e+00 1.146730e+00 1.157334e+00 1.167069e+00
1.928292e+00 1.942842e+00 1.957320e+00 1.971746e+00 1.986135e+00 2.000508e+00 2.014881e+00 2.034906e+00 2.059632e+00 2.083468e+00 2.106454e+00 2.128632e+00 2.150039e+00 2.170712e+00 2.190688e+00 2.210000e+00 2.228683e+00 2.246768e+00 2.264287e+00 2.281271e+00 2.297748e+00 2.313747e+00 2.329296e+00 2.344422e+00 2.359151e+00 2.373509e+00 2.387520e+00 2.401209e+00 2.414599e+00 2.427714e+00 2.440576e+00 2.453208e+00 2.465631e+00 2.477868e+00 2.489938e+00 2.501863e+00 2.513664e+00 2.525362e+00 2.536975e+00 2.548526e+00 2.560032e+00 2.571516e+00 2.582995e+00 2.594491e+00 2.606023e+00 2.617611e+00 2.629275e+00 2.641036e+00 2.652913e+00 2.664928e+00 2.677101e+00 2.689453e+00 2.702006e+00 2.714781e+00 2.727800e+00 2.741086e+00 2.754663e+00 2.768553e+00 2.782781e+00 2.797371e+00 2.812348e+00 2.827739e+00 2.843570e+00 2.859868e+00 2.876662e+00 2.893981e+00 2.911855e+00 2.930314e+00 2.949392e+00 2.969120e+00 2.989533e+00 3.010666e+00 3.032556e+00 3.054471e+00 3.073768e+00 3.091235e+00 3.106883e+00 3.120725e+00 3.132770e+00 3.143030e+00
1.560293e+00 1.561221e+00 1.561600e+00 1.561432e+00 1.560715e+00 1.559449e+00 1.557632e+00 1.555424e+00 1.553354e+00 1.551256e+00 1.549129e+00 1.546970e+00 1.544774e+00 1.542540e+00 1.540264e+00 1.537944e+00 1.535575e+00 1.533155e+00 1.530680e+00 1.528147e+00 1.525553e+00 1.522894e+00 1.520166e+00 1.517365e+00 1.514488e+00 1.511531e+00 1.508490e+00 1.505360e+00 1.502137e+00 1.498817e+00 1.495395e+00 1.491867e+00 1.488228e+00 1.484472e+00 1.480595e+00 1.476591e+00 1.472455e+00 1.468181e+00 1.463763e+00 1.459195e+00 1.454471e+00 1.449584e+00 1.444528e+00 1.439296e+00 1.433880e+00 1.428274e+00 1.422469e+00 1.416457e+00 1.410231e+00 1.403781e+00 1.397099e+00 1.390176e+00 1.383002e+00 1.375567e+00 1.367861e+00 1.359874e+00 1.351594e+00 1.343010e+00 1.334111e+00 1.324884e+00 1.315317e+00 1.305396e+00 1.295108e+00 1.284438e+00 1.273373e+00 1.261896e+00 1.249992e+00 1.237646e+00 1.224839e+00 1.211554e+00 1.197773e+00 1.183477e+00 1.168647e+00 1.152162e+00 1.135334e+00 1.119217e+00 1.103767e+00 1.088940e+00 1.074694e+00 1.060989e+00
1.706162e+00 1.712490e+00 1.718458e+00 1.724074e+00 1.729345e+00 1.734278e+00 1.738879e+00 1.744004e+00 1.749665e+00 1.755020e+00 1.760079e+00 1.764852e+00 1.769346e+00 1.773571e+00 1.777534e+00 1.781242e+00 1.784702e+00 1.787920e+00 1.790903e+00 1.793655e+00 1.796181e+00 1.798487e+00 1.800576e+00 1.802452e+00 1.804119e+00 1.805580e+00 1.806837e+00 1.807892e+00 1.808748e+00 1.809407e+00 1.809868e+00 1.810134e+00 1.810204e+00 1.810079e+00 1.809758e+00 1.809242e+00 1.808528e+00 1.807617e+00 1.806505e+00 1.805191e+00 1.803673e+00 1.801948e+00 1.800012e+00 1.797863e+00 1.795495e+00 1.792906e+00 1.790090e+00 1.787042e+00 1.783757e+00 1.780228e+00 1.776449e+00 1.772413e+00 1.768114e+00 1.763542e+00 1.758690e+00 1.753549e+00 1.748109e+00 1.742361e+00 1.736294e+00 1.729897e+00 1.723158e+00 1.716065e+00 1.708606e+00 1.700765e+00 1.692531e+00 1.683886e+00 1.674816e+00 1.665303e+00 1.655332e+00 1.644882e+00 1.633936e+00 1.622474e+00 1.610473e+00 1.601398e+00 1.595463e+00 1.589182e+00 1.582549e+00 1.575560e+00 1.568209e+00 1.560491e+00
1.268414e+00 1.258537e+00 1.247733e+00 1.235989e+00 1.223290e+00 1.209620e+00 1.194962e+00 1.181092e+00 1.169563e+00 1.158558e+00 1.148054e+00 1.138029e+00 1.128462e+00 1.119333e+00 1.110622e+00 1.102312e+00 1.094385e+00 1.086824e+00 1.079614e+00 1.072739e+00 1.066185e+00 1.059939e+00 1.053986e+00 1.048316e+00 1.042915e+00 1.037773e+00 1.032879e+00 1.028222e+00 1.023792e+00 1.019582e+00 1.015581e+00 1.011781e+00 1.008174e+00 1.004753e+00 1.001511e+00 9.984400e-01 9.955346e-01 9.927885e-01 9.901957e-01 9.877510e-01 9.854492e-01 9.832855e-01 9.812553e-01 9.793544e-01 9.775788e-01 9.759247e-01 9.743888e-01 9.729677e-01 9.716586e-01 9.704586e-01 9.693653e-01 9.683763e-01 9.674896e-01 9.667033e-01 9.660158e-01 9.654257e-01 9.649316e-01 9.645326e-01 9.642279e-01 9.640167e-01 9.638986e-01 9.638735e-01 9.639412e-01 9.641019e-01 9.643560e-01 9.647039e-01 9.651463e-01 9.656843e-01 9.663189e-01 9.670515e-01 9.678836e-01 9.688170e-01 9.698536e-01 9.708310e-01 9.713108e-01 9.714578e-01 9.712723e-01 9.707540e-01 9.699024e-01 9.687166e-01
1.902673e+00 1.916275e+00 1.929772e+00 1.943181e+00 1.956519e+00 1.969803e+00 1.983049e+00 1.995106e+00 2.005384e+00 2.015059e+00 2.024136e+00 2.032624e+00 2.040527e+00 2.047852e+00 2.054604e+00 2.060788e+00 2.066409e+00 2.071470e+00 2.075975e+00 2.079927e+00 2.083330e+00 2.086186e+00 2.088496e+00 2.090263e+00 2.091488e+00 2.092171e+00 2.092314e+00 2.091916e+00 2.090976e+00 2.089496e+00 2.087472e+00 2.084904e+00 2.081790e+00 2.078128e+00 2.073915e+00 2.069147e+00 2.063823e+00 2.057936e+00 2.051484e+00 2.044462e+00 2.036864e+00 2.028686e+00 2.019920e+00 2.010562e+00 2.000603e+00 1.990037e+00 1.978856e+00 1.967052e+00 1.954616e+00 1.941540e+00 1.927814e+00 1.913428e+00 1.898371e+00 1.882633e+00 1.866202e+00 1.849066e+00 1.831213e+00 1.812630e+00 1.793304e+00 1.773220e+00 1.752363e+00 1.730719e+00 1.708273e+00 1.685007e+00 1.660904e+00 1.635948e+00 1.610121e+00 1.583403e+00 1.555774e+00 1.527216e+00 1.497708e+00 1.467227e+00 1.435752e+00 1.401533e+00 1.367327e+00 1.334764e+00 1.303752e+00 1.274201e+00 1.246027e+00 1.219148e+00
1.506445e+00 1.505380e+00 1.503696e+00 1.501392e+00 1.498464e+00 1.494910e+00 1.490724e+00 1.486777e+00 1.483766e+00 1.480812e+00 1.477912e+00 1.475063e+00 1.472261e+00 1.469505e+00 1.466789e+00 1.464112e+00 1.461471e+00 1.458862e+00 1.456283e+00 1.453731e+00 1.451203e+00 1.448695e+00 1.446207e+00 1.443733e+00 1.441273e+00 1.438823e+00 1.436380e+00 1.433941e+00 1.431505e+00 1.429068e+00 1.426628e+00 1.424181e+00 1.421725e+00 1.419258e+00 1.416776e+00 1.414278e+00 1.411759e+00 1.409218e+00 1.406651e+00 1.404055e+00 1.401429e+00 1.398768e+00 1.396070e+00 1.393332e+00 1.390551e+00 1.387723e+00 1.384846e+00 1.381916e+00 1.378931e+00 1.375886e+00 1.372778e+00 1.369605e+00 1.366362e+00 1.363046e+00 1.359652e+00 1.356179e+00 1.352620e+00 1.348973e+00 1.345234e+00 1.341398e+00 1.337461e+00 1.333419e+00 1.329267e+00 1.325000e+00 1.320614e+00 1.316104e+00 1.311465e+00 1.306692e+00 1.301779e+00 1.296722e+00 1.291513e+00 1.286148e+00 1.280621e+00 1.274730e+00 1.268526e+00 1.262199e+00 1.255739e+00 1.249140e+00 1.242393e+00 1.235490e+00
2.396257e+00 2.428130e+00 2.460537e+00 2.493521e+00 2.527121e+00 2.561381e+00 2.596342e+00 2.627733e+00 2.653701e+00 2.678571e+00 2.702349e+00 2.725044e+00 2.746661e+00 2.767207e+00 2.786688e+00 2.805111e+00 2.822480e+00 2.838801e+00 2.854080e+00 2.868319e+00 2.881524e+00 2.893699e+00 2.904847e+00 2.914972e+00 2.924077e+00 2.932164e+00 2.939236e+00 2.945295e+00 2.950342e+00 2.954380e+00 2.957410e+00 2.959432e+00 2.960447e+00 2.960455e+00 2.959457e+00 2.957452e+00 2.954439e+00 2.950418e+00 2.945387e+00 2.939345e+00 2.932290e+00 2.924220e+00 2.915133e+00 2.905025e+00 2.893894e+00 2.881736e+00 2.868548e+00 2.854326e+00 2.839065e+00 2.822761e+00 2.805410e+00 2.787005e+00 2.767541e+00 2.747013e+00 2.725413e+00 2.702737e+00 2.678977e+00 2.654126e+00 2.628175e+00 2.601119e+00 2.572948e+00 2.543654e+00 2.513228e+00 2.481661e+00 2.448944e+00 2.415067e+00 2.380019e+00 2.343790e+00 2.306369e+00 2.267746e+00 2.227907e+00 2.186842e+00 2.144538e+00 2.070173e+00 1.972753e+00 1.882509e+00 1.798904e+00 1.721438e+00 1.649652e+00 1.583116e+00
1.564858e+00 1.565954e+00 1.566508e+00 1.566521e+00 1.565991e+00 1.564919e+00 1.563303e+00 1.560915e+00 1.558396e+00 1.555968e+00 1.553626e+00 1.551366e+00 1.549182e+00 1.547072e+00 1.545029e+00 1.543051e+00 1.541133e+00 1.539271e+00 1.537462e+00 1.535703e+00 1.533988e+00 1.532317e+00 1.530684e+00 1.529086e+00 1.527521e+00 1.525985e+00 1.524475e+00 1.522989e+00 1.521523e+00 1.520074e+00 1.518639e+00 1.517216e+00 1.515801e+00 1.514393e+00 1.512987e+00 1.511581e+00 1.510173e+00 1.508760e+00 1.507338e+00 1.505905e+00 1.504459e+00 1.502995e+00 1.501512e+00 1.500006e+00 1.498474e+00 1.496913e+00 1.495320e+00 1.493693e+00 1.492027e+00 1.490319e+00 1.488566e+00 1.486765e+00 1.484911e+00 1.483001e+00 1.481032e+00 1.478999e+00 1.476898e+00 1.474726e+00 1.472477e+00 1.470147e+00 1.467732e+00 1.465227e+00 1.462626e+00 1.459925e+00 1.457118e+00 1.454200e+00 1.451164e+00 1.448005e+00 1.444716e+00 1.441291e+00 1.437723e+00 1.434005e+00 1.430129e+00 1.426718e+00 1.423639e+00 1.420257e+00 1.416569e+00 1.412570e+00 1.408254e+00 1.403617e+00
1.312411e+00 1.304163e+00 1.295045e+00 1.285046e+00 1.274153e+00 1.262353e+00 1.249631e+00 1.237030e+00 1.225999e+00 1.215456e+00 1.205378e+00 1.195744e+00 1.186533e+00 1.177726e+00 1.169305e+00 1.161250e+00 1.153546e+00 1.146176e+00 1.139124e+00 1.132376e+00 1.125916e+00 1.119732e+00 1.113810e+00 1.108138e+00 1.102703e+00 1.097494e+00 1.092501e+00 1.087712e+00 1.083117e+00 1.078707e+00 1.074472e+00 1.070403e+00 1.066492e+00 1.062730e+00 1.059110e+00 1.055623e+00 1.052262e+00 1.049021e+00 1.045892e+00 1.042868e+00 1.039944e+00 1.037113e+00 1.034368e+00 1.031705e+00 1.029118e+00 1.026600e+00 1.024147e+00 1.021754e+00 1.019415e+00 1.017126e+00 1.014881e+00 1.012676e+00 1.010506e+00 1.008367e+00 1.006254e+00 1.004163e+00 1.002088e+00 1.000027e+00 9.979735e-01 9.959243e-01 9.938747e-01 9.918205e-01 9.897572e-01 9.876805e-01 9.855860e-01 9.834692e-01 9.813257e-01 9.791509e-01 9.769402e-01 9.746889e-01 9.723922e-01 9.700453e-01 9.676432e-01 9.654777e-01 9.634311e-01 9.612031e-01 9.587906e-01 9.561900e-01 9.533975e-01 9.504088e-01
2.480018e+00 2.514991e+00 2.550609e+00 2.586914e+00 2.623953e+00 2.661772e+00 2.700418e+00 2.735323e+00 2.764300e+00 2.791973e+00 2.818347e+00 2.843428e+00 2.867223e+00 2.889735e+00 2.910970e+00 2.930934e+00 2.949629e+00 2.967061e+00 2.983233e+00 2.998148e+00 3.011811e+00 3.024224e+00 3.035390e+00 3.045310e+00 3.053989e+00 3.061427e+00 3.067626e+00 3.072587e+00 3.076312e+00 3.078801e+00 3.080055e+00 3.080074e+00 3.078858e+00 3.076408e+00 3.072721e+00 3.067798e+00 3.061638e+00 3.054239e+00 3.045599e+00 3.035717e+00 3.024590e+00 3.012216e+00 2.998592e+00 2.983715e+00 2.967582e+00 2.950190e+00 2.931534e+00 2.911610e+00 2.890414e+00 2.867942e+00 2.844187e+00 2.819146e+00 2.792812e+00 2.765180e+00 2.736243e+00 2.705996e+00 2.674431e+00 2.641541e+00 2.607319e+00 2.571759e+00 2.534851e+00 2.496587e+00 2.456960e+00 2.415960e+00 2.373579e+00 2.329806e+00 2.284633e+00 2.238048e+00 2.190043e+00 2.140607e+00 2.089727e+00 2.037394e+00 1.983596e+00 1.935417e+00 1.895566e+00 1.856892e+00 1.819340e+00 1.782859e+00 1.747401e+00 1.712914e+00
1.617459e+00 1.620503e+00 1.623073e+00 1.625171e+00 1.626801e+00 1.627964e+00 1.628662e+00 1.628899e+00 1.629266e+00 1.629762e+00 1.630386e+00 1.631141e+00 1.632027e+00 1.633045e+00 1.634198e+00 1.635487e+00 1.636915e+00 1.638484e+00 1.640196e+00 1.642054e+00 1.644061e+00 1.646221e+00 1.648538e+00 1.651014e+00 1.653654e+00 1.656463e+00 1.659445e+00 1.662604e+00 1.665947e+00 1.669479e+00 1.673205e+00 1.677132e+00 1.681266e+00 1.685614e+00 1.690183e+00 1.694981e+00 1.700015e+00 1.705295e+00 1.710827e+00 1.716623e+00 1.722691e+00 1.729041e+00 1.735684e+00 1.742631e+00 1.749893e+00 1.757482e+00 1.765410e+00 1.773692e+00 1.782340e+00 1.791368e+00 1.800792e+00 1.810628e+00 1.820890e+00 1.831597e+00 1.842766e+00 1.854415e+00 1.866564e+00 1.879232e+00 1.892441e+00 1.906212e+00 1.920568e+00 1.935533e+00 1.951131e+00 1.967389e+00 1.984332e+00 2.001989e+00 2.020389e+00 2.039562e+00 2.059541e+00 2.080357e+00 2.102045e+00 2.124642e+00 2.148184e+00 2.175547e+00 2.203868e+00 2.230327e+00 2.254940e+00 2.277721e+00 2.298682e+00 2.317837e+00
1.147043e+00 1.132673e+00 1.117219e+00 1.100662e+00 1.082981e+00 1.064153e+00 1.044155e+00 1.024429e+00 1.007161e+00 9.908314e-01 9.753902e-01 9.607901e-01 9.469861e-01 9.339359e-01 9.215994e-01 9.099388e-01 8.989182e-01 8.885038e-01 8.786636e-01 8.693675e-01 8.605868e-01 8.522946e-01 8.444654e-01 8.370753e-01 8.301014e-01 8.235224e-01 8.173181e-01 8.114695e-01 8.059585e-01 8.007682e-01 7.958828e-01 7.912872e-01 7.869673e-01 7.829099e-01 7.791024e-01 7.755332e-01 7.721913e-01 7.690665e-01 7.661492e-01 7.634304e-01 7.609018e-01 7.585555e-01 7.563845e-01 7.543819e-01 7.525418e-01 7.508584e-01 7.493265e-01 7.479415e-01 7.466992e-01 7.455956e-01 7.446274e-01 7.437916e-01 7.430857e-01 7.425074e-01 7.420551e-01 7.417274e-01 7.415231e-01 7.414418e-01 7.414831e-01 7.416471e-01 7.419345e-01 7.423459e-01 7.428829e-01 7.435469e-01 7.443400e-01 7.452646e-01 7.463236e-01 7.475203e-01 7.488583e-01 7.503416e-01 7.519750e-01 7.537634e-01 7.557122e-01 7.576091e-01 7.590307e-01 7.601981e-01 7.611135e-01 7.617788e-01 7.621950e-01 7.623632e-01
1.174507e+00 1.161154e+00 1.146752e+00 1.131284e+00 1.114730e+00 1.097070e+00 1.078280e+00 1.059634e+00 1.043326e+00 1.028015e+00 1.013653e+00 1.000196e+00 9.876039e-01 9.758381e-01 9.648628e-01 9.546447e-01 9.451528e-01 9.363582e-01 9.282341e-01 9.207559e-01 9.139008e-01 9.076481e-01 9.019786e-01 8.968752e-01 8.923224e-01 8.883063e-01 8.848147e-01 8.818370e-01 8.793642e-01 8.773887e-01 8.759045e-01 8.749071e-01 8.743936e-01 8.743622e-01 8.748130e-01 8.757473e-01 8.771680e-01 8.790793e-01 8.814870e-01 8.843986e-01 8.878228e-01 8.917700e-01 8.962523e-01 9.012832e-01 9.068781e-01 9.130540e-01 9.198296e-01 9.272255e-01 9.352642e-01 9.439702e-01 9.533699e-01 9.634918e-01 9.743668e-01 9.860278e-01 9.985104e-01 1.011852e+00 1.026095e+00 1.041280e+00 1.057455e+00 1.074668e+00 1.092973e+00 1.112424e+00 1.133080e+00 1.155006e+00 1.178266e+00 1.202932e+00 1.229079e+00 1.256786e+00 1.286138e+00 1.317223e+00 1.350137e+00 1.384978e+00 1.421854e+00 1.462241e+00 1.502033e+00 1.539875e+00 1.575778e+00 1.609749e+00 1.641798e+00 1.671932e+00
2.341643e+00 2.371494e+00 2.401810e+00 2.432627e+00 2.463986e+00 2.495924e+00 2.528483e+00 2.554323e+00 2.571890e+00 2.588565e+00 2.604352e+00 2.619253e+00 2.633272e+00 2.646411e+00 2.658673e+00 2.670060e+00 2.680574e+00 2.690218e+00 2.698993e+00 2.706902e+00 2.713944e+00 2.720123e+00 2.725438e+00 2.729892e+00 2.733484e+00 2.736217e+00 2.738089e+00 2.739102e+00 2.739256e+00 2.738550e+00 2.736985e+00 2.734560e+00 2.731276e+00 2.727130e+00 2.722123e+00 2.716253e+00 2.709520e+00 2.701922e+00 2.693457e+00 2.684124e+00 2.673921e+00 2.662846e+00 2.650897e+00 2.638072e+00 2.624368e+00 2.609783e+00 2.594313e+00 2.577957e+00 2.560709e+00 2.542568e+00 2.523529e+00 2.503590e+00 2.482746e+00 2.460992e+00 2.438326e+00 2.414742e+00 2.390236e+00 2.364804e+00 2.338439e+00 2.311138e+00 2.282895e+00 2.253704e+00 2.223560e+00 2.192457e+00 2.160389e+00 2.127350e+00 2.093333e+00 2.058331e+00 2.022339e+00 1.985349e+00 1.947353e+00 1.908345e+00 1.868317e+00 1.825068e+00 1.781283e+00 1.739080e+00 1.698384e+00 1.659124e+00 1.621233e+00 1.584642e+00
1.326946e+00 1.319236e+00 1.310675e+00 1.301252e+00 1.290956e+00 1.279774e+00 1.267691e+00 1.254953e+00 1.243227e+00 1.232223e+00 1.221913e+00 1.212272e+00 1.203276e+00 1.194901e+00 1.187127e+00 1.179935e+00 1.173305e+00 1.167222e+00 1.161671e+00 1.156637e+00 1.152107e+00 1.148071e+00 1.144518e+00 1.141440e+00 1.138827e+00 1.136675e+00 1.134978e+00 1.133731e+00 1.132931e+00 1.132576e+00 1.132665e+00 1.133199e+00 1.134179e+00 1.135607e+00 1.137487e+00 1.139824e+00 1.142623e+00 1.145891e+00 1.149638e+00 1.153871e+00 1.158602e+00 1.163843e+00 1.169607e+00 1.175908e+00 1.182762e+00 1.190186e+00 1.198200e+00 1.206822e+00 1.216075e+00 1.225982e+00 1.236568e+00 1.247860e+00 1.259885e+00 1.272674e+00 1.286260e+00 1.300675e+00 1.315957e+00 1.332144e+00 1.349276e+00 1.367397e+00 1.386552e+00 1.406788e+00 1.428158e+00 1.450714e+00 1.474514e+00 1.499616e+00 1.526085e+00 1.553986e+00 1.583389e+00 1.614369e+00 1.647004e+00 1.681374e+00 1.717567e+00 1.757209e+00 1.796318e+00 1.833368e+00 1.868371e+00 1.901337e+00 1.932276e+00 1.961196e+00
1.630466e+00 1.633992e+00 1.637059e+00 1.639674e+00 1.641837e+00 1.643553e+00 1.644824e+00 1.645610e+00 1.646172e+00 1.646550e+00 1.646746e+00 1.646758e+00 1.646588e+00 1.646235e+00 1.645699e+00 1.644979e+00 1.644074e+00 1.642982e+00 1.641704e+00 1.640236e+00 1.638578e+00 1.636726e+00 1.634679e+00 1.632434e+00 1.629989e+00 1.627340e+00 1.624483e+00 1.621416e+00 1.618135e+00 1.614634e+00 1.610911e+00 1.606959e+00 1.602775e+00 1.598353e+00 1.593687e+00 1.588772e+00 1.583601e+00 1.578168e+00 1.572466e+00 1.566487e+00 1.560225e+00 1.553672e+00 1.546818e+00 1.539656e+00 1.532176e+00 1.524370e+00 1.516226e+00 1.507736e+00 1.498888e+00 1.489671e+00 1.480073e+00 1.470083e+00 1.459688e+00 1.448875e+00 1.437630e+00 1.425939e+00 1.413787e+00 1.401160e+00 1.388040e+00 1.374412e+00 1.360258e+00 1.345561e+00 1.330303e+00 1.314463e+00 1.298022e+00 1.280959e+00 1.263253e+00 1.244881e+00 1.225821e+00 1.206049e+00 1.185538e+00 1.164265e+00 1.142201e+00 1.124044e+00 1.110890e+00 1.097994e+00 1.085337e+00 1.072903e+00 1.060672e+00 1.048628e+00
1.893789e+00 1.907062e+00 1.920219e+00 1.933276e+00 1.946249e+00 1.959155e+00 1.972011e+00 1.981657e+00 1.987808e+00 1.993642e+00 1.999161e+00 2.004368e+00 2.009266e+00 2.013857e+00 2.018143e+00 2.022125e+00 2.025807e+00 2.029190e+00 2.032275e+00 2.035063e+00 2.037557e+00 2.039757e+00 2.041665e+00 2.043281e+00 2.044606e+00 2.045640e+00 2.046385e+00 2.046840e+00 2.047006e+00 2.046882e+00 2.046470e+00 2.045767e+00 2.044776e+00 2.043493e+00 2.041920e+00 2.040056e+00 2.037899e+00 2.035448e+00 2.032703e+00 2.029661e+00 2.026323e+00 2.022685e+00 2.018746e+00 2.014505e+00 2.009959e+00 2.005107e+00 1.999945e+00 1.994472e+00 1.988684e+00 1.982580e+00 1.976156e+00 1.969409e+00 1.962335e+00 1.954933e+00 1.947197e+00 1.939125e+00 1.930713e+00 1.921955e+00 1.912850e+00 1.903391e+00 1.893575e+00 1.883397e+00 1.872852e+00 1.861934e+00 1.850640e+00 1.838963e+00 1.826899e+00 1.814440e+00 1.801582e+00 1.788317e+00 1.774641e+00 1.760546e+00 1.746026e+00 1.727644e+00 1.706273e+00 1.685313e+00 1.664736e+00 1.644516e+00 1.624625e+00 1.605038e+00
2.493671e+00 2.529149e+00 2.565289e+00 2.602136e+00 2.639736e+00 2.678135e+00 2.717381e+00 2.749990e+00 2.774251e+00 2.797705e+00 2.820360e+00 2.842221e+00 2.863295e+00 2.883586e+00 2.903101e+00 2.921845e+00 2.939823e+00 2.957039e+00 2.973499e+00 2.989207e+00 3.004168e+00 3.018385e+00 3.031862e+00 3.044602e+00 3.056611e+00 3.067890e+00 3.078442e+00 3.088272e+00 3.097380e+00 3.105770e+00 3.113445e+00 3.120405e+00 3.126653e+00 3.132191e+00 3.137021e+00 3.141143e+00 3.144558e+00 3.147268e+00 3.149274e+00 3.150575e+00 3.151172e+00 3.151066e+00 3.150257e+00 3.148743e+00 3.146525e+00 3.143602e+00 3.139974e+00 3.135639e+00 3.130596e+00 3.124844e+00 3.118381e+00 3.111205e+00 3.103315e+00 3.094709e+00 3.085383e+00 3.075336e+00 3.064565e+00 3.053066e+00 3.040837e+00 3.027875e+00 3.014175e+00 2.999734e+00 2.984549e+00 2.968614e+00 2.951927e+00 2.934481e+00 2.916273e+00 2.897297e+00 2.877548e+00 2.857022e+00 2.835711e+00 2.813612e+00 2.790716e+00 2.764374e+00 2.735506e+00 2.706736e+00 2.678043e+00 2.649407e+00 2.620806e+00 2.592220e+00
1.683119e+00 1.688593e+00 1.693678e+00 1.698381e+00 1.702706e+00 1.706659e+00 1.710246e+00 1.712899e+00 1.714855e+00 1.716688e+00 1.718400e+00 1.719992e+00 1.721465e+00 1.722821e+00 1.724062e+00 1.725187e+00 1.726199e+00 1.727097e+00 1.727883e+00 1.728558e+00 1.729122e+00 1.729575e+00 1.729918e+00 1.730151e+00 1.730274e+00 1.730289e+00 1.730193e+00 1.729988e+00 1.729673e+00 1.729249e+00 1.728714e+00 1.728068e+00 1.727310e+00 1.726441e+00 1.725458e+00 1.724362e+00 1.723152e+00 1.721825e+00 1.720382e+00 1.718821e+00 1.717140e+00 1.715339e+00 1.713414e+00 1.711366e+00 1.709192e+00 1.706890e+00 1.704458e+00 1.701894e+00 1.699196e+00 1.696362e+00 1.693388e+00 1.690273e+00 1.687014e+00 1.683608e+00 1.680051e+00 1.676342e+00 1.672476e+00 1.668450e+00 1.664262e+00 1.659906e+00 1.655379e+00 1.650679e+00 1.645799e+00 1.640736e+00 1.635487e+00 1.630045e+00 1.624407e+00 1.618567e+00 1.612521e+00 1.606263e+00 1.599787e+00 1.593089e+00 1.586162e+00 1.575844e+00 1.562694e+00 1.549840e+00 1.537254e+00 1.524910e+00 1.512781e+00 1.500841e+00
1.510403e+00 1.509484e+00 1.507952e+00 1.505805e+00 1.503040e+00 1.499654e+00 1.495642e+00 1.492138e+00 1.489783e+00 1.487437e+00 1.485098e+00 1.482763e+00 1.480432e+00 1.478101e+00 1.475770e+00 1.473435e+00 1.471095e+00 1.468748e+00 1.466392e+00 1.464024e+00 1.461644e+00 1.459248e+00 1.456834e+00 1.454401e+00 1.451947e+00 1.449469e+00 1.446965e+00 1.444434e+00 1.441872e+00 1.439278e+00 1.436649e+00 1.433984e+00 1.431279e+00 1.428533e+00 1.425743e+00 1.422907e+00 1.420022e+00 1.417086e+00 1.414097e+00 1.411051e+00 1.407946e+00 1.404780e+00 1.401549e+00 1.398252e+00 1.394884e+00 1.391444e+00 1.387928e+00 1.384333e+00 1.380656e+00 1.376895e+00 1.373045e+00 1.369103e+00 1.365066e+00 1.360931e+00 1.356694e+00 1.352351e+00 1.347899e+00 1.343333e+00 1.338650e+00 1.333846e+00 1.328917e+00 1.323858e+00 1.318665e+00 1.313334e+00 1.307859e+00 1.302237e+00 1.296462e+00 1.290530e+00 1.284435e+00 1.278172e+00 1.271736e+00 1.265120e+00 1.258321e+00 1.250904e+00 1.242996e+00 1.235013e+00 1.226946e+00 1.218788e+00 1.210528e+00 1.202158e+00
1.533490e+00 1.533426e+00 1.532778e+00 1.531547e+00 1.529729e+00 1.527324e+00 1.524328e+00 1.521461e+00 1.519332e+00 1.517215e+00 1.515107e+00 1.513008e+00 1.510914e+00 1.508824e+00 1.506735e+00 1.504645e+00 1.502554e+00 1.500457e+00 1.498354e+00 1.496242e+00 1.494119e+00 1.491983e+00 1.489831e+00 1.487663e+00 1.485475e+00 1.483266e+00 1.481033e+00 1.478774e+00 1.476486e+00 1.474169e+00 1.471818e+00 1.469433e+00 1.467010e+00 1.464547e+00 1.462041e+00 1.459492e+00 1.456894e+00 1.454247e+00 1.451548e+00 1.448793e+00 1.445980e+00 1.443107e+00 1.440170e+00 1.437167e+00 1.434094e+00 1.430949e+00 1.427728e+00 1.424429e+00 1.421048e+00 1.417581e+00 1.414025e+00 1.410378e+00 1.406634e+00 1.402790e+00 1.398844e+00 1.394789e+00 1.390624e+00 1.386343e+00 1.381942e+00 1.377417e+00 1.372764e+00 1.367977e+00 1.363053e+00 1.357986e+00 1.352771e+00 1.347403e+00 1.341877e+00 1.336187e+00 1.330327e+00 1.324293e+00 1.318077e+00 1.311674e+00 1.305078e+00 1.294417e+00 1.280478e+00 1.267085e+00 1.254200e+00 1.241783e+00 1.229800e+00 1.218215e+00
1.542796e+00 1.543076e+00 1.542785e+00 1.541922e+00 1.540487e+00 1.538477e+00 1.535891e+00 1.532949e+00 1.530198e+00 1.527409e+00 1.524577e+00 1.521699e+00 1.518771e+00 1.515788e+00 1.512747e+00 1.509644e+00 1.506474e+00 1.503233e+00 1.499916e+00 1.496519e+00 1.493037e+00 1.489465e+00 1.485799e+00 1.482034e+00 1.478163e+00 1.474183e+00 1.470087e+00 1.465869e+00 1.461525e+00 1.457048e+00 1.452431e+00 1.447669e+00 1.442755e+00 1.437682e+00 1.432443e+00 1.427031e+00 1.421439e+00 1.415659e+00 1.409682e+00 1.403501e+00 1.397107e+00 1.390492e+00 1.383646e+00 1.376559e+00 1.369223e+00 1.361627e+00 1.353760e+00 1.345612e+00 1.337171e+00 1.328426e+00 1.319365e+00 1.309975e+00 1.300244e+00 1.290158e+00 1.279703e+00 1.268864e+00 1.257628e+00 1.245977e+00 1.233898e+00 1.221372e+00 1.208382e+00 1.194911e+00 1.180940e+00 1.166450e+00 1.151421e+00 1.135831e+00 1.119661e+00 1.102887e+00 1.085487e+00 1.067436e+00 1.048710e+00 1.029282e+00 1.009127e+00 9.922485e-01 9.797380e-01 9.675418e-01 9.556395e-01 9.440114e-01 9.326380e-01 9.215004e-01
1.663198e+00 1.667935e+00 1.672257e+00 1.676169e+00 1.679677e+00 1.682784e+00 1.685494e+00 1.687453e+00 1.689028e+00 1.690578e+00 1.692104e+00 1.693609e+00 1.695093e+00 1.696559e+00 1.698007e+00 1.699439e+00 1.700858e+00 1.702263e+00 1.703656e+00 1.705040e+00 1.706414e+00 1.707781e+00 1.709143e+00 1.710499e+00 1.711853e+00 1.713204e+00 1.714555e+00 1.715907e+00 1.717261e+00 1.718619e+00 1.719981e+00 1.721350e+00 1.722727e+00 1.724112e+00 1.725508e+00 1.726916e+00 1.728338e+00 1.729774e+00 1.731226e+00 1.732695e+00 1.734184e+00 1.735694e+00 1.737226e+00 1.738781e+00 1.740362e+00 1.741969e+00 1.743605e+00 1.745271e+00 1.746969e+00 1.748700e+00 1.750467e+00 1.752271e+00 1.754113e+00 1.755996e+00 1.757922e+00 1.759893e+00 1.761910e+00 1.763975e+00 1.766091e+00 1.768260e+00 1.770484e+00 1.772765e+00 1.775106e+00 1.777508e+00 1.779975e+00 1.782509e+00 1.785112e+00 1.787786e+00 1.790536e+00 1.793363e+00 1.796270e+00 1.799260e+00 1.802337e+00 1.805868e+00 1.808994e+00 1.811353e+00 1.812945e+00 1.813774e+00 1.813839e+00 1.813139e+00
1.968714e+00 1.984760e+00 2.000787e+00 2.016816e+00 2.032865e+00 2.048955e+00 2.065107e+00 2.077297e+00 2.085355e+00 2.093329e+00 2.101224e+00 2.109043e+00 2.116792e+00 2.124475e+00 2.132095e+00 2.139658e+00 2.147167e+00 2.154627e+00 2.162042e+00 2.169416e+00 2.176753e+00 2.184057e+00 2.191333e+00 2.198584e+00 2.205815e+00 2.213029e+00 2.220231e+00 2.227425e+00 2.234614e+00 2.241804e+00 2.248997e+00 2.256198e+00 2.263411e+00 2.270640e+00 2.277888e+00 2.285161e+00 2.292463e+00 2.299796e+00 2.307166e+00 2.314576e+00 2.322031e+00 2.329535e+00 2.337091e+00 2.344706e+00 2.352381e+00 2.360123e+00 2.367935e+00 2.375822e+00 2.383787e+00 2.391836e+00 2.399973e+00 2.408203e+00 2.416530e+00 2.424959e+00 2.433495e+00 2.442142e+00 2.450905e+00 2.459790e+00 2.468800e+00 2.477942e+00 2.487221e+00 2.496640e+00 2.506207e+00 2.515926e+00 2.525803e+00 2.535843e+00 2.546052e+00 2.556436e+00 2.567000e+00 2.577750e+00 2.588693e+00 2.599834e+00 2.611180e+00 2.628198e+00 2.648860e+00 2.667710e+00 2.684753e+00 2.699992e+00 2.713430e+00 2.725073e+00
1.656469e+00 1.660957e+00 1.665021e+00 1.668666e+00 1.671898e+00 1.674719e+00 1.677133e+00 1.678728e+00 1.679673e+00 1.680384e+00 1.680861e+00 1.681105e+00 1.681116e+00 1.680893e+00 1.680438e+00 1.679749e+00 1.678825e+00 1.677667e+00 1.676274e+00 1.674644e+00 1.672776e+00 1.670668e+00 1.668320e+00 1.665730e+00 1.662895e+00 1.659814e+00 1.656484e+00 1.652903e+00 1.649068e+00 1.644976e+00 1.640625e+00 1.636011e+00 1.631131e+00 1.625981e+00 1.620558e+00 1.614857e+00 1.608875e+00 1.602606e+00 1.596047e+00 1.589192e+00 1.582036e+00 1.574575e+00 1.566803e+00 1.558714e+00 1.550301e+00 1.541560e+00 1.532483e+00 1.523064e+00 1.513296e+00 1.503172e+00 1.492684e+00 1.481825e+00 1.470587e+00 1.458961e+00 1.446939e+00 1.434512e+00 1.421671e+00 1.408406e+00 1.394708e+00 1.380568e+00 1.365973e+00 1.350914e+00 1.335380e+00 1.319359e+00 1.302840e+00 1.285810e+00 1.268256e+00 1.250167e+00 1.231528e+00 1.212327e+00 1.192548e+00 1.172178e+00 1.151202e+00 1.128095e+00 1.104527e+00 1.081951e+00 1.060313e+00 1.039559e+00 1.019639e+00 1.000507e+00
1.231588e+00 1.220348e+00 1.208133e+00 1.194929e+00 1.180718e+00 1.165483e+00 1.149205e+00 1.133342e+00 1.119621e+00 1.106533e+00 1.094045e+00 1.082128e+00 1.070753e+00 1.059892e+00 1.049519e+00 1.039608e+00 1.030137e+00 1.021082e+00 1.012421e+00 1.004133e+00 9.961986e-01 9.885980e-01 9.813130e-01 9.743261e-01 9.676203e-01 9.611795e-01 9.549881e-01 9.490310e-01 9.432939e-01 9.377630e-01 9.324249e-01 9.272666e-01 9.222757e-01 9.174402e-01 9.127483e-01 9.081887e-01 9.037504e-01 8.994226e-01 8.951950e-01 8.910572e-01 8.869993e-01 8.830114e-01 8.790840e-01 8.752075e-01 8.713726e-01 8.675699e-01 8.637904e-01 8.600248e-01 8.562641e-01 8.524992e-01 8.487210e-01 8.449203e-01 8.410879e-01 8.372146e-01 8.332911e-01 8.293078e-01 8.252551e-01 8.211233e-01 8.169022e-01 8.125818e-01 8.081516e-01 8.036009e-01 7.989186e-01 7.940935e-01 7.891140e-01 7.839678e-01 7.786427e-01 7.731258e-01 7.674036e-01 7.614625e-01 7.552879e-01 7.488651e-01 7.421784e-01 7.357405e-01 7.300105e-01 7.244444e-01 7.190278e-01 7.137462e-01 7.085859e-01 7.035331e-01
1.265560e+00 1.255577e+00 1.244664e+00 1.232807e+00 1.219991e+00 1.206200e+00 1.191417e+00 1.176105e+00 1.162157e+00 1.149049e+00 1.136747e+00 1.125216e+00 1.114425e+00 1.104345e+00 1.094947e+00 1.086206e+00 1.078097e+00 1.070599e+00 1.063692e+00 1.057355e+00 1.051572e+00 1.046327e+00 1.041605e+00 1.037394e+00 1.033681e+00 1.030457e+00 1.027714e+00 1.025442e+00 1.023637e+00 1.022293e+00 1.021406e+00 1.020975e+00 1.020997e+00 1.021474e+00 1.022405e+00 1.023794e+00 1.025645e+00 1.027963e+00 1.030754e+00 1.034025e+00 1.037786e+00 1.042047e+00 1.046820e+00 1.052117e+00 1.057954e+00 1.064347e+00 1.071312e+00 1.078869e+00 1.087038e+00 1.095843e+00 1.105307e+00 1.115457e+00 1.126319e+00 1.137924e+00 1.150304e+00 1.163493e+00 1.177527e+00 1.192444e+00 1.208285e+00 1.225094e+00 1.242917e+00 1.261802e+00 1.281802e+00 1.302972e+00 1.325369e+00 1.349055e+00 1.374095e+00 1.400558e+00 1.428516e+00 1.458046e+00 1.489228e+00 1.522150e+00 1.556900e+00 1.609153e+00 1.673883e+00 1.735559e+00 1.794229e+00 1.849938e+00 1.902730e+00 1.952643e+00
1.181255e+00 1.168152e+00 1.154009e+00 1.138808e+00 1.122531e+00 1.105158e+00 1.086665e+00 1.067181e+00 1.048968e+00 1.031818e+00 1.015670e+00 1.000473e+00 9.861737e-01 9.727251e-01 9.600818e-01 9.482014e-01 9.370439e-01 9.265719e-01 9.167502e-01 9.075459e-01 8.989278e-01 8.908673e-01 8.833371e-01 8.763120e-01 8.697684e-01 8.636842e-01 8.580392e-01 8.528142e-01 8.479918e-01 8.435558e-01 8.394912e-01 8.357845e-01 8.324230e-01 8.293957e-01 8.266922e-01 8.243036e-01 8.222217e-01 8.204397e-01 8.189515e-01 8.177521e-01 8.168374e-01 8.162045e-01 8.158512e-01 8.157763e-01 8.159795e-01 8.164616e-01 8.172241e-01 8.182696e-01 8.196017e-01 8.212247e-01 8.231442e-01 8.253666e-01 8.278994e-01 8.307510e-01 8.339311e-01 8.374504e-01 8.413205e-01 8.455546e-01 8.501669e-01 8.551729e-01 8.605893e-01 8.664344e-01 8.727279e-01 8.794907e-01 8.867457e-01 8.945173e-01 9.028314e-01 9.117162e-01 9.212013e-01 9.313187e-01 9.421023e-01 9.535884e-01 9.658155e-01 9.760087e-01 9.827750e-01 9.889358e-01 9.944962e-01 9.994607e-01 1.003833e+00 1.007617e+00
1.268664e+00 1.258796e+00 1.248002e+00 1.236268e+00 1.223579e+00 1.209920e+00 1.195273e+00 1.175661e+00 1.153614e+00 1.132993e+00 1.113705e+00 1.095663e+00 1.078786e+00 1.062999e+00 1.048229e+00 1.034411e+00 1.021482e+00 1.009385e+00 9.980644e-01 9.874698e-01 9.775535e-01 9.682707e-01 9.595798e-01 9.514417e-01 9.438197e-01 9.366795e-01 9.299890e-01 9.237181e-01 9.178386e-01 9.123241e-01 9.071496e-01 9.022920e-01 8.977294e-01 8.934413e-01 8.894083e-01 8.856123e-01 8.820362e-01 8.786640e-01 8.754805e-01 8.724713e-01 8.696229e-01 8.669225e-01 8.643579e-01 8.619177e-01 8.595907e-01 8.573666e-01 8.552354e-01 8.531874e-01 8.512135e-01 8.493047e-01 8.474525e-01 8.456485e-01 8.438846e-01 8.421529e-01 8.404456e-01 8.387551e-01 8.370736e-01 8.353936e-01 8.337077e-01 8.320081e-01 8.302873e-01 8.285374e-01 8.267507e-01 8.249191e-01 8.230344e-01 8.210880e-01 8.190712e-01 8.169750e-01 8.147898e-01 8.125060e-01 8.101131e-01 8.076005e-01 8.049568e-01 8.025339e-01 8.004823e-01 7.984308e-01 7.963725e-01 7.943000e-01 7.922063e-01 7.900840e-01
2.444193e+00 2.477840e+00 2.512085e+00 2.546969e+00 2.582537e+00 2.618834e+00 2.655904e+00 2.685844e+00 2.706937e+00 2.727137e+00 2.746447e+00 2.764872e+00 2.782415e+00 2.799081e+00 2.814872e+00 2.829791e+00 2.843843e+00 2.857029e+00 2.869353e+00 2.880817e+00 2.891423e+00 2.901173e+00 2.910070e+00 2.918116e+00 2.925311e+00 2.931658e+00 2.937158e+00 2.941812e+00 2.945621e+00 2.948585e+00 2.950706e+00 2.951983e+00 2.952418e+00 2.952010e+00 2.950758e+00 2.948663e+00 2.945725e+00 2.941942e+00 2.937315e+00 2.931841e+00 2.925520e+00 2.918351e+00 2.910332e+00 2.901461e+00 2.891737e+00 2.881157e+00 2.869720e+00 2.857423e+00 2.844263e+00 2.830239e+00 2.815346e+00 2.799582e+00 2.782943e+00 2.765427e+00 2.747030e+00 2.727747e+00 2.707575e+00 2.686510e+00 2.664547e+00 2.641681e+00 2.617909e+00 2.593226e+00 2.567625e+00 2.541102e+00 2.513651e+00 2.485268e+00 2.455945e+00 2.425677e+00 2.394457e+00 2.362280e+00 2.329138e+00 2.295025e+00 2.259934e+00 2.191425e+00 2.097259e+00 2.009403e+00 1.927423e+00 1.850914e+00 1.779497e+00 1.712818e+00
2.673312e+00 2.715440e+00 2.758463e+00 2.802434e+00 2.847408e+00 2.893441e+00 2.940591e+00 2.984673e+00 3.023688e+00 3.061894e+00 3.099308e+00 3.135945e+00 3.171821e+00 3.206950e+00 3.241348e+00 3.275027e+00 3.308002e+00 3.340288e+00 3.371896e+00 3.402841e+00 3.433135e+00 3.462790e+00 3.491820e+00 3.520235e+00 3.548048e+00 3.575270e+00 3.601913e+00 3.627988e+00 3.653505e+00 3.678475e+00 3.702908e+00 3.726815e+00 3.750205e+00 3.773088e+00 3.795473e+00 3.817370e+00 3.838789e+00 3.859737e+00 3.880223e+00 3.900256e+00 3.919845e+00 3.938996e+00 3.957719e+00 3.976022e+00 3.993910e+00 4.011393e+00 4.028477e+00 4.045169e+00 4.061477e+00 4.077406e+00 4.092965e+00 4.108158e+00 4.122992e+00 4.137475e+00 4.151610e+00 4.165405e+00 4.178865e+00 4.191996e+00 4.204803e+00 4.217291e+00 4.229466e+00 4.241332e+00 4.252895e+00 4.264160e+00 4.275130e+00 4.285811e+00 4.296207e+00 4.306322e+00 4.316160e+00 4.325727e+00 4.335024e+00 4.344057e+00 4.352829e+00 4.365412e+00 4.379789e+00 4.391900e+00 4.401749e+00 4.409340e+00 4.414677e+00 4.417761e+00
1.616299e+00 1.619299e+00 1.621825e+00 1.623877e+00 1.625459e+00 1.626573e+00 1.627220e+00 1.627430e+00 1.627666e+00 1.627899e+00 1.628130e+00 1.628359e+00 1.628587e+00 1.628814e+00 1.629041e+00 1.629268e+00 1.629495e+00 1.629724e+00 1.629954e+00 1.630186e+00 1.630421e+00 1.630659e+00 1.630900e+00 1.631144e+00 1.631394e+00 1.631648e+00 1.631908e+00 1.632173e+00 1.632445e+00 1.632724e+00 1.633011e+00 1.633306e+00 1.633610e+00 1.633923e+00 1.634246e+00 1.634579e+00 1.634925e+00 1.635282e+00 1.635652e+00 1.636035e+00 1.636433e+00 1.636845e+00 1.637274e+00 1.637720e+00 1.638183e+00 1.638665e+00 1.639166e+00 1.639688e+00 1.640232e+00 1.640799e+00 1.641389e+00 1.642005e+00 1.642646e+00 1.643316e+00 1.644015e+00 1.644744e+00 1.645505e+00 1.646299e+00 1.647128e+00 1.647994e+00 1.648899e+00 1.649844e+00 1.650831e+00 1.651862e+00 1.652940e+00 1.654066e+00 1.655243e+00 1.656473e+00 1.657758e+00 1.659102e+00 1.660507e+00 1.661975e+00 1.663510e+00 1.664683e+00 1.664773e+00 1.664213e+00 1.663004e+00 1.661144e+00 1.658633e+00 1.655469e+00
2.324532e+00 2.353750e+00 2.383409e+00 2.413548e+00 2.444205e+00 2.475416e+00 2.507221e+00 2.534008e+00 2.554281e+00 2.573699e+00 2.592268e+00 2.609993e+00 2.626880e+00 2.642935e+00 2.658160e+00 2.672563e+00 2.686146e+00 2.698914e+00 2.710871e+00 2.722020e+00 2.732365e+00 2.741909e+00 2.750655e+00 2.758606e+00 2.765763e+00 2.772129e+00 2.777706e+00 2.782496e+00 2.786500e+00 2.789719e+00 2.792155e+00 2.793807e+00 2.794677e+00 2.794765e+00 2.794071e+00 2.792594e+00 2.790335e+00 2.787292e+00 2.783464e+00 2.778851e+00 2.773451e+00 2.767262e+00 2.760283e+00 2.752511e+00 2.743944e+00 2.734580e+00 2.724415e+00 2.713447e+00 2.701672e+00 2.689086e+00 2.675687e+00 2.661469e+00 2.646428e+00 2.630561e+00 2.613861e+00 2.596325e+00 2.577946e+00 2.558720e+00 2.538639e+00 2.517699e+00 2.495893e+00 2.473214e+00 2.449656e+00 2.425211e+00 2.399872e+00 2.373631e+00 2.346480e+00 2.318411e+00 2.289416e+00 2.259485e+00 2.228611e+00 2.196782e+00 2.163990e+00 2.115108e+00 2.054347e+00 1.996642e+00 1.941821e+00 1.889719e+00 1.840181e+00 1.793059e+00
1.229952e+00 1.218651e+00 1.206374e+00 1.193105e+00 1.178827e+00 1.163523e+00 1.147173e+00 1.132893e+00 1.122352e+00 1.112390e+00 1.102989e+00 1.094131e+00 1.085798e+00 1.077975e+00 1.070645e+00 1.063795e+00 1.057412e+00 1.051483e+00 1.045997e+00 1.040942e+00 1.036310e+00 1.032090e+00 1.028276e+00 1.024859e+00 1.021833e+00 1.019192e+00 1.016931e+00 1.015045e+00 1.013531e+00 1.012387e+00 1.011608e+00 1.011195e+00 1.011146e+00 1.011462e+00 1.012142e+00 1.013189e+00 1.014604e+00 1.016389e+00 1.018550e+00 1.021088e+00 1.024011e+00 1.027322e+00 1.031030e+00 1.035140e+00 1.039661e+00 1.044601e+00 1.049971e+00 1.055781e+00 1.062041e+00 1.068765e+00 1.075964e+00 1.083654e+00 1.091849e+00 1.100565e+00 1.109819e+00 1.119628e+00 1.130013e+00 1.140993e+00 1.152589e+00 1.164824e+00 1.177722e+00 1.191307e+00 1.205607e+00 1.220648e+00 1.236461e+00 1.253076e+00 1.270524e+00 1.288841e+00 1.308061e+00 1.328222e+00 1.349363e+00 1.371525e+00 1.394752e+00 1.433935e+00 1.485456e+00 1.534506e+00 1.581119e+00 1.625329e+00 1.667170e+00 1.706670e+00
1.302593e+00 1.293982e+00 1.284487e+00 1.274099e+00 1.262803e+00 1.250586e+00 1.237432e+00 1.219780e+00 1.200024e+00 1.181625e+00 1.164503e+00 1.148587e+00 1.133807e+00 1.120102e+00 1.107412e+00 1.095685e+00 1.084869e+00 1.074918e+00 1.065791e+00 1.057449e+00 1.049855e+00 1.042978e+00 1.036787e+00 1.031258e+00 1.026366e+00 1.022091e+00 1.018414e+00 1.015319e+00 1.012793e+00 1.010827e+00 1.009410e+00 1.008538e+00 1.008206e+00 1.008413e+00 1.009161e+00 1.010451e+00 1.012290e+00 1.014685e+00 1.017648e+00 1.021189e+00 1.025325e+00 1.030073e+00 1.035453e+00 1.041488e+00 1.048204e+00 1.055629e+00 1.063796e+00 1.072739e+00 1.082495e+00 1.093107e+00 1.104620e+00 1.117083e+00 1.130549e+00 1.145074e+00 1.160723e+00 1.177560e+00 1.195657e+00 1.215092e+00 1.235948e+00 1.258313e+00 1.282283e+00 1.307959e+00 1.335451e+00 1.364877e+00 1.396361e+00 1.430039e+00 1.466052e+00 1.504555e+00 1.545711e+00 1.589697e+00 1.636699e+00 1.686918e+00 1.740567e+00 1.782906e+00 1.808651e+00 1.832776e+00 1.855282e+00 1.876172e+00 1.895448e+00 1.913111e+00
2.411882e+00 2.444333e+00 2.477340e+00 2.510943e+00 2.545185e+00 2.580108e+00 2.615757e+00 2.646073e+00 2.669281e+00 2.691489e+00 2.712702e+00 2.732926e+00 2.752165e+00 2.770425e+00 2.787709e+00 2.804023e+00 2.819370e+00 2.833754e+00 2.847178e+00 2.859647e+00 2.871162e+00 2.881727e+00 2.891345e+00 2.900018e+00 2.907747e+00 2.914536e+00 2.920385e+00 2.925296e+00 2.929270e+00 2.932309e+00 2.934413e+00 2.935582e+00 2.935817e+00 2.935118e+00 2.933484e+00 2.930916e+00 2.927413e+00 2.922973e+00 2.917596e+00 2.911281e+00 2.904025e+00 2.895827e+00 2.886686e+00 2.876598e+00 2.865561e+00 2.853572e+00 2.840629e+00 2.826729e+00 2.811867e+00 2.796040e+00 2.779245e+00 2.761476e+00 2.742731e+00 2.723003e+00 2.702288e+00 2.680582e+00 2.657878e+00 2.634170e+00 2.609454e+00 2.583723e+00 2.556971e+00 2.529190e+00 2.500374e+00 2.470517e+00 2.439609e+00 2.407645e+00 2.374615e+00 2.340513e+00 2.305328e+00 2.269053e+00 2.231678e+00 2.193195e+00 2.153593e+00 2.113424e+00 2.074874e+00 2.037334e+00 2.000756e+00 1.965095e+00 1.930306e+00 1.896343e+00
1.356613e+00 1.350001e+00 1.342577e+00 1.334331e+00 1.325252e+00 1.315331e+00 1.304553e+00 1.290018e+00 1.273671e+00 1.258337e+00 1.243959e+00 1.230484e+00 1.217862e+00 1.206045e+00 1.194989e+00 1.184653e+00 1.174998e+00 1.165989e+00 1.157591e+00 1.149774e+00 1.142508e+00 1.135766e+00 1.129523e+00 1.123756e+00 1.118442e+00 1.113563e+00 1.109100e+00 1.105037e+00 1.101358e+00 1.098049e+00 1.095099e+00 1.092495e+00 1.090230e+00 1.088293e+00 1.086678e+00 1.085378e+00 1.084390e+00 1.083709e+00 1.083332e+00 1.083259e+00 1.083488e+00 1.084022e+00 1.084861e+00 1.086009e+00 1.087471e+00 1.089251e+00 1.091357e+00 1.093795e+00 1.096576e+00 1.099710e+00 1.103208e+00 1.107084e+00 1.111351e+00 1.116026e+00 1.121127e+00 1.126672e+00 1.132682e+00 1.139179e+00 1.146188e+00 1.153735e+00 1.161847e+00 1.170556e+00 1.179894e+00 1.189896e+00 1.200598e+00 1.212041e+00 1.224268e+00 1.237324e+00 1.251258e+00 1.266122e+00 1.281971e+00 1.298865e+00 1.316867e+00 1.330817e+00 1.338750e+00 1.345897e+00 1.352262e+00 1.357851e+00 1.362666e+00 1.366711e+00
1.208610e+00 1.196519e+00 1.183424e+00 1.169309e+00 1.154155e+00 1.137943e+00 1.120654e+00 1.105925e+00 1.095381e+00 1.085344e+00 1.075797e+00 1.066720e+00 1.058099e+00 1.049917e+00 1.042159e+00 1.034810e+00 1.027857e+00 1.021288e+00 1.015091e+00 1.009253e+00 1.003765e+00 9.986152e-01 9.937955e-01 9.892966e-01 9.851104e-01 9.812290e-01 9.776453e-01 9.743528e-01 9.713454e-01 9.686176e-01 9.661643e-01 9.639811e-01 9.620639e-01 9.604093e-01 9.590142e-01 9.578760e-01 9.569926e-01 9.563624e-01 9.559843e-01 9.558575e-01 9.559819e-01 9.563576e-01 9.569853e-01 9.578662e-01 9.590020e-01 9.603946e-01 9.620467e-01 9.639613e-01 9.661420e-01 9.685926e-01 9.713177e-01 9.743224e-01 9.776122e-01 9.811930e-01 9.850715e-01 9.892548e-01 9.937506e-01 9.985671e-01 1.003713e+00 1.009198e+00 1.015033e+00 1.021227e+00 1.027792e+00 1.034741e+00 1.042086e+00 1.049840e+00 1.058018e+00 1.066635e+00 1.075707e+00 1.085250e+00 1.095282e+00 1.105821e+00 1.116887e+00 1.139879e+00 1.172291e+00 1.202813e+00 1.231511e+00 1.258449e+00 1.283686e+00 1.307277e+00
2.693494e+00 2.736370e+00 2.780166e+00 2.824937e+00 2.870739e+00 2.917630e+00 2.965668e+00 3.013591e+00 3.058660e+00 3.102207e+00 3.144246e+00 3.184787e+00 3.223843e+00 3.261423e+00 3.297539e+00 3.332200e+00 3.365415e+00 3.397195e+00 3.427547e+00 3.456481e+00 3.484003e+00 3.510122e+00 3.534846e+00 3.558180e+00 3.580131e+00 3.600705e+00 3.619909e+00 3.637746e+00 3.654223e+00 3.669344e+00 3.683112e+00 3.695533e+00 3.706608e+00 3.716342e+00 3.724736e+00 3.731794e+00 3.737517e+00 3.741907e+00 3.744964e+00 3.746691e+00 3.747087e+00 3.746152e+00 3.743886e+00 3.740289e+00 3.735359e+00 3.729096e+00 3.721497e+00 3.712560e+00 3.702283e+00 3.690663e+00 3.677697e+00 3.663381e+00 3.647712e+00 3.630684e+00 3.612294e+00 3.592536e+00 3.571404e+00 3.548894e+00 3.524998e+00 3.499710e+00 3.473023e+00 3.444930e+00 3.415422e+00 3.384493e+00 3.352133e+00 3.318333e+00 3.283084e+00 3.246376e+00 3.208199e+00 3.168543e+00 3.127396e+00 3.084748e+00 3.040586e+00 2.997879e+00 2.958687e+00 2.919995e+00 2.881770e+00 2.843978e+00 2.806587e+00 2.769564e+00
1.599331e+00 1.601704e+00 1.603579e+00 1.604958e+00 1.605844e+00 1.606237e+00 1.606137e+00 1.605571e+00 1.604941e+00 1.604221e+00 1.603408e+00 1.602504e+00 1.601505e+00 1.600412e+00 1.599222e+00 1.597933e+00 1.596545e+00 1.595054e+00 1.593460e+00 1.591759e+00 1.589950e+00 1.588030e+00 1.585996e+00 1.583846e+00 1.581577e+00 1.579186e+00 1.576668e+00 1.574022e+00 1.571243e+00 1.568327e+00 1.565271e+00 1.562070e+00 1.558720e+00 1.555217e+00 1.551555e+00 1.547730e+00 1.543736e+00 1.539568e+00 1.535220e+00 1.530686e+00 1.525960e+00 1.521036e+00 1.515907e+00 1.510565e+00 1.505004e+00 1.499216e+00 1.493193e+00 1.486927e+00 1.480409e+00 1.473631e+00 1.466582e+00 1.459254e+00 1.451636e+00 1.443718e+00 1.435489e+00 1.426939e+00 1.418054e+00 1.408824e+00 1.399234e+00 1.389274e+00 1.378928e+00 1.368182e+00 1.357023e+00 1.345434e+00 1.333400e+00 1.320904e+00 1.307930e+00 1.294459e+00 1.280473e+00 1.265953e+00 1.250879e+00 1.235231e+00 1.218987e+00 1.203436e+00 1.189601e+00 1.176143e+00 1.163035e+00 1.150253e+00 1.137772e+00 1.125566e+00
1.259598e+00 1.249395e+00 1.238254e+00 1.226160e+00 1.213099e+00 1.199055e+00 1.184009e+00 1.169488e+00 1.157177e+00 1.145503e+00 1.134439e+00 1.123959e+00 1.114040e+00 1.104659e+00 1.095794e+00 1.087426e+00 1.079534e+00 1.072101e+00 1.065109e+00 1.058543e+00 1.052388e+00 1.046628e+00 1.041252e+00 1.036247e+00 1.031601e+00 1.027304e+00 1.023345e+00 1.019717e+00 1.016409e+00 1.013416e+00 1.010729e+00 1.008343e+00 1.006252e+00 1.004452e+00 1.002938e+00 1.001707e+00 1.000756e+00 1.000082e+00 9.996854e-01 9.995639e-01 9.997175e-01 1.000147e+00 1.000852e+00 1.001836e+00 1.003099e+00 1.004647e+00 1.006480e+00 1.008605e+00 1.011026e+00 1.013748e+00 1.016778e+00 1.020122e+00 1.023789e+00 1.027787e+00 1.032124e+00 1.036811e+00 1.041859e+00 1.047279e+00 1.053084e+00 1.059286e+00 1.065901e+00 1.072943e+00 1.080429e+00 1.088375e+00 1.096801e+00 1.105724e+00 1.115167e+00 1.125150e+00 1.135696e+00 1.146830e+00 1.158577e+00 1.170964e+00 1.184020e+00 1.195553e+00 1.204088e+00 1.211849e+00 1.218841e+00 1.225066e+00 1.230529e+00 1.235231e+00
1.292318e+00 1.283326e+00 1.273439e+00 1.262643e+00 1.250925e+00 1.238271e+00 1.224665e+00 1.212065e+00 1.201917e+00 1.192229e+00 1.182980e+00 1.174154e+00 1.165734e+00 1.157704e+00 1.150048e+00 1.142753e+00 1.135803e+00 1.129187e+00 1.122891e+00 1.116904e+00 1.111214e+00 1.105810e+00 1.100682e+00 1.095821e+00 1.091217e+00 1.086861e+00 1.082746e+00 1.078863e+00 1.075205e+00 1.071764e+00 1.068536e+00 1.065513e+00 1.062689e+00 1.060060e+00 1.057620e+00 1.055365e+00 1.053290e+00 1.051392e+00 1.049666e+00 1.048110e+00 1.046721e+00 1.045495e+00 1.044432e+00 1.043528e+00 1.042781e+00 1.042192e+00 1.041758e+00 1.041478e+00 1.041352e+00 1.041381e+00 1.041563e+00 1.041899e+00 1.042390e+00 1.043037e+00 1.043841e+00 1.044803e+00 1.045926e+00 1.047211e+00 1.048661e+00 1.050279e+00 1.052068e+00 1.054030e+00 1.056171e+00 1.058493e+00 1.061002e+00 1.063702e+00 1.066598e+00 1.069696e+00 1.073001e+00 1.076520e+00 1.080260e+00 1.084228e+00 1.088430e+00 1.092578e+00 1.095927e+00 1.098778e+00 1.101135e+00 1.103000e+00 1.104375e+00 1.105261e+00
1.380551e+00 1.374826e+00 1.368318e+00 1.361021e+00 1.352926e+00 1.344021e+00 1.334297e+00 1.324953e+00 1.317208e+00 1.309837e+00 1.302827e+00 1.296166e+00 1.289843e+00 1.283845e+00 1.278163e+00 1.272787e+00 1.267707e+00 1.262914e+00 1.258401e+00 1.254159e+00 1.250180e+00 1.246459e+00 1.242988e+00 1.239761e+00 1.236773e+00 1.234018e+00 1.231492e+00 1.229191e+00 1.227109e+00 1.225244e+00 1.223593e+00 1.222152e+00 1.220918e+00 1.219891e+00 1.219068e+00 1.218447e+00 1.218028e+00 1.217809e+00 1.217791e+00 1.217973e+00 1.218355e+00 1.218939e+00 1.219726e+00 1.220716e+00 1.221911e+00 1.223314e+00 1.224927e+00 1.226753e+00 1.228795e+00 1.231056e+00 1.233541e+00 1.236253e+00 1.239198e+00 1.242381e+00 1.245807e+00 1.249483e+00 1.253414e+00 1.257607e+00 1.262071e+00 1.266812e+00 1.271838e+00 1.277160e+00 1.282786e+00 1.288725e+00 1.294989e+00 1.301587e+00 1.308532e+00 1.315836e+00 1.323512e+00 1.331572e+00 1.340032e+00 1.348905e+00 1.358207e+00 1.369276e+00 1.380744e+00 1.391300e+00 1.400959e+00 1.409729e+00 1.417622e+00 1.424645e+00
1.336857e+00 1.329514e+00 1.321333e+00 1.312303e+00 1.302414e+00 1.291652e+00 1.280006e+00 1.267409e+00 1.255360e+00 1.243878e+00 1.232935e+00 1.222504e+00 1.212559e+00 1.203076e+00 1.194032e+00 1.185404e+00 1.177171e+00 1.169313e+00 1.161810e+00 1.154645e+00 1.147799e+00 1.141256e+00 1.134999e+00 1.129013e+00 1.123284e+00 1.117797e+00 1.112540e+00 1.107498e+00 1.102659e+00 1.098012e+00 1.093546e+00 1.089248e+00 1.085110e+00 1.081119e+00 1.077268e+00 1.073546e+00 1.069943e+00 1.066452e+00 1.063064e+00 1.059769e+00 1.056561e+00 1.053432e+00 1.050372e+00 1.047376e+00 1.044436e+00 1.041544e+00 1.038694e+00 1.035877e+00 1.033089e+00 1.030320e+00 1.027566e+00 1.024818e+00 1.022071e+00 1.019317e+00 1.016550e+00 1.013763e+00 1.010949e+00 1.008101e+00 1.005212e+00 1.002276e+00 9.992835e-01 9.962289e-01 9.931043e-01 9.899019e-01 9.866139e-01 9.832321e-01 9.797484e-01 9.761540e-01 9.724402e-01 9.685979e-01 9.646175e-01 9.604894e-01 9.562033e-01 9.519811e-01 9.480057e-01 9.440353e-01 9.400603e-01 9.360713e-01 9.320587e-01 9.280131e-01
1.283491e+00 1.274172e+00 1.263946e+00 1.252800e+00 1.240720e+00 1.227691e+00 1.213697e+00 1.201508e+00 1.192595e+00 1.184155e+00 1.176172e+00 1.168635e+00 1.161528e+00 1.154842e+00 1.148563e+00 1.142681e+00 1.137186e+00 1.132069e+00 1.127321e+00 1.122934e+00 1.118900e+00 1.115212e+00 1.111865e+00 1.108852e+00 1.106168e+00 1.103808e+00 1.101769e+00 1.100047e+00 1.098640e+00 1.097544e+00 1.096757e+00 1.096280e+00 1.096110e+00 1.096247e+00 1.096692e+00 1.097445e+00 1.098508e+00 1.099882e+00 1.101571e+00 1.103576e+00 1.105901e+00 1.108550e+00 1.111528e+00 1.114839e+00 1.118490e+00 1.122487e+00 1.126836e+00 1.131546e+00 1.136623e+00 1.142077e+00 1.147917e+00 1.154153e+00 1.160796e+00 1.167857e+00 1.175348e+00 1.183282e+00 1.191673e+00 1.200535e+00 1.209882e+00 1.219732e+00 1.230101e+00 1.241007e+00 1.252468e+00 1.264505e+00 1.277137e+00 1.290386e+00 1.304275e+00 1.318828e+00 1.334069e+00 1.350025e+00 1.366724e+00 1.384193e+00 1.402462e+00 1.426841e+00 1.454910e+00 1.481411e+00 1.506357e+00 1.529765e+00 1.551648e+00 1.572019e+00
1.434833e+00 1.431117e+00 1.426689e+00 1.421545e+00 1.415678e+00 1.409080e+00 1.401744e+00 1.395526e+00 1.391233e+00 1.386996e+00 1.382810e+00 1.378671e+00 1.374576e+00 1.370519e+00 1.366496e+00 1.362505e+00 1.358539e+00 1.354597e+00 1.350673e+00 1.346764e+00 1.342866e+00 1.338974e+00 1.335086e+00 1.331196e+00 1.327302e+00 1.323398e+00 1.319482e+00 1.315549e+00 1.311596e+00 1.307617e+00 1.303611e+00 1.299571e+00 1.295494e+00 1.291377e+00 1.287215e+00 1.283003e+00 1.278738e+00 1.274415e+00 1.270031e+00 1.265579e+00 1.261057e+00 1.256458e+00 1.251780e+00 1.247017e+00 1.242164e+00 1.237216e+00 1.232169e+00 1.227017e+00 1.221756e+00 1.216379e+00 1.210881e+00 1.205258e+00 1.199502e+00 1.193609e+00 1.187573e+00 1.181386e+00 1.175044e+00 1.168540e+00 1.161867e+00 1.155018e+00 1.147988e+00 1.140767e+00 1.133350e+00 1.125728e+00 1.117895e+00 1.109842e+00 1.101561e+00 1.093043e+00 1.084281e+00 1.075265e+00 1.065987e+00 1.056436e+00 1.046603e+00 1.036452e+00 1.026439e+00 1.016579e+00 1.006857e+00 9.972577e-01 9.877682e-01 9.783743e-01
1.175879e+00 1.162577e+00 1.148228e+00 1.132814e+00 1.116317e+00 1.098715e+00 1.079986e+00 1.063250e+00 1.050437e+00 1.038374e+00 1.027032e+00 1.016386e+00 1.006409e+00 9.970785e-01 9.883730e-01 9.802720e-01 9.727563e-01 9.658085e-01 9.594123e-01 9.535527e-01 9.482159e-01 9.433896e-01 9.390623e-01 9.352239e-01 9.318656e-01 9.289793e-01 9.265584e-01 9.245972e-01 9.230910e-01 9.220365e-01 9.214310e-01 9.212732e-01 9.215627e-01 9.223002e-01 9.234874e-01 9.251271e-01 9.272232e-01 9.297804e-01 9.328049e-01 9.363038e-01 9.402851e-01 9.447582e-01 9.497336e-01 9.552229e-01 9.612391e-01 9.677961e-01 9.749093e-01 9.825954e-01 9.908724e-01 9.997596e-01 1.009278e+00 1.019449e+00 1.030298e+00 1.041849e+00 1.054130e+00 1.067169e+00 1.080998e+00 1.095647e+00 1.111152e+00 1.127548e+00 1.144875e+00 1.163173e+00 1.182484e+00 1.202854e+00 1.224330e+00 1.246964e+00 1.270807e+00 1.295915e+00 1.322348e+00 1.350167e+00 1.379438e+00 1.410228e+00 1.442611e+00 1.498506e+00 1.572997e+00 1.644271e+00 1.712360e+00 1.777292e+00 1.839097e+00 1.897801e+00
1.142452e+00 1.127913e+00 1.112283e+00 1.095544e+00 1.077674e+00 1.058651e+00 1.038452e+00 1.018209e+00 1.000215e+00 9.832539e-01 9.672700e-01 9.522111e-01 9.380282e-01 9.246749e-01 9.121077e-01 9.002857e-01 8.891703e-01 8.787252e-01 8.689164e-01 8.597119e-01 8.510817e-01 8.429976e-01 8.354333e-01 8.283641e-01 8.217669e-01 8.156203e-01 8.099041e-01 8.045998e-01 7.996900e-01 7.951588e-01 7.909913e-01 7.871740e-01 7.836945e-01 7.805412e-01 7.777041e-01 7.751738e-01 7.729421e-01 7.710017e-01 7.693463e-01 7.679704e-01 7.668697e-01 7.660404e-01 7.654800e-01 7.651865e-01 7.651590e-01 7.653975e-01 7.659027e-01 7.666762e-01 7.677206e-01 7.690392e-01 7.706364e-01 7.725175e-01 7.746884e-01 7.771564e-01 7.799293e-01 7.830164e-01 7.864277e-01 7.901742e-01 7.942682e-01 7.987231e-01 8.035534e-01 8.087748e-01 8.144044e-01 8.204605e-01 8.269628e-01 8.339326e-01 8.413927e-01 8.493673e-01 8.578824e-01 8.669658e-01 8.766471e-01 8.869580e-01 8.979320e-01 9.114194e-01 9.257638e-01 9.391819e-01 9.517023e-01 9.633523e-01 9.741568e-01 9.841392e-01
1.189226e+00 1.176418e+00 1.162581e+00 1.147696e+00 1.131747e+00 1.114712e+00 1.096570e+00 1.078916e+00 1.063771e+00 1.049477e+00 1.035995e+00 1.023287e+00 1.011319e+00 1.000057e+00 9.894708e-01 9.795308e-01 9.702097e-01 9.614818e-01 9.533230e-01 9.457109e-01 9.386245e-01 9.320442e-01 9.259519e-01 9.203309e-01 9.151656e-01 9.104419e-01 9.061466e-01 9.022679e-01 8.987953e-01 8.957190e-01 8.930306e-01 8.907228e-01 8.887891e-01 8.872242e-01 8.860238e-01 8.851846e-01 8.847042e-01 8.845815e-01 8.848160e-01 8.854083e-01 8.863601e-01 8.876741e-01 8.893538e-01 8.914038e-01 8.938299e-01 8.966387e-01 8.998380e-01 9.034365e-01 9.074442e-01 9.118721e-01 9.167325e-01 9.220387e-01 9.278053e-01 9.340483e-01 9.407848e-01 9.480334e-01 9.558141e-01 9.641483e-01 9.730591e-01 9.825709e-01 9.927099e-01 1.003504e+00 1.014983e+00 1.027179e+00 1.040125e+00 1.053857e+00 1.068413e+00 1.083832e+00 1.100158e+00 1.117435e+00 1.135711e+00 1.155036e+00 1.175464e+00 1.192830e+00 1.205058e+00 1.216372e+00 1.226775e+00 1.236271e+00 1.244863e+00 1.252552e+00
1.220983e+00 1.209351e+00 1.196730e+00 1.183105e+00 1.168459e+00 1.152774e+00 1.136029e+00 1.113859e+00 1.089154e+00 1.066137e+00 1.044695e+00 1.024720e+00 1.006114e+00 9.887845e-01 9.726448e-01 9.576151e-01 9.436207e-01 9.305922e-01 9.184650e-01 9.071787e-01 8.966775e-01 8.869090e-01 8.778249e-01 8.693800e-01 8.615324e-01 8.542432e-01 8.474761e-01 8.411976e-01 8.353764e-01 8.299838e-01 8.249928e-01 8.203788e-01 8.161188e-01 8.121916e-01 8.085778e-01 8.052595e-01 8.022201e-01 7.994446e-01 7.969191e-01 7.946312e-01 7.925695e-01 7.907237e-01 7.890847e-01 7.876444e-01 7.863956e-01 7.853320e-01 7.844485e-01 7.837406e-01 7.832049e-01 7.828386e-01 7.826399e-01 7.826078e-01 7.827423e-01 7.830439e-01 7.835142e-01 7.841555e-01 7.849709e-01 7.859646e-01 7.871414e-01 7.885073e-01 7.900689e-01 7.918340e-01 7.938115e-01 7.960110e-01 7.984436e-01 8.011213e-01 8.040574e-01 8.072666e-01 8.107646e-01 8.145689e-01 8.186984e-01 8.231735e-01 8.280166e-01 8.323139e-01 8.353354e-01 8.380260e-01 8.403925e-01 8.424407e-01 8.441755e-01 8.456013e-01
1.242768e+00 1.231942e+00 1.220156e+00 1.207395e+00 1.193643e+00 1.178883e+00 1.163097e+00 1.149500e+00 1.139601e+00 1.130145e+00 1.121117e+00 1.112501e+00 1.104283e+00 1.096446e+00 1.088979e+00 1.081868e+00 1.075101e+00 1.068666e+00 1.062551e+00 1.056746e+00 1.051242e+00 1.046027e+00 1.041095e+00 1.036435e+00 1.032039e+00 1.027901e+00 1.024012e+00 1.020366e+00 1.016957e+00 1.013779e+00 1.010826e+00 1.008093e+00 1.005575e+00 1.003269e+00 1.001169e+00 9.992724e-01 9.975758e-01 9.960763e-01 9.947713e-01 9.936583e-01 9.927356e-01 9.920014e-01 9.914546e-01 9.910941e-01 9.909194e-01 9.909301e-01 9.911263e-01 9.915083e-01 9.920767e-01 9.928326e-01 9.937773e-01 9.949123e-01 9.962398e-01 9.977619e-01 9.994814e-01 1.001401e+00 1.003525e+00 1.005856e+00 1.008398e+00 1.011156e+00 1.014135e+00 1.017340e+00 1.020776e+00 1.024449e+00 1.028366e+00 1.032534e+00 1.036960e+00 1.041651e+00 1.046616e+00 1.051863e+00 1.057402e+00 1.063242e+00 1.069393e+00 1.076728e+00 1.084264e+00 1.091149e+00 1.097392e+00 1.102999e+00 1.107979e+00 1.112336e+00
1.490537e+00 1.488883e+00 1.486590e+00 1.483655e+00 1.480074e+00 1.475844e+00 1.470958e+00 1.464973e+00 1.458872e+00 1.453080e+00 1.447586e+00 1.442376e+00 1.437440e+00 1.432767e+00 1.428346e+00 1.424167e+00 1.420222e+00 1.416502e+00 1.412998e+00 1.409704e+00 1.406611e+00 1.403712e+00 1.401003e+00 1.398476e+00 1.396125e+00 1.393947e+00 1.391936e+00 1.390087e+00 1.388397e+00 1.386862e+00 1.385478e+00 1.384243e+00 1.383153e+00 1.382207e+00 1.381402e+00 1.380737e+00 1.380209e+00 1.379819e+00 1.379564e+00 1.379445e+00 1.379461e+00 1.379612e+00 1.379899e+00 1.380322e+00 1.380883e+00 1.381581e+00 1.382419e+00 1.383400e+00 1.384524e+00 1.385794e+00 1.387213e+00 1.388785e+00 1.390513e+00 1.392400e+00 1.394450e+00 1.396669e+00 1.399061e+00 1.401631e+00 1.404385e+00 1.407329e+00 1.410469e+00 1.413813e+00 1.417368e+00 1.421140e+00 1.425140e+00 1.429376e+00 1.433856e+00 1.438591e+00 1.443591e+00 1.448867e+00 1.454431e+00 1.460295e+00 1.466472e+00 1.474379e+00 1.482914e+00 1.490690e+00 1.497725e+00 1.504036e+00 1.509636e+00 1.514539e+00
1.558370e+00 1.559227e+00 1.559533e+00 1.559288e+00 1.558492e+00 1.557144e+00 1.555243e+00 1.553385e+00 1.552134e+00 1.550889e+00 1.549651e+00 1.548417e+00 1.547186e+00 1.545959e+00 1.544732e+00 1.543507e+00 1.542281e+00 1.541053e+00 1.539823e+00 1.538589e+00 1.537351e+00 1.536108e+00 1.534858e+00 1.533600e+00 1.532333e+00 1.531057e+00 1.529770e+00 1.528471e+00 1.527159e+00 1.525833e+00 1.524493e+00 1.523135e+00 1.521761e+00 1.520368e+00 1.518955e+00 1.517522e+00 1.516066e+00 1.514588e+00 1.513085e+00 1.511556e+00 1.510000e+00 1.508416e+00 1.506803e+00 1.505158e+00 1.503482e+00 1.501771e+00 1.500026e+00 1.498244e+00 1.496424e+00 1.494565e+00 1.492664e+00 1.490721e+00 1.488734e+00 1.486701e+00 1.484620e+00 1.482490e+00 1.480309e+00 1.478075e+00 1.475786e+00 1.473441e+00 1.471037e+00 1.468572e+00 1.466045e+00 1.463454e+00 1.460795e+00 1.458067e+00 1.455268e+00 1.452396e+00 1.449447e+00 1.446420e+00 1.443312e+00 1.440120e+00 1.436843e+00 1.430606e+00 1.421710e+00 1.413002e+00 1.404460e+00 1.396061e+00 1.387785e+00 1.379609e+00
1.576909e+00 1.578452e+00 1.579468e+00 1.579958e+00 1.579923e+00 1.579363e+00 1.578278e+00 1.576706e+00 1.575345e+00 1.574152e+00 1.573125e+00 1.572263e+00 1.571564e+00 1.571027e+00 1.570651e+00 1.570436e+00 1.570381e+00 1.570486e+00 1.570751e+00 1.571177e+00 1.571765e+00 1.572514e+00 1.573428e+00 1.574506e+00 1.575751e+00 1.577165e+00 1.578749e+00 1.580508e+00 1.582443e+00 1.584557e+00 1.586855e+00 1.589339e+00 1.592014e+00 1.594883e+00 1.597953e+00 1.601227e+00 1.604711e+00 1.608410e+00 1.612331e+00 1.616479e+00 1.620863e+00 1.625487e+00 1.630361e+00 1.635491e+00 1.640887e+00 1.646556e+00 1.652509e+00 1.658754e+00 1.665302e+00 1.672163e+00 1.679348e+00 1.686870e+00 1.694739e+00 1.702969e+00 1.711573e+00 1.720565e+00 1.729959e+00 1.739771e+00 1.750016e+00 1.760712e+00 1.771874e+00 1.783522e+00 1.795673e+00 1.808348e+00 1.821567e+00 1.835352e+00 1.849724e+00 1.864707e+00 1.880325e+00 1.896603e+00 1.913567e+00 1.931245e+00 1.949666e+00 1.974860e+00 2.004188e+00 2.031679e+00 2.057360e+00 2.081257e+00 2.103394e+00 2.123794e+00
2.957150e+00 3.009785e+00 3.063683e+00 3.118910e+00 3.175536e+00 3.233631e+00 3.293269e+00 3.341086e+00 3.374351e+00 3.406503e+00 3.437545e+00 3.467480e+00 3.496310e+00 3.524038e+00 3.550666e+00 3.576196e+00 3.600631e+00 3.623973e+00 3.646223e+00 3.667384e+00 3.687457e+00 3.706445e+00 3.724349e+00 3.741170e+00 3.756909e+00 3.771569e+00 3.785150e+00 3.797654e+00 3.809082e+00 3.819434e+00 3.828712e+00 3.836916e+00 3.844047e+00 3.850106e+00 3.855093e+00 3.859009e+00 3.861853e+00 3.863627e+00 3.864330e+00 3.863963e+00 3.862525e+00 3.860016e+00 3.856436e+00 3.851785e+00 3.846063e+00 3.839268e+00 3.831400e+00 3.822459e+00 3.812444e+00 3.801354e+00 3.789188e+00 3.775944e+00 3.761623e+00 3.746222e+00 3.729740e+00 3.712176e+00 3.693529e+00 3.673796e+00 3.652976e+00 3.631068e+00 3.608069e+00 3.583977e+00 3.558790e+00 3.532507e+00 3.505124e+00 3.476640e+00 3.447052e+00 3.416357e+00 3.384553e+00 3.351638e+00 3.317608e+00 3.282460e+00 3.246191e+00 3.200675e+00 3.148129e+00 3.096627e+00 3.046117e+00 2.996551e+00 2.947880e+00 2.900059e+00
2.125777e+00 2.147638e+00 2.169683e+00 2.191940e+00 2.214437e+00 2.237202e+00 2.260263e+00 2.282720e+00 2.303561e+00 2.323733e+00 2.343249e+00 2.362124e+00 2.380370e+00 2.398000e+00 2.415028e+00 2.431465e+00 2.447322e+00 2.462612e+00 2.477344e+00 2.491530e+00 2.505178e+00 2.518300e+00 2.530904e+00 2.542999e+00 2.554594e+00 2.565697e+00 2.576315e+00 2.586457e+00 2.596129e+00 2.605339e+00 2.614092e+00 2.622396e+00 2.630255e+00 2.637676e+00 2.644664e+00 2.651224e+00 2.657360e+00 2.663076e+00 2.668377e+00 2.673267e+00 2.677749e+00 2.681826e+00 2.685501e+00 2.688776e+00 2.691655e+00 2.694138e+00 2.696229e+00 2.697927e+00 2.699235e+00 2.700153e+00 2.700683e+00 2.700823e+00 2.700575e+00 2.699939e+00 2.698913e+00 2.697498e+00 2.695691e+00 2.693493e+00 2.690900e+00 2.687912e+00 2.684527e+00 2.680741e+00 2.676553e+00 2.671959e+00 2.666956e+00 2.661540e+00 2.655709e+00 2.649456e+00 2.642779e+00 2.635672e+00 2.628131e+00 2.620149e+00 2.611722e+00 2.603074e+00 2.594005e+00 2.584281e+00 2.573896e+00 2.562842e+00 2.551115e+00 2.538707e+00
1.336333e+00 1.328970e+00 1.320768e+00 1.311718e+00 1.301807e+00 1.291024e+00 1.279354e+00 1.269249e+00 1.261992e+00 1.255108e+00 1.248586e+00 1.242416e+00 1.236589e+00 1.231097e+00 1.225930e+00 1.221082e+00 1.216544e+00 1.212311e+00 1.208375e+00 1.204732e+00 1.201375e+00 1.198299e+00 1.195500e+00 1.192974e+00 1.190717e+00 1.188725e+00 1.186996e+00 1.185526e+00 1.184314e+00 1.183359e+00 1.182657e+00 1.182209e+00 1.182014e+00 1.182071e+00 1.182380e+00 1.182943e+00 1.183759e+00 1.184830e+00 1.186158e+00 1.187745e+00 1.189593e+00 1.191704e+00 1.194083e+00 1.196731e+00 1.199655e+00 1.202857e+00 1.206343e+00 1.210118e+00 1.214187e+00 1.218557e+00 1.223234e+00 1.228226e+00 1.233539e+00 1.239181e+00 1.245162e+00 1.251490e+00 1.258175e+00 1.265226e+00 1.272654e+00 1.280470e+00 1.288687e+00 1.297316e+00 1.306370e+00 1.315863e+00 1.325808e+00 1.336222e+00 1.347120e+00 1.358517e+00 1.370431e+00 1.382881e+00 1.395883e+00 1.409459e+00 1.423628e+00 1.441941e+00 1.462471e+00 1.481701e+00 1.499646e+00 1.516315e+00 1.531719e+00 1.545870e+00
1.516109e+00 1.515401e+00 1.514088e+00 1.512167e+00 1.509636e+00 1.506492e+00 1.502732e+00 1.496787e+00 1.489646e+00 1.482850e+00 1.476379e+00 1.470211e+00 1.464329e+00 1.458712e+00 1.453345e+00 1.448211e+00 1.443292e+00 1.438575e+00 1.434045e+00 1.429686e+00 1.425487e+00 1.421434e+00 1.417513e+00 1.413714e+00 1.410024e+00 1.406432e+00 1.402927e+00 1.399497e+00 1.396133e+00 1.392823e+00 1.389557e+00 1.386325e+00 1.383118e+00 1.379925e+00 1.376736e+00 1.373542e+00 1.370332e+00 1.367096e+00 1.363825e+00 1.360508e+00 1.357135e+00 1.353696e+00 1.350179e+00 1.346574e+00 1.342870e+00 1.339055e+00 1.335117e+00 1.331045e+00 1.326824e+00 1.322443e+00 1.317888e+00 1.313144e+00 1.308197e+00 1.303031e+00 1.297631e+00 1.291979e+00 1.286058e+00 1.279850e+00 1.273336e+00 1.266494e+00 1.259304e+00 1.251744e+00 1.243789e+00 1.235416e+00 1.226598e+00 1.217308e+00 1.207517e+00 1.197195e+00 1.186309e+00 1.174826e+00 1.162709e+00 1.149923e+00 1.136425e+00 1.126799e+00 1.121675e+00 1.116424e+00 1.111039e+00 1.105513e+00 1.099839e+00 1.094012e+00
1.294434e+00 1.285520e+00 1.275714e+00 1.265002e+00 1.253371e+00 1.240807e+00 1.227294e+00 1.215826e+00 1.207639e+00 1.199708e+00 1.192023e+00 1.184573e+00 1.177346e+00 1.170334e+00 1.163525e+00 1.156911e+00 1.150481e+00 1.144227e+00 1.138140e+00 1.132210e+00 1.126431e+00 1.120793e+00 1.115288e+00 1.109909e+00 1.104647e+00 1.099497e+00 1.094449e+00 1.089497e+00 1.084634e+00 1.079854e+00 1.075148e+00 1.070511e+00 1.065936e+00 1.061416e+00 1.056945e+00 1.052517e+00 1.048126e+00 1.043764e+00 1.039426e+00 1.035106e+00 1.030798e+00 1.026495e+00 1.022191e+00 1.017881e+00 1.013557e+00 1.009215e+00 1.004847e+00 1.000448e+00 9.960118e-01 9.915311e-01 9.870001e-01 9.824122e-01 9.777610e-01 9.730399e-01 9.682421e-01 9.633609e-01 9.583892e-01 9.533201e-01 9.481462e-01 9.428603e-01 9.374549e-01 9.319222e-01 9.262544e-01 9.204434e-01 9.144810e-01 9.083587e-01 9.020678e-01 8.955993e-01 8.889440e-01 8.820926e-01 8.750352e-01 8.677617e-01 8.602620e-01 8.530282e-01 8.463779e-01 8.397977e-01 8.332770e-01 8.268057e-01 8.203734e-01 8.139699e-01
1.463311e+00 1.460648e+00 1.457312e+00 1.453297e+00 1.448599e+00 1.443211e+00 1.437128e+00 1.429244e+00 1.420764e+00 1.412762e+00 1.405216e+00 1.398107e+00 1.391415e+00 1.385122e+00 1.379212e+00 1.373669e+00 1.368478e+00 1.363626e+00 1.359099e+00 1.354886e+00 1.350975e+00 1.347355e+00 1.344018e+00 1.340954e+00 1.338155e+00 1.335613e+00 1.333323e+00 1.331277e+00 1.329470e+00 1.327898e+00 1.326556e+00 1.325441e+00 1.324550e+00 1.323880e+00 1.323429e+00 1.323197e+00 1.323183e+00 1.323386e+00 1.323808e+00 1.324449e+00 1.325311e+00 1.326396e+00 1.327708e+00 1.329249e+00 1.331025e+00 1.333039e+00 1.335297e+00 1.337805e+00 1.340569e+00 1.343598e+00 1.346899e+00 1.350480e+00 1.354353e+00 1.358525e+00 1.363010e+00 1.367819e+00 1.372964e+00 1.378460e+00 1.384320e+00 1.390562e+00 1.397200e+00 1.404253e+00 1.411741e+00 1.419681e+00 1.428097e+00 1.437010e+00 1.446444e+00 1.456424e+00 1.466977e+00 1.478130e+00 1.489914e+00 1.502361e+00 1.515502e+00 1.525670e+00 1.531331e+00 1.536190e+00 1.540250e+00 1.543512e+00 1.545978e+00 1.547650e+00
1.487798e+00 1.486043e+00 1.483644e+00 1.480601e+00 1.476908e+00 1.472561e+00 1.467555e+00 1.463016e+00 1.459769e+00 1.456679e+00 1.453742e+00 1.450954e+00 1.448313e+00 1.445816e+00 1.443458e+00 1.441239e+00 1.439155e+00 1.437204e+00 1.435384e+00 1.433693e+00 1.432128e+00 1.430689e+00 1.429373e+00 1.428179e+00 1.427105e+00 1.426151e+00 1.425315e+00 1.424596e+00 1.423993e+00 1.423507e+00 1.423136e+00 1.422879e+00 1.422737e+00 1.422709e+00 1.422796e+00 1.422997e+00 1.423313e+00 1.423744e+00 1.424290e+00 1.424953e+00 1.425732e+00 1.426629e+00 1.427645e+00 1.428781e+00 1.430038e+00 1.431418e+00 1.432922e+00 1.434552e+00 1.436309e+00 1.438197e+00 1.440216e+00 1.442370e+00 1.444660e+00 1.447089e+00 1.449661e+00 1.452377e+00 1.455242e+00 1.458258e+00 1.461428e+00 1.464757e+00 1.468248e+00 1.471905e+00 1.475732e+00 1.479733e+00 1.483914e+00 1.488279e+00 1.492832e+00 1.497580e+00 1.502527e+00 1.507678e+00 1.513041e+00 1.518621e+00 1.524423e+00 1.532999e+00 1.543201e+00 1.552499e+00 1.560906e+00 1.568430e+00 1.575081e+00 1.580868e+00
1.795799e+00 1.805444e+00 1.814847e+00 1.824018e+00 1.832968e+00 1.841711e+00 1.850255e+00 1.857489e+00 1.863190e+00 1.868485e+00 1.873379e+00 1.877875e+00 1.881977e+00 1.885687e+00 1.889009e+00 1.891945e+00 1.894497e+00 1.896667e+00 1.898458e+00 1.899870e+00 1.900904e+00 1.901561e+00 1.901842e+00 1.901746e+00 1.901275e+00 1.900427e+00 1.899202e+00 1.897598e+00 1.895616e+00 1.893252e+00 1.890506e+00 1.887374e+00 1.883856e+00 1.879948e+00 1.875647e+00 1.870950e+00 1.865853e+00 1.860353e+00 1.854444e+00 1.848124e+00 1.841386e+00 1.834226e+00 1.826639e+00 1.818617e+00 1.810156e+00 1.801249e+00 1.791889e+00 1.782069e+00 1.771782e+00 1.761019e+00 1.749772e+00 1.738033e+00 1.725793e+00 1.713042e+00 1.699771e+00 1.685970e+00 1.671628e+00 1.656734e+00 1.641276e+00 1.625244e+00 1.608624e+00 1.591404e+00 1.573571e+00 1.555112e+00 1.536011e+00 1.516255e+00 1.495829e+00 1.474716e+00 1.452901e+00 1.430368e+00 1.407098e+00 1.383075e+00 1.358279e+00 1.324470e+00 1.284994e+00 1.247905e+00 1.213049e+00 1.180279e+00 1.149458e+00 1.120456e+00
1.497114e+00 1.495703e+00 1.493662e+00 1.490988e+00 1.487677e+00 1.483726e+00 1.479130e+00 1.473731e+00 1.468344e+00 1.463110e+00 1.458019e+00 1.453062e+00 1.448229e+00 1.443510e+00 1.438897e+00 1.434382e+00 1.429954e+00 1.425607e+00 1.421331e+00 1.417119e+00 1.412963e+00 1.408854e+00 1.404785e+00 1.400747e+00 1.396735e+00 1.392738e+00 1.388751e+00 1.384766e+00 1.380774e+00 1.376769e+00 1.372742e+00 1.368686e+00 1.364594e+00 1.360456e+00 1.356267e+00 1.352017e+00 1.347698e+00 1.343303e+00 1.338823e+00 1.334249e+00 1.329573e+00 1.324785e+00 1.319877e+00 1.314839e+00 1.309662e+00 1.304336e+00 1.298850e+00 1.293195e+00 1.287359e+00 1.281331e+00 1.275100e+00 1.268655e+00 1.261981e+00 1.255068e+00 1.247901e+00 1.240468e+00 1.232754e+00 1.224743e+00 1.216422e+00 1.207774e+00 1.198783e+00 1.189431e+00 1.179701e+00 1.169574e+00 1.159031e+00 1.148052e+00 1.136616e+00 1.124701e+00 1.112284e+00 1.099342e+00 1.085850e+00 1.071783e+00 1.057113e+00 1.043972e+00 1.033305e+00 1.022929e+00 1.012824e+00 1.002966e+00 9.933366e-01 9.839137e-01
1.113668e+00 1.098063e+00 1.081330e+00 1.063449e+00 1.044398e+00 1.024152e+00 1.002686e+00 9.844059e-01 9.712039e-01 9.586185e-01 9.466221e-01 9.351880e-01 9.242912e-01 9.139076e-01 9.040144e-01 8.945896e-01 8.856126e-01 8.770636e-01 8.689237e-01 8.611749e-01 8.538002e-01 8.467833e-01 8.401088e-01 8.337620e-01 8.277288e-01 8.219959e-01 8.165508e-01 8.113814e-01 8.064763e-01 8.018248e-01 7.974165e-01 7.932417e-01 7.892912e-01 7.855564e-01 7.820290e-01 7.787012e-01 7.755657e-01 7.726156e-01 7.698443e-01 7.672458e-01 7.648143e-01 7.625445e-01 7.604314e-01 7.584702e-01 7.566568e-01 7.549870e-01 7.534573e-01 7.520642e-01 7.508047e-01 7.496759e-01 7.486755e-01 7.478011e-01 7.470509e-01 7.464233e-01 7.459168e-01 7.455302e-01 7.452629e-01 7.451141e-01 7.450836e-01 7.451712e-01 7.453773e-01 7.457021e-01 7.461465e-01 7.467114e-01 7.473981e-01 7.482081e-01 7.491431e-01 7.502052e-01 7.513969e-01 7.527206e-01 7.541793e-01 7.557763e-01 7.575150e-01 7.613027e-01 7.665209e-01 7.712947e-01 7.756499e-01 7.796101e-01 7.831969e-01 7.864297e-01
1.255594e+00 1.245242e+00 1.233948e+00 1.221695e+00 1.208470e+00 1.194255e+00 1.179033e+00 1.154777e+00 1.125007e+00 1.097539e+00 1.072195e+00 1.048812e+00 1.027239e+00 1.007337e+00 9.889760e-01 9.720386e-01 9.564152e-01 9.420048e-01 9.287143e-01 9.164580e-01 9.051566e-01 8.947371e-01 8.851323e-01 8.762801e-01 8.681234e-01 8.606094e-01 8.536896e-01 8.473193e-01 8.414575e-01 8.360661e-01 8.311105e-01 8.265586e-01 8.223809e-01 8.185506e-01 8.150428e-01 8.118349e-01 8.089063e-01 8.062379e-01 8.038126e-01 8.016146e-01 7.996299e-01 7.978455e-01 7.962499e-01 7.948329e-01 7.935852e-01 7.924989e-01 7.915669e-01 7.907831e-01 7.901426e-01 7.896412e-01 7.892757e-01 7.890436e-01 7.889435e-01 7.889747e-01 7.891375e-01 7.894329e-01 7.898628e-01 7.904300e-01 7.911381e-01 7.919918e-01 7.929965e-01 7.941587e-01 7.954859e-01 7.969867e-01 7.986708e-01 8.005491e-01 8.026337e-01 8.049381e-01 8.074771e-01 8.102671e-01 8.133262e-01 8.166742e-01 8.203326e-01 8.230436e-01 8.242087e-01 8.251116e-01 8.257539e-01 8.261369e-01 8.262612e-01 8.261270e-01
1.934851e+00 1.949644e+00 1.964374e+00 1.979059e+00 1.993719e+00 2.008370e+00 2.023032e+00 2.034473e+00 2.042193e+00 2.049444e+00 2.056228e+00 2.062550e+00 2.068412e+00 2.073817e+00 2.078767e+00 2.083264e+00 2.087311e+00 2.090909e+00 2.094060e+00 2.096765e+00 2.099026e+00 2.100844e+00 2.102219e+00 2.103151e+00 2.103643e+00 2.103693e+00 2.103302e+00 2.102469e+00 2.101194e+00 2.099477e+00 2.097317e+00 2.094713e+00 2.091663e+00 2.088167e+00 2.084222e+00 2.079827e+00 2.074980e+00 2.069679e+00 2.063921e+00 2.057703e+00 2.051024e+00 2.043879e+00 2.036266e+00 2.028181e+00 2.019621e+00 2.010581e+00 2.001058e+00 1.991047e+00 1.980544e+00 1.969544e+00 1.958041e+00 1.946032e+00 1.933509e+00 1.920468e+00 1.906903e+00 1.892808e+00 1.878176e+00 1.863000e+00 1.847274e+00 1.830990e+00 1.814142e+00 1.796721e+00 1.778720e+00 1.760131e+00 1.740944e+00 1.721152e+00 1.700745e+00 1.679715e+00 1.658051e+00 1.635744e+00 1.612784e+00 1.589160e+00 1.564862e+00 1.532861e+00 1.495623e+00 1.460068e+00 1.426106e+00 1.393647e+00 1.362609e+00 1.332911e+00
1.214560e+00 1.202689e+00 1.189822e+00 1.175943e+00 1.161033e+00 1.145075e+00 1.128047e+00 1.109284e+00 1.091014e+00 1.073823e+00 1.057651e+00 1.042442e+00 1.028144e+00 1.014708e+00 1.002088e+00 9.902387e-01 9.791211e-01 9.686964e-01 9.589287e-01 9.497844e-01 9.412320e-01 9.332420e-01 9.257869e-01 9.188411e-01 9.123806e-01 9.063833e-01 9.008283e-01 8.956967e-01 8.909707e-01 8.866341e-01 8.826720e-01 8.790706e-01 8.758177e-01 8.729019e-01 8.703133e-01 8.680430e-01 8.660831e-01 8.644269e-01 8.630686e-01 8.620036e-01 8.612283e-01 8.607400e-01 8.605369e-01 8.606184e-01 8.609848e-01 8.616373e-01 8.625782e-01 8.638106e-01 8.653390e-01 8.671685e-01 8.693053e-01 8.717570e-01 8.745319e-01 8.776395e-01 8.810906e-01 8.848971e-01 8.890720e-01 8.936298e-01 8.985861e-01 9.039580e-01 9.097640e-01 9.160241e-01 9.227598e-01 9.299944e-01 9.377527e-01 9.460614e-01 9.549493e-01 9.644467e-01 9.745866e-01 9.854038e-01 9.969354e-01 1.009221e+00 1.022304e+00 1.033031e+00 1.039925e+00 1.046188e+00 1.051824e+00 1.056837e+00 1.061232e+00 1.065013e+00
1.642869e+00 1.646853e+00 1.650396e+00 1.653502e+00 1.656175e+00 1.658418e+00 1.660234e+00 1.662026e+00 1.663979e+00 1.665697e+00 1.667184e+00 1.668444e+00 1.669479e+00 1.670291e+00 1.670883e+00 1.671256e+00 1.671410e+00 1.671346e+00 1.671064e+00 1.670562e+00 1.669841e+00 1.668898e+00 1.667732e+00 1.666339e+00 1.664716e+00 1.662861e+00 1.660768e+00 1.658434e+00 1.655853e+00 1.653019e+00 1.649925e+00 1.646566e+00 1.642934e+00 1.639019e+00 1.634815e+00 1.630311e+00 1.625498e+00 1.620364e+00 1.614898e+00 1.609088e+00 1.602922e+00 1.596385e+00 1.589463e+00 1.582140e+00 1.574401e+00 1.566227e+00 1.557602e+00 1.548505e+00 1.538916e+00 1.528814e+00 1.518176e+00 1.506980e+00 1.495199e+00 1.482808e+00 1.469779e+00 1.456084e+00 1.441690e+00 1.426568e+00 1.410682e+00 1.393998e+00 1.376478e+00 1.358084e+00 1.338774e+00 1.318506e+00 1.297235e+00 1.274912e+00 1.251489e+00 1.226913e+00 1.201129e+00 1.174081e+00 1.145707e+00 1.115946e+00 1.084730e+00 1.058349e+00 1.039318e+00 1.021216e+00 1.003986e+00 9.875709e-01 9.719193e-01 9.569806e-01
1.481574e+00 1.479588e+00 1.476951e+00 1.473661e+00 1.469712e+00 1.465101e+00 1.459821e+00 1.454336e+00 1.449545e+00 1.444970e+00 1.440604e+00 1.436440e+00 1.432472e+00 1.428693e+00 1.425096e+00 1.421677e+00 1.418429e+00 1.415348e+00 1.412428e+00 1.409666e+00 1.407056e+00 1.404594e+00 1.402276e+00 1.400099e+00 1.398059e+00 1.396153e+00 1.394378e+00 1.392731e+00 1.391209e+00 1.389810e+00 1.388531e+00 1.387372e+00 1.386329e+00 1.385401e+00 1.384586e+00 1.383884e+00 1.383293e+00 1.382813e+00 1.382441e+00 1.382179e+00 1.382025e+00 1.381979e+00 1.382042e+00 1.382212e+00 1.382491e+00 1.382879e+00 1.383377e+00 1.383985e+00 1.384704e+00 1.385536e+00 1.386481e+00 1.387542e+00 1.388720e+00 1.390016e+00 1.391434e+00 1.392975e+00 1.394642e+00 1.396437e+00 1.398363e+00 1.400424e+00 1.402622e+00 1.404962e+00 1.407446e+00 1.410079e+00 1.412866e+00 1.415810e+00 1.418916e+00 1.422190e+00 1.425636e+00 1.429260e+00 1.433068e+00 1.437066e+00 1.441260e+00 1.444939e+00 1.447257e+00 1.448933e+00 1.449969e+00 1.450363e+00 1.450118e+00 1.449232e+00
1.255170e+00 1.244802e+00 1.233491e+00 1.221222e+00 1.207980e+00 1.193747e+00 1.178506e+00 1.165703e+00 1.156760e+00 1.148202e+00 1.140013e+00 1.132182e+00 1.124696e+00 1.117543e+00 1.110713e+00 1.104193e+00 1.097975e+00 1.092048e+00 1.086403e+00 1.081030e+00 1.075923e+00 1.071072e+00 1.066470e+00 1.062110e+00 1.057985e+00 1.054088e+00 1.050413e+00 1.046954e+00 1.043707e+00 1.040666e+00 1.037826e+00 1.035182e+00 1.032731e+00 1.030469e+00 1.028391e+00 1.026496e+00 1.024779e+00 1.023239e+00 1.021872e+00 1.020677e+00 1.019652e+00 1.018794e+00 1.018104e+00 1.017579e+00 1.017219e+00 1.017023e+00 1.016991e+00 1.017123e+00 1.017419e+00 1.017880e+00 1.018506e+00 1.019298e+00 1.020258e+00 1.021387e+00 1.022687e+00 1.024159e+00 1.025807e+00 1.027632e+00 1.029639e+00 1.031829e+00 1.034206e+00 1.036774e+00 1.039537e+00 1.042500e+00 1.045666e+00 1.049042e+00 1.052632e+00 1.056441e+00 1.060477e+00 1.064745e+00 1.069252e+00 1.074006e+00 1.079012e+00 1.087264e+00 1.097708e+00 1.107382e+00 1.116305e+00 1.124496e+00 1.131973e+00 1.138751e+00
1.723604e+00 1.730577e+00 1.737213e+00 1.743521e+00 1.749508e+00 1.755182e+00 1.760550e+00 1.765240e+00 1.769192e+00 1.772791e+00 1.776039e+00 1.778940e+00 1.781498e+00 1.783713e+00 1.785590e+00 1.787129e+00 1.788332e+00 1.789200e+00 1.789734e+00 1.789936e+00 1.789804e+00 1.789339e+00 1.788540e+00 1.787406e+00 1.785937e+00 1.784131e+00 1.781986e+00 1.779500e+00 1.776671e+00 1.773495e+00 1.769969e+00 1.766091e+00 1.761855e+00 1.757258e+00 1.752296e+00 1.746962e+00 1.741253e+00 1.735162e+00 1.728682e+00 1.721808e+00 1.714533e+00 1.706849e+00 1.698749e+00 1.690225e+00 1.681267e+00 1.671868e+00 1.662017e+00 1.651705e+00 1.640922e+00 1.629656e+00 1.617896e+00 1.605631e+00 1.592849e+00 1.579535e+00 1.565678e+00 1.551264e+00 1.536277e+00 1.520703e+00 1.504526e+00 1.487730e+00 1.470299e+00 1.452214e+00 1.433458e+00 1.414011e+00 1.393856e+00 1.372970e+00 1.351333e+00 1.328924e+00 1.305721e+00 1.281699e+00 1.256835e+00 1.231104e+00 1.204480e+00 1.178587e+00 1.155379e+00 1.133146e+00 1.111834e+00 1.091390e+00 1.071764e+00 1.052907e+00
2.637421e+00 2.678220e+00 2.719868e+00 2.762416e+00 2.805916e+00 2.850424e+00 2.895995e+00 2.942201e+00 2.986145e+00 3.028325e+00 3.068750e+00 3.107428e+00 3.144369e+00 3.179582e+00 3.213073e+00 3.244852e+00 3.274924e+00 3.303298e+00 3.329980e+00 3.354975e+00 3.378289e+00 3.399928e+00 3.419897e+00 3.438200e+00 3.454841e+00 3.469825e+00 3.483154e+00 3.494832e+00 3.504861e+00 3.513244e+00 3.519983e+00 3.525079e+00 3.528533e+00 3.530346e+00 3.530518e+00 3.529050e+00 3.525942e+00 3.521191e+00 3.514799e+00 3.506762e+00 3.497079e+00 3.485748e+00 3.472766e+00 3.458131e+00 3.441839e+00 3.423886e+00 3.404268e+00 3.382980e+00 3.360019e+00 3.335378e+00 3.309052e+00 3.281034e+00 3.251320e+00 3.219901e+00 3.186770e+00 3.151920e+00 3.115344e+00 3.077031e+00 3.036975e+00 2.995165e+00 2.951593e+00 2.906247e+00 2.859118e+00 2.810195e+00 2.759467e+00 2.706923e+00 2.652549e+00 2.596334e+00 2.538265e+00 2.478328e+00 2.416510e+00 2.352797e+00 2.287174e+00 2.211789e+00 2.133191e+00 2.058946e+00 1.988798e+00 1.922505e+00 1.859836e+00 1.800577e+00
1.828486e+00 1.839341e+00 1.849996e+00 1.860463e+00 1.870755e+00 1.880887e+00 1.890869e+00 1.898284e+00 1.902896e+00 1.907140e+00 1.911017e+00 1.914529e+00 1.917677e+00 1.920463e+00 1.922888e+00 1.924954e+00 1.926661e+00 1.928011e+00 1.929003e+00 1.929639e+00 1.929918e+00 1.929841e+00 1.929408e+00 1.928618e+00 1.927471e+00 1.925967e+00 1.924105e+00 1.921884e+00 1.919302e+00 1.916360e+00 1.913055e+00 1.909386e+00 1.905350e+00 1.900947e+00 1.896174e+00 1.891029e+00 1.885510e+00 1.879613e+00 1.873336e+00 1.866676e+00 1.859630e+00 1.852195e+00 1.844367e+00 1.836143e+00 1.827518e+00 1.818488e+00 1.809050e+00 1.799199e+00 1.788929e+00 1.778237e+00 1.767118e+00 1.755565e+00 1.743574e+00 1.731139e+00 1.718254e+00 1.704913e+00 1.691110e+00 1.676838e+00 1.662090e+00 1.646861e+00 1.631141e+00 1.614925e+00 1.598204e+00 1.580970e+00 1.563216e+00 1.544932e+00 1.526111e+00 1.506744e+00 1.486821e+00 1.466333e+00 1.445270e+00 1.423622e+00 1.401380e+00 1.372449e+00 1.339031e+00 1.307122e+00 1.276640e+00 1.247507e+00 1.219648e+00 1.192992e+00
1.745034e+00 1.752800e+00 1.760257e+00 1.767415e+00 1.774282e+00 1.780866e+00 1.787177e+00 1.791872e+00 1.795039e+00 1.798029e+00 1.800844e+00 1.803487e+00 1.805958e+00 1.808260e+00 1.810394e+00 1.812362e+00 1.814164e+00 1.815803e+00 1.817279e+00 1.818593e+00 1.819746e+00 1.820739e+00 1.821573e+00 1.822248e+00 1.822764e+00 1.823122e+00 1.823323e+00 1.823365e+00 1.823250e+00 1.822978e+00 1.822547e+00 1.821958e+00 1.821210e+00 1.820304e+00 1.819237e+00 1.818010e+00 1.816622e+00 1.815071e+00 1.813357e+00 1.811479e+00 1.809435e+00 1.807224e+00 1.804845e+00 1.802295e+00 1.799574e+00 1.796679e+00 1.793608e+00 1.790359e+00 1.786931e+00 1.783320e+00 1.779525e+00 1.775543e+00 1.771371e+00 1.767006e+00 1.762445e+00 1.757686e+00 1.752725e+00 1.747559e+00 1.742185e+00 1.736597e+00 1.730794e+00 1.724771e+00 1.718524e+00 1.712049e+00 1.705341e+00 1.698397e+00 1.691210e+00 1.683777e+00 1.676093e+00 1.668151e+00 1.659948e+00 1.651477e+00 1.642733e+00 1.633989e+00 1.625240e+00 1.616200e+00 1.606864e+00 1.597226e+00 1.587281e+00 1.577021e+00
1.168000e+00 1.154406e+00 1.139756e+00 1.124029e+00 1.107208e+00 1.089271e+00 1.070196e+00 1.048658e+00 1.027224e+00 1.007108e+00 9.882279e-01 9.705083e-01 9.538777e-01 9.382689e-01 9.236193e-01 9.098697e-01 8.969647e-01 8.848524e-01 8.734839e-01 8.628135e-01 8.527981e-01 8.433974e-01 8.345735e-01 8.262910e-01 8.185163e-01 8.112182e-01 8.043673e-01 7.979360e-01 7.918984e-01 7.862301e-01 7.809083e-01 7.759115e-01 7.712197e-01 7.668140e-01 7.626765e-01 7.587906e-01 7.551406e-01 7.517120e-01 7.484907e-01 7.454639e-01 7.426194e-01 7.399456e-01 7.374319e-01 7.350681e-01 7.328447e-01 7.307527e-01 7.287836e-01 7.269297e-01 7.251833e-01 7.235375e-01 7.219856e-01 7.205213e-01 7.191388e-01 7.178326e-01 7.165972e-01 7.154279e-01 7.143197e-01 7.132684e-01 7.122696e-01 7.113193e-01 7.104137e-01 7.095492e-01 7.087222e-01 7.079295e-01 7.071677e-01 7.064340e-01 7.057253e-01 7.050387e-01 7.043715e-01 7.037210e-01 7.030846e-01 7.024597e-01 7.018439e-01 7.010663e-01 7.001476e-01 6.992501e-01 6.983682e-01 6.974963e-01 6.966289e-01 6.957606e-01
2.848312e+00 2.896919e+00 2.946646e+00 2.997557e+00 3.049715e+00 3.103185e+00 3.158035e+00 3.208776e+00 3.252281e+00 3.294112e+00 3.334271e+00 3.372764e+00 3.409593e+00 3.444762e+00 3.478277e+00 3.510138e+00 3.540351e+00 3.568917e+00 3.595841e+00 3.621124e+00 3.644769e+00 3.666778e+00 3.687155e+00 3.705900e+00 3.723017e+00 3.738506e+00 3.752369e+00 3.764607e+00 3.775222e+00 3.784216e+00 3.791588e+00 3.797339e+00 3.801471e+00 3.803983e+00 3.804876e+00 3.804150e+00 3.801805e+00 3.797840e+00 3.792255e+00 3.785050e+00 3.776224e+00 3.765776e+00 3.753705e+00 3.740010e+00 3.724688e+00 3.707740e+00 3.689163e+00 3.668954e+00 3.647113e+00 3.623636e+00 3.598522e+00 3.571768e+00 3.543371e+00 3.513329e+00 3.481637e+00 3.448293e+00 3.413294e+00 3.376636e+00 3.338316e+00 3.298328e+00 3.256670e+00 3.213338e+00 3.168325e+00 3.121629e+00 3.073244e+00 3.023166e+00 2.971388e+00 2.917907e+00 2.862717e+00 2.805811e+00 2.747184e+00 2.686831e+00 2.624745e+00 2.553744e+00 2.479029e+00 2.407604e+00 2.339302e+00 2.273966e+00 2.211443e+00 2.151588e+00
2.402659e+00 2.434769e+00 2.467422e+00 2.500660e+00 2.534523e+00 2.569055e+00 2.604297e+00 2.633293e+00 2.654341e+00 2.674449e+00 2.693620e+00 2.711860e+00 2.729172e+00 2.745560e+00 2.761028e+00 2.775579e+00 2.789216e+00 2.801943e+00 2.813762e+00 2.824676e+00 2.834687e+00 2.843797e+00 2.852009e+00 2.859324e+00 2.865744e+00 2.871271e+00 2.875904e+00 2.879647e+00 2.882499e+00 2.884460e+00 2.885533e+00 2.885715e+00 2.885009e+00 2.883413e+00 2.880927e+00 2.877551e+00 2.873284e+00 2.868125e+00 2.862073e+00 2.855126e+00 2.847283e+00 2.838543e+00 2.828902e+00 2.818360e+00 2.806914e+00 2.794560e+00 2.781298e+00 2.767123e+00 2.752032e+00 2.736023e+00 2.719092e+00 2.701234e+00 2.682446e+00 2.662724e+00 2.642063e+00 2.620459e+00 2.597907e+00 2.574403e+00 2.549940e+00 2.524513e+00 2.498118e+00 2.470747e+00 2.442396e+00 2.413057e+00 2.382724e+00 2.351391e+00 2.319050e+00 2.285695e+00 2.251318e+00 2.215911e+00 2.179467e+00 2.141977e+00 2.103434e+00 2.031210e+00 1.933952e+00 1.843721e+00 1.760002e+00 1.682315e+00 1.610215e+00 1.543289e+00
2.107927e+00 2.129127e+00 2.150488e+00 2.172037e+00 2.193801e+00 2.215807e+00 2.238083e+00 2.255689e+00 2.267826e+00 2.279469e+00 2.290622e+00 2.301289e+00 2.311475e+00 2.321183e+00 2.330419e+00 2.339184e+00 2.347484e+00 2.355320e+00 2.362697e+00 2.369617e+00 2.376083e+00 2.382098e+00 2.387663e+00 2.392782e+00 2.397456e+00 2.401687e+00 2.405477e+00 2.408827e+00 2.411738e+00 2.414212e+00 2.416251e+00 2.417853e+00 2.419021e+00 2.419755e+00 2.420054e+00 2.419920e+00 2.419351e+00 2.418349e+00 2.416912e+00 2.415039e+00 2.412731e+00 2.409986e+00 2.406803e+00 2.403181e+00 2.399118e+00 2.394613e+00 2.389664e+00 2.384269e+00 2.378425e+00 2.372132e+00 2.365385e+00 2.358182e+00 2.350521e+00 2.342398e+00 2.333810e+00 2.324754e+00 2.315226e+00 2.305222e+00 2.294738e+00 2.283771e+00 2.272315e+00 2.260367e+00 2.247920e+00 2.234972e+00 2.221515e+00 2.207545e+00 2.193057e+00 2.178044e+00 2.162501e+00 2.146421e+00 2.129798e+00 2.112625e+00 2.094895e+00 2.075482e+00 2.055016e+00 2.034603e+00 2.014227e+00 1.993872e+00 1.973520e+00 1.953158e+00
1.145092e+00 1.130650e+00 1.115122e+00 1.098487e+00 1.080726e+00 1.061815e+00 1.041732e+00 1.022022e+00 1.004922e+00 9.888080e-01 9.736295e-01 9.593396e-01 9.458940e-01 9.332509e-01 9.213712e-01 9.102180e-01 8.997568e-01 8.899551e-01 8.807825e-01 8.722105e-01 8.642126e-01 8.567640e-01 8.498415e-01 8.434238e-01 8.374908e-01 8.320243e-01 8.270072e-01 8.224239e-01 8.182604e-01 8.145036e-01 8.111419e-01 8.081650e-01 8.055634e-01 8.033293e-01 8.014556e-01 7.999366e-01 7.987675e-01 7.979447e-01 7.974657e-01 7.973289e-01 7.975340e-01 7.980816e-01 7.989734e-01 8.002121e-01 8.018016e-01 8.037469e-01 8.060538e-01 8.087297e-01 8.117828e-01 8.152226e-01 8.190597e-01 8.233061e-01 8.279749e-01 8.330805e-01 8.386389e-01 8.446673e-01 8.511843e-01 8.582101e-01 8.657667e-01 8.738773e-01 8.825671e-01 8.918632e-01 9.017942e-01 9.123911e-01 9.236867e-01 9.357159e-01 9.485162e-01 9.621272e-01 9.765911e-01 9.919528e-01 1.008260e+00 1.025563e+00 1.043916e+00 1.059745e+00 1.071117e+00 1.081668e+00 1.091401e+00 1.100323e+00 1.108436e+00 1.115746e+00
1.438377e+00 1.434792e+00 1.430500e+00 1.425496e+00 1.419775e+00 1.413328e+00 1.406147e+00 1.399694e+00 1.394848e+00 1.390132e+00 1.385541e+00 1.381069e+00 1.376711e+00 1.372462e+00 1.368316e+00 1.364269e+00 1.360314e+00 1.356449e+00 1.352667e+00 1.348964e+00 1.345336e+00 1.341778e+00 1.338286e+00 1.334856e+00 1.331483e+00 1.328164e+00 1.324894e+00 1.321669e+00 1.318485e+00 1.315339e+00 1.312226e+00 1.309144e+00 1.306087e+00 1.303053e+00 1.300037e+00 1.297036e+00 1.294046e+00 1.291064e+00 1.288086e+00 1.285109e+00 1.282128e+00 1.279140e+00 1.276141e+00 1.273129e+00 1.270098e+00 1.267046e+00 1.263968e+00 1.260861e+00 1.257722e+00 1.254545e+00 1.251328e+00 1.248067e+00 1.244756e+00 1.241394e+00 1.237974e+00 1.234494e+00 1.230949e+00 1.227334e+00 1.223646e+00 1.219879e+00 1.216029e+00 1.212091e+00 1.208061e+00 1.203934e+00 1.199704e+00 1.195367e+00 1.190916e+00 1.186348e+00 1.181655e+00 1.176833e+00 1.171876e+00 1.166777e+00 1.161530e+00 1.154056e+00 1.144810e+00 1.135840e+00 1.127122e+00 1.118633e+00 1.110350e+00 1.102250e+00
2.691729e+00 2.734539e+00 2.778267e+00 2.822969e+00 2.868699e+00 2.915515e+00 2.963475e+00 3.012029e+00 3.058030e+00 3.102097e+00 3.144237e+00 3.184457e+00 3.222763e+00 3.259162e+00 3.293660e+00 3.326262e+00 3.356974e+00 3.385801e+00 3.412747e+00 3.437817e+00 3.461015e+00 3.482346e+00 3.501812e+00 3.519416e+00 3.535162e+00 3.549053e+00 3.561089e+00 3.571275e+00 3.579610e+00 3.586097e+00 3.590736e+00 3.593529e+00 3.594475e+00 3.593575e+00 3.590830e+00 3.586237e+00 3.579797e+00 3.571509e+00 3.561371e+00 3.549381e+00 3.535538e+00 3.519839e+00 3.502281e+00 3.482863e+00 3.461580e+00 3.438429e+00 3.413406e+00 3.386508e+00 3.357729e+00 3.327065e+00 3.294511e+00 3.260061e+00 3.223711e+00 3.185453e+00 3.145282e+00 3.103190e+00 3.059172e+00 3.013220e+00 2.965326e+00 2.915482e+00 2.863681e+00 2.809913e+00 2.754169e+00 2.696442e+00 2.636720e+00 2.574995e+00 2.511256e+00 2.445492e+00 2.377693e+00 2.307848e+00 2.235944e+00 2.161971e+00 2.085917e+00 2.026212e+00 1.986057e+00 1.946959e+00 1.908873e+00 1.871754e+00 1.835558e+00 1.800241e+00
1.520070e+00 1.519508e+00 1.518346e+00 1.516583e+00 1.514214e+00 1.511239e+00 1.507653e+00 1.502881e+00 1.497854e+00 1.493130e+00 1.488699e+00 1.484550e+00 1.480673e+00 1.477060e+00 1.473701e+00 1.470591e+00 1.467720e+00 1.465082e+00 1.462672e+00 1.460483e+00 1.458511e+00 1.456751e+00 1.455198e+00 1.453850e+00 1.452703e+00 1.451755e+00 1.451002e+00 1.450444e+00 1.450080e+00 1.449907e+00 1.449927e+00 1.450138e+00 1.450542e+00 1.451140e+00 1.451932e+00 1.452921e+00 1.454109e+00 1.455499e+00 1.457093e+00 1.458896e+00 1.460912e+00 1.463146e+00 1.465602e+00 1.468287e+00 1.471206e+00 1.474367e+00 1.477776e+00 1.481443e+00 1.485374e+00 1.489580e+00 1.494070e+00 1.498855e+00 1.503945e+00 1.509353e+00 1.515091e+00 1.521173e+00 1.527612e+00 1.534424e+00 1.541624e+00 1.549229e+00 1.557257e+00 1.565727e+00 1.574658e+00 1.584071e+00 1.593987e+00 1.604430e+00 1.615425e+00 1.626996e+00 1.639171e+00 1.651978e+00 1.665446e+00 1.679608e+00 1.694495e+00 1.706222e+00 1.713091e+00 1.719028e+00 1.724034e+00 1.728110e+00 1.731259e+00 1.733482e+00
1.484551e+00 1.482675e+00 1.480152e+00 1.476980e+00 1.473153e+00 1.468669e+00 1.463520e+00 1.458166e+00 1.453547e+00 1.449189e+00 1.445085e+00 1.441228e+00 1.437612e+00 1.434232e+00 1.431081e+00 1.428155e+00 1.425448e+00 1.422957e+00 1.420677e+00 1.418605e+00 1.416737e+00 1.415071e+00 1.413603e+00 1.412331e+00 1.411253e+00 1.410368e+00 1.409674e+00 1.409169e+00 1.408853e+00 1.408726e+00 1.408787e+00 1.409036e+00 1.409474e+00 1.410102e+00 1.410920e+00 1.411930e+00 1.413133e+00 1.414532e+00 1.416128e+00 1.417925e+00 1.419925e+00 1.422131e+00 1.424547e+00 1.427178e+00 1.430026e+00 1.433098e+00 1.436397e+00 1.439929e+00 1.443700e+00 1.447717e+00 1.451984e+00 1.456511e+00 1.461303e+00 1.466369e+00 1.471717e+00 1.477355e+00 1.483293e+00 1.489540e+00 1.496107e+00 1.503004e+00 1.510242e+00 1.517834e+00 1.525791e+00 1.534126e+00 1.542853e+00 1.551987e+00 1.561541e+00 1.571532e+00 1.581975e+00 1.592888e+00 1.604288e+00 1.616194e+00 1.628625e+00 1.647748e+00 1.671454e+00 1.693636e+00 1.714327e+00 1.733559e+00 1.751361e+00 1.767761e+00
2.777168e+00 2.823141e+00 2.870143e+00 2.918232e+00 2.967470e+00 3.017916e+00 3.069635e+00 3.116039e+00 3.154819e+00 3.192640e+00 3.229512e+00 3.265445e+00 3.300451e+00 3.334539e+00 3.367720e+00 3.400002e+00 3.431396e+00 3.461910e+00 3.491553e+00 3.520334e+00 3.548261e+00 3.575342e+00 3.601585e+00 3.626998e+00 3.651588e+00 3.675362e+00 3.698326e+00 3.720489e+00 3.741855e+00 3.762432e+00 3.782224e+00 3.801239e+00 3.819481e+00 3.836955e+00 3.853668e+00 3.869623e+00 3.884825e+00 3.899279e+00 3.912988e+00 3.925958e+00 3.938190e+00 3.949690e+00 3.960460e+00 3.970504e+00 3.979824e+00 3.988423e+00 3.996304e+00 4.003469e+00 4.009919e+00 4.015658e+00 4.020685e+00 4.025004e+00 4.028615e+00 4.031519e+00 4.033717e+00 4.035210e+00 4.035998e+00 4.036082e+00 4.035461e+00 4.034135e+00 4.032103e+00 4.029366e+00 4.025923e+00 4.021772e+00 4.016912e+00 4.011342e+00 4.005060e+00 3.998065e+00 3.990354e+00 3.981925e+00 3.972776e+00 3.962904e+00 3.952306e+00 3.939972e+00 3.925443e+00 3.909724e+00 3.892810e+00 3.874696e+00 3.855379e+00 3.834852e+00
1.435768e+00 1.432087e+00 1.427695e+00 1.422588e+00 1.416759e+00 1.410201e+00 1.402906e+00 1.396809e+00 1.392703e+00 1.388640e+00 1.384616e+00 1.380627e+00 1.376669e+00 1.372738e+00 1.368831e+00 1.364944e+00 1.361072e+00 1.357214e+00 1.353364e+00 1.349518e+00 1.345675e+00 1.341829e+00 1.337976e+00 1.334115e+00 1.330239e+00 1.326347e+00 1.322434e+00 1.318496e+00 1.314530e+00 1.310532e+00 1.306497e+00 1.302423e+00 1.298305e+00 1.294140e+00 1.289922e+00 1.285649e+00 1.281316e+00 1.276920e+00 1.272455e+00 1.267917e+00 1.263303e+00 1.258607e+00 1.253826e+00 1.248955e+00 1.243988e+00 1.238922e+00 1.233752e+00 1.228472e+00 1.223077e+00 1.217562e+00 1.211923e+00 1.206153e+00 1.200247e+00 1.194200e+00 1.188005e+00 1.181657e+00 1.175149e+00 1.168476e+00 1.161631e+00 1.154607e+00 1.147398e+00 1.139997e+00 1.132396e+00 1.124589e+00 1.116568e+00 1.108325e+00 1.099853e+00 1.091142e+00 1.082186e+00 1.072975e+00 1.063501e+00 1.053754e+00 1.043725e+00 1.033036e+00 1.022201e+00 1.011572e+00 1.001133e+00 9.908669e-01 9.807582e-01 9.707912e-01
1.331961e+00 1.324437e+00 1.316068e+00 1.306844e+00 1.296754e+00 1.285785e+00 1.273922e+00 1.260956e+00 1.248444e+00 1.236553e+00 1.225250e+00 1.214508e+00 1.204299e+00 1.194596e+00 1.185375e+00 1.176612e+00 1.168285e+00 1.160373e+00 1.152855e+00 1.145711e+00 1.138925e+00 1.132477e+00 1.126353e+00 1.120535e+00 1.115010e+00 1.109763e+00 1.104780e+00 1.100049e+00 1.095558e+00 1.091296e+00 1.087250e+00 1.083412e+00 1.079770e+00 1.076317e+00 1.073042e+00 1.069938e+00 1.066996e+00 1.064210e+00 1.061572e+00 1.059075e+00 1.056712e+00 1.054479e+00 1.052368e+00 1.050375e+00 1.048495e+00 1.046723e+00 1.045053e+00 1.043483e+00 1.042007e+00 1.040623e+00 1.039326e+00 1.038113e+00 1.036981e+00 1.035928e+00 1.034950e+00 1.034046e+00 1.033212e+00 1.032446e+00 1.031747e+00 1.031114e+00 1.030543e+00 1.030034e+00 1.029585e+00 1.029196e+00 1.028865e+00 1.028592e+00 1.028375e+00 1.028215e+00 1.028110e+00 1.028061e+00 1.028067e+00 1.028129e+00 1.028246e+00 1.028404e+00 1.028291e+00 1.027922e+00 1.027297e+00 1.026414e+00 1.025273e+00 1.023870e+00
1.468437e+00 1.465965e+00 1.462825e+00 1.459013e+00 1.454525e+00 1.449356e+00 1.443498e+00 1.438055e+00 1.433809e+00 1.429644e+00 1.425556e+00 1.421539e+00 1.417589e+00 1.413701e+00 1.409870e+00 1.406091e+00 1.402360e+00 1.398673e+00 1.395024e+00 1.391410e+00 1.387826e+00 1.384268e+00 1.380732e+00 1.377212e+00 1.373706e+00 1.370209e+00 1.366716e+00 1.363223e+00 1.359726e+00 1.356221e+00 1.352704e+00 1.349170e+00 1.345615e+00 1.342035e+00 1.338425e+00 1.334781e+00 1.331099e+00 1.327375e+00 1.323602e+00 1.319778e+00 1.315898e+00 1.311956e+00 1.307949e+00 1.303870e+00 1.299716e+00 1.295481e+00 1.291161e+00 1.286749e+00 1.282240e+00 1.277630e+00 1.272912e+00 1.268082e+00 1.263132e+00 1.258057e+00 1.252851e+00 1.247508e+00 1.242020e+00 1.236382e+00 1.230587e+00 1.224627e+00 1.218496e+00 1.212186e+00 1.205689e+00 1.198998e+00 1.192104e+00 1.184999e+00 1.177675e+00 1.170123e+00 1.162332e+00 1.154295e+00 1.146002e+00 1.137441e+00 1.128604e+00 1.118940e+00 1.108949e+00 1.099155e+00 1.089537e+00 1.080078e+00 1.070762e+00 1.061570e+00
1.651788e+00 1.656103e+00 1.659988e+00 1.663448e+00 1.666487e+00 1.669109e+00 1.671317e+00 1.673269e+00 1.675133e+00 1.676757e+00 1.678145e+00 1.679297e+00 1.680217e+00 1.680906e+00 1.681364e+00 1.681593e+00 1.681593e+00 1.681363e+00 1.680904e+00 1.680215e+00 1.679295e+00 1.678141e+00 1.676753e+00 1.675129e+00 1.673264e+00 1.671157e+00 1.668805e+00 1.666202e+00 1.663346e+00 1.660232e+00 1.656854e+00 1.653207e+00 1.649285e+00 1.645083e+00 1.640592e+00 1.635807e+00 1.630719e+00 1.625320e+00 1.619602e+00 1.613555e+00 1.607170e+00 1.600437e+00 1.593343e+00 1.585879e+00 1.578033e+00 1.569790e+00 1.561140e+00 1.552066e+00 1.542556e+00 1.532593e+00 1.522162e+00 1.511246e+00 1.499827e+00 1.487887e+00 1.475407e+00 1.462367e+00 1.448746e+00 1.434522e+00 1.419672e+00 1.404172e+00 1.387998e+00 1.371123e+00 1.353521e+00 1.335163e+00 1.316020e+00 1.296060e+00 1.275252e+00 1.253563e+00 1.230958e+00 1.207400e+00 1.182851e+00 1.157273e+00 1.130623e+00 1.103341e+00 1.078088e+00 1.054284e+00 1.031834e+00 1.010650e+00 9.906473e-01 9.717466e-01
1.561877e+00 1.562863e+00 1.563303e+00 1.563197e+00 1.562545e+00 1.561346e+00 1.559599e+00 1.557771e+00 1.556309e+00 1.554744e+00 1.553075e+00 1.551300e+00 1.549417e+00 1.547425e+00 1.545322e+00 1.543106e+00 1.540776e+00 1.538328e+00 1.535762e+00 1.533074e+00 1.530263e+00 1.527326e+00 1.524259e+00 1.521062e+00 1.517730e+00 1.514261e+00 1.510651e+00 1.506898e+00 1.502998e+00 1.498948e+00 1.494744e+00 1.490383e+00 1.485860e+00 1.481172e+00 1.476314e+00 1.471282e+00 1.466072e+00 1.460679e+00 1.455099e+00 1.449326e+00 1.443355e+00 1.437181e+00 1.430798e+00 1.424202e+00 1.417385e+00 1.410343e+00 1.403068e+00 1.395554e+00 1.387796e+00 1.379785e+00 1.371515e+00 1.362978e+00 1.354167e+00 1.345075e+00 1.335692e+00 1.326011e+00 1.316024e+00 1.305721e+00 1.295092e+00 1.284130e+00 1.272824e+00 1.261164e+00 1.249140e+00 1.236742e+00 1.223957e+00 1.210775e+00 1.197185e+00 1.183174e+00 1.168730e+00 1.153839e+00 1.138490e+00 1.122668e+00 1.106360e+00 1.084553e+00 1.059200e+00 1.035206e+00 1.012488e+00 9.909655e-01 9.705634e-01 9.512099e-01
1.182485e+00 1.169427e+00 1.155332e+00 1.140180e+00 1.123953e+00 1.106632e+00 1.088194e+00 1.073258e+00 1.063370e+00 1.053869e+00 1.044740e+00 1.035969e+00 1.027542e+00 1.019446e+00 1.011667e+00 1.004193e+00 9.970117e-01 9.901121e-01 9.834830e-01 9.771137e-01 9.709941e-01 9.651144e-01 9.594651e-01 9.540372e-01 9.488221e-01 9.438113e-01 9.389969e-01 9.343711e-01 9.299266e-01 9.256562e-01 9.215531e-01 9.176107e-01 9.138228e-01 9.101832e-01 9.066862e-01 9.033261e-01 9.000975e-01 8.969954e-01 8.940146e-01 8.911505e-01 8.883985e-01 8.857542e-01 8.832132e-01 8.807717e-01 8.784256e-01 8.761712e-01 8.740049e-01 8.719232e-01 8.699228e-01 8.680005e-01 8.661533e-01 8.643780e-01 8.626720e-01 8.610325e-01 8.594569e-01 8.579426e-01 8.564872e-01 8.550884e-01 8.537440e-01 8.524517e-01 8.512096e-01 8.500156e-01 8.488679e-01 8.477645e-01 8.467038e-01 8.456840e-01 8.447035e-01 8.437607e-01 8.428541e-01 8.419823e-01 8.411439e-01 8.403375e-01 8.395619e-01 8.388179e-01 8.378685e-01 8.367102e-01 8.353415e-01 8.337605e-01 8.319653e-01 8.299535e-01
1.772047e+00 1.780813e+00 1.789306e+00 1.797535e+00 1.805510e+00 1.813243e+00 1.820742e+00 1.830493e+00 1.842057e+00 1.852982e+00 1.863288e+00 1.872995e+00 1.882123e+00 1.890689e+00 1.898709e+00 1.906199e+00 1.913174e+00 1.919646e+00 1.925629e+00 1.931134e+00 1.936171e+00 1.940751e+00 1.944882e+00 1.948573e+00 1.951829e+00 1.954659e+00 1.957066e+00 1.959057e+00 1.960634e+00 1.961800e+00 1.962559e+00 1.962911e+00 1.962857e+00 1.962397e+00 1.961530e+00 1.960255e+00 1.958569e+00 1.956468e+00 1.953949e+00 1.951006e+00 1.947635e+00 1.943828e+00 1.939579e+00 1.934878e+00 1.929718e+00 1.924087e+00 1.917975e+00 1.911371e+00 1.904261e+00 1.896631e+00 1.888468e+00 1.879755e+00 1.870475e+00 1.860610e+00 1.850142e+00 1.839049e+00 1.827312e+00 1.814906e+00 1.801808e+00 1.787993e+00 1.773433e+00 1.758102e+00 1.741968e+00 1.725001e+00 1.707169e+00 1.688436e+00 1.668766e+00 1.648122e+00 1.626463e+00 1.603748e+00 1.579932e+00 1.554970e+00 1.528813e+00 1.510447e+00 1.500971e+00 1.491341e+00 1.481549e+00 1.471585e+00 1.461443e+00 1.451113e+00
1.269828e+00 1.260004e+00 1.249254e+00 1.237566e+00 1.224925e+00 1.211316e+00 1.196720e+00 1.173651e+00 1.145433e+00 1.119360e+00 1.095274e+00 1.073026e+00 1.052479e+00 1.033507e+00 1.015993e+00 9.998304e-01 9.849187e-01 9.711668e-01 9.584900e-01 9.468104e-01 9.360563e-01 9.261616e-01 9.170655e-01 9.087119e-01 9.010497e-01 8.940316e-01 8.876146e-01 8.817593e-01 8.764295e-01 8.715927e-01 8.672190e-01 8.632815e-01 8.597561e-01 8.566211e-01 8.538572e-01 8.514474e-01 8.493770e-01 8.476331e-01 8.462051e-01 8.450843e-01 8.442636e-01 8.437381e-01 8.435046e-01 8.435615e-01 8.439093e-01 8.445501e-01 8.454878e-01 8.467282e-01 8.482789e-01 8.501494e-01 8.523513e-01 8.548981e-01 8.578054e-01 8.610911e-01 8.647754e-01 8.688810e-01 8.734330e-01 8.784595e-01 8.839913e-01 8.900625e-01 8.967103e-01 9.039756e-01 9.119032e-01 9.205416e-01 9.299441e-01 9.401683e-01 9.512772e-01 9.633390e-01 9.764278e-01 9.906242e-01 1.006015e+00 1.022696e+00 1.040768e+00 1.054595e+00 1.062029e+00 1.068828e+00 1.075001e+00 1.080555e+00 1.085498e+00 1.089837e+00
1.134044e+00 1.119193e+00 1.103241e+00 1.086168e+00 1.067953e+00 1.048573e+00 1.028004e+00 1.009182e+00 9.941410e-01 9.798786e-01 9.663577e-01 9.535428e-01 9.414005e-01 9.298990e-01 9.190083e-01 9.086999e-01 8.989468e-01 8.897236e-01 8.810061e-01 8.727715e-01 8.649984e-01 8.576664e-01 8.507563e-01 8.442502e-01 8.381309e-01 8.323824e-01 8.269899e-01 8.219391e-01 8.172168e-01 8.128107e-01 8.087094e-01 8.049020e-01 8.013786e-01 7.981300e-01 7.951478e-01 7.924240e-01 7.899517e-01 7.877243e-01 7.857360e-01 7.839817e-01 7.824566e-01 7.811569e-01 7.800792e-01 7.792206e-01 7.785789e-01 7.781523e-01 7.779399e-01 7.779410e-01 7.781557e-01 7.785845e-01 7.792284e-01 7.800893e-01 7.811694e-01 7.824714e-01 7.839988e-01 7.857556e-01 7.877464e-01 7.899763e-01 7.924512e-01 7.951776e-01 7.981626e-01 8.014140e-01 8.049403e-01 8.087508e-01 8.128553e-01 8.172646e-01 8.219902e-01 8.270445e-01 8.324408e-01 8.381930e-01 8.443163e-01 8.508266e-01 8.577410e-01 8.640484e-01 8.688409e-01 8.731521e-01 8.769860e-01 8.803463e-01 8.832362e-01 8.856585e-01
1.521572e+00 1.521066e+00 1.519962e+00 1.518258e+00 1.515951e+00 1.513039e+00 1.509519e+00 1.505812e+00 1.502544e+00 1.499285e+00 1.496029e+00 1.492773e+00 1.489513e+00 1.486243e+00 1.482960e+00 1.479660e+00 1.476337e+00 1.472989e+00 1.469609e+00 1.466194e+00 1.462739e+00 1.459239e+00 1.455691e+00 1.452088e+00 1.448427e+00 1.444703e+00 1.440910e+00 1.437044e+00 1.433099e+00 1.429070e+00 1.424953e+00 1.420740e+00 1.416428e+00 1.412010e+00 1.407480e+00 1.402832e+00 1.398060e+00 1.393158e+00 1.388120e+00 1.382938e+00 1.377606e+00 1.372116e+00 1.366461e+00 1.360635e+00 1.354629e+00 1.348435e+00 1.342044e+00 1.335450e+00 1.328642e+00 1.321611e+00 1.314350e+00 1.306846e+00 1.299092e+00 1.291076e+00 1.282788e+00 1.274217e+00 1.265352e+00 1.256180e+00 1.246690e+00 1.236869e+00 1.226704e+00 1.216182e+00 1.205288e+00 1.194008e+00 1.182327e+00 1.170230e+00 1.157701e+00 1.144723e+00 1.131278e+00 1.117350e+00 1.102919e+00 1.087966e+00 1.072472e+00 1.054154e+00 1.034638e+00 1.016119e+00 9.985335e-01 9.818224e-01 9.659280e-01 9.507959e-01
1.927259e+00 1.941771e+00 1.956210e+00 1.970594e+00 1.984942e+00 1.999271e+00 2.013598e+00 2.024801e+00 2.032626e+00 2.040221e+00 2.047590e+00 2.054738e+00 2.061667e+00 2.068383e+00 2.074890e+00 2.081190e+00 2.087288e+00 2.093188e+00 2.098892e+00 2.104404e+00 2.109727e+00 2.114864e+00 2.119818e+00 2.124592e+00 2.129189e+00 2.133612e+00 2.137862e+00 2.141943e+00 2.145857e+00 2.149605e+00 2.153191e+00 2.156617e+00 2.159883e+00 2.162993e+00 2.165947e+00 2.168748e+00 2.171398e+00 2.173897e+00 2.176248e+00 2.178451e+00 2.180508e+00 2.182420e+00 2.184188e+00 2.185814e+00 2.187297e+00 2.188640e+00 2.189842e+00 2.190905e+00 2.191829e+00 2.192614e+00 2.193262e+00 2.193772e+00 2.194144e+00 2.194380e+00 2.194479e+00 2.194441e+00 2.194265e+00 2.193953e+00 2.193504e+00 2.192918e+00 2.192193e+00 2.191331e+00 2.190330e+00 2.189189e+00 2.187909e+00 2.186488e+00 2.184925e+00 2.183220e+00 2.181372e+00 2.179379e+00 2.177241e+00 2.174956e+00 2.172523e+00 2.169172e+00 2.164460e+00 2.159152e+00 2.153243e+00 2.146730e+00 2.139607e+00 2.131869e+00
1.593508e+00 1.595665e+00 1.597317e+00 1.598466e+00 1.599112e+00 1.599258e+00 1.598902e+00 1.598228e+00 1.597827e+00 1.597517e+00 1.597297e+00 1.597167e+00 1.597127e+00 1.597177e+00 1.597317e+00 1.597547e+00 1.597867e+00 1.598278e+00 1.598780e+00 1.599373e+00 1.600059e+00 1.600837e+00 1.601708e+00 1.602674e+00 1.603735e+00 1.604892e+00 1.606146e+00 1.607499e+00 1.608952e+00 1.610506e+00 1.612162e+00 1.613923e+00 1.615790e+00 1.617764e+00 1.619848e+00 1.622044e+00 1.624353e+00 1.626778e+00 1.629321e+00 1.631985e+00 1.634773e+00 1.637685e+00 1.640727e+00 1.643900e+00 1.647208e+00 1.650653e+00 1.654239e+00 1.657970e+00 1.661848e+00 1.665879e+00 1.670064e+00 1.674410e+00 1.678919e+00 1.683595e+00 1.688445e+00 1.693471e+00 1.698679e+00 1.704075e+00 1.709662e+00 1.715446e+00 1.721433e+00 1.727629e+00 1.734039e+00 1.740670e+00 1.747527e+00 1.754618e+00 1.761950e+00 1.769528e+00 1.777361e+00 1.785456e+00 1.793821e+00 1.802463e+00 1.811391e+00 1.820513e+00 1.828480e+00 1.835394e+00 1.841254e+00 1.846064e+00 1.849823e+00 1.852533e+00
2.551316e+00 2.588929e+00 2.627278e+00 2.666410e+00 2.706376e+00 2.747225e+00 2.789008e+00 2.841441e+00 2.901221e+00 2.958712e+00 3.013940e+00 3.066932e+00 3.117711e+00 3.166301e+00 3.212724e+00 3.257003e+00 3.299156e+00 3.339205e+00 3.377167e+00 3.413060e+00 3.446900e+00 3.478703e+00 3.508484e+00 3.536257e+00 3.562034e+00 3.585828e+00 3.607649e+00 3.627507e+00 3.645412e+00 3.661371e+00 3.675393e+00 3.687484e+00 3.697649e+00 3.705893e+00 3.712220e+00 3.716632e+00 3.719132e+00 3.719721e+00 3.718400e+00 3.715166e+00 3.710020e+00 3.702959e+00 3.693979e+00 3.683077e+00 3.670246e+00 3.655482e+00 3.638778e+00 3.620125e+00 3.599516e+00 3.576940e+00 3.552387e+00 3.525846e+00 3.497305e+00 3.466750e+00 3.434168e+00 3.399542e+00 3.362858e+00 3.324099e+00 3.283245e+00 3.240279e+00 3.195181e+00 3.147930e+00 3.098503e+00 3.046879e+00 2.993033e+00 2.936940e+00 2.878574e+00 2.817910e+00 2.754917e+00 2.689568e+00 2.621832e+00 2.551678e+00 2.479074e+00 2.424021e+00 2.389594e+00 2.355724e+00 2.322379e+00 2.289529e+00 2.257141e+00 2.225187e+00
2.139166e+00 2.161522e+00 2.184080e+00 2.206868e+00 2.229914e+00 2.253248e+00 2.276899e+00 2.297064e+00 2.312986e+00 2.328503e+00 2.343626e+00 2.358363e+00 2.372721e+00 2.386709e+00 2.400336e+00 2.413607e+00 2.426532e+00 2.439116e+00 2.451368e+00 2.463294e+00 2.474901e+00 2.486194e+00 2.497182e+00 2.507869e+00 2.518262e+00 2.528367e+00 2.538189e+00 2.547734e+00 2.557007e+00 2.566014e+00 2.574758e+00 2.583247e+00 2.591483e+00 2.599472e+00 2.607218e+00 2.614726e+00 2.621999e+00 2.629042e+00 2.635859e+00 2.642454e+00 2.648830e+00 2.654991e+00 2.660940e+00 2.666681e+00 2.672217e+00 2.677551e+00 2.682686e+00 2.687625e+00 2.692370e+00 2.696925e+00 2.701292e+00 2.705473e+00 2.709471e+00 2.713288e+00 2.716925e+00 2.720386e+00 2.723672e+00 2.726785e+00 2.729727e+00 2.732499e+00 2.735102e+00 2.737539e+00 2.739811e+00 2.741919e+00 2.743863e+00 2.745646e+00 2.747269e+00 2.748731e+00 2.750034e+00 2.751179e+00 2.752167e+00 2.752997e+00 2.753671e+00 2.754151e+00 2.753372e+00 2.751372e+00 2.748150e+00 2.743708e+00 2.738043e+00 2.731155e+00
1.209921e+00 1.197879e+00 1.184834e+00 1.170771e+00 1.155670e+00 1.139515e+00 1.122284e+00 1.100679e+00 1.077474e+00 1.055839e+00 1.035674e+00 1.016887e+00 9.993896e-01 9.831027e-01 9.679508e-01 9.538642e-01 9.407779e-01 9.286316e-01 9.173694e-01 9.069395e-01 8.972937e-01 8.883877e-01 8.801804e-01 8.726340e-01 8.657137e-01 8.593876e-01 8.536267e-01 8.484043e-01 8.436965e-01 8.394815e-01 8.357399e-01 8.324544e-01 8.296100e-01 8.271936e-01 8.251939e-01 8.236018e-01 8.224100e-01 8.216130e-01 8.212070e-01 8.211903e-01 8.215627e-01 8.223260e-01 8.234837e-01 8.250411e-01 8.270053e-01 8.293855e-01 8.321926e-01 8.354396e-01 8.391413e-01 8.433149e-01 8.479795e-01 8.531567e-01 8.588703e-01 8.651466e-01 8.720146e-01 8.795058e-01 8.876549e-01 8.964992e-01 9.060797e-01 9.164403e-01 9.276289e-01 9.396970e-01 9.527001e-01 9.666982e-01 9.817558e-01 9.979422e-01 1.015332e+00 1.034005e+00 1.054048e+00 1.075553e+00 1.098618e+00 1.123351e+00 1.149865e+00 1.172596e+00 1.188596e+00 1.203564e+00 1.217513e+00 1.230455e+00 1.242400e+00 1.253359e+00
1.755343e+00 1.763491e+00 1.771343e+00 1.778909e+00 1.786199e+00 1.793222e+00 1.799987e+00 1.808909e+00 1.819546e+00 1.829511e+00 1.838824e+00 1.847504e+00 1.855569e+00 1.863034e+00 1.869915e+00 1.876226e+00 1.881979e+00 1.887187e+00 1.891859e+00 1.896005e+00 1.899634e+00 1.902753e+00 1.905367e+00 1.907483e+00 1.909105e+00 1.910236e+00 1.910877e+00 1.911032e+00 1.910699e+00 1.909878e+00 1.908568e+00 1.906766e+00 1.904468e+00 1.901669e+00 1.898365e+00 1.894547e+00 1.890209e+00 1.885342e+00 1.879936e+00 1.873980e+00 1.867461e+00 1.860368e+00 1.852685e+00 1.844397e+00 1.835487e+00 1.825938e+00 1.815729e+00 1.804840e+00 1.793250e+00 1.780935e+00 1.767870e+00 1.754028e+00 1.739382e+00 1.723901e+00 1.707556e+00 1.690312e+00 1.672136e+00 1.652989e+00 1.632834e+00 1.611629e+00 1.589333e+00 1.565899e+00 1.541281e+00 1.515429e+00 1.488290e+00 1.459810e+00 1.429931e+00 1.398592e+00 1.365732e+00 1.331282e+00 1.295174e+00 1.257334e+00 1.217687e+00 1.188030e+00 1.170861e+00 1.154266e+00 1.138211e+00 1.122662e+00 1.107586e+00 1.092954e+00
1.265369e+00 1.255380e+00 1.244459e+00 1.232595e+00 1.219771e+00 1.205972e+00 1.191180e+00 1.167534e+00 1.138489e+00 1.111705e+00 1.087010e+00 1.064248e+00 1.043274e+00 1.023955e+00 1.006167e+00 9.897972e-01 9.747420e-01 9.609054e-01 9.481993e-01 9.365430e-01 9.258622e-01 9.160891e-01 9.071615e-01 8.990225e-01 8.916205e-01 8.849083e-01 8.788433e-01 8.733868e-01 8.685042e-01 8.641644e-01 8.603398e-01 8.570061e-01 8.541420e-01 8.517294e-01 8.497529e-01 8.481999e-01 8.470605e-01 8.463275e-01 8.459963e-01 8.460647e-01 8.465332e-01 8.474048e-01 8.486849e-01 8.503817e-01 8.525061e-01 8.550715e-01 8.580943e-01 8.615937e-01 8.655919e-01 8.701144e-01 8.751899e-01 8.808508e-01 8.871330e-01 8.940765e-01 9.017254e-01 9.101285e-01 9.193391e-01 9.294159e-01 9.404229e-01 9.524302e-01 9.655142e-01 9.797580e-01 9.952523e-01 1.012096e+00 1.030395e+00 1.050267e+00 1.071838e+00 1.095245e+00 1.120637e+00 1.148176e+00 1.178037e+00 1.210409e+00 1.245499e+00 1.275047e+00 1.294859e+00 1.313443e+00 1.330819e+00 1.347009e+00 1.362032e+00 1.375905e+00
1.642112e+00 1.646068e+00 1.649582e+00 1.652658e+00 1.655300e+00 1.657511e+00 1.659294e+00 1.660319e+00 1.661058e+00 1.661842e+00 1.662672e+00 1.663549e+00 1.664474e+00 1.665446e+00 1.666468e+00 1.667540e+00 1.668662e+00 1.669835e+00 1.671061e+00 1.672341e+00 1.673675e+00 1.675064e+00 1.676510e+00 1.678014e+00 1.679577e+00 1.681200e+00 1.682885e+00 1.684632e+00 1.686444e+00 1.688322e+00 1.690266e+00 1.692280e+00 1.694364e+00 1.696519e+00 1.698749e+00 1.701054e+00 1.703436e+00 1.705898e+00 1.708441e+00 1.711067e+00 1.713778e+00 1.716577e+00 1.719465e+00 1.722446e+00 1.725521e+00 1.728693e+00 1.731964e+00 1.735337e+00 1.738815e+00 1.742400e+00 1.746096e+00 1.749904e+00 1.753829e+00 1.757874e+00 1.762041e+00 1.766334e+00 1.770756e+00 1.775312e+00 1.780004e+00 1.784836e+00 1.789812e+00 1.794936e+00 1.800213e+00 1.805646e+00 1.811239e+00 1.816998e+00 1.822926e+00 1.829029e+00 1.835311e+00 1.841778e+00 1.848434e+00 1.855285e+00 1.862336e+00 1.877158e+00 1.898056e+00 1.917492e+00 1.935493e+00 1.952082e+00 1.967280e+00 1.981108e+00
1.126978e+00 1.111866e+00 1.095643e+00 1.078290e+00 1.059785e+00 1.040105e+00 1.019225e+00 9.997689e-01 9.838639e-01 9.688147e-01 9.545792e-01 9.411174e-01 9.283916e-01 9.163662e-01 9.050074e-01 8.942836e-01 8.841645e-01 8.746220e-01 8.656292e-01 8.571609e-01 8.491935e-01 8.417045e-01 8.346731e-01 8.280795e-01 8.219053e-01 8.161331e-01 8.107468e-01 8.057314e-01 8.010726e-01 7.967575e-01 7.927741e-01 7.891111e-01 7.857583e-01 7.827062e-01 7.799464e-01 7.774711e-01 7.752734e-01 7.733471e-01 7.716868e-01 7.702879e-01 7.691465e-01 7.682592e-01 7.676238e-01 7.672383e-01 7.671018e-01 7.672138e-01 7.675746e-01 7.681852e-01 7.690474e-01 7.701636e-01 7.715369e-01 7.731711e-01 7.750709e-01 7.772415e-01 7.796891e-01 7.824204e-01 7.854432e-01 7.887658e-01 7.923977e-01 7.963490e-01 8.006308e-01 8.052549e-01 8.102346e-01 8.155835e-01 8.213168e-01 8.274505e-01 8.340019e-01 8.409891e-01 8.484319e-01 8.563510e-01 8.647687e-01 8.737086e-01 8.831956e-01 8.933603e-01 9.029364e-01 9.118333e-01 9.200636e-01 9.276386e-01 9.345690e-01 9.408644e-01
1.257165e+00 1.246871e+00 1.235637e+00 1.223447e+00 1.210286e+00 1.196138e+00 1.180985e+00 1.168807e+00 1.160873e+00 1.153177e+00 1.145708e+00 1.138456e+00 1.131413e+00 1.124569e+00 1.117916e+00 1.111444e+00 1.105145e+00 1.099011e+00 1.093035e+00 1.087208e+00 1.081523e+00 1.075973e+00 1.070550e+00 1.065247e+00 1.060058e+00 1.054976e+00 1.049994e+00 1.045106e+00 1.040306e+00 1.035587e+00 1.030942e+00 1.026368e+00 1.021856e+00 1.017402e+00 1.012999e+00 1.008643e+00 1.004326e+00 1.000045e+00 9.957925e-01 9.915639e-01 9.873535e-01 9.831559e-01 9.789657e-01 9.747775e-01 9.705857e-01 9.663851e-01 9.621701e-01 9.579354e-01 9.536754e-01 9.493846e-01 9.450575e-01 9.406885e-01 9.362719e-01 9.318021e-01 9.272732e-01 9.226793e-01 9.180146e-01 9.132730e-01 9.084484e-01 9.035345e-01 8.985250e-01 8.934134e-01 8.881930e-01 8.828572e-01 8.773990e-01 8.718114e-01 8.660871e-01 8.602188e-01 8.541988e-01 8.480193e-01 8.416725e-01 8.351499e-01 8.284433e-01 8.205680e-01 8.120001e-01 8.036958e-01 7.956358e-01 7.878014e-01 7.801745e-01 7.727372e-01
2.584777e+00 2.623628e+00 2.663259e+00 2.703719e+00 2.745059e+00 2.787329e+00 2.830584e+00 2.871690e+00 2.908209e+00 2.943339e+00 2.977088e+00 3.009466e+00 3.040481e+00 3.070141e+00 3.098453e+00 3.125425e+00 3.151063e+00 3.175375e+00 3.198367e+00 3.220044e+00 3.240413e+00 3.259478e+00 3.277244e+00 3.293717e+00 3.308899e+00 3.322796e+00 3.335410e+00 3.346746e+00 3.356805e+00 3.365591e+00 3.373106e+00 3.379351e+00 3.384328e+00 3.388040e+00 3.390486e+00 3.391667e+00 3.391583e+00 3.390235e+00 3.387622e+00 3.383744e+00 3.378599e+00 3.372186e+00 3.364504e+00 3.355550e+00 3.345322e+00 3.333818e+00 3.321035e+00 3.306968e+00 3.291616e+00 3.274973e+00 3.257035e+00 3.237798e+00 3.217257e+00 3.195407e+00 3.172241e+00 3.147754e+00 3.121940e+00 3.094791e+00 3.066302e+00 3.036463e+00 3.005269e+00 2.972711e+00 2.938779e+00 2.903467e+00 2.866763e+00 2.828660e+00 2.789147e+00 2.748214e+00 2.705850e+00 2.662045e+00 2.616787e+00 2.570064e+00 2.521865e+00 2.480847e+00 2.448815e+00 2.417076e+00 2.385609e+00 2.354391e+00 2.323402e+00 2.292620e+00
1.306740e+00 1.298282e+00 1.288947e+00 1.278723e+00 1.267597e+00 1.255556e+00 1.242585e+00 1.227128e+00 1.211053e+00 1.195846e+00 1.181459e+00 1.167844e+00 1.154957e+00 1.142757e+00 1.131204e+00 1.120260e+00 1.109891e+00 1.100063e+00 1.090744e+00 1.081903e+00 1.073512e+00 1.065545e+00 1.057974e+00 1.050777e+00 1.043928e+00 1.037407e+00 1.031192e+00 1.025262e+00 1.019600e+00 1.014186e+00 1.009002e+00 1.004033e+00 9.992618e-01 9.946731e-01 9.902522e-01 9.859846e-01 9.818566e-01 9.778548e-01 9.739662e-01 9.701783e-01 9.664788e-01 9.628558e-01 9.592974e-01 9.557921e-01 9.523287e-01 9.488959e-01 9.454826e-01 9.420777e-01 9.386703e-01 9.352492e-01 9.318035e-01 9.283219e-01 9.247932e-01 9.212059e-01 9.175485e-01 9.138091e-01 9.099755e-01 9.060355e-01 9.019762e-01 8.977845e-01 8.934468e-01 8.889490e-01 8.842767e-01 8.794147e-01 8.743472e-01 8.690578e-01 8.635294e-01 8.577442e-01 8.516833e-01 8.453272e-01 8.386553e-01 8.316460e-01 8.242765e-01 8.180142e-01 8.133255e-01 8.087082e-01 8.041512e-01 7.996435e-01 7.951745e-01 7.907332e-01
1.915275e+00 1.929344e+00 1.943323e+00 1.957232e+00 1.971088e+00 1.984907e+00 1.998708e+00 2.009157e+00 2.015832e+00 2.022085e+00 2.027920e+00 2.033338e+00 2.038341e+00 2.042933e+00 2.047115e+00 2.050888e+00 2.054255e+00 2.057217e+00 2.059775e+00 2.061930e+00 2.063683e+00 2.065035e+00 2.065987e+00 2.066538e+00 2.066690e+00 2.066441e+00 2.065793e+00 2.064745e+00 2.063295e+00 2.061445e+00 2.059192e+00 2.056537e+00 2.053477e+00 2.050012e+00 2.046140e+00 2.041859e+00 2.037168e+00 2.032064e+00 2.026545e+00 2.020610e+00 2.014255e+00 2.007477e+00 2.000275e+00 1.992644e+00 1.984581e+00 1.976083e+00 1.967147e+00 1.957768e+00 1.947943e+00 1.937667e+00 1.926936e+00 1.915744e+00 1.904089e+00 1.891964e+00 1.879364e+00 1.866283e+00 1.852718e+00 1.838660e+00 1.824105e+00 1.809046e+00 1.793476e+00 1.777390e+00 1.760780e+00 1.743639e+00 1.725959e+00 1.707733e+00 1.688954e+00 1.669612e+00 1.649701e+00 1.629211e+00 1.608133e+00 1.586459e+00 1.564179e+00 1.540091e+00 1.515458e+00 1.491443e+00 1.468011e+00 1.445133e+00 1.422776e+00 1.400912e+00
1.875288e+00 1.887876e+00 1.900324e+00 1.912648e+00 1.924862e+00 1.936982e+00 1.949023e+00 1.965484e+00 1.985428e+00 2.004404e+00 2.022445e+00 2.039582e+00 2.055845e+00 2.071261e+00 2.085857e+00 2.099658e+00 2.112687e+00 2.124967e+00 2.136519e+00 2.147363e+00 2.157517e+00 2.166998e+00 2.175824e+00 2.184009e+00 2.191567e+00 2.198511e+00 2.204852e+00 2.210603e+00 2.215773e+00 2.220370e+00 2.224403e+00 2.227878e+00 2.230801e+00 2.233178e+00 2.235012e+00 2.236307e+00 2.237064e+00 2.237286e+00 2.236972e+00 2.236122e+00 2.234735e+00 2.232808e+00 2.230337e+00 2.227319e+00 2.223749e+00 2.219619e+00 2.214924e+00 2.209655e+00 2.203804e+00 2.197359e+00 2.190310e+00 2.182645e+00 2.174351e+00 2.165414e+00 2.155818e+00 2.145546e+00 2.134582e+00 2.122906e+00 2.110499e+00 2.097338e+00 2.083402e+00 2.068667e+00 2.053107e+00 2.036696e+00 2.019405e+00 2.001206e+00 1.982066e+00 1.961952e+00 1.940832e+00 1.918667e+00 1.895420e+00 1.871052e+00 1.845520e+00 1.828001e+00 1.819311e+00 1.810227e+00 1.800743e+00 1.790854e+00 1.780555e+00 1.769841e+00
1.417850e+00 1.413505e+00 1.408427e+00 1.402609e+00 1.396044e+00 1.388725e+00 1.380642e+00 1.373857e+00 1.369331e+00 1.364985e+00 1.360813e+00 1.356812e+00 1.352977e+00 1.349304e+00 1.345789e+00 1.342427e+00 1.339216e+00 1.336151e+00 1.333229e+00 1.330447e+00 1.327803e+00 1.325292e+00 1.322912e+00 1.320661e+00 1.318537e+00 1.316536e+00 1.314656e+00 1.312897e+00 1.311254e+00 1.309728e+00 1.308316e+00 1.307016e+00 1.305827e+00 1.304748e+00 1.303778e+00 1.302915e+00 1.302159e+00 1.301508e+00 1.300963e+00 1.300522e+00 1.300185e+00 1.299952e+00 1.299821e+00 1.299794e+00 1.299871e+00 1.300050e+00 1.300333e+00 1.300719e+00 1.301210e+00 1.301806e+00 1.302506e+00 1.303313e+00 1.304227e+00 1.305249e+00 1.306380e+00 1.307622e+00 1.308975e+00 1.310442e+00 1.312023e+00 1.313721e+00 1.315538e+00 1.317475e+00 1.319535e+00 1.321719e+00 1.324031e+00 1.326473e+00 1.329047e+00 1.331757e+00 1.334605e+00 1.337595e+00 1.340729e+00 1.344012e+00 1.347446e+00 1.351643e+00 1.355811e+00 1.359346e+00 1.362252e+00 1.364531e+00 1.366185e+00 1.367215e+00
1.170262e+00 1.156752e+00 1.142188e+00 1.126551e+00 1.109823e+00 1.091982e+00 1.073006e+00 1.057750e+00 1.047819e+00 1.038319e+00 1.029235e+00 1.020550e+00 1.012252e+00 1.004326e+00 9.967601e-01 9.895407e-01 9.826566e-01 9.760963e-01 9.698492e-01 9.639049e-01 9.582538e-01 9.528865e-01 9.477942e-01 9.429686e-01 9.384018e-01 9.340862e-01 9.300149e-01 9.261810e-01 9.225784e-01 9.192011e-01 9.160435e-01 9.131005e-01 9.103673e-01 9.078393e-01 9.055125e-01 9.033829e-01 9.014472e-01 8.997021e-01 8.981448e-01 8.967727e-01 8.955835e-01 8.945754e-01 8.937466e-01 8.930958e-01 8.926219e-01 8.923242e-01 8.922022e-01 8.922556e-01 8.924846e-01 8.928894e-01 8.934709e-01 8.942299e-01 8.951678e-01 8.962859e-01 8.975862e-01 8.990708e-01 9.007421e-01 9.026029e-01 9.046563e-01 9.069055e-01 9.093543e-01 9.120067e-01 9.148671e-01 9.179402e-01 9.212309e-01 9.247447e-01 9.284874e-01 9.324651e-01 9.366843e-01 9.411520e-01 9.458754e-01 9.508624e-01 9.561211e-01 9.615835e-01 9.664351e-01 9.707563e-01 9.745503e-01 9.778200e-01 9.805678e-01 9.827958e-01
2.242193e+00 2.268363e+00 2.294868e+00 2.321742e+00 2.349018e+00 2.376730e+00 2.404913e+00 2.442087e+00 2.485856e+00 2.527771e+00 2.567871e+00 2.606188e+00 2.642755e+00 2.677604e+00 2.710765e+00 2.742266e+00 2.772133e+00 2.800393e+00 2.827070e+00 2.852185e+00 2.875762e+00 2.897820e+00 2.918378e+00 2.937453e+00 2.955062e+00 2.971220e+00 2.985940e+00 2.999236e+00 3.011118e+00 3.021598e+00 3.030683e+00 3.038381e+00 3.044700e+00 3.049644e+00 3.053218e+00 3.055425e+00 3.056267e+00 3.055743e+00 3.053855e+00 3.050601e+00 3.045977e+00 3.039979e+00 3.032603e+00 3.023842e+00 3.013689e+00 3.002135e+00 2.989170e+00 2.974783e+00 2.958962e+00 2.941693e+00 2.922962e+00 2.902751e+00 2.881045e+00 2.857825e+00 2.833070e+00 2.806760e+00 2.778872e+00 2.749382e+00 2.718265e+00 2.685494e+00 2.651041e+00 2.614878e+00 2.576972e+00 2.537292e+00 2.495803e+00 2.452470e+00 2.407256e+00 2.360123e+00 2.311030e+00 2.259934e+00 2.206793e+00 2.151561e+00 2.094190e+00 2.032346e+00 1.972000e+00 1.915198e+00 1.861714e+00 1.811336e+00 1.763864e+00 1.719110e+00
1.418631e+00 1.414314e+00 1.409266e+00 1.403479e+00 1.396947e+00 1.389661e+00 1.381612e+00 1.368723e+00 1.352833e+00 1.337939e+00 1.323977e+00 1.310888e+00 1.298616e+00 1.287107e+00 1.276313e+00 1.266187e+00 1.256686e+00 1.247769e+00 1.239397e+00 1.231536e+00 1.224151e+00 1.217211e+00 1.210685e+00 1.204546e+00 1.198768e+00 1.193325e+00 1.188194e+00 1.183355e+00 1.178784e+00 1.174464e+00 1.170375e+00 1.166500e+00 1.162823e+00 1.159327e+00 1.155997e+00 1.152820e+00 1.149782e+00 1.146869e+00 1.144069e+00 1.141371e+00 1.138762e+00 1.136232e+00 1.133769e+00 1.131363e+00 1.129004e+00 1.126681e+00 1.124385e+00 1.122106e+00 1.119833e+00 1.117558e+00 1.115271e+00 1.112961e+00 1.110618e+00 1.108234e+00 1.105797e+00 1.103297e+00 1.100723e+00 1.098065e+00 1.095311e+00 1.092448e+00 1.089466e+00 1.086350e+00 1.083088e+00 1.079666e+00 1.076069e+00 1.072281e+00 1.068287e+00 1.064069e+00 1.059609e+00 1.054888e+00 1.049886e+00 1.044581e+00 1.038950e+00 1.034840e+00 1.032431e+00 1.029848e+00 1.027088e+00 1.024146e+00 1.021018e+00 1.017698e+00
1.190159e+00 1.177386e+00 1.163584e+00 1.148736e+00 1.132825e+00 1.115829e+00 1.097729e+00 1.081222e+00 1.068241e+00 1.056032e+00 1.044566e+00 1.033816e+00 1.023755e+00 1.014360e+00 1.005607e+00 9.974762e-01 9.899478e-01 9.830037e-01 9.766272e-01 9.708030e-01 9.655171e-01 9.607569e-01 9.565109e-01 9.527689e-01 9.495219e-01 9.467622e-01 9.444830e-01 9.426790e-01 9.413458e-01 9.404803e-01 9.400802e-01 9.401447e-01 9.406740e-01 9.416692e-01 9.431328e-01 9.450684e-01 9.474804e-01 9.503748e-01 9.537585e-01 9.576396e-01 9.620274e-01 9.669325e-01 9.723666e-01 9.783427e-01 9.848753e-01 9.919800e-01 9.996739e-01 1.007975e+00 1.016904e+00 1.026483e+00 1.036733e+00 1.047679e+00 1.059349e+00 1.071769e+00 1.084970e+00 1.098984e+00 1.113843e+00 1.129584e+00 1.146245e+00 1.163865e+00 1.182487e+00 1.202156e+00 1.222918e+00 1.244824e+00 1.267926e+00 1.292279e+00 1.317943e+00 1.344978e+00 1.373450e+00 1.403427e+00 1.434980e+00 1.468186e+00 1.503125e+00 1.559826e+00 1.633284e+00 1.703579e+00 1.770736e+00 1.834779e+00 1.895729e+00 1.953609e+00
1.222020e+00 1.210426e+00 1.197845e+00 1.184261e+00 1.169658e+00 1.154016e+00 1.137317e+00 1.119451e+00 1.102541e+00 1.086620e+00 1.071639e+00 1.057549e+00 1.044307e+00 1.031868e+00 1.020194e+00 1.009248e+00 9.989946e-01 9.894011e-01 9.804369e-01 9.720736e-01 9.642844e-01 9.570445e-01 9.503308e-01 9.441220e-01 9.383982e-01 9.331412e-01 9.283342e-01 9.239620e-01 9.200104e-01 9.164671e-01 9.133206e-01 9.105609e-01 9.081793e-01 9.061682e-01 9.045210e-01 9.032326e-01 9.022990e-01 9.017170e-01 9.014848e-01 9.016018e-01 9.020682e-01 9.028856e-01 9.040565e-01 9.055848e-01 9.074752e-01 9.097338e-01 9.123678e-01 9.153857e-01 9.187969e-01 9.226124e-01 9.268444e-01 9.315064e-01 9.366131e-01 9.421810e-01 9.482276e-01 9.547725e-01 9.618363e-01 9.694416e-01 9.776126e-01 9.863755e-01 9.957581e-01 1.005790e+00 1.016504e+00 1.027934e+00 1.040116e+00 1.053089e+00 1.066894e+00 1.081576e+00 1.097181e+00 1.113760e+00 1.131364e+00 1.150050e+00 1.169877e+00 1.186279e+00 1.197189e+00 1.207244e+00 1.216446e+00 1.224802e+00 1.232315e+00 1.238988e+00
2.459626e+00 2.493845e+00 2.528680e+00 2.564177e+00 2.600379e+00 2.637331e+00 2.675080e+00 2.717402e+00 2.761772e+00 2.804484e+00 2.845559e+00 2.885015e+00 2.922872e+00 2.959148e+00 2.993860e+00 3.027025e+00 3.058660e+00 3.088778e+00 3.117395e+00 3.144524e+00 3.170178e+00 3.194371e+00 3.217112e+00 3.238413e+00 3.258285e+00 3.276736e+00 3.293777e+00 3.309414e+00 3.323655e+00 3.336508e+00 3.347978e+00 3.358071e+00 3.366792e+00 3.374145e+00 3.380133e+00 3.384759e+00 3.388026e+00 3.389935e+00 3.390487e+00 3.389682e+00 3.387520e+00 3.384000e+00 3.379120e+00 3.372878e+00 3.365271e+00 3.356295e+00 3.345946e+00 3.334218e+00 3.321107e+00 3.306606e+00 3.290709e+00 3.273406e+00 3.254690e+00 3.234553e+00 3.212984e+00 3.189974e+00 3.165510e+00 3.139582e+00 3.112176e+00 3.083281e+00 3.052881e+00 3.020963e+00 2.987510e+00 2.952508e+00 2.915939e+00 2.877785e+00 2.838029e+00 2.796651e+00 2.753632e+00 2.708950e+00 2.662585e+00 2.614513e+00 2.564713e+00 2.526285e+00 2.500954e+00 2.475579e+00 2.450148e+00 2.424644e+00 2.399055e+00 2.373365e+00
2.173445e+00 2.197070e+00 2.220941e+00 2.245088e+00 2.269542e+00 2.294333e+00 2.319491e+00 2.342966e+00 2.363703e+00 2.383800e+00 2.403269e+00 2.422122e+00 2.440369e+00 2.458023e+00 2.475095e+00 2.491594e+00 2.507531e+00 2.522916e+00 2.537758e+00 2.552066e+00 2.565850e+00 2.579117e+00 2.591875e+00 2.604133e+00 2.615899e+00 2.627178e+00 2.637979e+00 2.648307e+00 2.658170e+00 2.667573e+00 2.676521e+00 2.685022e+00 2.693079e+00 2.700698e+00 2.707883e+00 2.714639e+00 2.720970e+00 2.726879e+00 2.732372e+00 2.737449e+00 2.742116e+00 2.746375e+00 2.750228e+00 2.753678e+00 2.756726e+00 2.759376e+00 2.761628e+00 2.763484e+00 2.764944e+00 2.766010e+00 2.766683e+00 2.766963e+00 2.766850e+00 2.766344e+00 2.765444e+00 2.764151e+00 2.762463e+00 2.760379e+00 2.757898e+00 2.755019e+00 2.751739e+00 2.748057e+00 2.743971e+00 2.739478e+00 2.734574e+00 2.729258e+00 2.723526e+00 2.717374e+00 2.710799e+00 2.703796e+00 2.696362e+00 2.688491e+00 2.680179e+00 2.672186e+00 2.664131e+00 2.655244e+00 2.645524e+00 2.634965e+00 2.623566e+00 2.611322e+00
1.932830e+00 1.947548e+00 1.962200e+00 1.976806e+00 1.991382e+00 2.005947e+00 2.020520e+00 2.034443e+00 2.046925e+00 2.058651e+00 2.069628e+00 2.079866e+00 2.089371e+00 2.098151e+00 2.106212e+00 2.113560e+00 2.120201e+00 2.126139e+00 2.131380e+00 2.135926e+00 2.139781e+00 2.142948e+00 2.145429e+00 2.147226e+00 2.148341e+00 2.148774e+00 2.148526e+00 2.147596e+00 2.145984e+00 2.143688e+00 2.140707e+00 2.137039e+00 2.132681e+00 2.127629e+00 2.121881e+00 2.115431e+00 2.108275e+00 2.100407e+00 2.091823e+00 2.082515e+00 2.072477e+00 2.061701e+00 2.050179e+00 2.037903e+00 2.024864e+00 2.011052e+00 1.996456e+00 1.981067e+00 1.964872e+00 1.947860e+00 1.930019e+00 1.911334e+00 1.891792e+00 1.871380e+00 1.850080e+00 1.827879e+00 1.804760e+00 1.780704e+00 1.755696e+00 1.729716e+00 1.702745e+00 1.674762e+00 1.645749e+00 1.615682e+00 1.584540e+00 1.552300e+00 1.518938e+00 1.484429e+00 1.448748e+00 1.411869e+00 1.373764e+00 1.334404e+00 1.293762e+00 1.256916e+00 1.226597e+00 1.197620e+00 1.169912e+00 1.143405e+00 1.118032e+00 1.093731e+00
1.464385e+00 1.461762e+00 1.458467e+00 1.454495e+00 1.449841e+00 1.444499e+00 1.438463e+00 1.433274e+00 1.429884e+00 1.426741e+00 1.423841e+00 1.421180e+00 1.418756e+00 1.416566e+00 1.414607e+00 1.412877e+00 1.411375e+00 1.410099e+00 1.409047e+00 1.408218e+00 1.407611e+00 1.407225e+00 1.407061e+00 1.407117e+00 1.407395e+00 1.407893e+00 1.408614e+00 1.409557e+00 1.410723e+00 1.412115e+00 1.413733e+00 1.415579e+00 1.417656e+00 1.419965e+00 1.422510e+00 1.425293e+00 1.428317e+00 1.431585e+00 1.435102e+00 1.438871e+00 1.442897e+00 1.447183e+00 1.451735e+00 1.456558e+00 1.461656e+00 1.467037e+00 1.472706e+00 1.478668e+00 1.484932e+00 1.491503e+00 1.498389e+00 1.505599e+00 1.513139e+00 1.521018e+00 1.529246e+00 1.537831e+00 1.546783e+00 1.556111e+00 1.565827e+00 1.575942e+00 1.586465e+00 1.597410e+00 1.608788e+00 1.620612e+00 1.632896e+00 1.645653e+00 1.658897e+00 1.672643e+00 1.686906e+00 1.701703e+00 1.717050e+00 1.732964e+00 1.749462e+00 1.768946e+00 1.789367e+00 1.808347e+00 1.825889e+00 1.841996e+00 1.856671e+00 1.869916e+00
1.429463e+00 1.425548e+00 1.420915e+00 1.415558e+00 1.409470e+00 1.402644e+00 1.395072e+00 1.384410e+00 1.372190e+00 1.360702e+00 1.349908e+00 1.339772e+00 1.330259e+00 1.321338e+00 1.312977e+00 1.305150e+00 1.297829e+00 1.290989e+00 1.284608e+00 1.278665e+00 1.273138e+00 1.268009e+00 1.263262e+00 1.258879e+00 1.254847e+00 1.251151e+00 1.247780e+00 1.244721e+00 1.241964e+00 1.239501e+00 1.237322e+00 1.235421e+00 1.233791e+00 1.232426e+00 1.231322e+00 1.230475e+00 1.229883e+00 1.229542e+00 1.229453e+00 1.229615e+00 1.230028e+00 1.230694e+00 1.231615e+00 1.232794e+00 1.234235e+00 1.235943e+00 1.237924e+00 1.240184e+00 1.242731e+00 1.245574e+00 1.248723e+00 1.252187e+00 1.255978e+00 1.260111e+00 1.264597e+00 1.269453e+00 1.274695e+00 1.280340e+00 1.286408e+00 1.292920e+00 1.299896e+00 1.307361e+00 1.315340e+00 1.323860e+00 1.332949e+00 1.342639e+00 1.352962e+00 1.363952e+00 1.375648e+00 1.388088e+00 1.401314e+00 1.415372e+00 1.430308e+00 1.441110e+00 1.446098e+00 1.450337e+00 1.453830e+00 1.456579e+00 1.458584e+00 1.459847e+00
1.551162e+00 1.551752e+00 1.551781e+00 1.551250e+00 1.550159e+00 1.548505e+00 1.546286e+00 1.544043e+00 1.542269e+00 1.540422e+00 1.538499e+00 1.536499e+00 1.534420e+00 1.532259e+00 1.530015e+00 1.527686e+00 1.525269e+00 1.522762e+00 1.520164e+00 1.517470e+00 1.514679e+00 1.511789e+00 1.508795e+00 1.505697e+00 1.502490e+00 1.499172e+00 1.495740e+00 1.492189e+00 1.488518e+00 1.484722e+00 1.480799e+00 1.476743e+00 1.472552e+00 1.468222e+00 1.463747e+00 1.459125e+00 1.454351e+00 1.449421e+00 1.444328e+00 1.439070e+00 1.433641e+00 1.428036e+00 1.422249e+00 1.416275e+00 1.410109e+00 1.403744e+00 1.397175e+00 1.390396e+00 1.383399e+00 1.376179e+00 1.368729e+00 1.361042e+00 1.353110e+00 1.344925e+00 1.336482e+00 1.327770e+00 1.318782e+00 1.309511e+00 1.299946e+00 1.290079e+00 1.279900e+00 1.269401e+00 1.258570e+00 1.247399e+00 1.235876e+00 1.223990e+00 1.211731e+00 1.199086e+00 1.186044e+00 1.172593e+00 1.158720e+00 1.144412e+00 1.129655e+00 1.105866e+00 1.075620e+00 1.047338e+00 1.020884e+00 9.961289e-01 9.729537e-01 9.512459e-01
1.336490e+00 1.329133e+00 1.320937e+00 1.311893e+00 1.301989e+00 1.291212e+00 1.279549e+00 1.268815e+00 1.260306e+00 1.252179e+00 1.244418e+00 1.237012e+00 1.229948e+00 1.223213e+00 1.216795e+00 1.210685e+00 1.204871e+00 1.199344e+00 1.194093e+00 1.189111e+00 1.184389e+00 1.179918e+00 1.175691e+00 1.171700e+00 1.167940e+00 1.164403e+00 1.161083e+00 1.157976e+00 1.155074e+00 1.152374e+00 1.149871e+00 1.147561e+00 1.145439e+00 1.143502e+00 1.141747e+00 1.140170e+00 1.138770e+00 1.137543e+00 1.136488e+00 1.135602e+00 1.134885e+00 1.134334e+00 1.133950e+00 1.133731e+00 1.133677e+00 1.133788e+00 1.134064e+00 1.134506e+00 1.135114e+00 1.135889e+00 1.136833e+00 1.137948e+00 1.139234e+00 1.140695e+00 1.142333e+00 1.144151e+00 1.146151e+00 1.148338e+00 1.150714e+00 1.153285e+00 1.156054e+00 1.159026e+00 1.162207e+00 1.165601e+00 1.169214e+00 1.173054e+00 1.177125e+00 1.181435e+00 1.185992e+00 1.190804e+00 1.195878e+00 1.201223e+00 1.206848e+00 1.214577e+00 1.223378e+00 1.231452e+00 1.238814e+00 1.245476e+00 1.251450e+00 1.256746e+00
1.775176e+00 1.784058e+00 1.792670e+00 1.801023e+00 1.809128e+00 1.816993e+00 1.824630e+00 1.835174e+00 1.848046e+00 1.860146e+00 1.871499e+00 1.882129e+00 1.892058e+00 1.901306e+00 1.909893e+00 1.917837e+00 1.925153e+00 1.931858e+00 1.937965e+00 1.943486e+00 1.948434e+00 1.952818e+00 1.956648e+00 1.959932e+00 1.962676e+00 1.964886e+00 1.966566e+00 1.967721e+00 1.968352e+00 1.968461e+00 1.968048e+00 1.967112e+00 1.965652e+00 1.963664e+00 1.961144e+00 1.958087e+00 1.954486e+00 1.950334e+00 1.945623e+00 1.940343e+00 1.934482e+00 1.928029e+00 1.920970e+00 1.913290e+00 1.904974e+00 1.896004e+00 1.886362e+00 1.876028e+00 1.864980e+00 1.853195e+00 1.840649e+00 1.827316e+00 1.813168e+00 1.798176e+00 1.782308e+00 1.765532e+00 1.747813e+00 1.729114e+00 1.709397e+00 1.688620e+00 1.666740e+00 1.643712e+00 1.619488e+00 1.594018e+00 1.567249e+00 1.539125e+00 1.509588e+00 1.478577e+00 1.446027e+00 1.411872e+00 1.376039e+00 1.338454e+00 1.299040e+00 1.265079e+00 1.239878e+00 1.215985e+00 1.193318e+00 1.171800e+00 1.151356e+00 1.131915e+00
1.658678e+00 1.663248e+00 1.667397e+00 1.671130e+00 1.674451e+00 1.677366e+00 1.679878e+00 1.682262e+00 1.684690e+00 1.686893e+00 1.688877e+00 1.690644e+00 1.692197e+00 1.693540e+00 1.694674e+00 1.695601e+00 1.696323e+00 1.696841e+00 1.697157e+00 1.697270e+00 1.697181e+00 1.696889e+00 1.696395e+00 1.695697e+00 1.694794e+00 1.693685e+00 1.692368e+00 1.690839e+00 1.689098e+00 1.687140e+00 1.684963e+00 1.682561e+00 1.679933e+00 1.677072e+00 1.673974e+00 1.670633e+00 1.667044e+00 1.663201e+00 1.659096e+00 1.654723e+00 1.650074e+00 1.645141e+00 1.639916e+00 1.634389e+00 1.628551e+00 1.622391e+00 1.615900e+00 1.609065e+00 1.601875e+00 1.594318e+00 1.586380e+00 1.578048e+00 1.569307e+00 1.560141e+00 1.550536e+00 1.540475e+00 1.529939e+00 1.518911e+00 1.507372e+00 1.495302e+00 1.482679e+00 1.469482e+00 1.455688e+00 1.441273e+00 1.426212e+00 1.410479e+00 1.394046e+00 1.376886e+00 1.358968e+00 1.340262e+00 1.320734e+00 1.300352e+00 1.279079e+00 1.262521e+00 1.251709e+00 1.240987e+00 1.230341e+00 1.219757e+00 1.209221e+00 1.198719e+00
1.371225e+00 1.365154e+00 1.358290e+00 1.350623e+00 1.342145e+00 1.332844e+00 1.322709e+00 1.311035e+00 1.299329e+00 1.288255e+00 1.277782e+00 1.267883e+00 1.258532e+00 1.249703e+00 1.241374e+00 1.233523e+00 1.226128e+00 1.219170e+00 1.212630e+00 1.206491e+00 1.200738e+00 1.195354e+00 1.190325e+00 1.185638e+00 1.181281e+00 1.177241e+00 1.173509e+00 1.170074e+00 1.166927e+00 1.164061e+00 1.161466e+00 1.159137e+00 1.157067e+00 1.155251e+00 1.153684e+00 1.152361e+00 1.151280e+00 1.150437e+00 1.149830e+00 1.149458e+00 1.149319e+00 1.149413e+00 1.149741e+00 1.150303e+00 1.151101e+00 1.152137e+00 1.153413e+00 1.154934e+00 1.156702e+00 1.158723e+00 1.161003e+00 1.163546e+00 1.166361e+00 1.169453e+00 1.172833e+00 1.176508e+00 1.180488e+00 1.184784e+00 1.189407e+00 1.194370e+00 1.199685e+00 1.205368e+00 1.211432e+00 1.217894e+00 1.224771e+00 1.232081e+00 1.239844e+00 1.248081e+00 1.256812e+00 1.266062e+00 1.275855e+00 1.286216e+00 1.297174e+00 1.309036e+00 1.320288e+00 1.330672e+00 1.340204e+00 1.348898e+00 1.356768e+00 1.363827e+00
1.209161e+00 1.197091e+00 1.184017e+00 1.169923e+00 1.154792e+00 1.138604e+00 1.121339e+00 1.101730e+00 1.082163e+00 1.063813e+00 1.046610e+00 1.030490e+00 1.015392e+00 1.001260e+00 9.880411e-01 9.756854e-01 9.641467e-01 9.533818e-01 9.433503e-01 9.340148e-01 9.253400e-01 9.172937e-01 9.098455e-01 9.029677e-01 8.966343e-01 8.908218e-01 8.855082e-01 8.806738e-01 8.763003e-01 8.723714e-01 8.688724e-01 8.657901e-01 8.631130e-01 8.608311e-01 8.589358e-01 8.574199e-01 8.562780e-01 8.555056e-01 8.550998e-01 8.550592e-01 8.553835e-01 8.560741e-01 8.571334e-01 8.585655e-01 8.603757e-01 8.625708e-01 8.651591e-01 8.681501e-01 8.715553e-01 8.753872e-01 8.796603e-01 8.843905e-01 8.895957e-01 8.952953e-01 9.015106e-01 9.082650e-01 9.155838e-01 9.234944e-01 9.320264e-01 9.412119e-01 9.510852e-01 9.616833e-01 9.730460e-01 9.852158e-01 9.982384e-01 1.012163e+00 1.027040e+00 1.042928e+00 1.059884e+00 1.077973e+00 1.097262e+00 1.117824e+00 1.139736e+00 1.164048e+00 1.187907e+00 1.210380e+00 1.231498e+00 1.251290e+00 1.269786e+00 1.287011e+00
2.566398e+00 2.604569e+00 2.643495e+00 2.683226e+00 2.723811e+00 2.765301e+00 2.807747e+00 2.853760e+00 2.900595e+00 2.945714e+00 2.989134e+00 3.030871e+00 3.070940e+00 3.109357e+00 3.146135e+00 3.181289e+00 3.214831e+00 3.246773e+00 3.277129e+00 3.305909e+00 3.333123e+00 3.358782e+00 3.382896e+00 3.405472e+00 3.426521e+00 3.446049e+00 3.464064e+00 3.480572e+00 3.495580e+00 3.509094e+00 3.521117e+00 3.531655e+00 3.540712e+00 3.548291e+00 3.554394e+00 3.559025e+00 3.562184e+00 3.563873e+00 3.564093e+00 3.562844e+00 3.560125e+00 3.555935e+00 3.550273e+00 3.543136e+00 3.534522e+00 3.524428e+00 3.512849e+00 3.499783e+00 3.485223e+00 3.469164e+00 3.451601e+00 3.432527e+00 3.411934e+00 3.389816e+00 3.366163e+00 3.340968e+00 3.314220e+00 3.285910e+00 3.256028e+00 3.224561e+00 3.191499e+00 3.156829e+00 3.120539e+00 3.082614e+00 3.043041e+00 3.001805e+00 2.958891e+00 2.914282e+00 2.867963e+00 2.819915e+00 2.770122e+00 2.718564e+00 2.665222e+00 2.615246e+00 2.571601e+00 2.529063e+00 2.487576e+00 2.447085e+00 2.407537e+00 2.368879e+00
1.733272e+00 1.740603e+00 1.747609e+00 1.754301e+00 1.760685e+00 1.766770e+00 1.772563e+00 1.777987e+00 1.782926e+00 1.787471e+00 1.791627e+00 1.795399e+00 1.798792e+00 1.801809e+00 1.804453e+00 1.806728e+00 1.808636e+00 1.810180e+00 1.811361e+00 1.812180e+00 1.812639e+00 1.812738e+00 1.812477e+00 1.811855e+00 1.810873e+00 1.809529e+00 1.807821e+00 1.805747e+00 1.803306e+00 1.800493e+00 1.797307e+00 1.793744e+00 1.789799e+00 1.785468e+00 1.780746e+00 1.775628e+00 1.770107e+00 1.764178e+00 1.757834e+00 1.751067e+00 1.743871e+00 1.736236e+00 1.728154e+00 1.719615e+00 1.710611e+00 1.701131e+00 1.691164e+00 1.680699e+00 1.669723e+00 1.658225e+00 1.646191e+00 1.633608e+00 1.620461e+00 1.606735e+00 1.592415e+00 1.577484e+00 1.561925e+00 1.545722e+00 1.528854e+00 1.511304e+00 1.493050e+00 1.474073e+00 1.454351e+00 1.433861e+00 1.412580e+00 1.390483e+00 1.367547e+00 1.343744e+00 1.319047e+00 1.293428e+00 1.266859e+00 1.239309e+00 1.210746e+00 1.186656e+00 1.168655e+00 1.151194e+00 1.134242e+00 1.117771e+00 1.101750e+00 1.086151e+00
1.466048e+00 1.463487e+00 1.460255e+00 1.456349e+00 1.451763e+00 1.446492e+00 1.440529e+00 1.433073e+00 1.425232e+00 1.417780e+00 1.410699e+00 1.403971e+00 1.397581e+00 1.391512e+00 1.385750e+00 1.380280e+00 1.375090e+00 1.370166e+00 1.365497e+00 1.361071e+00 1.356877e+00 1.352905e+00 1.349145e+00 1.345589e+00 1.342227e+00 1.339051e+00 1.336053e+00 1.333227e+00 1.330564e+00 1.328060e+00 1.325707e+00 1.323500e+00 1.321433e+00 1.319501e+00 1.317701e+00 1.316026e+00 1.314473e+00 1.313039e+00 1.311720e+00 1.310512e+00 1.309413e+00 1.308420e+00 1.307530e+00 1.306742e+00 1.306053e+00 1.305462e+00 1.304967e+00 1.304568e+00 1.304262e+00 1.304050e+00 1.303930e+00 1.303904e+00 1.303969e+00 1.304128e+00 1.304379e+00 1.304724e+00 1.305163e+00 1.305698e+00 1.306330e+00 1.307061e+00 1.307891e+00 1.308824e+00 1.309861e+00 1.311006e+00 1.312260e+00 1.313627e+00 1.315111e+00 1.316714e+00 1.318441e+00 1.320296e+00 1.322284e+00 1.324409e+00 1.326677e+00 1.328525e+00 1.329317e+00 1.329618e+00 1.329430e+00 1.328753e+00 1.327586e+00 1.325928e+00
1.333350e+00 1.325877e+00 1.317561e+00 1.308392e+00 1.298359e+00 1.287449e+00 1.275648e+00 1.257132e+00 1.234535e+00 1.213547e+00 1.194059e+00 1.175972e+00 1.159190e+00 1.143627e+00 1.129203e+00 1.115843e+00 1.103477e+00 1.092042e+00 1.081478e+00 1.071730e+00 1.062749e+00 1.054487e+00 1.046901e+00 1.039954e+00 1.033607e+00 1.027829e+00 1.022590e+00 1.017862e+00 1.013621e+00 1.009846e+00 1.006515e+00 1.003613e+00 1.001124e+00 9.990357e-01 9.973365e-01 9.960179e-01 9.950733e-01 9.944975e-01 9.942877e-01 9.944428e-01 9.949635e-01 9.958526e-01 9.971147e-01 9.987563e-01 1.000786e+00 1.003214e+00 1.006053e+00 1.009318e+00 1.013026e+00 1.017196e+00 1.021849e+00 1.027010e+00 1.032705e+00 1.038965e+00 1.045820e+00 1.053307e+00 1.061465e+00 1.070336e+00 1.079965e+00 1.090404e+00 1.101705e+00 1.113927e+00 1.127134e+00 1.141394e+00 1.156781e+00 1.173374e+00 1.191261e+00 1.210532e+00 1.231288e+00 1.253637e+00 1.277695e+00 1.303585e+00 1.331442e+00 1.352359e+00 1.363310e+00 1.373357e+00 1.382507e+00 1.390766e+00 1.398141e+00 1.404636e+00
1.400512e+00 1.395525e+00 1.389782e+00 1.383277e+00 1.376001e+00 1.367944e+00 1.359098e+00 1.348919e+00 1.338746e+00 1.329089e+00 1.319922e+00 1.311224e+00 1.302973e+00 1.295148e+00 1.287731e+00 1.280703e+00 1.274047e+00 1.267747e+00 1.261787e+00 1.256152e+00 1.250829e+00 1.245805e+00 1.241066e+00 1.236602e+00 1.232402e+00 1.228455e+00 1.224752e+00 1.221283e+00 1.218040e+00 1.215015e+00 1.212200e+00 1.209589e+00 1.207175e+00 1.204953e+00 1.202916e+00 1.201060e+00 1.199380e+00 1.197873e+00 1.196533e+00 1.195359e+00 1.194347e+00 1.193495e+00 1.192800e+00 1.192261e+00 1.191877e+00 1.191647e+00 1.191569e+00 1.191645e+00 1.191873e+00 1.192255e+00 1.192792e+00 1.193485e+00 1.194335e+00 1.195345e+00 1.196517e+00 1.197854e+00 1.199360e+00 1.201037e+00 1.202891e+00 1.204925e+00 1.207145e+00 1.209556e+00 1.212165e+00 1.214977e+00 1.217999e+00 1.221239e+00 1.224705e+00 1.228405e+00 1.232349e+00 1.236546e+00 1.241006e+00 1.245741e+00 1.250762e+00 1.255099e+00 1.257920e+00 1.260209e+00 1.261969e+00 1.263201e+00 1.263907e+00 1.264086e+00
1.864868e+00 1.877070e+00 1.889119e+00 1.901029e+00 1.912815e+00 1.924492e+00 1.936075e+00 1.945924e+00 1.953886e+00 1.961623e+00 1.969139e+00 1.976442e+00 1.983537e+00 1.990429e+00 1.997125e+00 2.003629e+00 2.009947e+00 2.016083e+00 2.022043e+00 2.027831e+00 2.033452e+00 2.038910e+00 2.044210e+00 2.049356e+00 2.054353e+00 2.059203e+00 2.063910e+00 2.068480e+00 2.072915e+00 2.077218e+00 2.081394e+00 2.085445e+00 2.089375e+00 2.093187e+00 2.096884e+00 2.100469e+00 2.103944e+00 2.107313e+00 2.110578e+00 2.113741e+00 2.116806e+00 2.119775e+00 2.122650e+00 2.125433e+00 2.128127e+00 2.130733e+00 2.133254e+00 2.135692e+00 2.138049e+00 2.140326e+00 2.142526e+00 2.144650e+00 2.146699e+00 2.148677e+00 2.150583e+00 2.152420e+00 2.154189e+00 2.155891e+00 2.157529e+00 2.159102e+00 2.160613e+00 2.162062e+00 2.163451e+00 2.164781e+00 2.166052e+00 2.167267e+00 2.168426e+00 2.169529e+00 2.170578e+00 2.171573e+00 2.172516e+00 2.173407e+00 2.174246e+00 2.175121e+00 2.175262e+00 2.174580e+00 2.173077e+00 2.170751e+00 2.167601e+00 2.163624e+00
1.881534e+00 1.894354e+00 1.907041e+00 1.919612e+00 1.932082e+00 1.944468e+00 1.956784e+00 1.970035e+00 1.983897e+00 1.997399e+00 2.010559e+00 2.023394e+00 2.035919e+00 2.048151e+00 2.060106e+00 2.071798e+00 2.083244e+00 2.094457e+00 2.105453e+00 2.116244e+00 2.126845e+00 2.137270e+00 2.147531e+00 2.157643e+00 2.167618e+00 2.177468e+00 2.187207e+00 2.196847e+00 2.206400e+00 2.215878e+00 2.225294e+00 2.234660e+00 2.243987e+00 2.253289e+00 2.262575e+00 2.271860e+00 2.281153e+00 2.290469e+00 2.299817e+00 2.309211e+00 2.318661e+00 2.328182e+00 2.337784e+00 2.347480e+00 2.357282e+00 2.367203e+00 2.377256e+00 2.387453e+00 2.397808e+00 2.408334e+00 2.419045e+00 2.429953e+00 2.441073e+00 2.452420e+00 2.464008e+00 2.475852e+00 2.487966e+00 2.500367e+00 2.513070e+00 2.526092e+00 2.539449e+00 2.553159e+00 2.567239e+00 2.581707e+00 2.596582e+00 2.611882e+00 2.627628e+00 2.643839e+00 2.660536e+00 2.677741e+00 2.695476e+00 2.713764e+00 2.732627e+00 2.750783e+00 2.765961e+00 2.779475e+00 2.791327e+00 2.801523e+00 2.810065e+00 2.816956e+00
2.047668e+00 2.066637e+00 2.085689e+00 2.104848e+00 2.124139e+00 2.143585e+00 2.163210e+00 2.185543e+00 2.209160e+00 2.231579e+00 2.252819e+00 2.272898e+00 2.291834e+00 2.309644e+00 2.326343e+00 2.341946e+00 2.356467e+00 2.369917e+00 2.382310e+00 2.393655e+00 2.403964e+00 2.413243e+00 2.421503e+00 2.428750e+00 2.434990e+00 2.440229e+00 2.444472e+00 2.447722e+00 2.449981e+00 2.451253e+00 2.451538e+00 2.450836e+00 2.449147e+00 2.446470e+00 2.442801e+00 2.438138e+00 2.432476e+00 2.425812e+00 2.418138e+00 2.409448e+00 2.399735e+00 2.388989e+00 2.377203e+00 2.364365e+00 2.350464e+00 2.335487e+00 2.319423e+00 2.302256e+00 2.283973e+00 2.264555e+00 2.243988e+00 2.222253e+00 2.199330e+00 2.175200e+00 2.149842e+00 2.123233e+00 2.095350e+00 2.066169e+00 2.035664e+00 2.003808e+00 1.970575e+00 1.935934e+00 1.899855e+00 1.862307e+00 1.823257e+00 1.782670e+00 1.740512e+00 1.696745e+00 1.651331e+00 1.604230e+00 1.555402e+00 1.504802e+00 1.452388e+00 1.400281e+00 1.353418e+00 1.309432e+00 1.268135e+00 1.229353e+00 1.192920e+00 1.158681e+00
1.142307e+00 1.127762e+00 1.112127e+00 1.095382e+00 1.077506e+00 1.058477e+00 1.038271e+00 1.019806e+00 1.005069e+00 9.910773e-01 9.777965e-01 9.651926e-01 9.532334e-01 9.418885e-01 9.311291e-01 9.209277e-01 9.112583e-01 9.020964e-01 8.934186e-01 8.852029e-01 8.774282e-01 8.700748e-01 8.631241e-01 8.565582e-01 8.503605e-01 8.445152e-01 8.390074e-01 8.338231e-01 8.289491e-01 8.243730e-01 8.200831e-01 8.160685e-01 8.123190e-01 8.088251e-01 8.055778e-01 8.025689e-01 7.997907e-01 7.972362e-01 7.948988e-01 7.927726e-01 7.908522e-01 7.891327e-01 7.876097e-01 7.862793e-01 7.851382e-01 7.841834e-01 7.834125e-01 7.828236e-01 7.824152e-01 7.821861e-01 7.821359e-01 7.822644e-01 7.825719e-01 7.830592e-01 7.837276e-01 7.845787e-01 7.856147e-01 7.868383e-01 7.882526e-01 7.898611e-01 7.916681e-01 7.936779e-01 7.958959e-01 7.983276e-01 8.009792e-01 8.038575e-01 8.069698e-01 8.103241e-01 8.139288e-01 8.177931e-01 8.219269e-01 8.263408e-01 8.310458e-01 8.353336e-01 8.384977e-01 8.412622e-01 8.436300e-01 8.456036e-01 8.471851e-01 8.483762e-01
1.488003e+00 1.486254e+00 1.483864e+00 1.480828e+00 1.477144e+00 1.472806e+00 1.467809e+00 1.460814e+00 1.452850e+00 1.445226e+00 1.437921e+00 1.430914e+00 1.424188e+00 1.417722e+00 1.411499e+00 1.405502e+00 1.399715e+00 1.394120e+00 1.388704e+00 1.383450e+00 1.378344e+00 1.373373e+00 1.368522e+00 1.363778e+00 1.359128e+00 1.354560e+00 1.350059e+00 1.345615e+00 1.341214e+00 1.336845e+00 1.332495e+00 1.328153e+00 1.323806e+00 1.319442e+00 1.315050e+00 1.310617e+00 1.306131e+00 1.301580e+00 1.296950e+00 1.292230e+00 1.287406e+00 1.282464e+00 1.277392e+00 1.272175e+00 1.266798e+00 1.261248e+00 1.255507e+00 1.249562e+00 1.243394e+00 1.236988e+00 1.230325e+00 1.223387e+00 1.216155e+00 1.208609e+00 1.200727e+00 1.192489e+00 1.183871e+00 1.174850e+00 1.165400e+00 1.155496e+00 1.145110e+00 1.134213e+00 1.122776e+00 1.110766e+00 1.098151e+00 1.084895e+00 1.070962e+00 1.056314e+00 1.040910e+00 1.024707e+00 1.007660e+00 9.897232e-01 9.708460e-01 9.498097e-01 9.292163e-01 9.101087e-01 8.923719e-01 8.758990e-01 8.605910e-01 8.463557e-01
1.750844e+00 1.758825e+00 1.766505e+00 1.773893e+00 1.780998e+00 1.787830e+00 1.794396e+00 1.801428e+00 1.809023e+00 1.816473e+00 1.823788e+00 1.830982e+00 1.838066e+00 1.845051e+00 1.851948e+00 1.858770e+00 1.865526e+00 1.872227e+00 1.878885e+00 1.885511e+00 1.892114e+00 1.898706e+00 1.905298e+00 1.911899e+00 1.918521e+00 1.925174e+00 1.931870e+00 1.938619e+00 1.945431e+00 1.952319e+00 1.959292e+00 1.966363e+00 1.973543e+00 1.980843e+00 1.988275e+00 1.995851e+00 2.003584e+00 2.011486e+00 2.019570e+00 2.027848e+00 2.036335e+00 2.045044e+00 2.053989e+00 2.063184e+00 2.072645e+00 2.082386e+00 2.092424e+00 2.102775e+00 2.113455e+00 2.124482e+00 2.135873e+00 2.147647e+00 2.159824e+00 2.172422e+00 2.185462e+00 2.198965e+00 2.212954e+00 2.227450e+00 2.242477e+00 2.258060e+00 2.274223e+00 2.290993e+00 2.308398e+00 2.326464e+00 2.345221e+00 2.364700e+00 2.384932e+00 2.405950e+00 2.427788e+00 2.450481e+00 2.474067e+00 2.498582e+00 2.524066e+00 2.545921e+00 2.561502e+00 2.575453e+00 2.587776e+00 2.598471e+00 2.607542e+00 2.614989e+00
1.850346e+00 1.862011e+00 1.873503e+00 1.884837e+00 1.896027e+00 1.907087e+00 1.918031e+00 1.931487e+00 1.946983e+00 1.961929e+00 1.976350e+00 1.990269e+00 2.003708e+00 2.016689e+00 2.029234e+00 2.041362e+00 2.053094e+00 2.064448e+00 2.075443e+00 2.086097e+00 2.096426e+00 2.106448e+00 2.116179e+00 2.125634e+00 2.134830e+00 2.143780e+00 2.152499e+00 2.161002e+00 2.169303e+00 2.177414e+00 2.185349e+00 2.193120e+00 2.200741e+00 2.208224e+00 2.215580e+00 2.222823e+00 2.229962e+00 2.237011e+00 2.243981e+00 2.250882e+00 2.257726e+00 2.264524e+00 2.271287e+00 2.278026e+00 2.284753e+00 2.291477e+00 2.298210e+00 2.304962e+00 2.311745e+00 2.318570e+00 2.325448e+00 2.332389e+00 2.339406e+00 2.346509e+00 2.353710e+00 2.361020e+00 2.368453e+00 2.376018e+00 2.383730e+00 2.391600e+00 2.399641e+00 2.407866e+00 2.416288e+00 2.424922e+00 2.433780e+00 2.442879e+00 2.452231e+00 2.461853e+00 2.471759e+00 2.481967e+00 2.492492e+00 2.503352e+00 2.514564e+00 2.526249e+00 2.536766e+00 2.546021e+00 2.554025e+00 2.560786e+00 2.566309e+00 2.570601e+00
1.592288e+00 1.594400e+00 1.596005e+00 1.597105e+00 1.597702e+00 1.597796e+00 1.597386e+00 1.596692e+00 1.596139e+00 1.595509e+00 1.594800e+00 1.594013e+00 1.593146e+00 1.592199e+00 1.591172e+00 1.590062e+00 1.588871e+00 1.587596e+00 1.586237e+00 1.584793e+00 1.583263e+00 1.581644e+00 1.579937e+00 1.578140e+00 1.576251e+00 1.574270e+00 1.572194e+00 1.570021e+00 1.567751e+00 1.565382e+00 1.562911e+00 1.560337e+00 1.557658e+00 1.554872e+00 1.551976e+00 1.548968e+00 1.545847e+00 1.542609e+00 1.539253e+00 1.535775e+00 1.532173e+00 1.528445e+00 1.524586e+00 1.520595e+00 1.516469e+00 1.512203e+00 1.507796e+00 1.503242e+00 1.498540e+00 1.493685e+00 1.488674e+00 1.483503e+00 1.478167e+00 1.472663e+00 1.466987e+00 1.461134e+00 1.455099e+00 1.448879e+00 1.442467e+00 1.435860e+00 1.429053e+00 1.422039e+00 1.414814e+00 1.407372e+00 1.399707e+00 1.391814e+00 1.383686e+00 1.375318e+00 1.366702e+00 1.357833e+00 1.348702e+00 1.339304e+00 1.329632e+00 1.316414e+00 1.300438e+00 1.284935e+00 1.269872e+00 1.255219e+00 1.240947e+00 1.227027e+00
1.313498e+00 1.305290e+00 1.296214e+00 1.286258e+00 1.275410e+00 1.263656e+00 1.250981e+00 1.240480e+00 1.233446e+00 1.226761e+00 1.220415e+00 1.214401e+00 1.208709e+00 1.203332e+00 1.198262e+00 1.193493e+00 1.189017e+00 1.184829e+00 1.180922e+00 1.177292e+00 1.173933e+00 1.170840e+00 1.168010e+00 1.165439e+00 1.163122e+00 1.161057e+00 1.159240e+00 1.157670e+00 1.156345e+00 1.155261e+00 1.154418e+00 1.153815e+00 1.153450e+00 1.153324e+00 1.153436e+00 1.153786e+00 1.154375e+00 1.155204e+00 1.156273e+00 1.157584e+00 1.159140e+00 1.160941e+00 1.162991e+00 1.165293e+00 1.167849e+00 1.170664e+00 1.173741e+00 1.177084e+00 1.180697e+00 1.184587e+00 1.188759e+00 1.193217e+00 1.197969e+00 1.203020e+00 1.208379e+00 1.214052e+00 1.220047e+00 1.226372e+00 1.233036e+00 1.240049e+00 1.247421e+00 1.255160e+00 1.263278e+00 1.271787e+00 1.280698e+00 1.290023e+00 1.299775e+00 1.309968e+00 1.320616e+00 1.331734e+00 1.343336e+00 1.355440e+00 1.368061e+00 1.384760e+00 1.403769e+00 1.421557e+00 1.438134e+00 1.453512e+00 1.467699e+00 1.480704e+00
1.973342e+00 1.989560e+00 2.005764e+00 2.021976e+00 2.038216e+00 2.054503e+00 2.070858e+00 2.093823e+00 2.121801e+00 2.148312e+00 2.173392e+00 2.197077e+00 2.219400e+00 2.240394e+00 2.260089e+00 2.278512e+00 2.295689e+00 2.311645e+00 2.326402e+00 2.339982e+00 2.352404e+00 2.363686e+00 2.373842e+00 2.382889e+00 2.390839e+00 2.397702e+00 2.403489e+00 2.408209e+00 2.411867e+00 2.414469e+00 2.416019e+00 2.416518e+00 2.415968e+00 2.414368e+00 2.411715e+00 2.408006e+00 2.403236e+00 2.397397e+00 2.390481e+00 2.382479e+00 2.373379e+00 2.363169e+00 2.351833e+00 2.339356e+00 2.325720e+00 2.310905e+00 2.294891e+00 2.277654e+00 2.259171e+00 2.239415e+00 2.218357e+00 2.195969e+00 2.172218e+00 2.147070e+00 2.120490e+00 2.092440e+00 2.062879e+00 2.031767e+00 1.999059e+00 1.964709e+00 1.928666e+00 1.890882e+00 1.851301e+00 1.809867e+00 1.766522e+00 1.721204e+00 1.673849e+00 1.624388e+00 1.572753e+00 1.518870e+00 1.462662e+00 1.404049e+00 1.342948e+00 1.296247e+00 1.267875e+00 1.240784e+00 1.214900e+00 1.190155e+00 1.166484e+00 1.143823e+00
1.197627e+00 1.185130e+00 1.171614e+00 1.157063e+00 1.141458e+00 1.124780e+00 1.107008e+00 1.092538e+00 1.083010e+00 1.073991e+00 1.065466e+00 1.057421e+00 1.049841e+00 1.042713e+00 1.036026e+00 1.029769e+00 1.023930e+00 1.018499e+00 1.013468e+00 1.008828e+00 1.004571e+00 1.000690e+00 9.971784e-01 9.940297e-01 9.912389e-01 9.888012e-01 9.867126e-01 9.849694e-01 9.835687e-01 9.825081e-01 9.817859e-01 9.814007e-01 9.813520e-01 9.816397e-01 9.822642e-01 9.832266e-01 9.845285e-01 9.861722e-01 9.881604e-01 9.904966e-01 9.931847e-01 9.962292e-01 9.996353e-01 1.003409e+00 1.007556e+00 1.012084e+00 1.017001e+00 1.022315e+00 1.028035e+00 1.034170e+00 1.040731e+00 1.047730e+00 1.055178e+00 1.063087e+00 1.071472e+00 1.080346e+00 1.089725e+00 1.099624e+00 1.110060e+00 1.121051e+00 1.132616e+00 1.144774e+00 1.157546e+00 1.170954e+00 1.185021e+00 1.199769e+00 1.215225e+00 1.231415e+00 1.248365e+00 1.266106e+00 1.284666e+00 1.304078e+00 1.324375e+00 1.364853e+00 1.421882e+00 1.476243e+00 1.527979e+00 1.577127e+00 1.623725e+00 1.667810e+00
1.727162e+00 1.734267e+00 1.741039e+00 1.747488e+00 1.753621e+00 1.759447e+00 1.764971e+00 1.769190e+00 1.772093e+00 1.774696e+00 1.776999e+00 1.779005e+00 1.780715e+00 1.782130e+00 1.783251e+00 1.784079e+00 1.784614e+00 1.784858e+00 1.784809e+00 1.784468e+00 1.783835e+00 1.782909e+00 1.781690e+00 1.780176e+00 1.778367e+00 1.776262e+00 1.773859e+00 1.771156e+00 1.768152e+00 1.764844e+00 1.761230e+00 1.757307e+00 1.753074e+00 1.748526e+00 1.743661e+00 1.738475e+00 1.732965e+00 1.727127e+00 1.720957e+00 1.714451e+00 1.707603e+00 1.700410e+00 1.692866e+00 1.684967e+00 1.676705e+00 1.668077e+00 1.659075e+00 1.649694e+00 1.639927e+00 1.629768e+00 1.619208e+00 1.608241e+00 1.596860e+00 1.585056e+00 1.572821e+00 1.560147e+00 1.547024e+00 1.533444e+00 1.519398e+00 1.504875e+00 1.489865e+00 1.474358e+00 1.458344e+00 1.441810e+00 1.424747e+00 1.407141e+00 1.388980e+00 1.370252e+00 1.350944e+00 1.331043e+00 1.310534e+00 1.289403e+00 1.267636e+00 1.237605e+00 1.202136e+00 1.168706e+00 1.137189e+00 1.107462e+00 1.079411e+00 1.052929e+00
2.588541e+00 2.627531e+00 2.667306e+00 2.707915e+00 2.749409e+00 2.791840e+00 2.835261e+00 2.891630e+00 2.957160e+00 3.019970e+00 3.080083e+00 3.137522e+00 3.192310e+00 3.244467e+00 3.294012e+00 3.340965e+00 3.385342e+00 3.427162e+00 3.466439e+00 3.503189e+00 3.537425e+00 3.569160e+00 3.598407e+00 3.625177e+00 3.649479e+00 3.671323e+00 3.690717e+00 3.707668e+00 3.722183e+00 3.734267e+00 3.743926e+00 3.751161e+00 3.755977e+00 3.758376e+00 3.758357e+00 3.755921e+00 3.751067e+00 3.743793e+00 3.734097e+00 3.721974e+00 3.707421e+00 3.690432e+00 3.670999e+00 3.649117e+00 3.624777e+00 3.597968e+00 3.568682e+00 3.536908e+00 3.502632e+00 3.465843e+00 3.426526e+00 3.384667e+00 3.340249e+00 3.293256e+00 3.243670e+00 3.191472e+00 3.136643e+00 3.079162e+00 3.019007e+00 2.956155e+00 2.890582e+00 2.822264e+00 2.751176e+00 2.677289e+00 2.600576e+00 2.521008e+00 2.438555e+00 2.353186e+00 2.264868e+00 2.173569e+00 2.079252e+00 1.981884e+00 1.881427e+00 1.812111e+00 1.778003e+00 1.744791e+00 1.712434e+00 1.680893e+00 1.650128e+00 1.620101e+00
1.291512e+00 1.282491e+00 1.272572e+00 1.261744e+00 1.249993e+00 1.237305e+00 1.223663e+00 1.211985e+00 1.203569e+00 1.195471e+00 1.187677e+00 1.180175e+00 1.172956e+00 1.166007e+00 1.159318e+00 1.152879e+00 1.146681e+00 1.140714e+00 1.134969e+00 1.129438e+00 1.124112e+00 1.118983e+00 1.114043e+00 1.109285e+00 1.104702e+00 1.100287e+00 1.096033e+00 1.091934e+00 1.087984e+00 1.084176e+00 1.080505e+00 1.076966e+00 1.073553e+00 1.070261e+00 1.067084e+00 1.064019e+00 1.061061e+00 1.058205e+00 1.055446e+00 1.052782e+00 1.050207e+00 1.047717e+00 1.045310e+00 1.042981e+00 1.040727e+00 1.038545e+00 1.036431e+00 1.034382e+00 1.032395e+00 1.030467e+00 1.028594e+00 1.026776e+00 1.025007e+00 1.023287e+00 1.021611e+00 1.019979e+00 1.018386e+00 1.016832e+00 1.015313e+00 1.013827e+00 1.012373e+00 1.010947e+00 1.009547e+00 1.008173e+00 1.006820e+00 1.005489e+00 1.004175e+00 1.002878e+00 1.001596e+00 1.000326e+00 9.990670e-01 9.978166e-01 9.965730e-01 9.949836e-01 9.929320e-01 9.907648e-01 9.884769e-01 9.860632e-01 9.835183e-01 9.808366e-01
1.357641e+00 1.351068e+00 1.343683e+00 1.335477e+00 1.326441e+00 1.316563e+00 1.305831e+00 1.296068e+00 1.288437e+00 1.281086e+00 1.274004e+00 1.267181e+00 1.260607e+00 1.254270e+00 1.248161e+00 1.242272e+00 1.236591e+00 1.231112e+00 1.225825e+00 1.220722e+00 1.215796e+00 1.211039e+00 1.206443e+00 1.202001e+00 1.197707e+00 1.193553e+00 1.189534e+00 1.185644e+00 1.181875e+00 1.178223e+00 1.174682e+00 1.171246e+00 1.167910e+00 1.164669e+00 1.161518e+00 1.158452e+00 1.155466e+00 1.152556e+00 1.149716e+00 1.146944e+00 1.144234e+00 1.141583e+00 1.138985e+00 1.136438e+00 1.133938e+00 1.131479e+00 1.129060e+00 1.126675e+00 1.124321e+00 1.121995e+00 1.119693e+00 1.117411e+00 1.115147e+00 1.112895e+00 1.110654e+00 1.108419e+00 1.106187e+00 1.103955e+00 1.101719e+00 1.099476e+00 1.097222e+00 1.094953e+00 1.092667e+00 1.090360e+00 1.088027e+00 1.085667e+00 1.083274e+00 1.080845e+00 1.078377e+00 1.075866e+00 1.073307e+00 1.070698e+00 1.068033e+00 1.065476e+00 1.062871e+00 1.060048e+00 1.057002e+00 1.053730e+00 1.050229e+00 1.046494e+00
1.713373e+00 1.719968e+00 1.726212e+00 1.732114e+00 1.737681e+00 1.742921e+00 1.747838e+00 1.753392e+00 1.759528e+00 1.765309e+00 1.770744e+00 1.775844e+00 1.780616e+00 1.785071e+00 1.789216e+00 1.793059e+00 1.796606e+00 1.799864e+00 1.802839e+00 1.805536e+00 1.807960e+00 1.810116e+00 1.812006e+00 1.813636e+00 1.815007e+00 1.816123e+00 1.816984e+00 1.817594e+00 1.817952e+00 1.818060e+00 1.817917e+00 1.817524e+00 1.816879e+00 1.815982e+00 1.814831e+00 1.813423e+00 1.811757e+00 1.809830e+00 1.807637e+00 1.805175e+00 1.802439e+00 1.799425e+00 1.796127e+00 1.792539e+00 1.788654e+00 1.784466e+00 1.779967e+00 1.775149e+00 1.770003e+00 1.764520e+00 1.758690e+00 1.752503e+00 1.745947e+00 1.739010e+00 1.731681e+00 1.723945e+00 1.715788e+00 1.707197e+00 1.698156e+00 1.688647e+00 1.678655e+00 1.668160e+00 1.657145e+00 1.645589e+00 1.633471e+00 1.620769e+00 1.607461e+00 1.593523e+00 1.578928e+00 1.563652e+00 1.547666e+00 1.530942e+00 1.513449e+00 1.491860e+00 1.468401e+00 1.446270e+00 1.425375e+00 1.405627e+00 1.386944e+00 1.369249e+00
1.231951e+00 1.220724e+00 1.208524e+00 1.195334e+00 1.181138e+00 1.165919e+00 1.149657e+00 1.133840e+00 1.120344e+00 1.107624e+00 1.095649e+00 1.084387e+00 1.073811e+00 1.063893e+00 1.054608e+00 1.045934e+00 1.037847e+00 1.030327e+00 1.023356e+00 1.016915e+00 1.010989e+00 1.005562e+00 1.000620e+00 9.961511e-01 9.921439e-01 9.885880e-01 9.854746e-01 9.827957e-01 9.805445e-01 9.787154e-01 9.773035e-01 9.763055e-01 9.757188e-01 9.755418e-01 9.757742e-01 9.764164e-01 9.774702e-01 9.789382e-01 9.808242e-01 9.831329e-01 9.858701e-01 9.890429e-01 9.926592e-01 9.967283e-01 1.001260e+00 1.006267e+00 1.011761e+00 1.017756e+00 1.024267e+00 1.031312e+00 1.038907e+00 1.047072e+00 1.055828e+00 1.065196e+00 1.075202e+00 1.085869e+00 1.097226e+00 1.109300e+00 1.122123e+00 1.135727e+00 1.150147e+00 1.165419e+00 1.181581e+00 1.198675e+00 1.216745e+00 1.235835e+00 1.255995e+00 1.277275e+00 1.299730e+00 1.323417e+00 1.348394e+00 1.374727e+00 1.402481e+00 1.430737e+00 1.456524e+00 1.480838e+00 1.503688e+00 1.525080e+00 1.545022e+00 1.563519e+00
1.615886e+00 1.618872e+00 1.621381e+00 1.623417e+00 1.624982e+00 1.626079e+00 1.626708e+00 1.626834e+00 1.626893e+00 1.626923e+00 1.626924e+00 1.626896e+00 1.626838e+00 1.626750e+00 1.626633e+00 1.626486e+00 1.626310e+00 1.626104e+00 1.625867e+00 1.625601e+00 1.625304e+00 1.624976e+00 1.624617e+00 1.624227e+00 1.623805e+00 1.623352e+00 1.622866e+00 1.622347e+00 1.621795e+00 1.621210e+00 1.620590e+00 1.619936e+00 1.619246e+00 1.618521e+00 1.617760e+00 1.616962e+00 1.616126e+00 1.615251e+00 1.614338e+00 1.613385e+00 1.612392e+00 1.611357e+00 1.610279e+00 1.609159e+00 1.607995e+00 1.606786e+00 1.605530e+00 1.604228e+00 1.602878e+00 1.601478e+00 1.600028e+00 1.598526e+00 1.596972e+00 1.595364e+00 1.593700e+00 1.591979e+00 1.590200e+00 1.588362e+00 1.586462e+00 1.584500e+00 1.582473e+00 1.580380e+00 1.578220e+00 1.575990e+00 1.573688e+00 1.571313e+00 1.568863e+00 1.566336e+00 1.563729e+00 1.561041e+00 1.558270e+00 1.555412e+00 1.552466e+00 1.549003e+00 1.544757e+00 1.540151e+00 1.535181e+00 1.529842e+00 1.524128e+00 1.518036e+00
1.228735e+00 1.217390e+00 1.205066e+00 1.191749e+00 1.177421e+00 1.162065e+00 1.145661e+00 1.130119e+00 1.117143e+00 1.104776e+00 1.092989e+00 1.081756e+00 1.071050e+00 1.060848e+00 1.051125e+00 1.041859e+00 1.033030e+00 1.024617e+00 1.016601e+00 1.008963e+00 1.001687e+00 9.947543e-01 9.881505e-01 9.818601e-01 9.758687e-01 9.701625e-01 9.647286e-01 9.595545e-01 9.546283e-01 9.499388e-01 9.454753e-01 9.412274e-01 9.371856e-01 9.333405e-01 9.296833e-01 9.262058e-01 9.228998e-01 9.197580e-01 9.167730e-01 9.139380e-01 9.112466e-01 9.086926e-01 9.062701e-01 9.039736e-01 9.017979e-01 8.997379e-01 8.977890e-01 8.959467e-01 8.942068e-01 8.925652e-01 8.910183e-01 8.895625e-01 8.881944e-01 8.869110e-01 8.857093e-01 8.845866e-01 8.835402e-01 8.825678e-01 8.816671e-01 8.808362e-01 8.800730e-01 8.793759e-01 8.787433e-01 8.781736e-01 8.776657e-01 8.772183e-01 8.768304e-01 8.765012e-01 8.762298e-01 8.760156e-01 8.758583e-01 8.757573e-01 8.757125e-01 8.757278e-01 8.756272e-01 8.754063e-01 8.750643e-01 8.746000e-01 8.740116e-01 8.732969e-01
1.298730e+00 1.289975e+00 1.280333e+00 1.269792e+00 1.258337e+00 1.245956e+00 1.232632e+00 1.220207e+00 1.210198e+00 1.200729e+00 1.191779e+00 1.183331e+00 1.175368e+00 1.167876e+00 1.160838e+00 1.154242e+00 1.148073e+00 1.142321e+00 1.136973e+00 1.132019e+00 1.127449e+00 1.123255e+00 1.119427e+00 1.115959e+00 1.112844e+00 1.110075e+00 1.107646e+00 1.105554e+00 1.103794e+00 1.102363e+00 1.101257e+00 1.100475e+00 1.100015e+00 1.099875e+00 1.100057e+00 1.100560e+00 1.101385e+00 1.102534e+00 1.104008e+00 1.105812e+00 1.107949e+00 1.110422e+00 1.113236e+00 1.116398e+00 1.119914e+00 1.123789e+00 1.128033e+00 1.132653e+00 1.137658e+00 1.143059e+00 1.148866e+00 1.155090e+00 1.161745e+00 1.168842e+00 1.176395e+00 1.184421e+00 1.192935e+00 1.201952e+00 1.211492e+00 1.221573e+00 1.232215e+00 1.243439e+00 1.255268e+00 1.267723e+00 1.280831e+00 1.294616e+00 1.309106e+00 1.324330e+00 1.340318e+00 1.357101e+00 1.374713e+00 1.393187e+00 1.412562e+00 1.431421e+00 1.447672e+00 1.462775e+00 1.476732e+00 1.489549e+00 1.501228e+00 1.511775e+00
2.311166e+00 2.339889e+00 2.369037e+00 2.398646e+00 2.428753e+00 2.459397e+00 2.490614e+00 2.514926e+00 2.531262e+00 2.547145e+00 2.562582e+00 2.577578e+00 2.592137e+00 2.606266e+00 2.619968e+00 2.633249e+00 2.646112e+00 2.658563e+00 2.670605e+00 2.682244e+00 2.693482e+00 2.704323e+00 2.714772e+00 2.724832e+00 2.734506e+00 2.743797e+00 2.752710e+00 2.761246e+00 2.769409e+00 2.777202e+00 2.784627e+00 2.791686e+00 2.798383e+00 2.804720e+00 2.810698e+00 2.816319e+00 2.821587e+00 2.826502e+00 2.831066e+00 2.835281e+00 2.839148e+00 2.842668e+00 2.845843e+00 2.848674e+00 2.851161e+00 2.853306e+00 2.855110e+00 2.856572e+00 2.857694e+00 2.858475e+00 2.858917e+00 2.859019e+00 2.858781e+00 2.858204e+00 2.857286e+00 2.856028e+00 2.854429e+00 2.852489e+00 2.850207e+00 2.847583e+00 2.844614e+00 2.841301e+00 2.837642e+00 2.833637e+00 2.829282e+00 2.824578e+00 2.819522e+00 2.814113e+00 2.808349e+00 2.802228e+00 2.795748e+00 2.788906e+00 2.781701e+00 2.770199e+00 2.754434e+00 2.738324e+00 2.721854e+00 2.705011e+00 2.687780e+00 2.670146e+00
